  0
SECTION
  2
HEADER
  9
$ACADVER
  1
AC1027
  9
$ACADMAINTVER
 70
105
  9
$DWGCODEPAGE
  3
ANSI_949
  9
$LASTSAVEDBY
  1

  9
$REQUIREDVERSIONS
160
0
  9
$INSBASE
 10
0.0
 20
0.0
 30
0.0
  9
$EXTMIN
 10
0.0007620032438354
 20
-0.0002642716881383
 30
0.0
  9
$EXTMAX
 10
42050.00076200324
 20
29699.99973572831
 30
0.0
  9
$LIMMIN
 10
0.0
 20
0.0
  9
$LIMMAX
 10
12.0
 20
9.0
  9
$ORTHOMODE
 70
1
  9
$REGENMODE
 70
1
  9
$FILLMODE
 70
1
  9
$QTEXTMODE
 70
0
  9
$MIRRTEXT
 70
0
  9
$LTSCALE
 40
100.0
  9
$ATTMODE
 70
1
  9
$TEXTSIZE
 40
121.2336343517527
  9
$TRACEWID
 40
1.0
  9
$TEXTSTYLE
  7
@굴림체
  9
$CLAYER
  8
RXDIM
  9
$CELTYPE
  6
ByLayer
  9
$CECOLOR
 62
256
  9
$CELTSCALE
 40
1.0
  9
$DISPSILH
 70
0
  9
$DIMSCALE
 40
100.0
  9
$DIMASZ
 40
1.5
  9
$DIMEXO
 40
2.0
  9
$DIMDLI
 40
8.0
  9
$DIMRND
 40
0.0
  9
$DIMDLE
 40
3.0
  9
$DIMEXE
 40
4.0
  9
$DIMTP
 40
0.0
  9
$DIMTM
 40
0.0
  9
$DIMTXT
 40
3.0
  9
$DIMCEN
 40
3.0
  9
$DIMTSZ
 40
0.0
  9
$DIMTOL
 70
0
  9
$DIMLIM
 70
0
  9
$DIMTIH
 70
0
  9
$DIMTOH
 70
0
  9
$DIMSE1
 70
0
  9
$DIMSE2
 70
0
  9
$DIMTAD
 70
1
  9
$DIMZIN
 70
8
  9
$DIMBLK
  1

  9
$DIMASO
 70
1
  9
$DIMSHO
 70
1
  9
$DIMPOST
  1

  9
$DIMAPOST
  1

  9
$DIMALT
 70
0
  9
$DIMALTD
 70
2
  9
$DIMALTF
 40
25.4
  9
$DIMLFAC
 40
1.0
  9
$DIMTOFL
 70
1
  9
$DIMTVP
 40
0.0
  9
$DIMTIX
 70
1
  9
$DIMSOXD
 70
0
  9
$DIMSAH
 70
1
  9
$DIMBLK1
  1
_RXDOT
  9
$DIMBLK2
  1
_RXDOT
  9
$DIMSTYLE
  2
NDIM
  9
$DIMCLRD
 70
256
  9
$DIMCLRE
 70
256
  9
$DIMCLRT
 70
6
  9
$DIMTFAC
 40
1.0
  9
$DIMGAP
 40
1.0
  9
$DIMJUST
 70
0
  9
$DIMSD1
 70
0
  9
$DIMSD2
 70
0
  9
$DIMTOLJ
 70
1
  9
$DIMTZIN
 70
0
  9
$DIMALTZ
 70
0
  9
$DIMALTTZ
 70
0
  9
$DIMUPT
 70
0
  9
$DIMDEC
 70
4
  9
$DIMTDEC
 70
4
  9
$DIMALTU
 70
2
  9
$DIMALTTD
 70
2
  9
$DIMTXSTY
  7
RXHS
  9
$DIMAUNIT
 70
0
  9
$DIMADEC
 70
0
  9
$DIMALTRND
 40
0.0
  9
$DIMAZIN
 70
0
  9
$DIMDSEP
 70
46
  9
$DIMATFIT
 70
3
  9
$DIMFRAC
 70
0
  9
$DIMLDRBLK
  1

  9
$DIMLUNIT
 70
6
  9
$DIMLWD
 70
-2
  9
$DIMLWE
 70
-2
  9
$DIMTMOVE
 70
2
  9
$DIMFXL
 40
1.0
  9
$DIMFXLON
 70
0
  9
$DIMJOGANG
 40
0.7853981633974483
  9
$DIMTFILL
 70
0
  9
$DIMTFILLCLR
 70
0
  9
$DIMARCSYM
 70
0
  9
$DIMLTYPE
  6

  9
$DIMLTEX1
  6

  9
$DIMLTEX2
  6

  9
$DIMTXTDIRECTION
 70
0
  9
$LUNITS
 70
2
  9
$LUPREC
 70
4
  9
$SKETCHINC
 40
1.0
  9
$FILLETRAD
 40
0.0
  9
$AUNITS
 70
0
  9
$AUPREC
 70
0
  9
$MENU
  1
.
  9
$ELEVATION
 40
0.0
  9
$PELEVATION
 40
0.0
  9
$THICKNESS
 40
0.0
  9
$LIMCHECK
 70
0
  9
$CHAMFERA
 40
0.0
  9
$CHAMFERB
 40
0.0
  9
$CHAMFERC
 40
0.0
  9
$CHAMFERD
 40
0.0
  9
$SKPOLY
 70
0
  9
$TDCREATE
 40
2461314.022453704
  9
$TDUCREATE
 40
2458736.114131944
  9
$TDUPDATE
 40
2461314.022453704
  9
$TDUUPDATE
 40
2459150.2178125
  9
$TDINDWG
 40
0.6278101042
  9
$TDUSRTIMER
 40
0.6278100694
  9
$USRTIMER
 70
1
  9
$ANGBASE
 50
0.0
  9
$ANGDIR
 70
0
  9
$PDMODE
 70
0
  9
$PDSIZE
 40
0.0
  9
$PLINEWID
 40
0.0
  9
$SPLFRAME
 70
0
  9
$SPLINETYPE
 70
6
  9
$SPLINESEGS
 70
8
  9
$HANDSEED
  5
A1B1
  9
$SURFTAB1
 70
6
  9
$SURFTAB2
 70
6
  9
$SURFTYPE
 70
6
  9
$SURFU
 70
6
  9
$SURFV
 70
6
  9
$UCSBASE
  2

  9
$UCSNAME
  2

  9
$UCSORG
 10
0.0
 20
0.0
 30
0.0
  9
$UCSXDIR
 10
1.0
 20
0.0
 30
0.0
  9
$UCSYDIR
 10
0.0
 20
1.0
 30
0.0
  9
$UCSORTHOREF
  2

  9
$UCSORTHOVIEW
 70
0
  9
$UCSORGTOP
 10
0.0
 20
0.0
 30
0.0
  9
$UCSORGBOTTOM
 10
0.0
 20
0.0
 30
0.0
  9
$UCSORGLEFT
 10
0.0
 20
0.0
 30
0.0
  9
$UCSORGRIGHT
 10
0.0
 20
0.0
 30
0.0
  9
$UCSORGFRONT
 10
0.0
 20
0.0
 30
0.0
  9
$UCSORGBACK
 10
0.0
 20
0.0
 30
0.0
  9
$PUCSBASE
  2

  9
$PUCSNAME
  2

  9
$PUCSORG
 10
0.0
 20
0.0
 30
0.0
  9
$PUCSXDIR
 10
1.0
 20
0.0
 30
0.0
  9
$PUCSYDIR
 10
0.0
 20
1.0
 30
0.0
  9
$PUCSORTHOREF
  2

  9
$PUCSORTHOVIEW
 70
0
  9
$PUCSORGTOP
 10
0.0
 20
0.0
 30
0.0
  9
$PUCSORGBOTTOM
 10
0.0
 20
0.0
 30
0.0
  9
$PUCSORGLEFT
 10
0.0
 20
0.0
 30
0.0
  9
$PUCSORGRIGHT
 10
0.0
 20
0.0
 30
0.0
  9
$PUCSORGFRONT
 10
0.0
 20
0.0
 30
0.0
  9
$PUCSORGBACK
 10
0.0
 20
0.0
 30
0.0
  9
$USERI1
 70
0
  9
$USERI2
 70
0
  9
$USERI3
 70
0
  9
$USERI4
 70
0
  9
$USERI5
 70
0
  9
$USERR1
 40
0.0
  9
$USERR2
 40
0.0
  9
$USERR3
 40
0.0
  9
$USERR4
 40
0.0
  9
$USERR5
 40
0.0
  9
$WORLDVIEW
 70
1
  9
$SHADEDGE
 70
3
  9
$SHADEDIF
 70
70
  9
$TILEMODE
 70
1
  9
$MAXACTVP
 70
48
  9
$PINSBASE
 10
0.0
 20
0.0
 30
0.0
  9
$PLIMCHECK
 70
0
  9
$PEXTMIN
 10
0.0
 20
0.0
 30
0.0
  9
$PEXTMAX
 10
0.0
 20
0.0
 30
0.0
  9
$PLIMMIN
 10
0.0
 20
0.0
  9
$PLIMMAX
 10
12.0
 20
9.0
  9
$UNITMODE
 70
0
  9
$VISRETAIN
 70
1
  9
$PLINEGEN
 70
0
  9
$PSLTSCALE
 70
1
  9
$TREEDEPTH
 70
3020
  9
$CMLSTYLE
  2
Standard
  9
$CMLJUST
 70
0
  9
$CMLSCALE
 40
20.0
  9
$PROXYGRAPHICS
 70
1
  9
$MEASUREMENT
 70
1
  9
$CELWEIGHT
370
-1
  9
$ENDCAPS
280
0
  9
$JOINSTYLE
280
0
  9
$LWDISPLAY
290
0
  9
$INSUNITS
 70
4
  9
$HYPERLINKBASE
  1

  9
$STYLESHEET
  1
1팀.ctb
  9
$XEDIT
290
1
  9
$CEPSNTYPE
380
0
  9
$PSTYLEMODE
290
1
  9
$FINGERPRINTGUID
  2
{25CD9808-4AE2-4108-8F44-341E2DD1FD90}
  9
$VERSIONGUID
  2
{6ED34A42-CB7F-46C2-B12B-E6DB066BDBC2}
  9
$EXTNAMES
290
1
  9
$PSVPSCALE
 40
0.0
  9
$OLESTARTUP
290
0
  9
$SORTENTS
280
127
  9
$INDEXCTL
280
0
  9
$HIDETEXT
280
1
  9
$XCLIPFRAME
280
2
  9
$HALOGAP
280
0
  9
$OBSCOLOR
 70
257
  9
$OBSLTYPE
280
0
  9
$INTERSECTIONDISPLAY
280
0
  9
$INTERSECTIONCOLOR
 70
257
  9
$DIMASSOC
280
1
  9
$PROJECTNAME
  1

  9
$CAMERADISPLAY
290
0
  9
$LENSLENGTH
 40
50.0
  9
$CAMERAHEIGHT
 40
0.0
  9
$STEPSPERSEC
 40
2.0
  9
$STEPSIZE
 40
6.0
  9
$3DDWFPREC
 40
2.0
  9
$PSOLWIDTH
 40
5.0
  9
$PSOLHEIGHT
 40
80.0
  9
$LOFTANG1
 40
1.570796326794896
  9
$LOFTANG2
 40
1.570796326794896
  9
$LOFTMAG1
 40
0.0
  9
$LOFTMAG2
 40
0.0
  9
$LOFTPARAM
 70
7
  9
$LOFTNORMALS
280
1
  9
$LATITUDE
 40
37.795
  9
$LONGITUDE
 40
-122.394
  9
$NORTHDIRECTION
 40
0.0
  9
$TIMEZONE
 70
-8000
  9
$LIGHTGLYPHDISPLAY
280
1
  9
$TILEMODELIGHTSYNCH
280
1
  9
$CMATERIAL
347
EC
  9
$SOLIDHIST
280
0
  9
$SHOWHIST
280
1
  9
$DWFFRAME
280
2
  9
$DGNFRAME
280
0
  9
$REALWORLDSCALE
290
1
  9
$INTERFERECOLOR
 62
1
  9
$INTERFEREOBJVS
345
F9
  9
$INTERFEREVPVS
346
A0FA
  9
$CSHADOW
280
0
  9
$SHADOWPLANELOCATION
 40
0.0
  0
ENDSEC
  0
SECTION
  2
CLASSES
  0
CLASS
  1
ACDBDICTIONARYWDFLT
  2
AcDbDictionaryWithDefault
  3
ObjectDBX Classes
 90
0
 91
1
280
0
281
0
  0
CLASS
  1
ACDBPLACEHOLDER
  2
AcDbPlaceHolder
  3
ObjectDBX Classes
 90
0
 91
1
280
0
281
0
  0
CLASS
  1
LAYOUT
  2
AcDbLayout
  3
ObjectDBX Classes
 90
0
 91
3
280
0
281
0
  0
CLASS
  1
DICTIONARYVAR
  2
AcDbDictionaryVar
  3
ObjectDBX Classes
 90
0
 91
15
280
0
281
0
  0
CLASS
  1
TABLESTYLE
  2
AcDbTableStyle
  3
ObjectDBX Classes
 90
4095
 91
1
280
0
281
0
  0
CLASS
  1
MATERIAL
  2
AcDbMaterial
  3
ObjectDBX Classes
 90
1153
 91
3
280
0
281
0
  0
CLASS
  1
VISUALSTYLE
  2
AcDbVisualStyle
  3
ObjectDBX Classes
 90
4095
 91
26
280
0
281
0
  0
CLASS
  1
RFXINFO
  2
RfxInfo
  3
"RfxInfo|ArchiOffice Enabler를 설치하면 블록이 활성객체로 변환 됩니다.|Company:          한국건축정보기술(주)|WEB Address:      www.ArchiOffice.co.kr"
 90
129
 91
1
280
0
281
0
  0
CLASS
  1
RFXDWGINFO
  2
RfxDwgInfo
  3
"RfxDwgInfo|Product Desc:     InerCAD ARX App For Drawing Information Object|Company:          한국건축정보기술(주)|WEB Address:      www.ArchiOffice.co.kr"
 90
3071
 91
0
280
0
281
1
  0
CLASS
  1
ACAD_EVALUATION_GRAPH
  2
AcDbEvalGraph
  3
ObjectDBX Classes
 90
1153
 91
1
280
0
281
0
  0
CLASS
  1
SORTENTSTABLE
  2
AcDbSortentsTable
  3
ObjectDBX Classes
 90
0
 91
8
280
0
281
0
  0
CLASS
  1
ACDB_DYNAMICBLOCKPURGEPREVENTER_VERSION
  2
AcDbDynamicBlockPurgePreventer
  3
ObjectDBX Classes
 90
1153
 91
1
280
0
281
0
  0
CLASS
  1
RFXLEVEL
  2
RfxLevel
  3
"RfxLevel|Product Desc:     InerCAD ARX App For Level symbol Enabler|Company:          한국건축정보기술(주)|WEB Address:      www.ArchiOffice.co.kr"
 90
3071
 91
0
280
0
281
1
  0
CLASS
  1
RFXLEADER
  2
RfxLeader
  3
"RfxLeader|Product Desc:     InerCAD ARX App For LeaderLine Enabler|Company:          한국건축정보기술(주)|WEB Address:      www.ArchiOffice.co.kr"
 90
3071
 91
0
280
0
281
1
  0
CLASS
  1
RFXSLEVEL
  2
RfxSLevel
  3
"RfxSLevel|Product Desc:     InerCAD ARX App For Level symbol Entity|Company:          한국건축정보기술(주)|WEB Address:      www.ArchiOffice.co.kr"
 90
3071
 91
0
280
0
281
1
  0
CLASS
  1
WIPEOUT
  2
AcDbWipeout
  3
WipeOut|Product Desc: Object Enabler for WipeOut entity | Company: Autodesk, Inc. | WEB Address: www.autodesk.com
 90
2175
 91
0
280
0
281
1
  0
CLASS
  1
WIPEOUTVARIABLES
  2
AcDbWipeoutVariables
  3
"WipeOut|Product Desc:     WipeOut Dbx Application|Company:          Autodesk, Inc.|WEB Address:      www.autodesk.com"
 90
0
 91
1
280
0
281
0
  0
CLASS
  1
LWPOLYLINE
  2
AcDbPolyline
  3
ObjectDBX Classes
 90
0
 91
373
280
0
281
1
  0
CLASS
  1
HATCH
  2
AcDbHatch
  3
ObjectDBX Classes
 90
0
 91
14
280
0
281
1
  0
CLASS
  1
XRECORD
  2
AcDbXrecord
  3
ObjectDBX Classes
 90
0
 91
140
280
0
281
0
  0
CLASS
  1
SCALE
  2
AcDbScale
  3
ObjectDBX Classes
 90
1153
 91
17
280
0
281
0
  0
CLASS
  1
MLEADERSTYLE
  2
AcDbMLeaderStyle
  3
ACDB_MLEADERSTYLE_CLASS
 90
4095
 91
1
280
0
281
0
  0
CLASS
  1
ACDBSECTIONVIEWSTYLE
  2
AcDbSectionViewStyle
  3
ObjectDBX Classes
 90
1025
 91
1
280
0
281
0
  0
CLASS
  1
ACDBDETAILVIEWSTYLE
  2
AcDbDetailViewStyle
  3
ObjectDBX Classes
 90
1025
 91
1
280
0
281
0
  0
CLASS
  1
CELLSTYLEMAP
  2
AcDbCellStyleMap
  3
ObjectDBX Classes
 90
1152
 91
1
280
0
281
0
  0
CLASS
  1
SUN
  2
AcDbSun
  3
SCENEOE
 90
1153
 91
0
280
0
281
0
  0
CLASS
  1
MENTALRAYRENDERSETTINGS
  2
AcDbMentalRayRenderSettings
  3
SCENEOE
 90
1024
 91
0
280
0
281
0
  0
CLASS
  1
RASTERVARIABLES
  2
AcDbRasterVariables
  3
ISM
 90
0
 91
0
280
0
281
0
  0
ENDSEC
  0
SECTION
  2
TABLES
  0
TABLE
  2
VPORT
  5
8
102
{ACAD_XDICTIONARY
360
76A4
102
}
330
0
100
AcDbSymbolTable
 70
1
  0
VPORT
  5
EA
330
8
100
AcDbSymbolTableRecord
100
AcDbViewportTableRecord
  2
*Active
 70
0
 10
0.0
 20
0.0
 11
1.0
 21
1.0
 12
29842.67780453964
 22
32165.16921189395
 13
0.0
 23
0.0
 14
10.0
 24
10.0
 15
10.0
 25
10.0
 16
0.0
 26
0.0
 36
1.0
 17
0.0
 27
0.0
 37
0.0
 40
65351.50400296025
 41
1.423019431988041
 42
50.0
 43
0.0
 44
0.0
 50
0.0
 51
0.0
 71
0
 72
1000
 73
1
 74
3
 75
0
 76
0
 77
0
 78
0
281
0
 65
1
110
0.0
120
0.0
130
0.0
111
1.0
121
0.0
131
0.0
112
0.0
122
1.0
132
0.0
 79
0
146
0.0
 60
2
 61
5
348
F5
292
1
282
1
141
0.0
142
0.0
 63
250
421
3355443
1001
ACAD_NAV_VCDISPLAY
1070
3
  0
ENDTAB
  0
TABLE
  2
LTYPE
  5
5
330
0
100
AcDbSymbolTable
 70
9
  0
LTYPE
  5
14
330
5
100
AcDbSymbolTableRecord
100
AcDbLinetypeTableRecord
  2
ByBlock
 70
0
  3

 72
65
 73
0
 40
0.0
  0
LTYPE
  5
15
330
5
100
AcDbSymbolTableRecord
100
AcDbLinetypeTableRecord
  2
ByLayer
 70
0
  3

 72
65
 73
0
 40
0.0
  0
LTYPE
  5
16
330
5
100
AcDbSymbolTableRecord
100
AcDbLinetypeTableRecord
  2
Continuous
 70
0
  3
Solid line
 72
65
 73
0
 40
0.0
  0
LTYPE
  5
66FA
330
5
100
AcDbSymbolTableRecord
100
AcDbLinetypeTableRecord
  2
CEN
 70
0
  3
Center line for all scale
 72
65
 73
4
 40
52.3
 49
50.0
 74
0
 49
-1.0
 74
0
 49
0.3
 74
0
 49
-1.0
 74
0
  0
LTYPE
  5
66FB
330
5
100
AcDbSymbolTableRecord
100
AcDbLinetypeTableRecord
  2
HID
 70
0
  3
Hidden line for all scale
 72
65
 73
2
 40
2.0
 49
1.0
 74
0
 49
-1.0
 74
0
  0
LTYPE
  5
66FC
330
5
100
AcDbSymbolTableRecord
100
AcDbLinetypeTableRecord
  2
DIV
 70
0
  3
Divide line for all scale
 72
65
 73
6
 40
44.0
 49
40.0
 74
0
 49
-1.0
 74
0
 49
0.5
 74
0
 49
-1.0
 74
0
 49
0.5
 74
0
 49
-1.0
 74
0
  0
LTYPE
  5
66FD
330
5
100
AcDbSymbolTableRecord
100
AcDbLinetypeTableRecord
  2
HIDDEN
 70
0
  3
__ __ __ __ __ __ __ __ __ __ __ __ __ __ __ __
 72
65
 73
2
 40
2.0
 49
1.0
 74
0
 49
-1.0
 74
0
  0
LTYPE
  5
66FE
330
5
100
AcDbSymbolTableRecord
100
AcDbLinetypeTableRecord
  2
HIDDEN2
 70
0
  3
Hidden (.5x) _ _ _ _ _ _ _ _ _ _ _ _ _ _ _ _ _
 72
65
 73
2
 40
4.762499999999999
 49
3.174999999999999
 74
0
 49
-1.587499999999999
 74
0
  0
LTYPE
  5
66FF
330
5
100
AcDbSymbolTableRecord
100
AcDbLinetypeTableRecord
  2
ACAD_ISO03W100
 70
0
  3
ISO dash space __    __    __    __    __    __
 72
65
 73
2
 40
30.0
 49
12.0
 74
0
 49
-18.0
 74
0
  0
ENDTAB
  0
TABLE
  2
LAYER
  5
2
102
{ACAD_XDICTIONARY
360
B7F
102
}
330
0
100
AcDbSymbolTable
 70
42
  0
LAYER
  5
10
330
2
100
AcDbSymbolTableRecord
100
AcDbLayerTableRecord
  2
0
 70
0
 62
7
  6
Continuous
370
-3
390
F
347
EE
348
0
  0
LAYER
  5
13B
330
2
100
AcDbSymbolTableRecord
100
AcDbLayerTableRecord
  2
RXINFO
 70
0
 62
7
  6
Continuous
370
-3
390
F
347
EE
348
0
  0
LAYER
  5
B1F
330
2
100
AcDbSymbolTableRecord
100
AcDbLayerTableRecord
  2
DEFPOINTS
 70
0
 62
7
  6
Continuous
290
0
370
-3
390
F
347
EE
348
0
  0
LAYER
  5
B2F
102
{ACAD_XDICTIONARY
360
B30
102
}
330
2
100
AcDbSymbolTableRecord
100
AcDbLayerTableRecord
  2
RXDIM
 70
0
 62
7
  6
Continuous
370
-3
390
F
347
EE
348
0
  0
LAYER
  5
6700
102
{ACAD_XDICTIONARY
360
6701
102
}
330
2
100
AcDbSymbolTableRecord
100
AcDbLayerTableRecord
  2
COL
 70
0
 62
2
  6
Continuous
370
-3
390
F
347
EE
348
0
  0
LAYER
  5
6703
102
{ACAD_XDICTIONARY
360
6704
102
}
330
2
100
AcDbSymbolTableRecord
100
AcDbLayerTableRecord
  2
CEN
 70
0
 62
1
  6
CEN
370
-3
390
F
347
EE
348
0
  0
LAYER
  5
6706
102
{ACAD_XDICTIONARY
360
6707
102
}
330
2
100
AcDbSymbolTableRecord
100
AcDbLayerTableRecord
  2
HAT
 70
0
 62
8
  6
Continuous
370
-3
390
F
347
EE
348
0
  0
LAYER
  5
6709
102
{ACAD_XDICTIONARY
360
670A
102
}
330
2
100
AcDbSymbolTableRecord
100
AcDbLayerTableRecord
  2
FIN
 70
0
 62
6
  6
Continuous
370
-3
390
F
347
EE
348
0
  0
LAYER
  5
670C
102
{ACAD_XDICTIONARY
360
670D
102
}
330
2
100
AcDbSymbolTableRecord
100
AcDbLayerTableRecord
  2
WID
 70
0
 62
4
  6
Continuous
370
-3
390
F
347
EE
348
0
  0
LAYER
  5
670F
102
{ACAD_XDICTIONARY
360
6710
102
}
330
2
100
AcDbSymbolTableRecord
100
AcDbLayerTableRecord
  2
COR
 70
0
 62
4
  6
Continuous
370
-3
390
F
347
EE
348
0
  0
LAYER
  5
6712
102
{ACAD_XDICTIONARY
360
6713
102
}
330
2
100
AcDbSymbolTableRecord
100
AcDbLayerTableRecord
  2
RXANNOT
 70
0
 62
6
  6
Continuous
370
-3
390
F
347
EE
348
0
  0
LAYER
  5
6715
102
{ACAD_XDICTIONARY
360
6716
102
}
330
2
100
AcDbSymbolTableRecord
100
AcDbLayerTableRecord
  2
RXSYMBOL
 70
0
 62
7
  6
Continuous
370
-3
390
F
347
EE
348
0
  0
LAYER
  5
6718
102
{ACAD_XDICTIONARY
360
6719
102
}
330
2
100
AcDbSymbolTableRecord
100
AcDbLayerTableRecord
  2
RXSBTXT
 70
0
 62
6
  6
Continuous
370
-3
390
F
347
EE
348
0
  0
LAYER
  5
671E
102
{ACAD_XDICTIONARY
360
671F
102
}
330
2
100
AcDbSymbolTableRecord
100
AcDbLayerTableRecord
  2
HID
 70
0
 62
6
  6
HID
370
-3
390
F
347
EE
348
0
  0
LAYER
  5
6721
102
{ACAD_XDICTIONARY
360
6722
102
}
330
2
100
AcDbSymbolTableRecord
100
AcDbLayerTableRecord
  2
LAND
 70
0
 62
2
  6
DIV
370
-3
390
F
347
EE
348
0
  0
LAYER
  5
6724
102
{ACAD_XDICTIONARY
360
6725
102
}
330
2
100
AcDbSymbolTableRecord
100
AcDbLayerTableRecord
  2
ETC
 70
0
 62
6
  6
Continuous
370
-3
390
F
347
EE
348
0
  0
LAYER
  5
6727
102
{ACAD_XDICTIONARY
360
6728
102
}
330
2
100
AcDbSymbolTableRecord
100
AcDbLayerTableRecord
  2
RXDWGTITLE
 70
0
 62
1
  6
Continuous
370
-3
390
F
347
EE
348
0
  0
LAYER
  5
672A
330
2
100
AcDbSymbolTableRecord
100
AcDbLayerTableRecord
  2
TEXT
 70
0
 62
3
  6
Continuous
370
-3
390
F
347
EE
348
0
  0
LAYER
  5
672B
330
2
100
AcDbSymbolTableRecord
100
AcDbLayerTableRecord
  2
ELE-2
 70
0
 62
8
  6
Continuous
370
-3
390
F
347
EE
348
0
1001
RAK
1000
{ACET-LAYISO
1070
0
1070
8
1000
Continuous
1071
-3
1071
1
1005
F
1000
ACET-LAYISO}
  0
LAYER
  5
672C
330
2
100
AcDbSymbolTableRecord
100
AcDbLayerTableRecord
  2
TOILET
 70
0
 62
6
  6
Continuous
370
-3
390
F
347
EE
348
0
  0
LAYER
  5
672D
330
2
100
AcDbSymbolTableRecord
100
AcDbLayerTableRecord
  2
RXDOOR
 70
0
 62
6
  6
Continuous
370
-3
390
F
347
EE
348
0
  0
LAYER
  5
672E
102
{ACAD_XDICTIONARY
360
672F
102
}
330
2
100
AcDbSymbolTableRecord
100
AcDbLayerTableRecord
  2
WAL
 70
0
 62
3
  6
Continuous
370
-3
390
F
347
EE
348
0
  0
LAYER
  5
6731
330
2
100
AcDbSymbolTableRecord
100
AcDbLayerTableRecord
  2
WID-S
 70
0
 62
3
  6
Continuous
370
-3
390
F
347
EE
348
0
  0
LAYER
  5
6732
330
2
100
AcDbSymbolTableRecord
100
AcDbLayerTableRecord
  2
글씨
 70
0
 62
3
  6
Continuous
370
-3
390
F
347
EE
348
0
  0
LAYER
  5
6733
330
2
100
AcDbSymbolTableRecord
100
AcDbLayerTableRecord
  2
ms_sb-건축한계선
 70
0
 62
5
  6
HIDDEN
370
-3
390
F
347
EE
348
0
1001
AcAecLayerStandard
1000

1000

1001
RAK
1000
{ACET-LAYISO
1070
0
1070
5
1000
HIDDEN
1071
-3
1071
1
1005
F
1000
ACET-LAYISO}
  0
LAYER
  5
6734
330
2
100
AcDbSymbolTableRecord
100
AcDbLayerTableRecord
  2
1-세부분할
 70
0
 62
6
  6
Continuous
370
-3
390
F
347
EE
348
0
  0
LAYER
  5
6735
330
2
100
AcDbSymbolTableRecord
100
AcDbLayerTableRecord
  2
_ELEV
 70
0
 62
4
  6
Continuous
370
0
390
F
347
EE
348
0
  0
LAYER
  5
6736
330
2
100
AcDbSymbolTableRecord
100
AcDbLayerTableRecord
  2
마감선
 70
0
 62
8
  6
Continuous
370
-3
390
F
347
EE
348
0
1001
AcAecLayerStandard
1000

1000

  0
LAYER
  5
6737
330
2
100
AcDbSymbolTableRecord
100
AcDbLayerTableRecord
  2
SYMBOL
 70
0
 62
7
  6
Continuous
370
-3
390
F
347
EE
348
0
  0
LAYER
  5
6738
330
2
100
AcDbSymbolTableRecord
100
AcDbLayerTableRecord
  2
RXLEADER
 70
0
 62
7
  6
Continuous
370
-3
390
F
347
EE
348
0
  0
LAYER
  5
6739
102
{ACAD_XDICTIONARY
360
673A
102
}
330
2
100
AcDbSymbolTableRecord
100
AcDbLayerTableRecord
  2
DOOR
 70
0
 62
4
  6
Continuous
370
-3
390
F
347
EE
348
0
  0
LAYER
  5
673C
330
2
100
AcDbSymbolTableRecord
100
AcDbLayerTableRecord
  2
DOOR-S
 70
0
 62
3
  6
Continuous
370
-3
390
F
347
EE
348
0
  0
LAYER
  5
6740
330
2
100
AcDbSymbolTableRecord
100
AcDbLayerTableRecord
  2
주차
 70
0
 62
6
  6
Continuous
370
-3
390
F
347
EE
348
0
1001
AcAecLayerStandard
1000

1000

  0
LAYER
  5
6741
102
{ACAD_XDICTIONARY
360
6742
102
}
330
2
100
AcDbSymbolTableRecord
100
AcDbLayerTableRecord
  2
ms_l-도로
 70
0
 62
7
  6
Continuous
370
-3
390
F
347
EE
348
0
1001
AcAecLayerStandard
1000

1000

1001
RAK
1000
{ACET-LAYISO
1070
0
1070
7
1000
Continuous
1071
-3
1071
1
1005
F
1000
ACET-LAYISO}
  0
LAYER
  5
6744
330
2
100
AcDbSymbolTableRecord
100
AcDbLayerTableRecord
  2
획지분할
 70
0
 62
1
  6
Continuous
370
-3
390
F
347
EE
348
0
1001
AcAecLayerStandard
1000

1000

  0
LAYER
  5
6745
330
2
100
AcDbSymbolTableRecord
100
AcDbLayerTableRecord
  2
지단-차량진입불가
 70
0
 62
1
  6
Continuous
370
0
390
F
347
EE
348
0
1001
AcAecLayerStandard
1000

1000

1001
RAK
1000
{ACET-LAYISO
1070
0
1070
1
1000
CONTINUOUS
1071
0
1071
1
1005
F
1000
ACET-LAYISO}
  0
LAYER
  5
6746
330
2
100
AcDbSymbolTableRecord
100
AcDbLayerTableRecord
  2
ms_sb-차량출입불허구간
 70
0
 62
1
  6
Continuous
370
-3
390
F
347
EE
348
0
1001
RAK
1000
{ACET-LAYISO
1070
0
1070
10
1000
CONTINUOUS
1070
1
1071
-3
1071
1
1005
F
1000
ACET-LAYISO}
  0
LAYER
  5
6747
330
2
100
AcDbSymbolTableRecord
100
AcDbLayerTableRecord
  2
8
 70
0
 62
8
  6
Continuous
370
-3
390
F
347
EE
348
0
  0
LAYER
  5
6748
330
2
100
AcDbSymbolTableRecord
100
AcDbLayerTableRecord
  2
FIX
 70
0
 62
7
  6
Continuous
370
-3
390
F
347
EE
348
0
  0
LAYER
  5
674A
330
2
100
AcDbSymbolTableRecord
100
AcDbLayerTableRecord
  2
단열재
 70
0
 62
8
  6
Continuous
370
-3
390
F
347
EE
348
0
1001
AcAecLayerStandard
1000

1000

  0
LAYER
  5
799B
330
2
100
AcDbSymbolTableRecord
100
AcDbLayerTableRecord
  2
2SEC
 70
0
 62
2
  6
Continuous
370
-3
390
F
347
EE
348
0
  0
LAYER
  5
799C
330
2
100
AcDbSymbolTableRecord
100
AcDbLayerTableRecord
  2
가는선
 70
0
 62
5
  6
Continuous
370
9
390
F
347
EE
348
0
  0
ENDTAB
  0
TABLE
  2
STYLE
  5
3
330
0
100
AcDbSymbolTable
 70
7
  0
STYLE
  5
11
330
3
100
AcDbSymbolTableRecord
100
AcDbTextStyleTableRecord
  2
Standard
 70
0
 40
0.0
 41
1.0
 50
0.0
 71
0
 42
2.5
  3
txt.shx
  4
whgtxt.shx
  0
STYLE
  5
11D
330
3
100
AcDbSymbolTableRecord
100
AcDbTextStyleTableRecord
  2
RXHS
 70
0
 40
0.0
 41
1.0
 50
0.0
 71
0
 42
121.2336343517527
  3

  4

1001
ACAD
1000
Gulim
1071
33074
  0
STYLE
  5
3D4C
330
3
100
AcDbSymbolTableRecord
100
AcDbTextStyleTableRecord
  2
@굴림체
 70
0
 40
0.0
 41
1.0
 50
0.0
 71
0
 42
121.2336343517527
  3

  4

1001
ACAD
1000
@GulimChe
1071
33073
  0
STYLE
  5
674B
330
3
100
AcDbSymbolTableRecord
100
AcDbTextStyleTableRecord
  2
울릉도L
 70
0
 40
0.0
 41
1.0
 50
0.0
 71
0
 42
600.0
  3

  4

1001
ACAD
1000
hy울릉도l
1071
33042
  0
STYLE
  5
674C
330
3
100
AcDbSymbolTableRecord
100
AcDbTextStyleTableRecord
  2
RXHG
 70
0
 40
0.0
 41
1.0
 50
0.0
 71
0
 42
153.2272058531139
  3
H2GTRE.TTF
  4

1001
ACAD
1000
hy견고딕
1071
33042
  0
STYLE
  5
674D
330
3
100
AcDbSymbolTableRecord
100
AcDbTextStyleTableRecord
  2
굴림체
 70
0
 40
0.0
 41
1.0
 50
0.0
 71
0
 42
946.8576542900681
  3

  4

1001
ACAD
1000
GulimChe
1071
33073
  0
STYLE
  5
674E
330
3
100
AcDbSymbolTableRecord
100
AcDbTextStyleTableRecord
  2
SIM
 70
0
 40
0.0
 41
1.0
 50
0.0
 71
0
 42
2.5
  3

  4

1001
ACAD
1000
Gulim
1071
33074
  0
ENDTAB
  0
TABLE
  2
VIEW
  5
6
330
0
100
AcDbSymbolTable
 70
0
  0
ENDTAB
  0
TABLE
  2
UCS
  5
7
330
0
100
AcDbSymbolTable
 70
0
  0
ENDTAB
  0
TABLE
  2
APPID
  5
9
330
0
100
AcDbSymbolTable
 70
25
  0
APPID
  5
12
330
9
100
AcDbSymbolTableRecord
100
AcDbRegAppTableRecord
  2
ACAD
 70
0
  0
APPID
  5
9E
330
9
100
AcDbSymbolTableRecord
100
AcDbRegAppTableRecord
  2
ACAD_PSEXT
 70
0
  0
APPID
  5
B78
330
9
100
AcDbSymbolTableRecord
100
AcDbRegAppTableRecord
  2
INERCAD20
 70
0
  0
APPID
  5
B79
330
9
100
AcDbSymbolTableRecord
100
AcDbRegAppTableRecord
  2
AcDbDynamicBlockTrueName
 70
0
  0
APPID
  5
B7A
330
9
100
AcDbSymbolTableRecord
100
AcDbRegAppTableRecord
  2
AcDbDynamicBlockGUID
 70
0
  0
APPID
  5
B7B
330
9
100
AcDbSymbolTableRecord
100
AcDbRegAppTableRecord
  2
AcDbBlockRepETag
 70
0
  0
APPID
  5
B7C
330
9
100
AcDbSymbolTableRecord
100
AcDbRegAppTableRecord
  2
AcAecLayerStandard
 70
0
  0
APPID
  5
B7D
330
9
100
AcDbSymbolTableRecord
100
AcDbRegAppTableRecord
  2
RAK
 70
0
  0
APPID
  5
B7E
330
9
100
AcDbSymbolTableRecord
100
AcDbRegAppTableRecord
  2
AcCmTransparency
 70
0
  0
APPID
  5
1544
330
9
100
AcDbSymbolTableRecord
100
AcDbRegAppTableRecord
  2
XP_RFXLEVEL
 70
0
  0
APPID
  5
1545
330
9
100
AcDbSymbolTableRecord
100
AcDbRegAppTableRecord
  2
XP_RFXLEVEL2
 70
0
  0
APPID
  5
2ECE
330
9
100
AcDbSymbolTableRecord
100
AcDbRegAppTableRecord
  2
XP_RFXOPEN
 70
0
  0
APPID
  5
3CC2
330
9
100
AcDbSymbolTableRecord
100
AcDbRegAppTableRecord
  2
XP_RFXLEADER
 70
0
  0
APPID
  5
3CD9
330
9
100
AcDbSymbolTableRecord
100
AcDbRegAppTableRecord
  2
ACAD_DSTYLE_DIMJAG
 70
0
  0
APPID
  5
3CDA
330
9
100
AcDbSymbolTableRecord
100
AcDbRegAppTableRecord
  2
ACAD_DSTYLE_DIMTALN
 70
0
  0
APPID
  5
3CF0
330
9
100
AcDbSymbolTableRecord
100
AcDbRegAppTableRecord
  2
ACAD_EXEMPT_FROM_CAD_STANDARDS
 70
0
  0
APPID
  5
58FD
330
9
100
AcDbSymbolTableRecord
100
AcDbRegAppTableRecord
  2
DCO15
 70
0
  0
APPID
  5
76D0
330
9
100
AcDbSymbolTableRecord
100
AcDbRegAppTableRecord
  2
CONTENTBLOCKICON
 70
0
  0
APPID
  5
859B
330
9
100
AcDbSymbolTableRecord
100
AcDbRegAppTableRecord
  2
XP_RFXSLEVEL
 70
0
  0
APPID
  5
859C
330
9
100
AcDbSymbolTableRecord
100
AcDbRegAppTableRecord
  2
XP_RFXSLEVEL2
 70
0
  0
APPID
  5
8654
330
9
100
AcDbSymbolTableRecord
100
AcDbRegAppTableRecord
  2
CONTENTBLOCKDESCRIPTION
 70
0
  0
APPID
  5
A11C
330
9
100
AcDbSymbolTableRecord
100
AcDbRegAppTableRecord
  2
AcadCodePageInfo
 70
0
  0
APPID
  5
A130
330
9
100
AcDbSymbolTableRecord
100
AcDbRegAppTableRecord
  2
ACAD_NAV_VCDISPLAY
 70
0
  0
APPID
  5
A1AD
330
9
100
AcDbSymbolTableRecord
100
AcDbRegAppTableRecord
  2
HATCHBACKGROUNDCOLOR
 70
0
  0
APPID
  5
A1AE
330
9
100
AcDbSymbolTableRecord
100
AcDbRegAppTableRecord
  2
EZDXF
 70
0
  0
ENDTAB
  0
TABLE
  2
DIMSTYLE
  5
A
330
0
100
AcDbSymbolTable
 70
3
100
AcDbDimStyleTable
  0
DIMSTYLE
105
11E
330
A
100
AcDbSymbolTableRecord
100
AcDbDimStyleTableRecord
  2
NDIM
 70
0
 40
100.0
 41
1.5
 42
2.0
 43
8.0
 44
4.0
 45
0.0
 46
3.0
 47
0.0
 48
0.0
 49
2.5
140
3.0
141
3.0
142
0.0
143
0.03937007874
144
1.0
145
0.0
146
1.0
147
1.0
148
0.0
 69
0
 70
0
 71
0
 72
0
 73
0
 74
0
 75
0
 76
0
 77
1
 78
8
 79
3
170
0
171
3
172
1
173
1
174
1
175
0
176
256
177
256
178
6
179
2
271
2
272
2
273
2
274
3
275
0
276
0
277
6
278
44
279
2
280
0
281
0
282
0
283
0
284
8
285
0
286
0
288
0
289
3
290
0
340
11D
341
118
343
118
344
118
371
-2
372
-2
  0
DIMSTYLE
105
3D79
330
A
100
AcDbSymbolTableRecord
100
AcDbDimStyleTableRecord
  2
STANDARD
 70
0
 40
1.0
 41
2.5
 42
0.625
 43
3.75
 44
1.25
 45
0.0
 46
0.0
 47
0.0
 48
0.0
 49
2.5
140
2.5
141
2.5
142
0.0
143
0.03937007874
144
1.0
145
0.0
146
1.0
147
0.625
148
0.0
 69
0
 70
0
 71
0
 72
0
 73
0
 74
0
 75
0
 76
0
 77
1
 78
8
 79
3
170
0
171
3
172
1
173
0
174
0
175
0
176
0
177
0
178
0
179
2
271
2
272
2
273
2
274
3
275
0
276
0
277
2
278
44
279
0
280
0
281
0
282
0
283
0
284
8
285
0
286
0
288
0
289
3
290
0
340
11
371
-2
372
-2
  0
DIMSTYLE
105
674F
102
{ACAD_REACTORS
330
8B4F
330
8B50
330
8B51
330
8B52
330
8B53
330
8B54
330
8B55
330
8B56
330
8B57
330
8B58
330
8B59
330
8B5A
330
8B5B
330
8B5C
330
8B5D
330
8B5E
330
8B5F
330
8B60
330
8B61
330
8B62
330
8B63
330
8B64
330
8D61
330
8D62
330
8D63
330
8D64
330
8D65
330
8D66
330
8D71
330
8D72
330
8DB7
330
8DB8
330
8DB9
330
8DBA
102
}
330
A
100
AcDbSymbolTableRecord
100
AcDbDimStyleTableRecord
  2
NDIM 100
 70
0
 40
100.0
 41
1.0
 42
1.5
 43
6.0
 44
1.5
 45
0.0
 46
0.0
 47
0.0
 48
0.0
 49
2.5
140
2.0
141
3.0
142
0.0
143
0.03937007874
144
1.0
145
0.0
146
1.0
147
1.0
148
0.0
 69
0
 70
0
 71
0
 72
0
 73
0
 74
0
 75
0
 76
0
 77
1
 78
8
 79
3
170
0
171
3
172
1
173
1
174
1
175
0
176
6
177
6
178
3
179
2
271
0
272
0
273
2
274
3
275
0
276
0
277
2
278
44
279
2
280
0
281
0
282
0
283
0
284
8
285
0
286
0
288
0
289
3
290
0
340
674D
341
118
343
118
344
118
371
-2
372
-2
  0
ENDTAB
  0
TABLE
  2
BLOCK_RECORD
  5
1
330
0
100
AcDbSymbolTable
 70
74
  0
BLOCK_RECORD
  5
1F
102
{ACAD_XDICTIONARY
360
3CE7
102
}
330
1
100
AcDbSymbolTableRecord
100
AcDbBlockTableRecord
  2
*Model_Space
340
22
 70
0
280
1
281
0
  0
BLOCK_RECORD
  5
D2
102
{ACAD_XDICTIONARY
360
7654
102
}
330
1
100
AcDbSymbolTableRecord
100
AcDbBlockTableRecord
  2
*Paper_Space
340
D3
 70
0
280
1
281
0
  0
BLOCK_RECORD
  5
D6
102
{ACAD_XDICTIONARY
360
7656
102
}
330
1
100
AcDbSymbolTableRecord
100
AcDbBlockTableRecord
  2
*Paper_Space0
340
D7
 70
0
280
1
281
0
  0
BLOCK_RECORD
  5
118
330
1
100
AcDbSymbolTableRecord
100
AcDbBlockTableRecord
  2
_RXDOT
340
0
 70
0
280
1
281
0
  0
BLOCK_RECORD
  5
13F
330
1
100
AcDbSymbolTableRecord
100
AcDbBlockTableRecord
  2
*B2
340
0
 70
0
280
1
281
0
  0
BLOCK_RECORD
  5
5D14
102
{ACAD_XDICTIONARY
360
5D15
102
}
330
1
100
AcDbSymbolTableRecord
100
AcDbBlockTableRecord
  2
A$C171C7090
340
0
 70
4
280
1
281
0
1001
AcDbDynamicBlockTrueName
1000
A$C171C7090
1001
AcDbDynamicBlockGUID
1000
{D9DB0ED1-ADAA-432E-A134-A386249237E2}
  0
BLOCK_RECORD
  5
6380
102
{ACAD_XDICTIONARY
360
6381
102
}
330
1
100
AcDbSymbolTableRecord
100
AcDbBlockTableRecord
  2
A$C4838202B
340
0
 70
4
280
1
281
0
1001
AcDbDynamicBlockGUID
1000
{DD409146-9C3B-4B79-9593-EEE47538384B}
1001
AcDbBlockRepETag
1070
1
1071
59
  0
BLOCK_RECORD
  5
63C2
102
{ACAD_XDICTIONARY
360
63C3
102
}
330
1
100
AcDbSymbolTableRecord
100
AcDbBlockTableRecord
  2
A$C641937F6
340
0
 70
4
280
1
281
0
  0
BLOCK_RECORD
  5
63CB
102
{ACAD_XDICTIONARY
360
63CC
102
}
330
1
100
AcDbSymbolTableRecord
100
AcDbBlockTableRecord
  2
A$C3AEE33D6
340
0
 70
4
280
1
281
0
  0
BLOCK_RECORD
  5
63E6
102
{ACAD_XDICTIONARY
360
63E7
102
}
330
1
100
AcDbSymbolTableRecord
100
AcDbBlockTableRecord
  2
ertkjelrky
340
0
 70
6
280
1
281
0
  0
BLOCK_RECORD
  5
63EE
330
1
100
AcDbSymbolTableRecord
100
AcDbBlockTableRecord
  2
l-209
340
0
 70
0
280
1
281
0
1001
AcDbDynamicBlockGUID
1000
{EB5B03ED-09E9-4C80-8C81-B9D8FF50D37C}
1001
AcDbBlockRepETag
1070
1
1071
90
  0
BLOCK_RECORD
  5
644B
330
1
100
AcDbSymbolTableRecord
100
AcDbBlockTableRecord
  2
RD
340
0
 70
0
280
1
281
0
  0
BLOCK_RECORD
  5
6455
102
{ACAD_XDICTIONARY
360
6456
102
}
330
1
100
AcDbSymbolTableRecord
100
AcDbBlockTableRecord
  2
A$C6C4B2DC3
340
0
 70
4
280
1
281
0
  0
BLOCK_RECORD
  5
6474
102
{ACAD_XDICTIONARY
360
6475
102
}
330
1
100
AcDbSymbolTableRecord
100
AcDbBlockTableRecord
  2
EWRGWJET
340
0
 70
6
280
1
281
0
  0
BLOCK_RECORD
  5
648A
330
1
100
AcDbSymbolTableRecord
100
AcDbBlockTableRecord
  2
reterye
340
0
 70
4
280
1
281
0
  0
BLOCK_RECORD
  5
64D6
330
1
100
AcDbSymbolTableRecord
100
AcDbBlockTableRecord
  2
arrow19
340
0
 70
0
280
1
281
0
  0
BLOCK_RECORD
  5
6684
330
1
100
AcDbSymbolTableRecord
100
AcDbBlockTableRecord
  2
dsfsdfdfssxcv
340
0
 70
4
280
1
281
0
  0
BLOCK_RECORD
  5
66B9
330
1
100
AcDbSymbolTableRecord
100
AcDbBlockTableRecord
  2
etertet
340
0
 70
4
280
1
281
0
  0
BLOCK_RECORD
  5
7980
102
{ACAD_XDICTIONARY
360
7981
102
}
330
1
100
AcDbSymbolTableRecord
100
AcDbBlockTableRecord
  2
단면표시
340
0
 70
4
280
1
281
0
1001
AcDbDynamicBlockGUID
1000
{9D5DE45E-AEA8-4FA9-8AD4-A53192B8AD13}
1001
AcDbBlockRepETag
1070
1
1071
6
  0
BLOCK_RECORD
  5
798A
330
1
100
AcDbSymbolTableRecord
100
AcDbBlockTableRecord
  2
eksdua
340
0
 70
4
280
1
281
0
  0
BLOCK_RECORD
  5
8E08
330
1
100
AcDbSymbolTableRecord
100
AcDbBlockTableRecord
  2
*D18
340
0
 70
0
280
1
281
0
  0
BLOCK_RECORD
  5
8E14
330
1
100
AcDbSymbolTableRecord
100
AcDbBlockTableRecord
  2
*D19
340
0
 70
0
280
1
281
0
  0
BLOCK_RECORD
  5
8E20
330
1
100
AcDbSymbolTableRecord
100
AcDbBlockTableRecord
  2
*D20
340
0
 70
0
280
1
281
0
  0
BLOCK_RECORD
  5
8E2C
330
1
100
AcDbSymbolTableRecord
100
AcDbBlockTableRecord
  2
*D21
340
0
 70
0
280
1
281
0
  0
BLOCK_RECORD
  5
8E38
330
1
100
AcDbSymbolTableRecord
100
AcDbBlockTableRecord
  2
*D22
340
0
 70
0
280
1
281
0
  0
BLOCK_RECORD
  5
8E44
330
1
100
AcDbSymbolTableRecord
100
AcDbBlockTableRecord
  2
*D23
340
0
 70
0
280
1
281
0
  0
BLOCK_RECORD
  5
8E50
330
1
100
AcDbSymbolTableRecord
100
AcDbBlockTableRecord
  2
*D24
340
0
 70
0
280
1
281
0
  0
BLOCK_RECORD
  5
8E5C
330
1
100
AcDbSymbolTableRecord
100
AcDbBlockTableRecord
  2
*D25
340
0
 70
0
280
1
281
0
  0
BLOCK_RECORD
  5
8E68
330
1
100
AcDbSymbolTableRecord
100
AcDbBlockTableRecord
  2
*D26
340
0
 70
0
280
1
281
0
  0
BLOCK_RECORD
  5
8E74
330
1
100
AcDbSymbolTableRecord
100
AcDbBlockTableRecord
  2
*D27
340
0
 70
0
280
1
281
0
  0
BLOCK_RECORD
  5
8E80
330
1
100
AcDbSymbolTableRecord
100
AcDbBlockTableRecord
  2
*D28
340
0
 70
0
280
1
281
0
  0
BLOCK_RECORD
  5
8E8C
330
1
100
AcDbSymbolTableRecord
100
AcDbBlockTableRecord
  2
*D29
340
0
 70
0
280
1
281
0
  0
BLOCK_RECORD
  5
8E98
330
1
100
AcDbSymbolTableRecord
100
AcDbBlockTableRecord
  2
*D30
340
0
 70
0
280
1
281
0
  0
BLOCK_RECORD
  5
8EA4
330
1
100
AcDbSymbolTableRecord
100
AcDbBlockTableRecord
  2
*D31
340
0
 70
0
280
1
281
0
  0
BLOCK_RECORD
  5
8EB0
330
1
100
AcDbSymbolTableRecord
100
AcDbBlockTableRecord
  2
*D32
340
0
 70
0
280
1
281
0
  0
BLOCK_RECORD
  5
8EBC
330
1
100
AcDbSymbolTableRecord
100
AcDbBlockTableRecord
  2
*D33
340
0
 70
0
280
1
281
0
  0
BLOCK_RECORD
  5
8EC8
330
1
100
AcDbSymbolTableRecord
100
AcDbBlockTableRecord
  2
*D34
340
0
 70
0
280
1
281
0
  0
BLOCK_RECORD
  5
8ED4
330
1
100
AcDbSymbolTableRecord
100
AcDbBlockTableRecord
  2
*D35
340
0
 70
0
280
1
281
0
  0
BLOCK_RECORD
  5
8EE0
330
1
100
AcDbSymbolTableRecord
100
AcDbBlockTableRecord
  2
*D36
340
0
 70
0
280
1
281
0
  0
BLOCK_RECORD
  5
8EEC
330
1
100
AcDbSymbolTableRecord
100
AcDbBlockTableRecord
  2
*D37
340
0
 70
0
280
1
281
0
  0
BLOCK_RECORD
  5
8EF8
330
1
100
AcDbSymbolTableRecord
100
AcDbBlockTableRecord
  2
*D38
340
0
 70
0
280
1
281
0
  0
BLOCK_RECORD
  5
8F04
330
1
100
AcDbSymbolTableRecord
100
AcDbBlockTableRecord
  2
*D39
340
0
 70
0
280
1
281
0
  0
BLOCK_RECORD
  5
8F10
330
1
100
AcDbSymbolTableRecord
100
AcDbBlockTableRecord
  2
*D40
340
0
 70
0
280
1
281
0
  0
BLOCK_RECORD
  5
8F1C
330
1
100
AcDbSymbolTableRecord
100
AcDbBlockTableRecord
  2
*D41
340
0
 70
0
280
1
281
0
  0
BLOCK_RECORD
  5
8F28
330
1
100
AcDbSymbolTableRecord
100
AcDbBlockTableRecord
  2
*D42
340
0
 70
0
280
1
281
0
  0
BLOCK_RECORD
  5
8F34
330
1
100
AcDbSymbolTableRecord
100
AcDbBlockTableRecord
  2
*D43
340
0
 70
0
280
1
281
0
  0
BLOCK_RECORD
  5
8F40
330
1
100
AcDbSymbolTableRecord
100
AcDbBlockTableRecord
  2
*D44
340
0
 70
0
280
1
281
0
  0
BLOCK_RECORD
  5
8F4C
330
1
100
AcDbSymbolTableRecord
100
AcDbBlockTableRecord
  2
*D45
340
0
 70
0
280
1
281
0
  0
BLOCK_RECORD
  5
8F58
330
1
100
AcDbSymbolTableRecord
100
AcDbBlockTableRecord
  2
*D46
340
0
 70
0
280
1
281
0
  0
BLOCK_RECORD
  5
8F64
330
1
100
AcDbSymbolTableRecord
100
AcDbBlockTableRecord
  2
*D47
340
0
 70
0
280
1
281
0
  0
BLOCK_RECORD
  5
8F70
330
1
100
AcDbSymbolTableRecord
100
AcDbBlockTableRecord
  2
*D48
340
0
 70
0
280
1
281
0
  0
BLOCK_RECORD
  5
8F7C
330
1
100
AcDbSymbolTableRecord
100
AcDbBlockTableRecord
  2
*D49
340
0
 70
0
280
1
281
0
  0
BLOCK_RECORD
  5
8F8A
330
1
100
AcDbSymbolTableRecord
100
AcDbBlockTableRecord
  2
*D50
340
0
 70
0
280
1
281
0
  0
BLOCK_RECORD
  5
8F96
330
1
100
AcDbSymbolTableRecord
100
AcDbBlockTableRecord
  2
*D51
340
0
 70
0
280
1
281
0
  0
BLOCK_RECORD
  5
9F86
330
1
100
AcDbSymbolTableRecord
100
AcDbBlockTableRecord
  2
*B52
340
0
 70
0
280
1
281
0
  0
BLOCK_RECORD
  5
9F90
330
1
100
AcDbSymbolTableRecord
100
AcDbBlockTableRecord
  2
*B53
340
0
 70
0
280
1
281
0
  0
BLOCK_RECORD
  5
9F9A
330
1
100
AcDbSymbolTableRecord
100
AcDbBlockTableRecord
  2
*B54
340
0
 70
0
280
1
281
0
  0
BLOCK_RECORD
  5
9FA0
330
1
100
AcDbSymbolTableRecord
100
AcDbBlockTableRecord
  2
*B55
340
0
 70
0
280
1
281
0
  0
BLOCK_RECORD
  5
9FA6
330
1
100
AcDbSymbolTableRecord
100
AcDbBlockTableRecord
  2
*B56
340
0
 70
0
280
1
281
0
  0
BLOCK_RECORD
  5
9FAC
330
1
100
AcDbSymbolTableRecord
100
AcDbBlockTableRecord
  2
*B57
340
0
 70
0
280
1
281
0
  0
BLOCK_RECORD
  5
9FB2
330
1
100
AcDbSymbolTableRecord
100
AcDbBlockTableRecord
  2
*B58
340
0
 70
0
280
1
281
0
  0
BLOCK_RECORD
  5
9FB8
330
1
100
AcDbSymbolTableRecord
100
AcDbBlockTableRecord
  2
*B59
340
0
 70
0
280
1
281
0
  0
BLOCK_RECORD
  5
9FC2
330
1
100
AcDbSymbolTableRecord
100
AcDbBlockTableRecord
  2
*B60
340
0
 70
0
280
1
281
0
  0
BLOCK_RECORD
  5
9FCC
330
1
100
AcDbSymbolTableRecord
100
AcDbBlockTableRecord
  2
*B61
340
0
 70
0
280
1
281
0
  0
BLOCK_RECORD
  5
9FD6
330
1
100
AcDbSymbolTableRecord
100
AcDbBlockTableRecord
  2
*B62
340
0
 70
0
280
1
281
0
  0
BLOCK_RECORD
  5
9FE0
330
1
100
AcDbSymbolTableRecord
100
AcDbBlockTableRecord
  2
*B63
340
0
 70
0
280
1
281
0
  0
BLOCK_RECORD
  5
9FEA
330
1
100
AcDbSymbolTableRecord
100
AcDbBlockTableRecord
  2
*B64
340
0
 70
0
280
1
281
0
  0
BLOCK_RECORD
  5
9FF4
330
1
100
AcDbSymbolTableRecord
100
AcDbBlockTableRecord
  2
*B65
340
0
 70
0
280
1
281
0
  0
BLOCK_RECORD
  5
9FFE
330
1
100
AcDbSymbolTableRecord
100
AcDbBlockTableRecord
  2
*B66
340
0
 70
0
280
1
281
0
  0
BLOCK_RECORD
  5
A008
330
1
100
AcDbSymbolTableRecord
100
AcDbBlockTableRecord
  2
*B67
340
0
 70
0
280
1
281
0
  0
BLOCK_RECORD
  5
A012
330
1
100
AcDbSymbolTableRecord
100
AcDbBlockTableRecord
  2
*B68
340
0
 70
0
280
1
281
0
  0
BLOCK_RECORD
  5
A01C
330
1
100
AcDbSymbolTableRecord
100
AcDbBlockTableRecord
  2
*B69
340
0
 70
0
280
1
281
0
  0
BLOCK_RECORD
  5
A026
330
1
100
AcDbSymbolTableRecord
100
AcDbBlockTableRecord
  2
*B70
340
0
 70
0
280
1
281
0
  0
BLOCK_RECORD
  5
A030
330
1
100
AcDbSymbolTableRecord
100
AcDbBlockTableRecord
  2
*B71
340
0
 70
0
280
1
281
0
  0
ENDTAB
  0
ENDSEC
  0
SECTION
  2
BLOCKS
  0
BLOCK
  5
20
330
1F
100
AcDbEntity
  8
0
100
AcDbBlockBegin
  2
*Model_Space
 70
0
 10
0.0
 20
0.0
 30
0.0
  3
*Model_Space
  1

  0
ENDBLK
  5
21
330
1F
100
AcDbEntity
  8
0
100
AcDbBlockEnd
  0
BLOCK
  5
D4
330
D2
100
AcDbEntity
 67
1
  8
0
100
AcDbBlockBegin
  2
*Paper_Space
 70
0
 10
0.0
 20
0.0
 30
0.0
  3
*Paper_Space
  1

  0
ENDBLK
  5
D5
330
D2
100
AcDbEntity
 67
1
  8
0
100
AcDbBlockEnd
  0
BLOCK
  5
D8
330
D6
100
AcDbEntity
 67
1
  8
0
100
AcDbBlockBegin
  2
*Paper_Space0
 70
0
 10
0.0
 20
0.0
 30
0.0
  3
*Paper_Space0
  1

  0
ENDBLK
  5
D9
330
D6
100
AcDbEntity
 67
1
  8
0
100
AcDbBlockEnd
  0
BLOCK
  5
11B
330
118
100
AcDbEntity
  8
0
100
AcDbBlockBegin
  2
_RXDOT
 70
0
 10
0.0
 20
0.0
 30
0.0
  3
_RXDOT
  1

  0
LWPOLYLINE
  5
119
330
118
100
AcDbEntity
  8
0
  6
ByBlock
 62
0
100
AcDbPolyline
 90
2
 70
1
 43
0.5
 10
-0.25
 20
0.0
 42
1.0
 10
0.25
 20
0.0
 42
1.0
  0
LINE
  5
11A
330
118
100
AcDbEntity
  8
0
  6
ByBlock
 62
0
100
AcDbLine
 10
-1.0
 20
0.0
 30
0.0
 11
2.0
 21
0.0
 31
0.0
  0
ENDBLK
  5
11C
330
118
100
AcDbEntity
  8
0
100
AcDbBlockEnd
  0
BLOCK
  5
143
330
13F
100
AcDbEntity
  8
0
100
AcDbBlockBegin
  2
*B2
 70
1
 10
0.0
 20
0.0
 30
0.0
  3
*B2
  1

  0
TEXT
  5
140
330
13F
100
AcDbEntity
  8
RXINFO
100
AcDbText
 10
0.0
 20
0.0
 30
0.0
 40
200.0
  1

  7
RXHS
100
AcDbText
  0
TEXT
  5
141
330
13F
100
AcDbEntity
  8
RXINFO
100
AcDbText
 10
0.0
 20
0.0
 30
0.0
 40
200.0
  1

  7
RXHS
100
AcDbText
  0
TEXT
  5
142
330
13F
100
AcDbEntity
  8
RXINFO
100
AcDbText
 10
0.0
 20
0.0
 30
0.0
 40
200.0
  1

  7
RXHS
100
AcDbText
  0
ENDBLK
  5
144
330
13F
100
AcDbEntity
  8
0
100
AcDbBlockEnd
  0
BLOCK
  5
5D19
330
5D14
100
AcDbEntity
  8
0
100
AcDbBlockBegin
  2
A$C171C7090
 70
0
 10
0.0
 20
0.0
 30
0.0
  3
A$C171C7090
  1

  0
ENDBLK
  5
637F
330
5D14
100
AcDbEntity
  8
0
100
AcDbBlockEnd
  0
BLOCK
  5
6383
330
6380
100
AcDbEntity
  8
0
100
AcDbBlockBegin
  2
A$C4838202B
 70
0
 10
0.0
 20
0.0
 30
0.0
  3
A$C4838202B
  1

  0
LWPOLYLINE
  5
6384
330
6380
100
AcDbEntity
  8
DEFPOINTS
100
AcDbPolyline
 90
4
 70
1
 10
3.612526598e-07
 20
-3.693648978e-07
 10
841.0000003612527
 20
-3.693648978e-07
 10
841.0000003612527
 20
593.9999996306351
 10
3.612526598e-07
 20
593.9999996306351
1001
AcDbBlockRepETag
1070
1
1071
0
1005
6384
  0
LWPOLYLINE
  5
6385
330
6380
100
AcDbEntity
  8
0
 62
2
100
AcDbPolyline
 90
4
 70
1
 43
2.0
 10
32.00000036125266
 20
25.9999996306351
 10
810.0000003612525
 20
25.9999996306351
 10
810.0000003612525
 20
567.999999630635
 10
32.00000036125266
 20
567.999999630635
1001
AcDbBlockRepETag
1070
1
1071
1
1005
6385
  0
LWPOLYLINE
  5
6386
330
6380
100
AcDbEntity
  8
0
 62
2
100
AcDbPolyline
 90
2
 70
0
 43
0.7000000000000001
 10
750.0000003612527
 20
567.999999630635
 10
750.0000003612527
 20
25.9999996306351
1001
AcDbBlockRepETag
1070
1
1071
2
1005
6386
  0
LINE
  5
6387
330
6380
100
AcDbEntity
  8
0
 62
3
100
AcDbLine
 10
750.0000003612527
 20
509.999999630635
 30
0.0
 11
810.0000003612525
 21
509.999999630635
 31
0.0
1001
AcDbBlockRepETag
1070
1
1071
3
1005
6387
  0
LINE
  5
6388
330
6380
100
AcDbEntity
  8
0
 62
4
100
AcDbLine
 10
750.0000003612527
 20
290.1999996306351
 30
0.0
 11
810.0000003612525
 21
290.1999996306351
 31
0.0
1001
AcDbBlockRepETag
1070
1
1071
4
1005
6388
  0
LINE
  5
6389
330
6380
100
AcDbEntity
  8
0
 62
4
100
AcDbLine
 10
750.0000003612527
 20
282.1999996306351
 30
0.0
 11
810.0000003612525
 21
282.1999996306351
 31
0.0
1001
AcDbBlockRepETag
1070
1
1071
5
1005
6389
  0
LINE
  5
638A
330
6380
100
AcDbEntity
  8
0
 62
4
100
AcDbLine
 10
750.0000003612527
 20
274.1999996306351
 30
0.0
 11
810.0000003612525
 21
274.1999996306351
 31
0.0
1001
AcDbBlockRepETag
1070
1
1071
6
1005
638A
  0
LINE
  5
638B
330
6380
100
AcDbEntity
  8
0
 62
4
100
AcDbLine
 10
750.0000003612527
 20
266.1999996306351
 30
0.0
 11
810.0000003612525
 21
266.1999996306351
 31
0.0
1001
AcDbBlockRepETag
1070
1
1071
7
1005
638B
  0
LINE
  5
638C
330
6380
100
AcDbEntity
  8
0
 62
4
100
AcDbLine
 10
750.0000003612527
 20
258.1999996306351
 30
0.0
 11
810.0000003612525
 21
258.1999996306351
 31
0.0
1001
AcDbBlockRepETag
1070
1
1071
8
1005
638C
  0
LINE
  5
638D
330
6380
100
AcDbEntity
  8
0
 62
4
100
AcDbLine
 10
750.0000003612527
 20
250.1999996306351
 30
0.0
 11
810.0000003612525
 21
250.1999996306351
 31
0.0
1001
AcDbBlockRepETag
1070
1
1071
9
1005
638D
  0
LINE
  5
638E
330
6380
100
AcDbEntity
  8
0
 62
4
100
AcDbLine
 10
750.3500003612527
 20
242.1999996306351
 30
0.0
 11
810.0000003612525
 21
242.1999996306351
 31
0.0
1001
AcDbBlockRepETag
1070
1
1071
10
1005
638E
  0
LINE
  5
638F
330
6380
100
AcDbEntity
  8
0
 62
3
100
AcDbLine
 10
750.0000003612528
 20
234.1999996306351
 30
0.0
 11
810.0000003612525
 21
234.1999996306351
 31
0.0
1001
AcDbBlockRepETag
1070
1
1071
11
1005
638F
  0
LINE
  5
6390
330
6380
100
AcDbEntity
  8
0
 62
3
100
AcDbLine
 10
750.0000003612528
 20
184.1999996306351
 30
0.0
 11
810.0000003612525
 21
184.1999996306351
 31
0.0
1001
AcDbBlockRepETag
1070
1
1071
12
1005
6390
  0
LINE
  5
6391
330
6380
100
AcDbEntity
  8
0
 62
4
100
AcDbLine
 10
750.0000003612528
 20
169.7999996306351
 30
0.0
 11
810.0000003612525
 21
169.7999996306351
 31
0.0
1001
AcDbBlockRepETag
1070
1
1071
13
1005
6391
  0
LINE
  5
6392
330
6380
100
AcDbEntity
  8
0
 62
4
100
AcDbLine
 10
750.0000003612528
 20
155.3999996306351
 30
0.0
 11
810.0000003612525
 21
155.3999996306351
 31
0.0
1001
AcDbBlockRepETag
1070
1
1071
14
1005
6392
  0
LINE
  5
6393
330
6380
100
AcDbEntity
  8
0
 62
3
100
AcDbLine
 10
750.0000003612528
 20
140.9999996306351
 30
0.0
 11
810.0000003612525
 21
140.9999996306351
 31
0.0
1001
AcDbBlockRepETag
1070
1
1071
15
1005
6393
  0
LINE
  5
6394
330
6380
100
AcDbEntity
  8
0
 62
3
100
AcDbLine
 10
750.0000003612528
 20
98.9999996306351
 30
0.0
 11
810.0000003612525
 21
98.9999996306351
 31
0.0
1001
AcDbBlockRepETag
1070
1
1071
16
1005
6394
  0
LINE
  5
6395
330
6380
100
AcDbEntity
  8
0
 62
4
100
AcDbLine
 10
750.0000003612528
 20
84.59999963063511
 30
0.0
 11
810.0000003612525
 21
84.59999963063511
 31
0.0
1001
AcDbBlockRepETag
1070
1
1071
17
1005
6395
  0
LINE
  5
6396
330
6380
100
AcDbEntity
  8
0
 62
4
100
AcDbLine
 10
750.0000003612528
 20
70.1999996306351
 30
0.0
 11
810.0000003612525
 21
70.1999996306351
 31
0.0
1001
AcDbBlockRepETag
1070
1
1071
18
1005
6396
  0
LINE
  5
6397
330
6380
100
AcDbEntity
  8
0
 62
4
100
AcDbLine
 10
750.0000003612528
 20
55.7999996306351
 30
0.0
 11
810.0000003612525
 21
55.7999996306351
 31
0.0
1001
AcDbBlockRepETag
1070
1
1071
19
1005
6397
  0
LINE
  5
6398
330
6380
100
AcDbEntity
  8
0
 62
4
100
AcDbLine
 10
750.0000003612528
 20
41.3999996306351
 30
0.0
 11
810.0000003612525
 21
41.3999996306351
 31
0.0
1001
AcDbBlockRepETag
1070
1
1071
20
1005
6398
  0
LINE
  5
6399
330
6380
100
AcDbEntity
  8
0
 62
4
100
AcDbLine
 10
761.9000003612524
 20
242.1999996306352
 30
0.0
 11
761.9000003612528
 21
290.1999996306351
 31
0.0
1001
AcDbBlockRepETag
1070
1
1071
21
1005
6399
  0
LINE
  5
639A
330
6380
100
AcDbEntity
  8
0
 62
4
100
AcDbLine
 10
797.9000003612529
 20
242.1999996306352
 30
0.0
 11
797.9000003612524
 21
290.1999996306351
 31
0.0
1001
AcDbBlockRepETag
1070
1
1071
22
1005
639A
  0
LINE
  5
639B
330
6380
100
AcDbEntity
  8
0
 62
4
100
AcDbLine
 10
797.9000003612524
 20
282.1999996306351
 30
0.0
 11
809.0000003612527
 21
290.1999996306351
 31
0.0
1001
AcDbBlockRepETag
1070
1
1071
23
1005
639B
  0
LINE
  5
639C
330
6380
100
AcDbEntity
  8
0
 62
4
100
AcDbLine
 10
797.9000003612524
 20
274.1999996306351
 30
0.0
 11
809.0000003612527
 21
282.1999996306351
 31
0.0
1001
AcDbBlockRepETag
1070
1
1071
24
1005
639C
  0
LINE
  5
639D
330
6380
100
AcDbEntity
  8
0
 62
4
100
AcDbLine
 10
797.9000003612524
 20
266.1999996306351
 30
0.0
 11
809.0000003612527
 21
274.1999996306351
 31
0.0
1001
AcDbBlockRepETag
1070
1
1071
25
1005
639D
  0
LINE
  5
639E
330
6380
100
AcDbEntity
  8
0
 62
4
100
AcDbLine
 10
797.9000003612524
 20
258.1999996306351
 30
0.0
 11
809.0000003612527
 21
266.1999996306351
 31
0.0
1001
AcDbBlockRepETag
1070
1
1071
26
1005
639E
  0
LINE
  5
639F
330
6380
100
AcDbEntity
  8
0
 62
4
100
AcDbLine
 10
797.9000003612526
 20
250.1999996306353
 30
0.0
 11
809.0000003612528
 21
258.1999996306353
 31
0.0
1001
AcDbBlockRepETag
1070
1
1071
27
1005
639F
  0
TEXT
  5
63A0
330
6380
100
AcDbEntity
  8
0
 62
6
100
AcDbText
 10
800.2595241707766
 20
245.1999996306351
 30
0.0
 40
2.0
  1
일  자
  7
울릉도L
 72
1
 11
803.4500003612526
 21
246.1999996306351
 31
0.0
100
AcDbText
 73
2
1001
AcDbBlockRepETag
1070
1
1071
28
1005
63A0
  0
TEXT
  5
63A1
330
6380
100
AcDbEntity
  8
0
 62
6
100
AcDbText
 10
752.9345241707764
 20
245.1999996306351
 30
0.0
 40
2.0
  1
번  호
  7
울릉도L
 72
1
 11
756.1250003612525
 21
246.1999996306352
 31
0.0
100
AcDbText
 73
2
1001
AcDbBlockRepETag
1070
1
1071
29
1005
63A1
  0
TEXT
  5
63A2
330
6380
100
AcDbEntity
  8
0
 62
6
100
AcDbText
 10
773.9952384564904
 20
245.1999996306351
 30
0.0
 40
2.0
  1
내     용
  7
울릉도L
 72
1
 11
779.9000003612523
 21
246.1999996306351
 31
0.0
100
AcDbText
 73
2
1001
AcDbBlockRepETag
1070
1
1071
30
1005
63A2
  0
TEXT
  5
63A3
330
6380
100
AcDbEntity
  8
0
 62
3
100
AcDbText
 10
752.0000003612525
 20
504.999999630635
 30
0.0
 40
2.0
  1
NOTE
  7
울릉도L
 11
752.0000003612525
 21
505.9999996306351
 31
0.0
100
AcDbText
 73
2
1001
AcDbBlockRepETag
1070
1
1071
31
1005
63A3
  0
TEXT
  5
63A4
330
6380
100
AcDbEntity
  8
0
 62
6
100
AcDbText
 10
752.0000003612525
 20
499.7999996306351
 30
0.0
 40
2.399999999999999
  1
주  기
  7
울릉도L
 11
752.0000003612525
 21
500.999999630635
 31
0.0
100
AcDbText
 73
2
1001
AcDbBlockRepETag
1070
1
1071
32
1005
63A4
  0
TEXT
  5
63A5
330
6380
100
AcDbEntity
  8
0
 62
3
100
AcDbText
 10
754.0000003612525
 20
236.9999996306351
 30
0.0
 40
2.399999999999999
  1
REVISION
  7
울릉도L
 11
754.0000003612525
 21
238.1999996306351
 31
0.0
100
AcDbText
 73
2
1001
AcDbBlockRepETag
1070
1
1071
33
1005
63A5
  0
TEXT
  5
63A6
330
6380
100
AcDbEntity
  8
0
 62
3
100
AcDbText
 10
752.0000003612529
 20
179.1999996306351
 30
0.0
 40
2.0
  1
APPROVED
  7
울릉도L
 11
752.0000003612529
 21
180.1999996306351
 31
0.0
100
AcDbText
 73
2
1001
AcDbBlockRepETag
1070
1
1071
34
1005
63A6
  0
TEXT
  5
63A7
330
6380
100
AcDbEntity
  8
0
 62
6
100
AcDbText
 10
752.0000003612529
 20
173.9999996306351
 30
0.0
 40
2.399999999999999
  1
승   인
  7
울릉도L
 11
752.0000003612529
 21
175.1999996306351
 31
0.0
100
AcDbText
 73
2
1001
AcDbBlockRepETag
1070
1
1071
35
1005
63A7
  0
TEXT
  5
63A8
330
6380
100
AcDbEntity
  8
0
 62
3
100
AcDbText
 10
752.0000003612529
 20
164.7999996306351
 30
0.0
 40
2.0
  1
CHECKED
  7
울릉도L
 11
752.0000003612529
 21
165.7999996306351
 31
0.0
100
AcDbText
 73
2
1001
AcDbBlockRepETag
1070
1
1071
36
1005
63A8
  0
TEXT
  5
63A9
330
6380
100
AcDbEntity
  8
0
 62
6
100
AcDbText
 10
752.0000003612529
 20
159.5999996306351
 30
0.0
 40
2.399999999999999
  1
검   토
  7
울릉도L
 11
752.0000003612529
 21
160.7999996306351
 31
0.0
100
AcDbText
 73
2
1001
AcDbBlockRepETag
1070
1
1071
37
1005
63A9
  0
TEXT
  5
63AA
330
6380
100
AcDbEntity
  8
0
 62
3
100
AcDbText
 10
752.0000003612529
 20
150.3999996306351
 30
0.0
 40
2.0
  1
DRAWN
  7
울릉도L
 11
752.0000003612529
 21
151.3999996306351
 31
0.0
100
AcDbText
 73
2
1001
AcDbBlockRepETag
1070
1
1071
38
1005
63AA
  0
TEXT
  5
63AB
330
6380
100
AcDbEntity
  8
0
 62
6
100
AcDbText
 10
752.0000003612529
 20
145.1999996306351
 30
0.0
 40
2.399999999999999
  1
제   도
  7
울릉도L
 11
752.0000003612529
 21
146.3999996306351
 31
0.0
100
AcDbText
 73
2
1001
AcDbBlockRepETag
1070
1
1071
39
1005
63AB
  0
TEXT
  5
63AC
330
6380
100
AcDbEntity
  8
0
 62
3
100
AcDbText
 10
752.0000003612529
 20
135.9999996306351
 30
0.0
 40
2.0
  1
TITLE
  7
울릉도L
 11
752.0000003612529
 21
136.9999996306351
 31
0.0
100
AcDbText
 73
2
1001
AcDbBlockRepETag
1070
1
1071
40
1005
63AC
  0
TEXT
  5
63AD
330
6380
100
AcDbEntity
  8
0
 62
6
100
AcDbText
 10
752.0000003612529
 20
130.7999996306351
 30
0.0
 40
2.399999999999999
  1
도 면 명
  7
울릉도L
 11
752.0000003612529
 21
131.9999996306351
 31
0.0
100
AcDbText
 73
2
1001
AcDbBlockRepETag
1070
1
1071
41
1005
63AD
  0
TEXT
  5
63AE
330
6380
100
AcDbEntity
  8
0
 62
3
100
AcDbText
 10
752.0000003612529
 20
93.9999996306351
 30
0.0
 40
2.0
  1
FILE NAME
  7
울릉도L
 11
752.0000003612529
 21
94.9999996306351
 31
0.0
100
AcDbText
 73
2
1001
AcDbBlockRepETag
1070
1
1071
42
1005
63AE
  0
TEXT
  5
63AF
330
6380
100
AcDbEntity
  8
0
 62
6
100
AcDbText
 10
752.0000003612529
 20
88.79999963063509
 30
0.0
 40
2.399999999999999
  1
화 일 명
  7
울릉도L
 11
752.0000003612529
 21
89.9999996306351
 31
0.0
100
AcDbText
 73
2
1001
AcDbBlockRepETag
1070
1
1071
43
1005
63AF
  0
TEXT
  5
63B0
330
6380
100
AcDbEntity
  8
0
 62
3
100
AcDbText
 10
752.0000003612529
 20
79.59999963063511
 30
0.0
 40
2.0
  1
SCALE
  7
울릉도L
 11
752.0000003612529
 21
80.59999963063511
 31
0.0
100
AcDbText
 73
2
1001
AcDbBlockRepETag
1070
1
1071
44
1005
63B0
  0
TEXT
  5
63B1
330
6380
100
AcDbEntity
  8
0
 62
6
100
AcDbText
 10
752.0000003612529
 20
74.3999996306351
 30
0.0
 40
2.399999999999999
  1
축   척
  7
울릉도L
 11
752.0000003612529
 21
75.5999996306351
 31
0.0
100
AcDbText
 73
2
1001
AcDbBlockRepETag
1070
1
1071
45
1005
63B1
  0
TEXT
  5
63B2
330
6380
100
AcDbEntity
  8
0
 62
3
100
AcDbText
 10
752.0000003612529
 20
65.1999996306351
 30
0.0
 40
2.0
  1
DATE
  7
울릉도L
 11
752.0000003612529
 21
66.1999996306351
 31
0.0
100
AcDbText
 73
2
1001
AcDbBlockRepETag
1070
1
1071
46
1005
63B2
  0
TEXT
  5
63B3
330
6380
100
AcDbEntity
  8
0
 62
6
100
AcDbText
 10
752.0000003612529
 20
59.99999963063509
 30
0.0
 40
2.399999999999999
  1
날   짜
  7
울릉도L
 11
752.0000003612529
 21
61.19999963063509
 31
0.0
100
AcDbText
 73
2
1001
AcDbBlockRepETag
1070
1
1071
47
1005
63B3
  0
TEXT
  5
63B4
330
6380
100
AcDbEntity
  8
0
 62
3
100
AcDbText
 10
752.0000003612529
 20
50.7999996306351
 30
0.0
 40
2.0
  1
DRWG.NO
  7
울릉도L
 11
752.0000003612529
 21
51.79999963063511
 31
0.0
100
AcDbText
 73
2
1001
AcDbBlockRepETag
1070
1
1071
48
1005
63B4
  0
TEXT
  5
63B5
330
6380
100
AcDbEntity
  8
0
 62
6
100
AcDbText
 10
752.0000003612529
 20
45.5999996306351
 30
0.0
 40
2.399999999999999
  1
도면번호
  7
울릉도L
 11
752.0000003612529
 21
46.7999996306351
 31
0.0
100
AcDbText
 73
2
1001
AcDbBlockRepETag
1070
1
1071
49
1005
63B5
  0
TEXT
  5
63B6
330
6380
100
AcDbEntity
  8
0
 62
3
100
AcDbText
 10
752.0000003612529
 20
36.3999996306351
 30
0.0
 40
2.0
  1
SHEET.NO
  7
울릉도L
 11
752.0000003612529
 21
37.3999996306351
 31
0.0
100
AcDbText
 73
2
1001
AcDbBlockRepETag
1070
1
1071
50
1005
63B6
  0
TEXT
  5
63B7
330
6380
100
AcDbEntity
  8
0
 62
6
100
AcDbText
 10
752.0000003612529
 20
31.1999996306351
 30
0.0
 40
2.399999999999999
  1
일련번호
  7
울릉도L
 11
752.0000003612529
 21
32.3999996306351
 31
0.0
100
AcDbText
 73
2
1001
AcDbBlockRepETag
1070
1
1071
51
1005
63B7
  0
LINE
  5
63B8
330
6380
100
AcDbEntity
  8
0
 62
4
100
AcDbLine
 10
792.2000003612526
 20
48.5999996306351
 30
0.0
 11
789.2000003612527
 21
48.5999996306351
 31
0.0
1001
AcDbBlockRepETag
1070
1
1071
52
1005
63B8
  0
LINE
  5
63B9
330
6380
100
AcDbEntity
  8
0
 62
4
100
AcDbLine
 10
792.2000003612526
 20
34.1999996306351
 30
0.0
 11
789.2000003612527
 21
34.1999996306351
 31
0.0
1001
AcDbBlockRepETag
1070
1
1071
53
1005
63B9
  0
TEXT
  5
63BA
330
6380
100
AcDbEntity
  8
0
 62
4
100
AcDbText
 10
752.5000003612525
 20
187.1999996306351
 30
0.0
 40
2.0
  1

  7
울릉도L
 11
752.5000003612525
 21
188.1999996306351
 31
0.0
100
AcDbText
 73
2
1001
AcDbBlockRepETag
1070
1
1071
54
1005
63BA
  0
TEXT
  5
63BB
330
6380
100
AcDbEntity
  8
0
 62
4
100
AcDbText
 10
752.5000003612525
 20
191.1999996306351
 30
0.0
 40
2.0
  1

  7
울릉도L
 41
0.7900000000000001
 11
752.5000003612525
 21
192.1999996306351
 31
0.0
100
AcDbText
 73
2
1001
AcDbBlockRepETag
1070
1
1071
55
1005
63BB
  0
TEXT
  5
63BC
330
6380
100
AcDbEntity
  8
0
 62
251
100
AcDbText
 10
759.384115364028
 20
212.1999996306351
 30
0.0
 40
2.000000000085128
  1

  7
RXHG
 41
1.282159659132664
 72
5
 11
800.0636930350056
 21
212.1999996306351
 31
0.0
100
AcDbText
1001
AcDbBlockRepETag
1070
1
1071
56
1005
63BC
  0
INSERT
  5
63BE
330
6380
100
AcDbEntity
  8
0
100
AcDbBlockReference
  2
A$C171C7090
 10
753.5000003612529
 20
198.1999996306351
 30
0.0
 41
0.0039999999999054
 42
0.0039999999999054
 43
0.0039999999999054
1001
AcDbBlockRepETag
1070
1
1071
58
1005
63BE
  0
TEXT
  5
63BF
330
6380
100
AcDbEntity
  8
0
 62
3
100
AcDbText
 10
752.0000003612525
 20
562.999999630635
 30
0.0
 40
2.0
  1
PROJECT
  7
울릉도L
 11
752.0000003612525
 21
563.999999630635
 31
0.0
100
AcDbText
 73
2
1001
AcDbBlockRepETag
1070
1
1071
70
1005
63BF
  0
TEXT
  5
63C0
330
6380
100
AcDbEntity
  8
0
 62
6
100
AcDbText
 10
752.0000003612525
 20
557.799999630635
 30
0.0
 40
2.399999999999999
  1
공 사 명
  7
울릉도L
 11
752.0000003612525
 21
558.999999630635
 31
0.0
100
AcDbText
 73
2
1001
AcDbBlockRepETag
1070
1
1071
71
1005
63C0
  0
ENDBLK
  5
63C1
330
6380
100
AcDbEntity
  8
0
100
AcDbBlockEnd
  0
BLOCK
  5
63C5
330
63C2
100
AcDbEntity
  8
0
100
AcDbBlockBegin
  2
A$C641937F6
 70
0
 10
0.0
 20
0.0
 30
0.0
  3
A$C641937F6
  1

  0
HATCH
  5
63C6
330
63C2
100
AcDbEntity
  8
0
100
AcDbHatch
 10
0.0
 20
0.0
 30
0.0
210
0.0
220
0.0
230
1.0
  2
SOLID
 70
1
 71
1
 91
3
 92
1
 93
10
 72
1
 10
17.12477241683518
 20
41.8457686631591
 11
19.62477241671877
 21
37.00007912615547
 72
1
 10
19.62477241671877
 20
37.00007912615547
 11
22.12477241683519
 21
37.00007912615547
 72
1
 10
22.12477241683519
 20
37.00007912615547
 11
22.12477241683519
 21
42.50007912615546
 72
1
 10
22.12477241683519
 20
42.50007912615546
 11
19.62477241683518
 21
42.50007912615546
 72
1
 10
19.62477241683518
 20
42.50007912615546
 11
19.62477241683518
 21
37.65438958941377
 72
1
 10
19.62477241683518
 20
37.65438958941377
 11
17.12477241689339
 21
42.50007912615546
 72
1
 10
17.12477241689339
 20
42.50007912615546
 11
14.62477241683518
 21
42.50007912615546
 72
1
 10
14.62477241683518
 20
42.50007912615546
 11
14.62477241683518
 21
37.00007912615547
 72
1
 10
14.62477241683518
 20
37.00007912615547
 11
17.12477241683518
 21
37.00007912615547
 72
1
 10
17.12477241683518
 20
37.00007912615547
 11
17.12477241683518
 21
41.8457686631591
 97
1
330
63C9
 92
1
 93
6
 72
1
 10
18.74977241689339
 20
7.91261263657e-05
 11
19.94977241684683
 21
7.91261263657e-05
 72
1
 10
19.94977241684683
 20
7.91261263657e-05
 11
19.94977241690503
 21
25.43611809535651
 72
1
 10
19.94977241690503
 20
25.43611809535651
 11
33.56779190152884
 21
11.8180986107036
 72
1
 10
33.56779190152884
 20
11.8180986107036
 11
36.74977241689339
 21
15.00007912603905
 72
1
 10
36.74977241689339
 20
15.00007912603905
 11
18.74977241689339
 21
33.00007912615547
 72
1
 10
18.74977241689339
 20
33.00007912615547
 11
18.74977241689339
 21
7.91261554696e-05
 97
1
330
63C8
 92
1
 93
6
 72
1
 10
17.99977241689339
 20
7.91261554696e-05
 11
17.99977241689339
 21
33.00007912615547
 72
1
 10
17.99977241689339
 20
33.00007912615547
 11
-0.0002275831066072
 21
15.00007912603905
 72
1
 10
-0.0002275831066072
 20
15.00007912603905
 11
3.18175293225795
 21
11.8180986107036
 72
1
 10
3.18175293225795
 20
11.8180986107036
 11
16.79977241688175
 21
25.43611809535651
 72
1
 10
16.79977241688175
 20
25.43611809535651
 11
16.79977241693996
 21
7.91261554696e-05
 72
1
 10
16.79977241693996
 20
7.91261554696e-05
 11
17.99977241689339
 21
7.91261554696e-05
 97
1
330
63C7
 75
0
 76
1
 98
1
 10
-405174.931778857
 20
-253853.9880572737
450
0
451
0
460
0.0
461
0.0
452
0
462
0.0
453
0
470

1001
ACAD
1010
0.0
1020
0.0
1030
0.0
  0
LWPOLYLINE
  5
63C7
102
{ACAD_REACTORS
330
63C6
102
}
330
63C2
100
AcDbEntity
  8
0
100
AcDbPolyline
 90
7
 70
1
 10
17.99977241689339
 20
7.91261554696e-05
 10
17.99977241689339
 20
33.00007912615547
 10
-0.0002275831066072
 20
15.00007912603905
 10
3.18175293225795
 20
11.8180986107036
 10
16.79977241688175
 20
25.43611809535651
 10
16.79977241693996
 20
7.91261554696e-05
 10
17.99977241689339
 20
7.91261554696e-05
  0
LWPOLYLINE
  5
63C8
102
{ACAD_REACTORS
330
63C6
102
}
330
63C2
100
AcDbEntity
  8
0
100
AcDbPolyline
 90
7
 70
1
 10
18.74977241689339
 20
7.91261263657e-05
 10
19.94977241684683
 20
7.91261263657e-05
 10
19.94977241690503
 20
25.43611809535651
 10
33.56779190152884
 20
11.8180986107036
 10
36.74977241689339
 20
15.00007912603905
 10
18.74977241689339
 20
33.00007912615547
 10
18.74977241689339
 20
7.91261554696e-05
  0
LWPOLYLINE
  5
63C9
102
{ACAD_REACTORS
330
63C6
102
}
330
63C2
100
AcDbEntity
  8
0
100
AcDbPolyline
 90
10
 70
1
 10
17.12477241683518
 20
41.8457686631591
 10
19.62477241671877
 20
37.00007912615547
 10
22.12477241683519
 20
37.00007912615547
 10
22.12477241683519
 20
42.50007912615546
 10
19.62477241683518
 20
42.50007912615546
 10
19.62477241683518
 20
37.65438958941377
 10
17.12477241689339
 20
42.50007912615546
 10
14.62477241683518
 20
42.50007912615546
 10
14.62477241683518
 20
37.00007912615547
 10
17.12477241683518
 20
37.00007912615547
  0
ENDBLK
  5
63CA
330
63C2
100
AcDbEntity
  8
0
100
AcDbBlockEnd
  0
BLOCK
  5
63CE
330
63CB
100
AcDbEntity
  8
0
100
AcDbBlockBegin
  2
A$C3AEE33D6
 70
0
 10
0.0
 20
0.0
 30
0.0
  3
A$C3AEE33D6
  1

  0
LWPOLYLINE
  5
63CF
330
63CB
100
AcDbEntity
  8
TOILET
100
AcDbPolyline
 90
7
 70
0
 10
12.50000783251016
 20
666.4999513561447
 10
12.50000783251016
 20
726.9999513561447
 42
-0.414213562373084
 10
15.50000783251016
 20
729.9999513561447
 10
399.5000078325102
 20
729.9999513561447
 42
-0.4142135623730951
 10
402.5000078325101
 20
726.9999513561447
 10
402.5000078325101
 20
552.9999513561447
 10
394.8215804927895
 20
273.9774993477709
  0
LWPOLYLINE
  5
63D0
330
63CB
100
AcDbEntity
  8
TOILET
100
AcDbPolyline
 90
3
 70
0
 10
20.1784351722381
 20
273.9774993477709
 10
12.50000783251016
 20
552.9999513561447
 10
12.50000783251016
 20
623.4999513561447
  0
LWPOLYLINE
  5
63D1
330
63CB
100
AcDbEntity
  8
TOILET
100
AcDbPolyline
 90
9
 70
0
 10
368.7570030783827
 20
496.5183469895705
 10
362.368539269024
 20
257.4514284191114
 42
-0.046703748431707
 10
352.3219797884303
 20
174.1714512000267
 42
-0.1618784708791761
 10
281.6236448845448
 20
54.7081790086354
 42
-0.1807960586450699
 10
207.5000078325102
 20
26.99995135614518
 42
-0.1807960586450699
 10
133.3763707804828
 20
54.70817900863585
 42
-0.1618784708791761
 10
62.67803587659727
 20
174.1714512000271
 42
-0.046703748431707
 10
52.63147639600356
 20
257.4514284191114
 10
46.24301258663763
 20
496.5183469895705
  0
LWPOLYLINE
  5
63D2
330
63CB
100
AcDbEntity
  8
TOILET
100
AcDbPolyline
 90
12
 70
1
 10
207.5000078325102
 20
-4.86438548251e-05
 42
-0.1795036793517873
 10
116.1956600064295
 20
33.87023794819834
 42
-0.1542758597450063
 10
35.30613028148946
 20
164.5665342890688
 42
-0.0553953832027982
 10
20.1784351722381
 20
273.9774993477709
 10
14.53303250008321
 20
485.2378369179891
 42
-0.4076657083409154
 10
24.03842604177771
 20
495.4929032895729
 42
-0.012281503845309
 10
207.5000078325102
 20
499.9999513561447
 42
-0.012281503845309
 10
390.9615896232499
 20
495.4929032895729
 42
-0.4076657083409154
 10
400.4669831649444
 20
485.2378369179891
 10
394.8215804927895
 20
273.9774993477709
 42
-0.0553953832027982
 10
379.6938853835309
 20
164.5665342890684
 42
-0.1542758597450063
 10
298.8043556585981
 20
33.87023794819788
 42
-0.1795036793517873
  0
LWPOLYLINE
  5
63D3
330
63CB
100
AcDbEntity
  8
TOILET
100
AcDbPolyline
 90
2
 70
0
 10
379.121328176072
 20
605.8786310125865
 10
401.621328176072
 20
555.8786310125856
  0
ARC
  5
63D4
330
63CB
100
AcDbEntity
  8
TOILET
100
AcDbCircle
 10
374.5000078325102
 20
552.9999513561465
 30
0.0
 40
2.0
100
AcDbArc
 50
90.0
 51
180.0
  0
ARC
  5
63D5
330
63CB
100
AcDbEntity
  8
TOILET
100
AcDbCircle
 10
369.5000078325102
 20
552.9999513561465
 30
0.0
 40
3.0
100
AcDbArc
 50
270.0
 51
0.0
  0
LWPOLYLINE
  5
63D6
330
63CB
100
AcDbEntity
  8
TOILET
100
AcDbPolyline
 90
3
 70
0
 10
371.621328176072
 20
550.8786310125865
 10
349.121328176072
 20
600.8786310125865
 10
349.121328176072
 20
726.9999513561438
  0
LWPOLYLINE
  5
63D7
330
63CB
100
AcDbEntity
  8
TOILET
100
AcDbPolyline
 90
4
 70
0
 10
12.50000783251016
 20
552.9999513561447
 42
0.4142135623730951
 10
15.50000783251016
 20
549.9999513561447
 10
399.5000078325102
 20
549.9999513561447
 42
0.4142135623730951
 10
402.5000078325101
 20
552.9999513561447
  0
LWPOLYLINE
  5
63D8
330
63CB
100
AcDbEntity
  8
TOILET
100
AcDbPolyline
 90
12
 70
0
 10
352.0000078325101
 20
726.9999513561438
 10
352.0000078325101
 20
604.9999513561465
 10
377.0000078325101
 20
604.9999513561465
 42
0.4142135623730951
 10
380.0000078325102
 20
607.9999513561465
 10
380.0000078325102
 20
723.9999513561447
 42
0.4142135623730951
 10
377.0000078325101
 20
726.9999513561447
 10
38.00000783251017
 20
726.9999513561447
 42
0.4142135623730951
 10
35.00000783251016
 20
723.9999513561447
 10
35.00000783251016
 20
607.9999513561465
 42
0.4142135623730951
 10
38.00000783251017
 20
604.9999513561465
 10
63.00000783251016
 20
604.9999513561465
 10
63.00000783251744
 20
726.9999513561438
  0
LWPOLYLINE
  5
63D9
330
63CB
100
AcDbEntity
  8
TOILET
100
AcDbPolyline
 90
3
 70
0
 10
12.50000783251016
 20
557.9999513561447
 42
0.4142135623730951
 10
15.50000783251016
 20
554.9999513561447
 10
40.50000783251016
 20
554.9999513561456
  0
LWPOLYLINE
  5
63DA
330
63CB
100
AcDbEntity
  8
TOILET
100
AcDbPolyline
 90
2
 70
0
 10
35.87868748895562
 20
605.8786310125865
 10
13.37868748895562
 20
555.8786310125856
  0
LWPOLYLINE
  5
63DB
330
63CB
100
AcDbEntity
  8
TOILET
100
AcDbPolyline
 90
12
 70
0
 10
45.50000783251016
 20
549.9999513561465
 42
-0.4142135623730951
 10
42.50000783251016
 20
552.9999513561465
 42
0.4142135623731617
 10
40.50000783251016
 20
554.9999513561456
 10
63.00000783251016
 20
604.9999513561465
 42
-0.4142135623730951
 10
65.00000783251016
 20
602.9999513561465
 42
0.4142135623730951
 10
68.00000783251016
 20
599.9999513561465
 10
347.0000078325102
 20
599.9999513561465
 42
0.4142135623730951
 10
350.0000078325101
 20
602.9999513561465
 42
-0.4142135623730951
 10
352.0000078325101
 20
604.9999513561465
 10
374.5000078325102
 20
554.9999513561456
 10
399.5000078325102
 20
554.9999513561447
 42
0.4142135623730951
 10
402.5000078325101
 20
557.9999513561447
  0
LWPOLYLINE
  5
63DC
330
63CB
100
AcDbEntity
  8
TOILET
100
AcDbPolyline
 90
3
 70
0
 10
43.37868748895561
 20
550.8786310125865
 10
65.87868748895562
 20
600.8786310125865
 10
65.87868748895562
 20
726.9999513561438
  0
LWPOLYLINE
  5
63DD
330
63CB
100
AcDbEntity
  8
TOILET
100
AcDbPolyline
 90
6
 70
1
 10
10.50000783251016
 20
666.4999513561447
 42
0.4142135623730951
 10
7.500007832510164
 20
663.4999513561447
 10
7.500007832510164
 20
626.4999513561447
 42
0.4142135623730951
 10
10.50000783251016
 20
623.4999513561447
 10
22.50000783251016
 20
623.4999513561447
 10
22.50000783251016
 20
666.4999513561447
  0
LWPOLYLINE
  5
63DE
330
63CB
100
AcDbEntity
  8
TOILET
100
AcDbPolyline
 90
6
 70
0
 10
22.50000783251016
 20
623.4999513561447
 42
0.4142135623730951
 10
24.00000783251016
 20
621.9999513561447
 10
29.96269439967728
 20
621.9999513561447
 42
0.0671641791044573
 10
29.96269439967728
 20
667.9999513561447
 10
24.00000783251016
 20
667.9999513561447
 42
0.4142135623730951
 10
22.50000783251016
 20
666.4999513561447
  0
LWPOLYLINE
  5
63DF
330
63CB
100
AcDbEntity
  8
TOILET
100
AcDbPolyline
 90
6
 70
0
 10
7.500007832510164
 20
660.9999513561447
 10
3.000007832510164
 20
660.9999513561447
 42
0.4142135623730951
 10
7.832510164e-06
 20
657.9999513561447
 10
7.832510164e-06
 20
631.9999513561447
 42
0.4142135623730951
 10
3.000007832510164
 20
628.9999513561447
 10
7.500007832510164
 20
628.9999513561447
  0
LINE
  5
63E0
330
63CB
100
AcDbEntity
  8
TOILET
100
AcDbLine
 10
47.25000783251016
 20
732.9999513561447
 30
0.0
 11
47.25000783251016
 21
729.9999513561447
 31
0.0
  0
LINE
  5
63E1
330
63CB
100
AcDbEntity
  8
TOILET
100
AcDbLine
 10
67.75000783251016
 20
732.9999513561447
 30
0.0
 11
67.75000783251016
 21
729.9999513561447
 31
0.0
  0
CIRCLE
  5
63E2
330
63CB
100
AcDbEntity
  8
TOILET
100
AcDbCircle
 10
277.5000078325102
 20
469.9999513561447
 30
0.0
 40
10.0
  0
CIRCLE
  5
63E3
330
63CB
100
AcDbEntity
  8
TOILET
100
AcDbCircle
 10
137.5000078325101
 20
469.9999513561447
 30
0.0
 40
10.0
  0
LWPOLYLINE
  5
63E4
330
63CB
100
AcDbEntity
  8
TOILET
100
AcDbPolyline
 90
6
 70
1
 10
87.50000783251016
 20
749.9999513561447
 10
27.50000783251016
 20
749.9999513561447
 10
27.50000783251016
 20
743.9999513561446
 42
0.4142135623730951
 10
38.50000783251017
 20
732.9999513561447
 10
76.50000783251016
 20
732.9999513561447
 42
0.4142135623730951
 10
87.50000783251016
 20
743.9999513561446
  0
ENDBLK
  5
63E5
330
63CB
100
AcDbEntity
  8
0
100
AcDbBlockEnd
  0
BLOCK
  5
63E9
330
63E6
100
AcDbEntity
  8
0
100
AcDbBlockBegin
  2
ertkjelrky
 70
0
 10
0.0
 20
0.0
 30
0.0
  3
ertkjelrky
  1

  0
LWPOLYLINE
  5
63EA
330
63E6
100
AcDbEntity
  8
ms_sb-건축한계선
  6
HIDDEN2
 48
0.5
100
AcDbPolyline
 90
4
 70
0
 39
1000.0
 10
16000.00000012969
 20
-16083.01040892489
 10
16000.0000001227
 20
-3949.743365992792
 10
13050.25224047131
 20
-999.9964163801633
 10
-5.5879354e-09
 20
-999.9999998938292
  0
LWPOLYLINE
  5
63EB
330
63E6
100
AcDbEntity
  8
ms_sb-건축한계선
  6
HIDDEN2
 48
0.5
100
AcDbPolyline
 90
3
 70
0
 39
1000.0
 10
499.9999999944121
 20
-999.999862597324
 10
499.9999999145511
 20
-15583.01040892489
 10
16000.00000012945
 20
-15583.01040892489
  0
LWPOLYLINE
  5
63EC
330
63E6
100
AcDbEntity
  8
LAND
100
AcDbPolyline
 90
6
 70
1
 10
16999.99999999697
 20
-3535.529723228887
 10
13464.46930579189
 20
0.0
 10
0.0
 20
0.0
 10
-8.4284693e-08
 20
-15435.60727328993
 10
-7.19446689e-08
 20
-16083.01040892489
 10
17000.00000006635
 20
-16083.01040892489
  0
ENDBLK
  5
63ED
330
63E6
100
AcDbEntity
  8
0
100
AcDbBlockEnd
  0
BLOCK
  5
63EF
330
63EE
100
AcDbEntity
  8
0
100
AcDbBlockBegin
  2
l-209
 70
0
 10
0.0
 20
0.0
 30
0.0
  3
l-209
  1

  0
SPLINE
  5
63F0
330
63EE
100
AcDbEntity
  8
TOILET
100
AcDbSpline
 70
8
 71
2
 72
6
 73
3
 74
0
 42
1e-09
 40
0.0
 40
0.0
 40
0.0
 40
1.0
 40
1.0
 40
1.0
 10
-22.75836249924759
 20
-101.0240490359429
 30
0.0
 10
-22.75342342029762
 20
-101.2791436006009
 30
0.0
 10
-22.74848434439627
 20
-101.5342381652517
 30
0.0
1001
AcDbBlockRepETag
1070
1
1071
0
1005
63F0
  0
SPLINE
  5
63F1
330
63EE
100
AcDbEntity
  8
TOILET
100
AcDbSpline
 70
8
 71
2
 72
6
 73
3
 74
0
 42
1e-09
 40
0.0
 40
0.0
 40
0.0
 40
1.0
 40
1.0
 40
1.0
 10
23.5292027249161
 20
-95.18498024722793
 30
0.0
 10
23.5374247134896
 20
-94.87195384261577
 30
0.0
 10
23.54564670512627
 20
-94.55892743799632
 30
0.0
1001
AcDbBlockRepETag
1070
1
1071
1
1005
63F1
  0
SPLINE
  5
63F2
330
63EE
100
AcDbEntity
  8
TOILET
100
AcDbSpline
 70
12
 71
2
 72
6
 73
3
 74
0
 42
1e-09
 40
0.0
 40
0.0
 40
0.0
 40
1.0
 40
1.0
 40
1.0
 41
1.0
 41
0.9949066275707013
 41
1.0
 10
22.89715597665781
 20
-101.05359907409
 30
0.0
 10
23.43368357144937
 20
-98.75138910674286
 30
0.0
 10
23.49754280790512
 20
-96.38834983552806
 30
0.0
1001
AcDbBlockRepETag
1070
1
1071
2
1005
63F2
  0
SPLINE
  5
63F3
330
63EE
100
AcDbEntity
  8
TOILET
100
AcDbSpline
 70
12
 71
2
 72
6
 73
3
 74
0
 42
1e-09
 40
0.0
 40
0.0
 40
0.0
 40
1.0
 40
1.0
 40
1.0
 41
1.0
 41
0.9958564955721873
 41
1.0
 10
-17.13122397269762
 20
-116.626420055567
 30
0.0
 10
-15.8978125496069
 20
-118.2818085989202
 30
0.0
 10
-14.98463148023438
 20
-120.1332176018768
 30
0.0
1001
AcDbBlockRepETag
1070
1
1071
3
1005
63F3
  0
SPLINE
  5
63F4
330
63EE
100
AcDbEntity
  8
TOILET
100
AcDbSpline
 70
12
 71
2
 72
6
 73
3
 74
0
 42
1e-09
 40
0.0
 40
0.0
 40
0.0
 40
1.0
 40
1.0
 40
1.0
 41
1.0
 41
0.9999394938349438
 41
1.0
 10
-17.44755597133189
 20
-116.2119749156409
 30
0.0
 10
-17.29489382650354
 20
-116.4072604346074
 30
0.0
 10
-17.14656480950361
 20
-116.6058571782851
 30
0.0
1001
AcDbBlockRepETag
1070
1
1071
4
1005
63F4
  0
SPLINE
  5
63F5
330
63EE
100
AcDbEntity
  8
TOILET
100
AcDbSpline
 70
12
 71
2
 72
6
 73
3
 74
0
 42
1e-09
 40
0.0
 40
0.0
 40
0.0
 40
1.0
 40
1.0
 40
1.0
 41
1.0
 41
0.9853435922345815
 41
1.0
 10
13.6529198030621
 20
-123.5523769848005
 30
0.0
 10
14.79071225888765
 20
-119.8194107291201
 30
0.0
 10
17.11717310059612
 20
-116.6861713999096
 30
0.0
1001
AcDbBlockRepETag
1070
1
1071
5
1005
63F5
  0
SPLINE
  5
63F6
330
63EE
100
AcDbEntity
  8
TOILET
100
AcDbSpline
 70
12
 71
2
 72
6
 73
3
 74
0
 42
1e-09
 40
0.0
 40
0.0
 40
0.0
 40
1.0
 40
1.0
 40
1.0
 41
1.0
 41
0.999930888880012
 41
1.0
 10
17.13249691113015
 20
-116.6655501712375
 30
0.0
 10
17.29076643839653
 20
-116.4528041706726
 30
0.0
 10
17.45399420108879
 20
-116.2438381408356
 30
0.0
1001
AcDbBlockRepETag
1070
1
1071
6
1005
63F6
  0
SPLINE
  5
63F7
330
63EE
100
AcDbEntity
  8
TOILET
100
AcDbSpline
 70
12
 71
2
 72
6
 73
3
 74
0
 42
1e-09
 40
0.0
 40
0.0
 40
0.0
 40
1.0
 40
1.0
 40
1.0
 41
1.0
 41
0.9973884327324984
 41
1.0
 10
15.36554911608982
 20
-186.246147748061
 30
0.0
 10
16.57926930103713
 20
-181.2660195306453
 30
0.0
 10
17.06309066247195
 20
-176.1630047612125
 30
0.0
1001
AcDbBlockRepETag
1070
1
1071
7
1005
63F7
  0
SPLINE
  5
63F8
330
63EE
100
AcDbEntity
  8
TOILET
100
AcDbSpline
 70
12
 71
2
 72
6
 73
3
 74
0
 42
1e-09
 40
0.0
 40
0.0
 40
0.0
 40
1.0
 40
1.0
 40
1.0
 41
1.0
 41
0.9999972274526939
 41
1.0
 10
17.06309066247195
 20
-176.1630047612125
 30
0.0
 10
17.09610483067808
 20
-175.8432819776426
 30
0.0
 10
17.12735788407008
 20
-175.5233891097959
 30
0.0
1001
AcDbBlockRepETag
1070
1
1071
8
1005
63F8
  0
SPLINE
  5
63F9
330
63EE
100
AcDbEntity
  8
TOILET
100
AcDbSpline
 70
12
 71
2
 72
6
 73
3
 74
0
 42
1e-09
 40
0.0
 40
0.0
 40
0.0
 40
1.0
 40
1.0
 40
1.0
 41
1.0
 41
0.8816878552928976
 41
1.0
 10
-15.35985944433923
 20
-186.2685411865823
 30
0.0
 10
-13.61730892094783
 20
-193.0454252956042
 30
0.0
 10
-7.011977340400335
 20
-195.3551020145532
 30
0.0
1001
AcDbBlockRepETag
1070
1
1071
9
1005
63F9
  0
SPLINE
  5
63FA
330
63EE
100
AcDbEntity
  8
TOILET
100
AcDbSpline
 70
12
 71
2
 72
6
 73
3
 74
0
 42
1e-09
 40
0.0
 40
0.0
 40
0.0
 40
1.0
 40
1.0
 40
1.0
 41
1.0
 41
0.9817540189102356
 41
0.9999980294406434
 10
-7.011977340400335
 20
-195.3551020145532
 30
0.0
 10
-3.651285824438673
 20
-196.7760609128236
 30
0.0
 10
-0.0032573431526544
 20
-196.8395105185336
 30
0.0
1001
AcDbBlockRepETag
1070
1
1071
10
1005
63FA
  0
SPLINE
  5
63FB
330
63EE
100
AcDbEntity
  8
TOILET
100
AcDbSpline
 70
12
 71
2
 72
6
 73
3
 74
0
 42
1e-09
 40
0.0
 40
0.0
 40
0.0
 40
1.0
 40
1.0
 40
1.0
 41
0.9999980285092458
 41
0.981707997139482
 41
1.0
 10
-0.0032573431526544
 20
-196.8395105185336
 30
0.0
 10
3.648221052906592
 20
-196.7775608615411
 30
0.0
 10
7.011995479813776
 20
-195.3551020115046
 30
0.0
1001
AcDbBlockRepETag
1070
1
1071
11
1005
63FB
  0
SPLINE
  5
63FC
330
63EE
100
AcDbEntity
  8
TOILET
100
AcDbSpline
 70
12
 71
2
 72
6
 73
3
 74
0
 42
1e-09
 40
0.0
 40
0.0
 40
0.0
 40
1.0
 40
1.0
 40
1.0
 41
1.0
 41
0.8815868603445528
 41
1.0
 10
7.011995479813776
 20
-195.3551020115046
 30
0.0
 10
13.61858316256257
 20
-193.0465687447868
 30
0.0
 10
15.35988096825895
 20
-186.2685279537618
 30
0.0
1001
AcDbBlockRepETag
1070
1
1071
12
1005
63FC
  0
SPLINE
  5
63FD
330
63EE
100
AcDbEntity
  8
TOILET
100
AcDbSpline
 70
12
 71
2
 72
6
 73
3
 74
0
 42
1e-09
 40
-1.0
 40
-1.0
 40
-1.0
 40
0.0
 40
0.0
 40
0.0
 41
1.0
 41
0.993428574871937
 41
1.0
 10
-22.74473603969818
 20
-101.6772566014915
 30
0.0
 10
-23.42584702026215
 20
-99.07621654288234
 30
0.0
 10
-23.49757217056322
 20
-96.38830248759042
 30
0.0
1001
AcDbBlockRepETag
1070
1
1071
13
1005
63FD
  0
SPLINE
  5
63FE
330
63EE
100
AcDbEntity
  8
TOILET
100
AcDbSpline
 70
12
 71
2
 72
6
 73
3
 74
0
 42
1e-09
 40
0.0
 40
0.0
 40
0.0
 40
1.0
 40
1.0
 40
1.0
 41
1.0
 41
0.9999122922308334
 41
1.0
 10
-23.49757217056322
 20
-96.38830248759042
 30
0.0
 10
-23.50553382711223
 20
-96.08585106848479
 30
0.0
 10
-23.50554153302801
 20
-95.78342597310983
 30
0.0
1001
AcDbBlockRepETag
1070
1
1071
14
1005
63FE
  0
SPLINE
  5
63FF
330
63EE
100
AcDbEntity
  8
TOILET
100
AcDbSpline
 70
12
 71
2
 72
6
 73
3
 74
0
 42
1e-09
 40
0.0
 40
0.0
 40
0.0
 40
1.0
 40
1.0
 40
1.0
 41
1.0
 41
0.9999295831657619
 41
1.0
 10
-17.13348354481422
 20
-175.4604113242239
 30
0.0
 10
-19.32028872991213
 20
-153.4936515262743
 30
0.0
 10
-20.98515014688747
 20
-131.4811709696005
 30
0.0
1001
AcDbBlockRepETag
1070
1
1071
15
1005
63FF
  0
SPLINE
  5
6400
330
63EE
100
AcDbEntity
  8
TOILET
100
AcDbSpline
 70
12
 71
2
 72
6
 73
3
 74
0
 42
1e-09
 40
0.0
 40
0.0
 40
0.0
 40
1.0
 40
1.0
 40
1.0
 41
1.0
 41
0.999993738718328
 41
1.0
 10
-20.98515014688747
 20
-131.4811709696005
 30
0.0
 10
-21.46208162209223
 20
-125.5038881454093
 30
0.0
 10
-23.27301252823236
 20
-99.05445890563715
 30
0.0
1001
AcDbBlockRepETag
1070
1
1071
16
1005
6400
  0
SPLINE
  5
6401
330
63EE
100
AcDbEntity
  8
TOILET
100
AcDbSpline
 70
12
 71
2
 72
6
 73
3
 74
0
 42
1e-09
 40
0.0
 40
0.0
 40
0.0
 40
1.0
 40
1.0
 40
1.0
 41
1.0
 41
0.9999936013482479
 41
1.0
 10
21.98132133203035
 20
-119.5301396637078
 30
0.0
 10
21.46186833359388
 20
-125.5038688577188
 30
0.0
 10
20.98516828019638
 20
-131.4811709741771
 30
0.0
1001
AcDbBlockRepETag
1070
1
1071
17
1005
6401
  0
SPLINE
  5
6402
330
63EE
100
AcDbEntity
  8
TOILET
100
AcDbSpline
 70
12
 71
2
 72
6
 73
3
 74
0
 42
1e-09
 40
0.0
 40
0.0
 40
0.0
 40
1.0
 40
1.0
 40
1.0
 41
1.0
 41
0.9999295831657619
 41
1.0
 10
20.98516828019638
 20
-131.4811709741771
 30
0.0
 10
19.32030668310472
 20
-153.4936531254425
 30
0.0
 10
17.13350135462679
 20
-175.4604145195117
 30
0.0
1001
AcDbBlockRepETag
1070
1
1071
18
1005
6402
  0
SPLINE
  5
6403
330
63EE
100
AcDbEntity
  8
TOILET
100
AcDbSpline
 70
12
 71
2
 72
6
 73
3
 74
0
 42
1e-09
 40
0.0
 40
0.0
 40
0.0
 40
1.0
 40
1.0
 40
1.0
 41
1.0
 41
0.9961539367195936
 41
1.0
 10
3.504321570086176
 20
-76.37845311017008
 30
0.0
 10
1.765718878290499
 20
-76.07022418473206
 30
0.0
 10
2.1450468921e-06
 20
-76.0702303311482
 30
0.0
1001
AcDbBlockRepETag
1070
1
1071
19
1005
6403
  0
SPLINE
  5
6404
330
63EE
100
AcDbEntity
  8
TOILET
100
AcDbSpline
 70
12
 71
2
 72
6
 73
3
 74
0
 42
1e-09
 40
-1.0
 40
-1.0
 40
-1.0
 40
0.0
 40
0.0
 40
0.0
 41
1.0
 41
0.9961738940310544
 41
1.0
 10
2.1450468921e-06
 20
-76.0702303311482
 30
0.0
 10
-1.761102222139015
 20
-76.07022372388019
 30
0.0
 10
-3.495303491705271
 20
-76.37685603384307
 30
0.0
1001
AcDbBlockRepETag
1070
1
1071
20
1005
6404
  0
SPLINE
  5
6405
330
63EE
100
AcDbEntity
  8
TOILET
100
AcDbSpline
 70
12
 71
2
 72
6
 73
3
 74
0
 42
1e-09
 40
0.0
 40
0.0
 40
0.0
 40
1.0
 40
1.0
 40
1.0
 41
1.0
 41
0.99999555898831
 41
0.9999999999999815
 10
-17.12737958657089
 20
-175.5229351744347
 30
0.0
 10
-17.09604010482872
 20
-175.8431782140033
 30
0.0
 10
-17.06279236772388
 20
-176.1632287686007
 30
0.0
1001
AcDbBlockRepETag
1070
1
1071
21
1005
6405
  0
SPLINE
  5
6406
330
63EE
100
AcDbEntity
  8
TOILET
100
AcDbSpline
 70
12
 71
2
 72
6
 73
3
 74
0
 42
1e-09
 40
0.0
 40
0.0
 40
0.0
 40
1.0
 40
1.0
 40
1.0
 41
0.9999999999990944
 41
0.9973762109867989
 41
1.0
 10
-17.06279236772388
 20
-176.1632287686007
 30
0.0
 10
-16.58008629737014
 20
-181.2662844810038
 30
0.0
 10
-15.36553098278091
 20
-186.246147748061
 30
0.0
1001
AcDbBlockRepETag
1070
1
1071
22
1005
6406
  0
SPLINE
  5
6407
330
63EE
100
AcDbEntity
  8
TOILET
100
AcDbSpline
 70
12
 71
3
 72
10
 73
6
 74
0
 42
1e-09
 40
0.0
 40
0.0
 40
0.0
 40
0.0
 40
0.4999999997671696
 40
0.4999999997671696
 40
1.0
 40
1.0
 40
1.0
 40
1.0
 41
1.0
 41
1.0
 41
1.0
 41
1.0
 41
1.0
 41
1.0
 10
-3.495985070730966
 20
-75.65054049075843
 30
0.0
 10
-8.839634962409036
 20
-76.45665905212081
 30
0.0
 10
-13.67930000649357
 20
-78.92953159462193
 30
0.0
 10
-20.62934585750918
 20
-86.08942805752304
 30
0.0
 10
-22.60676526117459
 20
-90.5967110983911
 30
0.0
 10
-22.84488175337902
 20
-96.55548431839271
 30
0.0
1001
AcDbBlockRepETag
1070
1
1071
23
1005
6407
  0
SPLINE
  5
6408
330
63EE
100
AcDbEntity
  8
TOILET
100
AcDbSpline
 70
24
 71
2
 72
6
 73
3
 74
0
 42
1e-09
 40
0.0
 40
0.0
 40
0.0
 40
1.0
 40
1.0
 40
1.0
 10
-22.84488175337902
 20
-96.55548431839271
 30
0.0
 10
-22.80851543664903
 20
-98.43373955384595
 30
0.0
 10
-22.77214911992633
 20
-100.3119947892919
 30
0.0
1001
AcDbBlockRepETag
1070
1
1071
24
1005
6408
  0
SPLINE
  5
6409
330
63EE
100
AcDbEntity
  8
TOILET
100
AcDbSpline
 70
8
 71
2
 72
6
 73
3
 74
0
 42
1e-09
 40
0.0
 40
0.0
 40
0.0
 40
1.0
 40
1.0
 40
1.0
 10
22.78833352420043
 20
-99.94978481584258
 30
0.0
 10
22.82119333131413
 20
-98.25263456712129
 30
0.0
 10
22.85405313537922
 20
-96.55548431839271
 30
0.0
1001
AcDbBlockRepETag
1070
1
1071
25
1005
6409
  0
SPLINE
  5
640A
330
63EE
100
AcDbEntity
  8
TOILET
100
AcDbSpline
 70
12
 71
3
 72
10
 73
6
 74
0
 42
1e-09
 40
0.0
 40
0.0
 40
0.0
 40
0.0
 40
0.5000000002328308
 40
0.5000000002328308
 40
1.0
 40
1.0
 40
1.0
 40
1.0
 41
1.0
 41
1.0
 41
1.0
 41
1.0
 41
1.0
 41
1.0
 10
22.85405313537922
 20
-96.55548431839271
 30
0.0
 10
22.6159256168321
 20
-90.5964832716054
 30
0.0
 10
20.63833589853311
 20
-86.08899691033002
 30
0.0
 10
13.68763652109192
 20
-78.92891895385401
 30
0.0
 10
8.84761137690657
 20
-76.45615152625396
 30
0.0
 10
3.503638080605014
 20
-75.65031343916053
 30
0.0
1001
AcDbBlockRepETag
1070
1
1071
26
1005
640A
  0
SPLINE
  5
640B
330
63EE
100
AcDbEntity
  8
TOILET
100
AcDbSpline
 70
12
 71
2
 72
6
 73
3
 74
0
 42
1e-09
 40
0.0
 40
0.0
 40
0.0
 40
1.0
 40
1.0
 40
1.0
 41
1.0
 41
0.9995116153729668
 41
1.0
 10
21.99210839220177
 20
-119.4060251033297
 30
0.0
 10
23.06562763723923
 20
-109.5482083028837
 30
0.0
 10
23.49752919666935
 20
-96.38834830959968
 30
0.0
1001
AcDbBlockRepETag
1070
1
1071
27
1005
640B
  0
SPLINE
  5
640C
330
63EE
100
AcDbEntity
  8
TOILET
100
AcDbSpline
 70
12
 71
2
 72
6
 73
3
 74
0
 42
1e-09
 40
-1.0
 40
-1.0
 40
-1.0
 40
0.0
 40
0.0
 40
0.0
 41
1.0
 41
0.9999122414737533
 41
1.0
 10
23.49752919666935
 20
-96.38834830959968
 30
0.0
 10
23.50555178644572
 20
-96.08594032901601
 30
0.0
 10
23.5055596663442
 20
-95.78342595174763
 30
0.0
1001
AcDbBlockRepETag
1070
1
1071
28
1005
640C
  0
SPLINE
  5
640D
330
63EE
100
AcDbEntity
  8
TOILET
100
AcDbSpline
 70
12
 71
3
 72
12
 73
8
 74
0
 42
1e-09
 40
0.0
 40
0.0
 40
0.0
 40
0.0
 40
0.2503438011046237
 40
0.2503438011046237
 40
0.5056921874665155
 40
0.5056921874665155
 40
1.0
 40
1.0
 40
1.0
 40
1.0
 41
1.0
 41
1.0
 41
1.0
 41
1.0
 41
1.0
 41
1.0
 41
1.0
 41
1.0
 10
0.0002509075275157
 20
-57.77401310345158
 30
0.0
 10
0.9091003932990133
 20
-57.77410155524558
 30
0.0
 10
1.74187916462688
 20
-58.00135228617
 30
0.0
 10
3.030337149793922
 20
-58.8269156486931
 30
0.0
 10
3.288225400159717
 20
-59.29621529162978
 30
0.0
 10
3.168161842309928
 20
-60.72109156654187
 30
0.0
 10
1.830903246773232
 20
-61.42116473771602
 30
0.0
 10
0.0002834188926499
 20
-61.42158986361028
 30
0.0
1001
AcDbBlockRepETag
1070
1
1071
29
1005
640D
  0
SPLINE
  5
640E
330
63EE
100
AcDbEntity
  8
TOILET
100
AcDbSpline
 70
12
 71
3
 72
12
 73
8
 74
0
 42
1e-09
 40
0.0
 40
0.0
 40
0.0
 40
0.0
 40
0.4980252657542123
 40
0.4980252657542123
 40
0.7424031546071187
 40
0.7424031546071187
 40
1.0
 40
1.0
 40
1.0
 40
1.0
 41
1.0
 41
1.0
 41
1.0
 41
1.0
 41
1.0
 41
1.0
 41
1.0
 41
1.0
 10
0.0002834188926499
 20
-61.42158986361028
 30
0.0
 10
-1.815191452158614
 20
-61.42085915282951
 30
0.0
 10
-3.165575265142251
 20
-60.72616506731719
 30
0.0
 10
-3.285075695457635
 20
-59.31898217905109
 30
0.0
 10
-2.969400003443297
 20
-58.78974188851135
 30
0.0
 10
-1.756082876454456
 20
-58.00787056980334
 30
0.0
 10
-0.9158882507763337
 20
-57.77426219857443
 30
0.0
 10
0.0002509075275157
 20
-57.77401310345158
 30
0.0
1001
AcDbBlockRepETag
1070
1
1071
30
1005
640E
  0
SPLINE
  5
640F
330
63EE
100
AcDbEntity
  8
TOILET
100
AcDbSpline
 70
8
 71
3
 72
11
 73
7
 74
0
 42
1e-09
 40
0.0
 40
0.0
 40
0.0
 40
0.0
 40
0.2130265842252535
 40
0.4513549308531708
 40
0.7213585319562622
 40
1.0
 40
1.0
 40
1.0
 40
1.0
 10
-3.109881258977111
 20
-60.22001173622266
 30
0.0
 10
-2.991869961027987
 20
-59.99519845456962
 30
0.0
 10
-2.623200787769746
 20
-59.59565180397476
 30
0.0
 10
-1.880358724112738
 20
-59.15717693596525
 30
0.0
 10
-0.9805157479422631
 20
-58.88761353986774
 30
0.0
 10
-0.3308870971668512
 20
-58.82116912017955
 30
0.0
 10
0.0002509075275157
 20
-58.82706732569204
 30
0.0
1001
AcDbBlockRepETag
1070
1
1071
31
1005
640F
  0
SPLINE
  5
6410
330
63EE
100
AcDbEntity
  8
TOILET
100
AcDbSpline
 70
12
 71
3
 72
10
 73
6
 74
0
 42
1e-09
 40
0.0
 40
0.0
 40
0.0
 40
0.0
 40
0.4356385210694925
 40
0.4356385210694925
 40
1.0
 40
1.0
 40
1.0
 40
1.0
 41
1.0
 41
1.0
 41
1.0
 41
1.0
 41
1.0
 41
1.0
 10
0.0002509075275157
 20
-58.82706732569204
 30
0.0
 10
1.162440442734805
 20
-58.8267747203281
 30
0.0
 10
1.944682054716395
 20
-59.20358991853572
 30
0.0
 10
2.749939106026431
 20
-59.6898998187462
 30
0.0
 10
2.983978365024086
 20
-59.95655040012207
 30
0.0
 10
3.113013287365902
 20
-60.21743393538781
 30
0.0
1001
AcDbBlockRepETag
1070
1
1071
32
1005
6410
  0
SPLINE
  5
6411
330
63EE
100
AcDbEntity
  8
TOILET
100
AcDbSpline
 70
12
 71
2
 72
6
 73
3
 74
0
 42
1e-09
 40
0.0
 40
0.0
 40
0.0
 40
1.0
 40
1.0
 40
1.0
 41
1.0
 41
0.9609049095075443
 41
0.9999999976815036
 10
17.47082536049129
 20
-116.2223196710401
 30
0.0
 10
21.88819147072354
 20
-110.6023782110933
 30
0.0
 10
22.63768248961424
 20
-103.4935717997068
 30
0.0
1001
AcDbBlockRepETag
1070
1
1071
33
1005
6411
  0
SPLINE
  5
6412
330
63EE
100
AcDbEntity
  8
TOILET
100
AcDbSpline
 70
12
 71
3
 72
12
 73
8
 74
0
 42
1e-09
 40
0.0
 40
0.0
 40
0.0
 40
0.0
 40
0.5028063661722602
 40
0.5028063661722602
 40
0.7507721666389454
 40
0.7507721666389454
 40
1.0
 40
1.0
 40
1.0
 40
1.0
 41
1.0
 41
1.0
 41
1.0
 41
1.0
 41
1.0
 41
1.0
 41
1.0
 41
1.0
 10
22.63768248960696
 20
-103.4935717997068
 30
0.0
 10
23.32041526873945
 20
-96.88369344570674
 30
0.0
 10
21.13997720616317
 20
-90.36624298132664
 30
0.0
 10
14.69964441320189
 20
-83.48934525165532
 30
0.0
 10
12.12447808121214
 20
-81.73682341566018
 30
0.0
 10
6.367221707419957
 20
-79.29247810482775
 30
0.0
 10
3.256013266000081
 20
-78.62688044864626
 30
0.0
 10
0.0045847830770072
 20
-78.56918846891494
 30
0.0
1001
AcDbBlockRepETag
1070
1
1071
34
1005
6412
  0
SPLINE
  5
6413
330
63EE
100
AcDbEntity
  8
TOILET
100
AcDbSpline
 70
12
 71
3
 72
12
 73
8
 74
0
 42
1e-09
 40
0.0
 40
0.0
 40
0.0
 40
0.0
 40
0.248236093381767
 40
0.248236093381767
 40
0.4963376381254222
 40
0.4963376381254222
 40
1.0
 40
1.0
 40
1.0
 40
1.0
 41
1.0
 41
1.0
 41
1.0
 41
1.0
 41
1.0
 41
1.0
 41
1.0
 41
1.0
 10
0.0045847830770072
 20
-78.56918846891494
 30
0.0
 10
-3.226191562032909
 20
-78.62650853788362
 30
0.0
 10
-6.370074032187403
 20
-79.29762146857684
 30
0.0
 10
-12.11633520043688
 20
-81.73722138312587
 30
0.0
 10
-14.69577218277845
 20
-83.49489828060905
 30
0.0
 10
-21.13144532740262
 20
-90.36718854293576
 30
0.0
 10
-23.31113226547314
 20
-96.88477909940411
 30
0.0
 10
-22.62862059124018
 20
-103.493586869743
 30
0.0
1001
AcDbBlockRepETag
1070
1
1071
35
1005
6413
  0
SPLINE
  5
6414
330
63EE
100
AcDbEntity
  8
TOILET
100
AcDbSpline
 70
12
 71
2
 72
6
 73
3
 74
0
 42
1e-09
 40
0.0
 40
0.0
 40
0.0
 40
1.0
 40
1.0
 40
1.0
 41
0.9999999983034188
 41
0.9612878988417696
 41
1.0
 10
-22.62862059124018
 20
-103.493586869743
 30
0.0
 10
-21.86624361170834
 20
-110.5822541749294
 30
0.0
 10
-17.46430228318786
 20
-116.1905814984857
 30
0.0
1001
AcDbBlockRepETag
1070
1
1071
36
1005
6414
  0
SPLINE
  5
6415
330
63EE
100
AcDbEntity
  8
TOILET
100
AcDbSpline
 70
12
 71
2
 72
6
 73
3
 74
0
 42
1e-09
 40
0.0
 40
0.0
 40
0.0
 40
1.0
 40
1.0
 40
1.0
 41
1.0
 41
1.0
 41
1.0
 10
-23.61889161086583
 20
-91.46635390059964
 30
0.0
 10
-23.59289516321587
 20
-92.45641711664211
 30
0.0
 10
-23.56687950263586
 20
-93.44652057438361
 30
0.0
1001
AcDbBlockRepETag
1070
1
1071
37
1005
6415
  0
SPLINE
  5
6416
330
63EE
100
AcDbEntity
  8
TOILET
100
AcDbSpline
 70
12
 71
2
 72
6
 73
3
 74
0
 42
1e-09
 40
0.0
 40
0.0
 40
0.0
 40
1.0
 40
1.0
 40
1.0
 41
1.0
 41
1.0
 41
1.0
 10
-23.56687950263586
 20
-93.44652057438361
 30
0.0
 10
-23.53621915990516
 20
-94.61448286571249
 30
0.0
 10
-23.50554152081895
 20
-95.7824039631596
 30
0.0
1001
AcDbBlockRepETag
1070
1
1071
38
1005
6416
  0
SPLINE
  5
6417
330
63EE
100
AcDbEntity
  8
TOILET
100
AcDbSpline
 70
12
 71
2
 72
6
 73
3
 74
0
 42
1e-09
 40
0.0
 40
0.0
 40
0.0
 40
1.0
 40
1.0
 40
1.0
 41
1.0
 41
0.7071255239225577
 41
1.0
 10
-23.50554152081895
 20
-95.7824039631596
 30
0.0
 10
-23.44524656859357
 20
-72.3371515079416
 30
0.0
 10
9.0513931355e-06
 20
-72.39620355421357
 30
0.0
1001
AcDbBlockRepETag
1070
1
1071
39
1005
6417
  0
SPLINE
  5
6418
330
63EE
100
AcDbEntity
  8
TOILET
100
AcDbSpline
 70
12
 71
2
 72
6
 73
3
 74
0
 42
1e-09
 40
0.0
 40
0.0
 40
0.0
 40
1.0
 40
1.0
 40
1.0
 41
1.0
 41
0.7071255318387996
 41
1.0
 10
9.0513931355e-06
 20
-72.39620355421357
 30
0.0
 10
23.44526442722417
 20
-72.3371517521009
 30
0.0
 10
23.50555965719832
 20
-95.7824039631596
 30
0.0
1001
AcDbBlockRepETag
1070
1
1071
40
1005
6418
  0
SPLINE
  5
6419
330
63EE
100
AcDbEntity
  8
TOILET
100
AcDbSpline
 70
12
 71
2
 72
6
 73
3
 74
0
 42
1e-09
 40
0.0
 40
0.0
 40
0.0
 40
1.0
 40
1.0
 40
1.0
 41
1.0
 41
1.0
 41
1.0
 10
23.50555965719832
 20
-95.7824039631596
 30
0.0
 10
23.53623772658466
 20
-94.61448289928374
 30
0.0
 10
23.56689589486632
 20
-93.4465205270826
 30
0.0
1001
AcDbBlockRepETag
1070
1
1071
41
1005
6419
  0
SPLINE
  5
641A
330
63EE
100
AcDbEntity
  8
TOILET
100
AcDbSpline
 70
12
 71
2
 72
6
 73
3
 74
0
 42
1e-09
 40
0.0
 40
0.0
 40
0.0
 40
1.0
 40
1.0
 40
1.0
 41
1.0
 41
1.0
 41
1.0
 10
23.56689589486632
 20
-93.4465205270826
 30
0.0
 10
23.59291370851861
 20
-92.45641710443306
 30
0.0
 10
23.61890974722337
 20
-91.46635390059964
 30
0.0
1001
AcDbBlockRepETag
1070
1
1071
42
1005
641A
  0
SPLINE
  5
641B
330
63EE
100
AcDbEntity
  8
TOILET
100
AcDbSpline
 70
12
 71
2
 72
6
 73
3
 74
0
 42
1e-09
 40
0.0
 40
0.0
 40
0.0
 40
1.0
 40
1.0
 40
1.0
 41
1.0
 41
1.0
 41
1.0
 10
-3.49594381886709
 20
-75.69451570362435
 30
0.0
 10
-3.495521982869831
 20
-76.14428105901607
 30
0.0
 10
-3.495110140167525
 20
-76.59430055271513
 30
0.0
1001
AcDbBlockRepETag
1070
1
1071
43
1005
641B
  0
SPLINE
  5
641C
330
63EE
100
AcDbEntity
  8
TOILET
100
AcDbSpline
 70
12
 71
3
 72
10
 73
6
 74
0
 42
1e-09
 40
0.0
 40
0.0
 40
0.0
 40
0.0
 40
0.4930421512075898
 40
0.4930421512075898
 40
1.0
 40
1.0
 40
1.0
 40
1.0
 41
1.0
 41
1.0
 41
1.0
 41
1.0
 41
1.0
 41
1.0
 10
-3.495110140167525
 20
-76.59430055271513
 30
0.0
 10
-3.507107602556061
 20
-76.77730206795968
 30
0.0
 10
-3.131090506089094
 20
-76.87845750177803
 30
0.0
 10
-1.853569146180234
 20
-76.9791136161657
 30
0.0
 10
-0.9390603721112711
 20
-76.97565495347953
 30
0.0
 10
0.0045811635791324
 20
-76.96079669670144
 30
0.0
1001
AcDbBlockRepETag
1070
1
1071
44
1005
641C
  0
SPLINE
  5
641D
330
63EE
100
AcDbEntity
  8
TOILET
100
AcDbSpline
 70
12
 71
3
 72
10
 73
6
 74
0
 42
1e-09
 40
0.0
 40
0.0
 40
0.0
 40
0.0
 40
0.4937161800887976
 40
0.4937161800887976
 40
1.0
 40
1.0
 40
1.0
 40
1.0
 41
1.0
 41
1.0
 41
1.0
 41
1.0
 41
1.0
 41
1.0
 10
0.0045811635791324
 20
-76.96079669670144
 30
0.0
 10
0.933002651669085
 20
-76.97541624685982
 30
0.0
 10
1.849998763609619
 20
-76.97864596272848
 30
0.0
 10
3.169138047029264
 20
-76.8814383300487
 30
0.0
 10
3.510024246563261
 20
-76.77372935455787
 30
0.0
 10
3.504528796867816
 20
-76.59909590626921
 30
0.0
1001
AcDbBlockRepETag
1070
1
1071
45
1005
641D
  0
SPLINE
  5
641E
330
63EE
100
AcDbEntity
  8
TOILET
100
AcDbSpline
 70
12
 71
2
 72
6
 73
3
 74
0
 42
1e-09
 40
0.0
 40
0.0
 40
0.0
 40
1.0
 40
1.0
 40
1.0
 41
1.0
 41
1.0
 41
1.0
 10
3.504528796867816
 20
-76.59909590626921
 30
0.0
 10
3.504106033113203
 20
-76.14899314129434
 30
0.0
 10
3.503683669143356
 20
-75.69889037327084
 30
0.0
1001
AcDbBlockRepETag
1070
1
1071
46
1005
641E
  0
SPLINE
  5
641F
330
63EE
100
AcDbEntity
  8
TOILET
100
AcDbSpline
 70
12
 71
2
 72
6
 73
3
 74
0
 42
1e-09
 40
-1.0
 40
-1.0
 40
-1.0
 40
0.0
 40
0.0
 40
0.0
 41
1.0
 41
0.9922391157561165
 41
1.0
 10
13.6510612929851
 20
-123.5585014392782
 30
0.0
 10
12.85973595346877
 20
-126.1606804730618
 30
0.0
 10
12.73498466253659
 20
-128.8777246562313
 30
0.0
1001
AcDbBlockRepETag
1070
1
1071
47
1005
641F
  0
SPLINE
  5
6420
330
63EE
100
AcDbEntity
  8
TOILET
100
AcDbSpline
 70
12
 71
2
 72
6
 73
3
 74
0
 42
1e-09
 40
0.0
 40
0.0
 40
0.0
 40
1.0
 40
1.0
 40
1.0
 41
1.0
 41
1.0
 41
1.0
 10
12.73498466253659
 20
-128.8777246562313
 30
0.0
 10
12.2259569013695
 20
-140.2900073751298
 30
0.0
 10
11.71669790297892
 20
-151.7022134544168
 30
0.0
1001
AcDbBlockRepETag
1070
1
1071
48
1005
6420
  0
SPLINE
  5
6421
330
63EE
100
AcDbEntity
  8
TOILET
100
AcDbSpline
 70
12
 71
2
 72
6
 73
3
 74
0
 42
1e-09
 40
0.0
 40
0.0
 40
0.0
 40
1.0
 40
1.0
 40
1.0
 41
1.0
 41
0.9999999967403708
 41
1.0
 10
11.71669790297892
 20
-151.7022134544168
 30
0.0
 10
11.35090581034456
 20
-159.9113532566553
 30
0.0
 10
10.98379197933536
 20
-168.1209161629303
 30
0.0
1001
AcDbBlockRepETag
1070
1
1071
49
1005
6421
  0
SPLINE
  5
6422
330
63EE
100
AcDbEntity
  8
TOILET
100
AcDbSpline
 70
12
 71
2
 72
6
 73
3
 74
0
 42
1e-09
 40
0.0
 40
0.0
 40
0.0
 40
1.0
 40
1.0
 40
1.0
 41
1.0
 41
0.9942355009426594
 41
0.9999999985646324
 10
10.98379197933536
 20
-168.1209161629303
 30
0.0
 10
10.93306708875025
 20
-169.2274358659633
 30
0.0
 10
10.64772064759745
 20
-170.2972346939423
 30
0.0
1001
AcDbBlockRepETag
1070
1
1071
50
1005
6422
  0
ARC
  5
6423
330
63EE
100
AcDbEntity
  8
TOILET
100
AcDbCircle
 10
-0.1113210000039544
 20
-166.7509389999977
 30
0.0
 40
11.328424
100
AcDbArc
 50
220.16728199994
 51
341.7572249998074
1001
AcDbBlockRepETag
1070
1
1071
51
1005
6423
  0
SPLINE
  5
6424
330
63EE
100
AcDbEntity
  8
TOILET
100
AcDbSpline
 70
12
 71
2
 72
6
 73
3
 74
0
 42
1e-09
 40
0.0
 40
0.0
 40
0.0
 40
1.0
 40
1.0
 40
1.0
 41
0.9999999929553307
 41
0.9542504015930028
 41
1.0
 10
-8.768100282686646
 20
-174.058015212453
 30
0.0
 10
-10.80122088602365
 20
-171.4360282388297
 30
0.0
 10
-10.97453558802226
 20
-168.1226678445018
 30
0.0
1001
AcDbBlockRepETag
1070
1
1071
52
1005
6424
  0
SPLINE
  5
6425
330
63EE
100
AcDbEntity
  8
TOILET
100
AcDbSpline
 70
12
 71
2
 72
6
 73
3
 74
0
 42
1e-09
 40
0.0
 40
0.0
 40
0.0
 40
1.0
 40
1.0
 40
1.0
 41
1.0
 41
0.9999999967403708
 41
1.0
 10
-10.97453558802226
 20
-168.1226678445018
 30
0.0
 10
-11.34168520500679
 20
-159.9124721689804
 30
0.0
 10
-11.70752932105097
 20
-151.7022182153086
 30
0.0
1001
AcDbBlockRepETag
1070
1
1071
53
1005
6425
  0
SPLINE
  5
6426
330
63EE
100
AcDbEntity
  8
TOILET
100
AcDbSpline
 70
12
 71
2
 72
6
 73
3
 74
0
 42
1e-09
 40
-1.0
 40
-1.0
 40
-1.0
 40
0.0
 40
0.0
 40
0.0
 41
1.0
 41
1.0
 41
1.0
 10
-11.70752932105097
 20
-151.7022182153086
 30
0.0
 10
-12.21755508020578
 20
-140.2729997180358
 30
0.0
 10
-12.72733713684283
 20
-128.8437038975462
 30
0.0
1001
AcDbBlockRepETag
1070
1
1071
54
1005
6426
  0
SPLINE
  5
6427
330
63EE
100
AcDbEntity
  8
TOILET
100
AcDbSpline
 70
12
 71
2
 72
6
 73
3
 74
0
 42
1e-09
 40
-1.0
 40
-1.0
 40
-1.0
 40
0.0
 40
0.0
 40
0.0
 41
1.0
 41
0.9787276023899799
 41
1.0
 10
-12.72733713684283
 20
-128.8437038975462
 30
0.0
 10
-12.94120692204888
 20
-124.2589548100659
 30
0.0
 10
-14.9782753261752
 20
-120.1461203302315
 30
0.0
1001
AcDbBlockRepETag
1070
1
1071
55
1005
6427
  0
SPLINE
  5
6428
330
63EE
100
AcDbEntity
  8
TOILET
100
AcDbSpline
 70
12
 71
2
 72
6
 73
3
 74
0
 42
1e-09
 40
-1.0
 40
-1.0
 40
-1.0
 40
0.0
 40
0.0
 40
0.0
 41
1.0
 41
1.0
 41
1.0
 10
-23.61988282152743
 20
-91.42860836393083
 30
0.0
 10
-23.68133056161605
 20
-89.08733904418477
 30
0.0
 10
-23.74278115521883
 20
-86.74606980073439
 30
0.0
1001
AcDbBlockRepETag
1070
1
1071
56
1005
6428
  0
SPLINE
  5
6429
330
63EE
100
AcDbEntity
  8
TOILET
100
AcDbSpline
 70
12
 71
2
 72
6
 73
3
 74
0
 42
1e-09
 40
0.0
 40
0.0
 40
0.0
 40
1.0
 40
1.0
 40
1.0
 41
1.0
 41
0.9999999883584678
 41
1.0
 10
-23.74278115521883
 20
-86.74606980073439
 30
0.0
 10
-23.77089607564994
 20
-85.66889751763667
 30
0.0
 10
-23.79934164290899
 20
-84.59173391707736
 30
0.0
1001
AcDbBlockRepETag
1070
1
1071
57
1005
6429
  0
SPLINE
  5
642A
330
63EE
100
AcDbEntity
  8
TOILET
100
AcDbSpline
 70
12
 71
2
 72
6
 73
3
 74
0
 42
1e-09
 40
0.0
 40
0.0
 40
0.0
 40
1.0
 40
1.0
 40
1.0
 41
1.0
 41
1.0
 41
1.0
 10
-23.79934164290899
 20
-84.59173391707736
 30
0.0
 10
-23.89944379444933
 20
-80.77954770228826
 30
0.0
 10
-23.99951834811509
 20
-76.96736076115485
 30
0.0
1001
AcDbBlockRepETag
1070
1
1071
58
1005
642A
  0
SPLINE
  5
642B
330
63EE
100
AcDbEntity
  8
TOILET
100
AcDbSpline
 70
12
 71
2
 72
8
 73
5
 74
0
 42
1e-09
 40
-1.0
 40
-1.0
 40
-1.0
 40
-0.5000000002328308
 40
-0.5000000002328308
 40
0.0
 40
0.0
 40
0.0
 41
1.0
 41
0.923873602377192
 41
1.0
 41
0.923873602377192
 41
1.0
 10
-23.99951834811509
 20
-76.96736076115485
 30
0.0
 10
-23.98569638700428
 20
-67.04045728814526
 30
0.0
 10
-16.95632479058258
 20
-60.03106797573128
 30
0.0
 10
-9.926953194164525
 20
-53.02167866331728
 30
0.0
 10
-2.55336999544e-05
 20
-53.03611592336529
 30
0.0
1001
AcDbBlockRepETag
1070
1
1071
59
1005
642B
  0
SPLINE
  5
642C
330
63EE
100
AcDbEntity
  8
TOILET
100
AcDbSpline
 70
12
 71
2
 72
6
 73
3
 74
0
 42
1e-09
 40
-1.0
 40
-1.0
 40
-1.0
 40
0.0
 40
0.0
 40
0.0
 41
1.0
 41
0.707185412155085
 41
1.0
 10
-2.55336999544e-05
 20
-53.03611592336529
 30
0.0
 10
23.96272939808841
 20
-53.0046384856978
 30
0.0
 10
23.999536481424
 20
-76.96736076115485
 30
0.0
1001
AcDbBlockRepETag
1070
1
1071
60
1005
642C
  0
SPLINE
  5
642D
330
63EE
100
AcDbEntity
  8
TOILET
100
AcDbSpline
 70
12
 71
2
 72
6
 73
3
 74
0
 42
1e-09
 40
0.0
 40
0.0
 40
0.0
 40
1.0
 40
1.0
 40
1.0
 41
1.0
 41
1.0
 41
1.0
 10
23.999536481424
 20
-76.96736076115485
 30
0.0
 10
23.89946193691867
 20
-80.77954918243633
 30
0.0
 10
23.79935978231515
 20
-84.59173687737346
 30
0.0
1001
AcDbBlockRepETag
1070
1
1071
61
1005
642D
  0
SPLINE
  5
642E
330
63EE
100
AcDbEntity
  8
TOILET
100
AcDbSpline
 70
12
 71
2
 72
6
 73
3
 74
0
 42
1e-09
 40
0.0
 40
0.0
 40
0.0
 40
1.0
 40
1.0
 40
1.0
 41
1.0
 41
0.9999999883584678
 41
1.0
 10
23.79935978231515
 20
-84.59173687737346
 30
0.0
 10
23.77091421208752
 20
-85.66889899778471
 30
0.0
 10
23.74279928852047
 20
-86.74606980073439
 30
0.0
1001
AcDbBlockRepETag
1070
1
1071
62
1005
642E
  0
SPLINE
  5
642F
330
63EE
100
AcDbEntity
  8
TOILET
100
AcDbSpline
 70
12
 71
2
 72
6
 73
3
 74
0
 42
1e-09
 40
-1.0
 40
-1.0
 40
-1.0
 40
0.0
 40
0.0
 40
0.0
 41
1.0
 41
1.0
 41
1.0
 10
23.74279928852047
 20
-86.74606980073439
 30
0.0
 10
23.68134869492497
 20
-89.08733904418477
 30
0.0
 10
23.61990095482906
 20
-91.42860836393083
 30
0.0
1001
AcDbBlockRepETag
1070
1
1071
63
1005
642F
  0
LINE
  5
6430
330
63EE
100
AcDbEntity
  8
TOILET
100
AcDbLine
 10
-40.0
 20
-70.0
 30
0.0
 11
40.0
 21
-70.0
 31
0.0
1001
AcDbBlockRepETag
1070
1
1071
64
1005
6430
  0
LINE
  5
6431
330
63EE
100
AcDbEntity
  8
TOILET
100
AcDbLine
 10
0.0
 20
-595.0
 30
0.0
 11
0.0
 21
125.0
 31
0.0
1001
AcDbBlockRepETag
1070
1
1071
65
1005
6431
  0
LINE
  5
6432
330
63EE
100
AcDbEntity
  8
TOILET
100
AcDbLine
 10
-270.0
 20
0.0
 30
0.0
 11
-267.8387299999958
 21
-216.1270629999999
 31
0.0
1001
AcDbBlockRepETag
1070
1
1071
66
1005
6432
  0
ARC
  5
6433
330
63EE
100
AcDbEntity
  8
TOILET
100
AcDbCircle
 10
32.14626300000237
 20
-213.1263949999993
 30
0.0
 40
300.0
100
AcDbArc
 50
180.5730950001067
 51
188.5632080001227
1001
AcDbBlockRepETag
1070
1
1071
67
1005
6433
  0
ARC
  5
6434
330
63EE
100
AcDbEntity
  8
TOILET
100
AcDbCircle
 10
-37.07339099999809
 20
-223.5494219999964
 30
0.0
 40
230.0
100
AcDbArc
 50
188.5632080001227
 51
222.1433990002973
1001
AcDbBlockRepETag
1070
1
1071
68
1005
6434
  0
ARC
  5
6435
330
63EE
100
AcDbEntity
  8
TOILET
100
AcDbCircle
 10
0.0
 20
-190.0
 30
0.0
 40
280.0
100
AcDbArc
 50
222.1433990002973
 51
270.0
1001
AcDbBlockRepETag
1070
1
1071
69
1005
6435
  0
ARC
  5
6436
330
63EE
100
AcDbEntity
  8
TOILET
100
AcDbCircle
 10
0.0
 20
-190.0
 30
0.0
 40
235.0
100
AcDbArc
 50
230.2678949999755
 51
270.0
1001
AcDbBlockRepETag
1070
1
1071
70
1005
6436
  0
ARC
  5
6437
330
63EE
100
AcDbEntity
  8
TOILET
100
AcDbCircle
 10
0.0
 20
-200.0
 30
0.0
 40
20.5
100
AcDbArc
 50
138.3944202971803
 51
41.60543350605425
1001
AcDbBlockRepETag
1070
1
1071
71
1005
6437
  0
ARC
  5
6438
330
63EE
100
AcDbEntity
  8
TOILET
100
AcDbCircle
 10
0.0
 20
-200.0
 30
0.0
 40
32.5
100
AcDbArc
 50
122.4110487866798
 51
57.58891558732345
1001
AcDbBlockRepETag
1070
1
1071
72
1005
6438
  0
ARC
  5
6439
330
63EE
100
AcDbEntity
  8
TOILET
100
AcDbCircle
 10
-31.00316999999632
 20
-227.3009509999974
 30
0.0
 40
186.49683
100
AcDbArc
 50
157.7257549999494
 51
230.2678949999755
1001
AcDbBlockRepETag
1070
1
1071
73
1005
6439
  0
ARC
  5
643A
330
63EE
100
AcDbEntity
  8
TOILET
100
AcDbCircle
 10
0.0
 20
-240.0
 30
0.0
 40
220.0
100
AcDbArc
 50
90.0
 51
157.7257549999494
1001
AcDbBlockRepETag
1070
1
1071
74
1005
643A
  0
ARC
  5
643B
330
63EE
100
AcDbEntity
  8
TOILET
100
AcDbCircle
 10
0.0
 20
-240.0
 30
0.0
 40
210.0
100
AcDbArc
 50
90.0
 51
143.1301020001401
1001
AcDbBlockRepETag
1070
1
1071
75
1005
643B
  0
ARC
  5
643C
330
63EE
100
AcDbEntity
  8
TOILET
100
AcDbCircle
 10
-160.0
 20
-120.0
 30
0.0
 40
10.0
100
AcDbArc
 50
143.1301020001401
 51
270.0
1001
AcDbBlockRepETag
1070
1
1071
76
1005
643C
  0
LINE
  5
643D
330
63EE
100
AcDbEntity
  8
TOILET
100
AcDbLine
 10
-160.0
 20
-130.0
 30
0.0
 11
0.0
 21
-130.0
 31
0.0
1001
AcDbBlockRepETag
1070
1
1071
77
1005
643D
  0
LINE
  5
643E
330
63EE
100
AcDbEntity
  8
TOILET
100
AcDbLine
 10
-270.0
 20
0.0
 30
0.0
 11
0.0
 21
0.0
 31
0.0
1001
AcDbBlockRepETag
1070
1
1071
78
1005
643E
  0
LINE
  5
643F
330
63EE
100
AcDbEntity
  8
TOILET
100
AcDbLine
 10
270.0
 20
0.0
 30
0.0
 11
267.8387290000028
 21
-216.1270629999999
 31
0.0
1001
AcDbBlockRepETag
1070
1
1071
79
1005
643F
  0
ARC
  5
6440
330
63EE
100
AcDbEntity
  8
TOILET
100
AcDbCircle
 10
-32.14626399999543
 20
-213.1263949999993
 30
0.0
 40
300.0
100
AcDbArc
 50
351.4367919998772
 51
359.4269049998933
1001
AcDbBlockRepETag
1070
1
1071
80
1005
6440
  0
ARC
  5
6441
330
63EE
100
AcDbEntity
  8
TOILET
100
AcDbCircle
 10
37.07339000000502
 20
-223.5494219999964
 30
0.0
 40
230.0
100
AcDbArc
 50
317.8566009997027
 51
351.4367919998772
1001
AcDbBlockRepETag
1070
1
1071
81
1005
6441
  0
ARC
  5
6442
330
63EE
100
AcDbEntity
  8
TOILET
100
AcDbCircle
 10
0.0
 20
-190.0
 30
0.0
 40
280.0
100
AcDbArc
 50
270.0
 51
317.8566009997027
1001
AcDbBlockRepETag
1070
1
1071
82
1005
6442
  0
ARC
  5
6443
330
63EE
100
AcDbEntity
  8
TOILET
100
AcDbCircle
 10
0.0
 20
-190.0
 30
0.0
 40
235.0
100
AcDbArc
 50
270.0
 51
309.7321050000245
1001
AcDbBlockRepETag
1070
1
1071
83
1005
6443
  0
ARC
  5
6444
330
63EE
100
AcDbEntity
  8
TOILET
100
AcDbCircle
 10
31.00316900000326
 20
-227.3009509999974
 30
0.0
 40
186.49683
100
AcDbArc
 50
309.7321050000245
 51
22.27424500005054
1001
AcDbBlockRepETag
1070
1
1071
84
1005
6444
  0
ARC
  5
6445
330
63EE
100
AcDbEntity
  8
TOILET
100
AcDbCircle
 10
0.0
 20
-240.0
 30
0.0
 40
220.0
100
AcDbArc
 50
22.27424500005054
 51
90.0
1001
AcDbBlockRepETag
1070
1
1071
85
1005
6445
  0
ARC
  5
6446
330
63EE
100
AcDbEntity
  8
TOILET
100
AcDbCircle
 10
0.0
 20
-240.0
 30
0.0
 40
210.0
100
AcDbArc
 50
36.86989799985993
 51
90.0
1001
AcDbBlockRepETag
1070
1
1071
86
1005
6446
  0
ARC
  5
6447
330
63EE
100
AcDbEntity
  8
TOILET
100
AcDbCircle
 10
160.0
 20
-120.0
 30
0.0
 40
10.0
100
AcDbArc
 50
270.0
 51
36.86989799985993
1001
AcDbBlockRepETag
1070
1
1071
87
1005
6447
  0
LINE
  5
6448
330
63EE
100
AcDbEntity
  8
TOILET
100
AcDbLine
 10
160.0
 20
-130.0
 30
0.0
 11
0.0
 21
-130.0
 31
0.0
1001
AcDbBlockRepETag
1070
1
1071
88
1005
6448
  0
LINE
  5
6449
330
63EE
100
AcDbEntity
  8
TOILET
100
AcDbLine
 10
270.0
 20
0.0
 30
0.0
 11
0.0
 21
0.0
 31
0.0
1001
AcDbBlockRepETag
1070
1
1071
89
1005
6449
  0
ENDBLK
  5
644A
330
63EE
100
AcDbEntity
  8
0
100
AcDbBlockEnd
  0
BLOCK
  5
644C
330
644B
100
AcDbEntity
  8
0
100
AcDbBlockBegin
  2
RD
 70
0
 10
0.0
 20
0.0
 30
0.0
  3
RD
  1

  0
LINE
  5
644D
330
644B
100
AcDbEntity
  8
0
100
AcDbLine
 10
0.0
 20
1.25
 30
0.0
 11
0.0
 21
1.5
 31
0.0
  0
LINE
  5
644E
330
644B
100
AcDbEntity
  8
0
100
AcDbLine
 10
0.0
 20
1.0
 30
0.0
 11
0.0
 21
-1.0
 31
0.0
  0
LINE
  5
644F
330
644B
100
AcDbEntity
  8
0
100
AcDbLine
 10
-1.25
 20
0.0
 30
0.0
 11
-1.5
 21
0.0
 31
0.0
  0
LINE
  5
6450
330
644B
100
AcDbEntity
  8
0
100
AcDbLine
 10
1.25
 20
0.0
 30
0.0
 11
1.5
 21
0.0
 31
0.0
  0
LINE
  5
6451
330
644B
100
AcDbEntity
  8
0
100
AcDbLine
 10
-1.0
 20
0.0
 30
0.0
 11
1.0
 21
0.0
 31
0.0
  0
CIRCLE
  5
6452
330
644B
100
AcDbEntity
  8
0
100
AcDbCircle
 10
0.0
 20
0.0
 30
0.0
 40
0.5
  0
LINE
  5
6453
330
644B
100
AcDbEntity
  8
0
100
AcDbLine
 10
0.0
 20
-1.25
 30
0.0
 11
0.0
 21
-1.5
 31
0.0
  0
ENDBLK
  5
6454
330
644B
100
AcDbEntity
  8
0
100
AcDbBlockEnd
  0
BLOCK
  5
6458
330
6455
100
AcDbEntity
  8
0
100
AcDbBlockBegin
  2
A$C6C4B2DC3
 70
0
 10
0.0
 20
0.0
 30
0.0
  3
A$C6C4B2DC3
  1

  0
LWPOLYLINE
  5
6459
330
6455
100
AcDbEntity
  8
TOILET
100
AcDbPolyline
 90
16
 70
1
 10
369.999999988675
 20
285.0000111576537
 42
0.1369307100681266
 10
249.9999999886713
 20
378.0000111576537
 42
0.0102975691004977
 10
246.9999999899737
 20
379.0000111572499
 42
0.0541537699396758
 10
147.9999999887222
 20
390.0000111575391
 42
0.0412768166754413
 10
77.99999999020292
 20
384.0000111577901
 42
0.2540721217082105
 10
71.99999998868589
 20
380.0000111576555
 42
-0.2867962262861288
 10
68.01562499071224
 20
377.5000111576483
 42
0.0063672617795951
 10
-1.1328666e-08
 20
373.0000111576501
 10
-1.1328666e-08
 20
17.00001115765372
 42
0.0063672617795867
 10
68.01562499062129
 20
12.50001115766099
 42
-0.2867962262913626
 10
71.99999998868225
 20
10.00001115765735
 42
0.2540721216544113
 10
77.99999998867497
 20
6.000011157655535
 42
0.0412768166763181
 10
147.9999999887404
 20
1.11576518975e-05
 42
0.0541537699389366
 10
246.9999999886641
 20
11.0000111576519
 42
0.0102975691048253
 10
249.9999999886313
 20
12.00001115763734
 42
0.136930710068077
 10
369.9999999886168
 20
105.0000111575791
 42
0.333333333333514
  0
LWPOLYLINE
  5
645A
330
6455
100
AcDbEntity
  8
TOILET
100
AcDbPolyline
 90
8
 70
0
 10
-1.1328666e-08
 20
60.95731115769012
 10
9.999999988671332
 20
63.95731115769013
 10
9.999999988671332
 20
97.95731115769013
 10
4.999999988671333
 20
99.66591115764459
 10
4.999999988671333
 20
290.3341111576592
 10
9.999999988671332
 20
292.0427111576719
 10
9.999999988671332
 20
326.0427111576719
 10
-1.1328666e-08
 20
329.0427111576719
1001
AcDbBlockRepETag
1070
1
1071
24
1005
0
  0
LWPOLYLINE
  5
645B
330
6455
100
AcDbEntity
  8
TOILET
100
AcDbPolyline
 90
6
 70
0
 10
193.140441995718
 20
328.7781674224098
 10
199.4864840473383
 20
328.2396369224625
 42
-0.2288652819265459
 10
348.8248092439826
 20
238.9823477060745
 42
-0.2995565897263572
 10
348.8248092439826
 20
151.0176746092948
 42
-0.2288652834327586
 10
199.4864840473383
 20
61.76038589291056
 10
193.1404411774238
 20
61.22185582346901
1001
AcDbBlockRepETag
1070
1
1071
0
1005
645B
  0
LWPOLYLINE
  5
645C
330
6455
100
AcDbEntity
  8
TOILET
100
AcDbPolyline
 90
4
 70
0
 10
179.9999999886713
 20
270.3322518253317
 42
-0.1966858811000126
 10
254.7173527388004
 20
243.0823645747478
 42
-0.4421820010649481
 10
254.7173527388004
 20
146.9176577406215
 42
-0.196685881100039
 10
179.9999999886713
 20
119.6677704900357
 42
-0.196685881100039
1001
AcDbBlockRepETag
1070
1
1071
1
1005
645C
  0
LWPOLYLINE
  5
645D
330
6455
100
AcDbEntity
  8
TOILET
100
AcDbPolyline
 90
4
 70
0
 10
179.9999999886713
 20
265.3283180888684
 42
-0.1971886388813531
 10
251.3528259299564
 20
239.3837216678403
 42
-0.4421820040080212
 10
251.3528259299564
 20
150.616300647529
 42
-0.197188638881417
 10
179.9999999886713
 20
124.671704226499
 42
-0.197188638881417
1001
AcDbBlockRepETag
1070
1
1071
2
1005
645D
  0
LWPOLYLINE
  5
645E
330
6455
100
AcDbEntity
  8
TOILET
100
AcDbPolyline
 90
4
 70
0
 10
204.1821410452103
 20
348.2164412397906
 42
-0.2983890812810372
 10
360.4601336678825
 20
227.8220262446303
 42
-0.1687853213228311
 10
360.4601336678825
 20
162.1779965707428
 42
-0.29838908085178
 10
204.1821410295816
 20
41.78358207439305
 42
-0.29838908085178
1001
AcDbBlockRepETag
1070
1
1071
3
1005
645E
  0
LWPOLYLINE
  5
645F
330
6455
100
AcDbEntity
  8
TOILET
100
AcDbPolyline
 90
6
 70
0
 10
199.0334811879875
 20
343.3092291537541
 42
-0.2732053347375252
 10
241.732456205842
 20
356.9293473298058
 42
-0.1326326792144568
 10
351.5041034046662
 20
271.3277171509435
 42
-0.3340321086847313
 10
351.5041034046662
 20
118.6723051644257
 42
-0.1326326808988414
 10
241.732456205842
 20
33.07067548556734
 42
-0.2732053397538149
 10
199.0334800017445
 20
46.69079549083654
 42
-0.2732053397538149
1001
AcDbBlockRepETag
1070
1
1071
4
1005
645F
  0
ARC
  5
6460
330
6455
100
AcDbEntity
  8
TOILET
100
AcDbCircle
 10
236.4233274601101
 20
85.4233015456448
 30
0.0
 40
75.17108589045966
100
AcDbArc
 50
234.7683849255318
 51
278.0884318027515
1001
AcDbBlockRepETag
1070
1
1071
6
1005
6460
  0
ARC
  5
6461
330
6455
100
AcDbEntity
  8
TOILET
100
AcDbCircle
 10
72.50000798861583
 20
1070.000011156986
 30
0.0
 40
1052.499999999356
100
AcDbArc
 50
266.0501330011094
 51
273.9498669988906
1001
AcDbBlockRepETag
1070
1
1071
7
1005
6461
  0
LINE
  5
6462
330
6455
100
AcDbEntity
  8
TOILET
100
AcDbLine
 10
180.0353295495369
 20
135.6803092628579
 30
0.0
 11
180.0000057820798
 21
135.6819162186329
 31
0.0
1001
AcDbBlockRepETag
1070
1
1071
9
1005
6462
  0
LINE
  5
6463
330
6455
100
AcDbEntity
  8
TOILET
100
AcDbLine
 10
180.1273725144201
 20
149.6298507671199
 30
0.0
 11
180.0000028711147
 21
149.63957622831
 31
0.0
1001
AcDbBlockRepETag
1070
1
1071
10
1005
6463
  0
ARC
  5
6464
330
6455
100
AcDbEntity
  8
TOILET
100
AcDbCircle
 10
180.0000079886158
 20
195.0000111576537
 30
0.0
 40
14.99999599999867
100
AcDbArc
 50
270.0000037219195
 51
89.99999627808052
1001
AcDbBlockRepETag
1070
1
1071
11
1005
6464
  0
LINE
  5
6465
330
6455
100
AcDbEntity
  8
TOILET
100
AcDbLine
 10
180.000006637616
 20
240.3604463780393
 30
0.0
 11
180.1273725144201
 21
240.3701715482494
 31
0.0
1001
AcDbBlockRepETag
1070
1
1071
12
1005
6465
  0
LINE
  5
6466
330
6455
100
AcDbEntity
  8
TOILET
100
AcDbLine
 10
180.0000011268639
 20
254.3181058840455
 30
0.0
 11
180.0353295495369
 21
254.3197130525113
 31
0.0
1001
AcDbBlockRepETag
1070
1
1071
13
1005
6466
  0
LWPOLYLINE
  5
6467
330
6455
100
AcDbEntity
  8
TOILET
100
AcDbPolyline
 90
6
 70
0
 10
179.9999999886713
 20
240.3604456140329
 42
-0.1040149467337102
 10
209.4458759699119
 20
236.5050538441901
 42
-0.2303792005802273
 10
218.6815128910457
 20
227.1778225364433
 42
-0.1652844264331295
 10
218.6815128910457
 20
162.8221997788678
 42
-0.2303791752019901
 10
209.4458759699119
 20
153.4949684711209
 42
-0.1040149548023422
 10
179.9999999886713
 20
149.6395762012143
 42
-0.1040149548023422
1001
AcDbBlockRepETag
1070
1
1071
14
1005
6467
  0
LWPOLYLINE
  5
6468
330
6455
100
AcDbEntity
  8
TOILET
100
AcDbPolyline
 90
6
 70
0
 10
179.9999999886713
 20
254.3181058320715
 42
-0.1888620029530527
 10
241.4652915458064
 20
233.4247981027329
 42
-0.0864971883266786
 10
248.4749850077424
 20
225.0557839410358
 42
-0.2685247535990671
 10
248.4749850077424
 20
164.9442383743335
 42
-0.0864971883273197
 10
241.4652915458064
 20
156.5752242126364
 42
-0.1888620029529459
 10
179.9999999886713
 20
135.6819164832977
 42
-0.1888620029529459
1001
AcDbBlockRepETag
1070
1
1071
15
1005
6468
  0
ARC
  5
6469
330
6455
100
AcDbEntity
  8
TOILET
100
AcDbCircle
 10
180.0000106169245
 20
195.0000137860806
 30
0.0
 40
23.99999800000024
100
AcDbArc
 50
269.9999841751721
 51
90.00000327502237
1001
AcDbBlockRepETag
1070
1
1071
17
1005
6469
  0
LINE
  5
646A
330
6455
100
AcDbEntity
  8
TOILET
100
AcDbLine
 10
179.9999999886713
 20
106.9641113092875
 30
0.0
 11
179.9999999886713
 21
283.0359071900948
 31
0.0
1001
AcDbBlockRepETag
1070
1
1071
18
1005
646A
  0
ARC
  5
646B
330
6455
100
AcDbEntity
  8
TOILET
100
AcDbCircle
 10
236.4233243909475
 20
304.5767311244071
 30
0.0
 40
75.17107607034747
100
AcDbArc
 50
81.91156476951801
 51
125.2316174967056
1001
AcDbBlockRepETag
1070
1
1071
19
1005
646B
  0
LWPOLYLINE
  5
646C
330
6455
100
AcDbEntity
  8
TOILET
100
AcDbPolyline
 90
4
 70
0
 10
201.9293799656079
 20
40.26090188694434
 42
-0.1091614927085378
 10
174.0000039887018
 20
166.6633126577107
 10
174.0000039887018
 20
223.3366956576683
 42
-0.1091614927085479
 10
201.9293799656079
 20
349.7391204284249
1001
AcDbBlockRepETag
1070
1
1071
20
1005
646C
  0
ARC
  5
646D
330
6455
100
AcDbEntity
  8
TOILET
100
AcDbCircle
 10
72.50000798861583
 20
-679.9999888409184
 30
0.0
 40
1052.49999999857
100
AcDbArc
 50
86.05013300110943
 51
93.94986699889058
1001
AcDbBlockRepETag
1070
1
1071
21
1005
646D
  0
LWPOLYLINE
  5
646E
330
6455
100
AcDbEntity
  8
TOILET
100
AcDbPolyline
 90
5
 70
0
 10
-1.1328666e-08
 20
332.0426971576853
 10
103.0176079886369
 20
332.0427426576825
 42
-0.2849228624890527
 10
105.7050349915735
 20
330.3761214873848
 42
0.2849134982259586
 10
119.142115488612
 20
322.0427426576825
 10
141.9415294564896
 20
322.0426962470992
1001
AcDbBlockRepETag
1070
1
1071
25
1005
646E
  0
LWPOLYLINE
  5
646F
330
6455
100
AcDbEntity
  8
TOILET
100
AcDbPolyline
 90
6
 70
0
 10
-1.1328666e-08
 20
42.95729715770358
 10
137.2941191511563
 20
42.95726677761194
 42
0.0226295014686242
 10
143.2660470844348
 20
77.45616026569405
 42
0.0147514981945019
 10
143.2660470844348
 20
312.543862049617
 42
0.0226295444688444
 10
137.2941191511563
 20
347.0427415377089
 10
-1.1328666e-08
 20
347.0426971576853
1001
AcDbBlockRepETag
1070
1
1071
26
1005
646F
  0
LWPOLYLINE
  5
6470
330
6455
100
AcDbEntity
  8
TOILET
100
AcDbPolyline
 90
8
 70
0
 10
201.9449607756324
 20
40.22722357002566
 42
-0.5037472575247813
 10
193.0583970149382
 20
24.02155107030194
 42
-0.0262279648575262
 10
145.0000082932747
 20
20.0000078871708
 42
0.0624467296535482
 10
159.2683825185158
 20
118.4985862694775
 42
0.0095635534739692
 10
159.2683825185158
 20
271.5014365458373
 42
0.062446729701856
 10
145.0000082933329
 20
370.0000154282061
 42
-0.0262279699960745
 10
193.0583970149382
 20
365.9784717450711
 42
-0.5037472325681902
 10
201.9449607756324
 20
349.7727987453436
1001
AcDbBlockRepETag
1070
1
1071
27
1005
6470
  0
LWPOLYLINE
  5
6471
330
6455
100
AcDbEntity
  8
TOILET
100
AcDbPolyline
 90
6
 70
0
 10
-1.1328666e-08
 20
352.0426971576853
 10
146.4219790907445
 20
352.0427447920411
 42
-0.0512665995692096
 10
156.2689187375581
 20
271.444036977573
 42
-0.0095635498425909
 10
156.2689187375581
 20
118.5559853377381
 42
-0.0512665803680356
 10
146.4219790907445
 20
37.95726352333804
 10
-1.1328666e-08
 20
37.95729715770358
1001
AcDbBlockRepETag
1070
1
1071
28
1005
6471
  0
LWPOLYLINE
  5
6472
330
6455
100
AcDbEntity
  8
TOILET
100
AcDbPolyline
 90
5
 70
0
 10
-1.12959242e-08
 20
57.95732515761847
 10
103.0176079886696
 20
57.9572796576449
 42
0.2849228624890527
 10
105.7050349916062
 20
59.62390082794446
 42
-0.2849134982259586
 10
119.1421154886411
 20
67.95727965765036
 10
141.9415295598373
 20
67.95732606823913
1001
AcDbBlockRepETag
1070
1
1071
25
1005
646E
  0
ENDBLK
  5
6473
330
6455
100
AcDbEntity
  8
0
100
AcDbBlockEnd
  0
BLOCK
  5
6477
330
6474
100
AcDbEntity
  8
0
100
AcDbBlockBegin
  2
EWRGWJET
 70
0
 10
0.0
 20
0.0
 30
0.0
  3
EWRGWJET
  1

  0
LWPOLYLINE
  5
6478
330
6474
100
AcDbEntity
  8
주차
100
AcDbPolyline
 90
4
 70
1
 10
0.0
 20
0.0
 10
2500.0
 20
0.0
 10
2500.0
 20
-5000.0
 10
0.0
 20
-5000.0
  0
LINE
  5
6479
330
6474
100
AcDbEntity
  8
주차
100
AcDbLine
 10
0.0
 20
0.0
 30
0.0
 11
2500.0
 21
-5000.0
 31
0.0
  0
ENDBLK
  5
647A
330
6474
100
AcDbEntity
  8
0
100
AcDbBlockEnd
  0
BLOCK
  5
648B
330
648A
100
AcDbEntity
  8
0
100
AcDbBlockBegin
  2
reterye
 70
0
 10
0.0
 20
0.0
 30
0.0
  3
reterye
  1

  0
LINE
  5
648C
330
648A
100
AcDbEntity
  8
HAT
100
AcDbLine
 10
-390.7620621551614
 20
98.74556807581757
 30
0.0
 11
-50.941451597384
 21
98.74556807581757
 31
0.0
1001
ACAD
1010
55749.85265469482
1020
29953.53715614045
1030
0.0
  0
LINE
  5
648D
330
648A
100
AcDbEntity
  8
HAT
100
AcDbLine
 10
1596.483031179043
 20
98.74556807581757
 30
0.0
 11
2149.237937903054
 21
98.74556807581757
 31
0.0
1001
ACAD
1010
55749.85265469482
1020
29953.53715614045
1030
0.0
  0
LINE
  5
648E
330
648A
100
AcDbEntity
  8
HAT
100
AcDbLine
 10
339.0585484026087
 20
98.74556807581757
 30
0.0
 11
679.237937854632
 21
98.74556807581757
 31
0.0
1001
ACAD
1010
55749.85265469482
1020
29953.53715614045
1030
0.0
  0
LINE
  5
648F
330
648A
100
AcDbEntity
  8
HAT
100
AcDbLine
 10
699.2379378547994
 20
98.74556807581757
 30
0.0
 11
1206.681178877639
 21
98.74556807581757
 31
0.0
1001
ACAD
1010
55749.85265469482
1020
29953.53715614045
1030
0.0
  0
LINE
  5
6490
330
648A
100
AcDbEntity
  8
HAT
100
AcDbLine
 10
-390.7620621551614
 20
-101.2544319241824
 30
0.0
 11
-47.00623024939704
 21
-101.2544319241824
 31
0.0
1001
ACAD
1010
55749.85265469482
1020
29953.53715614045
1030
0.0
  0
LINE
  5
6491
330
648A
100
AcDbEntity
  8
HAT
100
AcDbLine
 10
1525.789200639636
 20
-101.2544319241824
 30
0.0
 11
2149.237937903054
 21
-101.2544319241824
 31
0.0
1001
ACAD
1010
55749.85265469482
1020
29953.53715614045
1030
0.0
  0
LINE
  5
6492
330
648A
100
AcDbEntity
  8
HAT
100
AcDbLine
 10
335.1233270546145
 20
-101.2544319241824
 30
0.0
 11
679.2379378549157
 21
-101.2544319241824
 31
0.0
1001
ACAD
1010
55749.85265469482
1020
29953.53715614045
1030
0.0
  0
LINE
  5
6493
330
648A
100
AcDbEntity
  8
HAT
100
AcDbLine
 10
699.2379378550103
 20
-101.2544319241824
 30
0.0
 11
1277.375009417163
 21
-101.2544319241824
 31
0.0
1001
ACAD
1010
55749.85265469482
1020
29953.53715614045
1030
0.0
  0
LINE
  5
6494
330
648A
100
AcDbEntity
  8
HAT
100
AcDbLine
 10
-390.7620621551614
 20
-301.2544319241824
 30
0.0
 11
-37.42469871003414
 21
-301.2544319241824
 31
0.0
1001
ACAD
1010
55749.85265469482
1020
29953.53715614045
1030
0.0
  0
LINE
  5
6495
330
648A
100
AcDbEntity
  8
HAT
100
AcDbLine
 10
699.2379378552214
 20
-301.2544319241824
 30
0.0
 11
2149.237937903054
 21
-301.2544319241824
 31
0.0
1001
ACAD
1010
55749.85265469482
1020
29953.53715614045
1030
0.0
  0
LINE
  5
6496
330
648A
100
AcDbEntity
  8
HAT
100
AcDbLine
 10
325.5417955152516
 20
-301.2544319241824
 30
0.0
 11
679.2379378551994
 21
-301.2544319241824
 31
0.0
1001
ACAD
1010
55749.85265469482
1020
29953.53715614045
1030
0.0
  0
LINE
  5
6497
330
648A
100
AcDbEntity
  8
HAT
100
AcDbLine
 10
-390.7620621551614
 20
-501.2544319241824
 30
0.0
 11
92.0970242186595
 21
-501.2544319241824
 31
0.0
1001
ACAD
1010
55749.85265469482
1020
29953.53715614045
1030
0.0
  0
LINE
  5
6498
330
648A
100
AcDbEntity
  8
HAT
100
AcDbLine
 10
768.5199701633536
 20
-501.2544319241824
 30
0.0
 11
2149.237937903047
 21
-501.2544319241824
 31
0.0
1001
ACAD
1010
55749.85265469482
1020
29953.53715614045
1030
0.0
  0
LINE
  5
6499
330
648A
100
AcDbEntity
  8
HAT
100
AcDbLine
 10
196.0200725865652
 20
-501.2544319241824
 30
0.0
 11
679.2379378554833
 21
-501.2544319241824
 31
0.0
1001
ACAD
1010
55749.85265469482
1020
29953.53715614045
1030
0.0
  0
LINE
  5
649A
330
648A
100
AcDbEntity
  8
HAT
100
AcDbLine
 10
679.2379378554906
 20
-501.2544319241824
 30
0.0
 11
745.4259593963943
 21
-501.2544319241824
 31
0.0
1001
ACAD
1010
55749.85265469482
1020
29953.53715614045
1030
0.0
  0
LINE
  5
649B
330
648A
100
AcDbEntity
  8
HAT
100
AcDbLine
 10
-390.7620621551614
 20
-701.2544319241824
 30
0.0
 11
679.2379378557742
 21
-701.2544319241824
 31
0.0
1001
ACAD
1010
55749.85265469482
1020
29953.53715614045
1030
0.0
  0
LINE
  5
649C
330
648A
100
AcDbEntity
  8
HAT
100
AcDbLine
 10
883.9900240017813
 20
-701.2544319241824
 30
0.0
 11
2149.237937903047
 21
-701.2544319241824
 31
0.0
1001
ACAD
1010
55749.85265469482
1020
29953.53715614045
1030
0.0
  0
LINE
  5
649D
330
648A
100
AcDbEntity
  8
HAT
100
AcDbLine
 10
679.2379378557742
 20
-701.2544319241824
 30
0.0
 11
860.8960132346547
 21
-701.2544319241824
 31
0.0
1001
ACAD
1010
55749.85265469482
1020
29953.53715614045
1030
0.0
  0
LINE
  5
649E
330
648A
100
AcDbEntity
  8
HAT
100
AcDbLine
 10
-390.7620621551614
 20
-901.2544319241824
 30
0.0
 11
679.2379378560581
 21
-901.2544319241824
 31
0.0
1001
ACAD
1010
55749.85265469482
1020
29953.53715614045
1030
0.0
  0
LINE
  5
649F
330
648A
100
AcDbEntity
  8
HAT
100
AcDbLine
 10
1537.461509784931
 20
-901.2544319241824
 30
0.0
 11
2149.237937903047
 21
-901.2544319241824
 31
0.0
1001
ACAD
1010
55749.85265469482
1020
29953.53715614045
1030
0.0
  0
LINE
  5
64A0
330
648A
100
AcDbEntity
  8
HAT
100
AcDbLine
 10
679.2379378560581
 20
-901.2544319241824
 30
0.0
 11
976.3660670729223
 21
-901.2544319241824
 31
0.0
1001
ACAD
1010
55749.85265469482
1020
29953.53715614045
1030
0.0
  0
LINE
  5
64A1
330
648A
100
AcDbEntity
  8
HAT
100
AcDbLine
 10
999.4600778402164
 20
-901.2544319241824
 30
0.0
 11
1151.615522502237
 21
-901.2544319241824
 31
0.0
1001
ACAD
1010
55749.85265469482
1020
29953.53715614045
1030
0.0
  0
LINE
  5
64A2
330
648A
100
AcDbEntity
  8
HAT
100
AcDbLine
 10
-390.7620621551614
 20
-1101.254431924182
 30
0.0
 11
679.2379378602054
 21
-1101.254431924182
 31
0.0
1001
ACAD
1010
55749.85265469482
1020
29953.53715614045
1030
0.0
  0
LINE
  5
64A3
330
648A
100
AcDbEntity
  8
HAT
100
AcDbLine
 10
949.2379378795957
 20
-1101.254431924182
 30
0.0
 11
2149.237937903047
 21
-1101.254431924182
 31
0.0
1001
ACAD
1010
55749.85265469482
1020
29953.53715614045
1030
0.0
  0
LINE
  5
64A4
330
648A
100
AcDbEntity
  8
HAT
100
AcDbLine
 10
699.237937856138
 20
-1101.254431924182
 30
0.0
 11
949.2379378795886
 21
-1101.254431924182
 31
0.0
1001
ACAD
1010
55749.85265469482
1020
29953.53715614045
1030
0.0
  0
LINE
  5
64A5
330
648A
100
AcDbEntity
  8
HAT
100
AcDbLine
 10
-390.7620621551614
 20
-1301.254431924182
 30
0.0
 11
679.2379378602054
 21
-1301.254431924182
 31
0.0
1001
ACAD
1010
55749.85265469482
1020
29953.53715614045
1030
0.0
  0
LINE
  5
64A6
330
648A
100
AcDbEntity
  8
HAT
100
AcDbLine
 10
930.1780455317858
 20
-1301.254431924182
 30
0.0
 11
2149.237937903047
 21
-1301.254431924182
 31
0.0
1001
ACAD
1010
55749.85265469482
1020
29953.53715614045
1030
0.0
  0
LINE
  5
64A7
330
648A
100
AcDbEntity
  8
HAT
100
AcDbLine
 10
699.2379378571422
 20
-1301.254431924182
 30
0.0
 11
907.0840347628982
 21
-1301.254431924182
 31
0.0
1001
ACAD
1010
55749.85265469482
1020
29953.53715614045
1030
0.0
  0
LINE
  5
64A8
330
648A
100
AcDbEntity
  8
HAT
100
AcDbLine
 10
-390.7620621551614
 20
-1501.254431924182
 30
0.0
 11
679.2379378602054
 21
-1501.254431924182
 31
0.0
1001
ACAD
1010
55749.85265469482
1020
29953.53715614045
1030
0.0
  0
LINE
  5
64A9
330
648A
100
AcDbEntity
  8
HAT
100
AcDbLine
 10
814.7079916954607
 20
-1501.254431924182
 30
0.0
 11
2149.237937903047
 21
-1501.254431924182
 31
0.0
1001
ACAD
1010
55749.85265469482
1020
29953.53715614045
1030
0.0
  0
LINE
  5
64AA
330
648A
100
AcDbEntity
  8
HAT
100
AcDbLine
 10
699.2379378581463
 20
-1501.254431924182
 30
0.0
 11
791.6139809246378
 21
-1501.254431924182
 31
0.0
1001
ACAD
1010
55749.85265469482
1020
29953.53715614045
1030
0.0
  0
LINE
  5
64AB
330
648A
100
AcDbEntity
  8
HAT
100
AcDbLine
 10
-390.7620621551614
 20
-1701.254431924182
 30
0.0
 11
-23.98169431030692
 21
-1701.254431924182
 31
0.0
1001
ACAD
1010
55749.85265469482
1020
29953.53715614045
1030
0.0
  0
LINE
  5
64AC
330
648A
100
AcDbEntity
  8
HAT
100
AcDbLine
 10
312.0987911150587
 20
-1701.254431924182
 30
0.0
 11
679.2379378602054
 21
-1701.254431924182
 31
0.0
1001
ACAD
1010
55749.85265469482
1020
29953.53715614045
1030
0.0
  0
LINE
  5
64AD
330
648A
100
AcDbEntity
  8
HAT
100
AcDbLine
 10
699.2379378591359
 20
-1701.254431924182
 30
0.0
 11
2149.237937903039
 21
-1701.254431924182
 31
0.0
1001
ACAD
1010
55749.85265469482
1020
29953.53715614045
1030
0.0
  0
LINE
  5
64AE
330
648A
100
AcDbEntity
  8
HAT
100
AcDbLine
 10
-390.7620621551614
 20
-1901.254431924182
 30
0.0
 11
-45.29453362053027
 21
-1901.254431924182
 31
0.0
1001
ACAD
1010
55749.85265469482
1020
29953.53715614045
1030
0.0
  0
LINE
  5
64AF
330
648A
100
AcDbEntity
  8
HAT
100
AcDbLine
 10
333.4116304252893
 20
-1901.254431924182
 30
0.0
 11
679.2379378602054
 21
-1901.254431924182
 31
0.0
1001
ACAD
1010
55749.85265469482
1020
29953.53715614045
1030
0.0
  0
LINE
  5
64B0
330
648A
100
AcDbEntity
  8
HAT
100
AcDbLine
 10
1703.392683649508
 20
-1901.254431924182
 30
0.0
 11
2149.237937903039
 21
-1901.254431924182
 31
0.0
1001
ACAD
1010
55749.85265469482
1020
29953.53715614045
1030
0.0
  0
LINE
  5
64B1
330
648A
100
AcDbEntity
  8
HAT
100
AcDbLine
 10
699.2379378601399
 20
-1901.254431924182
 30
0.0
 11
1332.987500071947
 21
-1901.254431924179
 31
0.0
1001
ACAD
1010
55749.85265469482
1020
29953.53715614045
1030
0.0
  0
LINE
  5
64B2
330
648A
100
AcDbEntity
  8
HAT
100
AcDbLine
 10
-390.7620621551614
 20
-2101.254431924183
 30
0.0
 11
-50.94145159762411
 21
-2101.254431924183
 31
0.0
1001
ACAD
1010
55749.85265469482
1020
29953.53715614045
1030
0.0
  0
LINE
  5
64B3
330
648A
100
AcDbEntity
  8
HAT
100
AcDbLine
 10
338.975991311243
 20
-2101.254431924183
 30
0.0
 11
679.2379378602054
 21
-2101.254431924183
 31
0.0
1001
ACAD
1010
55749.85265469482
1020
29953.53715614045
1030
0.0
  0
LINE
  5
64B4
330
648A
100
AcDbEntity
  8
HAT
100
AcDbLine
 10
1786.190092443845
 20
-2101.254431924183
 30
0.0
 11
2149.237937903039
 21
-2101.254431924183
 31
0.0
1001
ACAD
1010
55749.85265469482
1020
29953.53715614045
1030
0.0
  0
LINE
  5
64B5
330
648A
100
AcDbEntity
  8
HAT
100
AcDbLine
 10
699.2379378611513
 20
-2101.254431924183
 30
0.0
 11
1250.190092202989
 21
-2101.254431924183
 31
0.0
1001
ACAD
1010
55749.85265469482
1020
29953.53715614045
1030
0.0
  0
LINE
  5
64B6
330
648A
100
AcDbEntity
  8
HAT
100
AcDbLine
 10
-190.7620621551614
 20
-2301.254431924179
 30
0.0
 11
-190.7620621551614
 21
-1051.254431915331
 31
0.0
1001
ACAD
1010
55749.85265469482
1020
29953.53715614045
1030
0.0
  0
LINE
  5
64B7
330
648A
100
AcDbEntity
  8
HAT
100
AcDbLine
 10
-190.7620621551614
 20
-1031.254431915407
 30
0.0
 11
-190.7620621551614
 21
238.7455680930543
 31
0.0
1001
ACAD
1010
55749.85265469482
1020
29953.53715614045
1030
0.0
  0
LINE
  5
64B8
330
648A
100
AcDbEntity
  8
HAT
100
AcDbLine
 10
9.237937844838598
 20
-1633.517568953117
 30
0.0
 11
9.237937844838598
 21
-1051.254431915331
 31
0.0
1001
ACAD
1010
55749.85265469482
1020
29953.53715614045
1030
0.0
  0
LINE
  5
64B9
330
648A
100
AcDbEntity
  8
HAT
100
AcDbLine
 10
9.237937844838598
 20
218.7455680930507
 30
0.0
 11
9.237937844838598
 21
221.7455680930507
 31
0.0
1001
ACAD
1010
55749.85265469482
1020
29953.53715614045
1030
0.0
  0
LINE
  5
64BA
330
648A
100
AcDbEntity
  8
HAT
100
AcDbLine
 10
9.237937844838598
 20
-1031.254431915066
 30
0.0
 11
9.237937844838598
 21
-428.9912948749333
 31
0.0
1001
ACAD
1010
55749.85265469482
1020
29953.53715614045
1030
0.0
  0
LINE
  5
64BB
330
648A
100
AcDbEntity
  8
HAT
100
AcDbLine
 10
209.2379378448386
 20
-1567.352667640589
 30
0.0
 11
209.2379378448386
 21
-1051.254431915331
 31
0.0
1001
ACAD
1010
55749.85265469482
1020
29953.53715614045
1030
0.0
  0
LINE
  5
64BC
330
648A
100
AcDbEntity
  8
HAT
100
AcDbLine
 10
209.2379378448386
 20
218.7455680930507
 30
0.0
 11
209.2379378448386
 21
238.7455680930507
 31
0.0
1001
ACAD
1010
55749.85265469482
1020
29953.53715614045
1030
0.0
  0
LINE
  5
64BD
330
648A
100
AcDbEntity
  8
HAT
100
AcDbLine
 10
209.2379378448386
 20
-1031.254431914727
 30
0.0
 11
209.2379378448386
 21
-495.1561961879233
 31
0.0
1001
ACAD
1010
55749.85265469482
1020
29953.53715614045
1030
0.0
  0
LINE
  5
64BE
330
648A
100
AcDbEntity
  8
HAT
100
AcDbLine
 10
409.2379378448385
 20
-2301.254431924179
 30
0.0
 11
409.2379378448385
 21
-2101.254431924186
 31
0.0
1001
ACAD
1010
55749.85265469482
1020
29953.53715614045
1030
0.0
  0
LINE
  5
64BF
330
648A
100
AcDbEntity
  8
HAT
100
AcDbLine
 10
409.2379378448385
 20
-2101.254431924186
 30
0.0
 11
409.2379378448385
 21
-1051.254431915331
 31
0.0
1001
ACAD
1010
55749.85265469482
1020
29953.53715614045
1030
0.0
  0
LINE
  5
64C0
330
648A
100
AcDbEntity
  8
HAT
100
AcDbLine
 10
409.2379378448385
 20
-1031.254431914389
 30
0.0
 11
409.2379378448385
 21
238.7455680930507
 31
0.0
1001
ACAD
1010
55749.85265469482
1020
29953.53715614045
1030
0.0
  0
LINE
  5
64C1
330
648A
100
AcDbEntity
  8
HAT
100
AcDbLine
 10
609.2379378448385
 20
-2301.254431924179
 30
0.0
 11
609.2379378448385
 21
-1051.254431915331
 31
0.0
1001
ACAD
1010
55749.85265469482
1020
29953.53715614045
1030
0.0
  0
LINE
  5
64C2
330
648A
100
AcDbEntity
  8
HAT
100
AcDbLine
 10
609.2379378448385
 20
-1031.25443191405
 30
0.0
 11
609.2379378448385
 21
238.7455680930507
 31
0.0
1001
ACAD
1010
55749.85265469482
1020
29953.53715614045
1030
0.0
  0
LINE
  5
64C3
330
648A
100
AcDbEntity
  8
HAT
100
AcDbLine
 10
809.2379378448386
 20
-2301.254431924179
 30
0.0
 11
809.2379378448386
 21
-1510.728843106968
 31
0.0
1001
ACAD
1010
55749.85265469482
1020
29953.53715614045
1030
0.0
  0
LINE
  5
64C4
330
648A
100
AcDbEntity
  8
HAT
100
AcDbLine
 10
809.2379378448386
 20
-571.7800207291475
 30
0.0
 11
809.2379378448386
 21
238.7455680930507
 31
0.0
1001
ACAD
1010
55749.85265469482
1020
29953.53715614045
1030
0.0
  0
LINE
  5
64C5
330
648A
100
AcDbEntity
  8
HAT
100
AcDbLine
 10
809.2379378448386
 20
-1470.728843108078
 30
0.0
 11
809.2379378448386
 21
-1060.629736791132
 31
0.0
1001
ACAD
1010
55749.85265469482
1020
29953.53715614045
1030
0.0
  0
LINE
  5
64C6
330
648A
100
AcDbEntity
  8
HAT
100
AcDbLine
 10
809.2379378448386
 20
-1021.879127037453
 30
0.0
 11
809.2379378448386
 21
-611.7800207280452
 31
0.0
1001
ACAD
1010
55749.85265469482
1020
29953.53715614045
1030
0.0
  0
LINE
  5
64C7
330
648A
100
AcDbEntity
  8
HAT
100
AcDbLine
 10
809.2379378448386
 20
-1060.629736791132
 30
0.0
 11
809.2379378448386
 21
-1021.879127037453
 31
0.0
1001
ACAD
1010
55749.85265469482
1020
29953.53715614045
1030
0.0
  0
LINE
  5
64C8
330
648A
100
AcDbEntity
  8
HAT
100
AcDbLine
 10
1009.237937844838
 20
-2301.254431924179
 30
0.0
 11
1009.237937844838
 21
-1164.318681594701
 31
0.0
1001
ACAD
1010
55749.85265469482
1020
29953.53715614045
1030
0.0
  0
LINE
  5
64C9
330
648A
100
AcDbEntity
  8
HAT
100
AcDbLine
 10
1009.237937844838
 20
-918.1901822414111
 30
0.0
 11
1009.237937844838
 21
238.7455680930507
 31
0.0
1001
ACAD
1010
55749.85265469482
1020
29953.53715614045
1030
0.0
  0
LINE
  5
64CA
330
648A
100
AcDbEntity
  8
HAT
100
AcDbLine
 10
1009.237937844838
 20
-1129.67766540997
 30
0.0
 11
1009.237937844838
 21
-952.8311984170176
 31
0.0
1001
ACAD
1010
55749.85265469482
1020
29953.53715614045
1030
0.0
  0
LINE
  5
64CB
330
648A
100
AcDbEntity
  8
HAT
100
AcDbLine
 10
1209.237937844839
 20
-2301.254431924179
 30
0.0
 11
1209.237937844839
 21
-1086.542639607425
 31
0.0
1001
ACAD
1010
55749.85265469482
1020
29953.53715614045
1030
0.0
  0
LINE
  5
64CC
330
648A
100
AcDbEntity
  8
HAT
100
AcDbLine
 10
1209.237937844839
 20
136.9927083578113
 30
0.0
 11
1209.237937844839
 21
238.7455680930507
 31
0.0
1001
ACAD
1010
55749.85265469482
1020
29953.53715614045
1030
0.0
  0
LINE
  5
64CD
330
648A
100
AcDbEntity
  8
HAT
100
AcDbLine
 10
1209.237937844839
 20
-766.5426396074253
 30
0.0
 11
1209.237937844839
 21
42.44190310453268
 31
0.0
1001
ACAD
1010
55749.85265469482
1020
29953.53715614045
1030
0.0
  0
LINE
  5
64CE
330
648A
100
AcDbEntity
  8
HAT
100
AcDbLine
 10
1409.237937844839
 20
-766.5426396074289
 30
0.0
 11
1409.237937844839
 21
-161.0589319148021
 31
0.0
1001
ACAD
1010
55749.85265469482
1020
29953.53715614045
1030
0.0
  0
LINE
  5
64CF
330
648A
100
AcDbEntity
  8
HAT
100
AcDbLine
 10
1409.237937844839
 20
-1853.321440351203
 30
0.0
 11
1409.237937844839
 21
-1086.542639607422
 31
0.0
1001
ACAD
1010
55749.85265469482
1020
29953.53715614045
1030
0.0
  0
LINE
  5
64D0
330
648A
100
AcDbEntity
  8
HAT
100
AcDbLine
 10
1609.237937844838
 20
-1846.470954818236
 30
0.0
 11
1609.237937844838
 21
238.7455680930507
 31
0.0
1001
ACAD
1010
55749.85265469482
1020
29953.53715614045
1030
0.0
  0
LINE
  5
64D1
330
648A
100
AcDbEntity
  8
HAT
100
AcDbLine
 10
1809.237937844838
 20
-2301.254431912341
 30
0.0
 11
1809.237937844838
 21
238.7455680930507
 31
0.0
1001
ACAD
1010
55749.85265469482
1020
29953.53715614045
1030
0.0
  0
LINE
  5
64D2
330
648A
100
AcDbEntity
  8
HAT
100
AcDbLine
 10
2009.237937844838
 20
-2301.254431919308
 30
0.0
 11
2009.237937844838
 21
238.7455680930507
 31
0.0
1001
ACAD
1010
55749.85265469482
1020
29953.53715614045
1030
0.0
  0
LINE
  5
64D3
330
648A
100
AcDbEntity
  8
HAT
100
AcDbLine
 10
679.2379378553159
 20
-381.2544319139342
 30
0.0
 11
679.2379378562473
 21
-1031.254431913934
 31
0.0
1001
ACAD
1010
1086037.529190361
1020
-190777.017264154
1030
0.0
  0
LINE
  5
64D4
330
648A
100
AcDbEntity
  8
HAT
100
AcDbLine
 10
679.2379378592741
 20
-1701.254431915331
 30
0.0
 11
679.2379378602054
 21
-1051.254431915331
 31
0.0
1001
ACAD
1010
1086037.529190361
1020
-190777.017264154
1030
0.0
  0
ENDBLK
  5
64D5
330
648A
100
AcDbEntity
  8
0
100
AcDbBlockEnd
  0
BLOCK
  5
64D7
330
64D6
100
AcDbEntity
  8
0
100
AcDbBlockBegin
  2
arrow19
 70
0
 10
0.0
 20
0.0
 30
0.0
  3
arrow19
  1

  0
LWPOLYLINE
  5
64D8
330
64D6
100
AcDbEntity
  8
0
 62
0
100
AcDbPolyline
 90
7
 70
1
 10
-2.0894e-12
 20
0.2500118788361829
 10
-2.0894e-12
 20
-0.2500118788332528
 10
0.5000237576673483
 20
-0.2500118788332528
 10
0.5000237576673483
 20
-0.5000237576679706
 10
1.000047515336781
 20
1.4651e-12
 10
0.5000237576673483
 20
0.5000237576709007
 10
0.5000237576673483
 20
0.2500118788361829
  0
LINE
  5
64D9
330
64D6
100
AcDbEntity
  8
0
 62
0
100
AcDbLine
 10
0.5000237576673483
 20
-0.3014020058813194
 30
0.0
 11
0.900736639443571
 21
0.0993108758948292
 31
0.0
  0
LINE
  5
64DA
330
64D6
100
AcDbEntity
  8
0
 62
0
100
AcDbLine
 10
0.4512356642714323
 20
-0.2500118788332528
 30
0.0
 11
0.8506475292214642
 21
0.1493999861167814
 31
0.0
  0
LINE
  5
64DB
330
64D6
100
AcDbEntity
  8
0
 62
0
100
AcDbLine
 10
0.3510574438272233
 20
-0.2500118788332528
 30
0.0
 11
0.8005584189993619
 21
0.1994890963388088
 31
0.0
  0
LINE
  5
64DC
330
64D6
100
AcDbEntity
  8
0
 62
0
100
AcDbLine
 10
0.5000237576673483
 20
-0.4015802263252989
 30
0.0
 11
0.9508257496653687
 21
0.0492217656728009
 31
0.0
  0
LINE
  5
64DD
330
64D6
100
AcDbEntity
  8
0
 62
0
100
AcDbLine
 10
-2.0894e-12
 20
-0.2003564408865712
 30
0.0
 11
0.4503683197207387
 21
0.2500118788361829
 31
0.0
  0
LINE
  5
64DE
330
64D6
100
AcDbEntity
  8
0
 62
0
100
AcDbLine
 10
0.2508792233833188
 20
-0.2500118788332528
 30
0.0
 11
0.7504693087772596
 21
0.2495782065608371
 31
0.0
  0
LINE
  5
64DF
330
64D6
100
AcDbEntity
  8
0
 62
0
100
AcDbLine
 10
0.0505227824952096
 20
-0.2500118788332528
 30
0.0
 11
0.6502910883333552
 21
0.3497564270048928
 31
0.0
  0
LINE
  5
64E0
330
64D6
100
AcDbEntity
  8
0
 62
0
100
AcDbLine
 10
0.1507010029394144
 20
-0.2500118788332528
 30
0.0
 11
0.7003801985554575
 21
0.2996673167828654
 31
0.0
  0
LINE
  5
64E1
330
64D6
100
AcDbEntity
  8
0
 62
0
100
AcDbLine
 10
-2.0894e-12
 20
-0.1001782204425906
 30
0.0
 11
0.3501900992765339
 21
0.2500118788361829
 31
0.0
  0
LINE
  5
64E2
330
64D6
100
AcDbEntity
  8
0
 62
0
100
AcDbLine
 10
-2.0894e-12
 20
0.1001782204455207
 30
0.0
 11
0.149833658388725
 21
0.2500118788361829
 31
0.0
  0
LINE
  5
64E3
330
64D6
100
AcDbEntity
  8
0
 62
0
100
AcDbLine
 10
-2.0894e-12
 20
1.4651e-12
 30
0.0
 11
0.2500118788326294
 21
0.2500118788361829
 31
0.0
  0
LINE
  5
64E4
330
64D6
100
AcDbEntity
  8
0
 62
0
100
AcDbLine
 10
-2.0894e-12
 20
0.2003564408895013
 30
0.0
 11
0.049655437944516
 21
0.2500118788361829
 31
0.0
  0
LINE
  5
64E5
330
64D6
100
AcDbEntity
  8
0
 62
0
100
AcDbLine
 10
0.5000237576673483
 20
0.399845537226845
 30
0.0
 11
0.5501128678894507
 21
0.4499346474488734
 31
0.0
  0
LINE
  5
64E6
330
64D6
100
AcDbEntity
  8
0
 62
0
100
AcDbLine
 10
0.5000237576673483
 20
0.2996673167828654
 30
0.0
 11
0.6002019781112528
 21
0.399845537226845
 31
0.0
  0
ENDBLK
  5
64E7
330
64D6
100
AcDbEntity
  8
0
100
AcDbBlockEnd
  0
BLOCK
  5
6685
330
6684
100
AcDbEntity
  8
0
100
AcDbBlockBegin
  2
dsfsdfdfssxcv
 70
0
 10
0.0
 20
0.0
 30
0.0
  3
dsfsdfdfssxcv
  1

  0
ARC
  5
6686
330
6684
100
AcDbEntity
  8
FIN
100
AcDbCircle
 10
76287.89304019601
 20
16408.72703334373
 30
0.0
 40
5.666666664074
100
AcDbArc
 50
118.0724868995107
 51
241.9275131004892
  0
ARC
  5
6687
330
6684
100
AcDbEntity
  8
FIN
100
AcDbCircle
 10
76288.03970336368
 20
17398.72703334467
 30
0.0
 40
5.737144297840901
100
AcDbArc
 50
119.3649765601163
 51
240.6350234398837
  0
LWPOLYLINE
  5
6688
330
6684
100
AcDbEntity
  8
WID-S
100
AcDbPolyline
 90
16
 70
1
 10
76198.22637347558
 20
16460.72703313071
 10
76188.22637347558
 20
16460.72703313071
 10
76188.22637347558
 20
16460.72703313071
 10
76188.22637347558
 20
16460.72703313071
 10
76188.22637347558
 20
16460.72703313071
 10
76188.22637347558
 20
16460.72703313071
 10
76188.22637347558
 20
16416.72703313071
 10
76188.22637347558
 20
16416.72703313071
 10
76188.22637347558
 20
16416.72703313071
 10
76188.22637347558
 20
16416.72703313071
 10
76188.22637347558
 20
16416.72703313071
 10
76282.22637347558
 20
16416.72703313071
 10
76282.22637347558
 20
16460.72703313071
 10
76272.22637347558
 20
16460.72703313071
 10
76272.22637347558
 20
16445.72703313071
 10
76198.22637347558
 20
16445.72703313071
  0
LWPOLYLINE
  5
6689
330
6684
100
AcDbEntity
  8
WID-S
100
AcDbPolyline
 90
16
 70
1
 10
76201.22637347558
 20
16463.72703313071
 10
76185.22637347558
 20
16463.72703313071
 10
76185.22637347558
 20
16463.72703313071
 10
76185.22637347558
 20
16463.72703313071
 10
76185.22637347558
 20
16463.72703313071
 10
76185.22637347558
 20
16463.72703313071
 10
76185.22637347558
 20
16413.72703313071
 10
76185.22637347558
 20
16413.72703313071
 10
76185.22637347558
 20
16413.72703313071
 10
76185.22637347558
 20
16413.72703313071
 10
76185.22637347558
 20
16413.72703313071
 10
76285.22637347558
 20
16413.72703313071
 10
76285.22637347558
 20
16463.72703313071
 10
76269.22637347558
 20
16463.72703313071
 10
76269.22637347558
 20
16448.72703313071
 10
76201.22637347558
 20
16448.72703313071
  0
LINE
  5
668A
330
6684
100
AcDbEntity
  8
WID-S
100
AcDbLine
 10
76235.22637347558
 20
16448.72703313071
 30
0.0
 11
76235.22637347558
 21
16463.72703313071
 31
0.0
  0
LWPOLYLINE
  5
668B
330
6684
100
AcDbEntity
  8
WID-S
100
AcDbPolyline
 90
4
 70
1
 10
76233.22637347603
 20
16533.72703313024
 10
76203.22637347605
 20
16533.72703313071
 10
76203.22637347651
 20
16453.72703313117
 10
76233.22637347603
 20
16453.72703313024
1001
INERCAD20
1000
UnNamed
1070
2001
1071
2
  0
LWPOLYLINE
  5
668C
330
6684
100
AcDbEntity
  8
WID-S
100
AcDbPolyline
 90
4
 70
1
 10
76230.22637347605
 20
16530.72703313024
 10
76206.22637347603
 20
16530.7270331307
 10
76206.22637347651
 20
16456.72703313117
 10
76230.22637347605
 20
16456.72703313047
1001
INERCAD20
1000
UnNamed
1070
2001
1071
2
  0
LINE
  5
668D
330
6684
100
AcDbEntity
  8
ELE-2
100
AcDbLine
 10
76269.22637347512
 20
16463.72703313071
 30
0.0
 11
76269.22637347558
 21
17343.72703313071
 31
0.0
1001
INERCAD20
1000
UnNamed
1070
2001
1071
4
  0
LINE
  5
668E
330
6684
100
AcDbEntity
  8
ELE-2
100
AcDbLine
 10
76201.22637347558
 20
16463.72703313024
 30
0.0
 11
76201.22637347605
 21
17343.72703313071
 31
0.0
1001
INERCAD20
1000
UnNamed
1070
2001
1071
4
  0
LINE
  5
668F
330
6684
100
AcDbEntity
  8
ELE-2
100
AcDbLine
 10
76235.22637347605
 20
17343.72703313071
 30
0.0
 11
76235.22637347605
 21
16463.72703313024
 31
0.0
1001
INERCAD20
1000
UnNamed
1070
2001
1071
4
  0
LINE
  5
6690
330
6684
100
AcDbEntity
  8
ELE-2
100
AcDbLine
 10
76285.22637347558
 20
16463.72703313071
 30
0.0
 11
76285.22637347605
 21
17343.72703313071
 31
0.0
1001
INERCAD20
1000
UnNamed
1070
2001
1071
4
  0
LINE
  5
6691
330
6684
100
AcDbEntity
  8
WID
100
AcDbLine
 10
76215.72637347651
 20
16863.72703313094
 30
0.0
 11
76215.72637347605
 21
16533.72703313117
 31
0.0
1001
INERCAD20
1000
UnNamed
1070
2001
1071
1
  0
LWPOLYLINE
  5
6692
330
6684
100
AcDbEntity
  8
WID-S
100
AcDbPolyline
 90
16
 70
1
 10
76201.22637347558
 20
17343.72703313094
 10
76185.22637347558
 20
17343.72703313094
 10
76185.22637347558
 20
17343.72703313094
 10
76185.22637347558
 20
17343.72703313094
 10
76185.22637347558
 20
17343.72703313094
 10
76185.22637347558
 20
17343.72703313094
 10
76185.22637347558
 20
17393.72703313094
 10
76185.22637347558
 20
17393.72703313094
 10
76185.22637347558
 20
17393.72703313094
 10
76185.22637347558
 20
17393.72703313094
 10
76185.22637347558
 20
17393.72703313094
 10
76285.22637347558
 20
17393.72703313094
 10
76285.22637347558
 20
17343.72703313094
 10
76269.22637347558
 20
17343.72703313094
 10
76269.22637347558
 20
17358.72703313094
 10
76201.22637347558
 20
17358.72703313094
  0
LINE
  5
6693
330
6684
100
AcDbEntity
  8
ELE-2
100
AcDbLine
 10
76185.22637347558
 20
16463.72703313071
 30
0.0
 11
76185.22637347605
 21
17343.72703313071
 31
0.0
1001
INERCAD20
1000
UnNamed
1070
2001
1071
4
  0
LWPOLYLINE
  5
6694
330
6684
100
AcDbEntity
  8
WID-S
100
AcDbPolyline
 90
16
 70
1
 10
76198.22637347558
 20
17346.72703313094
 10
76188.22637347558
 20
17346.72703313094
 10
76188.22637347558
 20
17346.72703313094
 10
76188.22637347558
 20
17346.72703313094
 10
76188.22637347558
 20
17346.72703313094
 10
76188.22637347558
 20
17346.72703313094
 10
76188.22637347558
 20
17390.72703313094
 10
76188.22637347558
 20
17390.72703313094
 10
76188.22637347558
 20
17390.72703313094
 10
76188.22637347558
 20
17390.72703313094
 10
76188.22637347558
 20
17390.72703313094
 10
76282.22637347558
 20
17390.72703313094
 10
76282.22637347558
 20
17346.72703313094
 10
76272.22637347558
 20
17346.72703313094
 10
76272.22637347558
 20
17361.72703313094
 10
76198.22637347558
 20
17361.72703313094
  0
LINE
  5
6695
330
6684
100
AcDbEntity
  8
WID-S
100
AcDbLine
 10
76235.22637347558
 20
17358.72703313094
 30
0.0
 11
76235.22637347558
 21
17343.72703313094
 31
0.0
  0
LWPOLYLINE
  5
6696
330
6684
100
AcDbEntity
  8
WID-S
100
AcDbPolyline
 90
4
 70
1
 10
76233.22637347603
 20
16863.72703313141
 10
76203.22637347605
 20
16863.72703313094
 10
76203.22637347651
 20
16943.72703313047
 10
76233.22637347603
 20
16943.72703313141
1001
INERCAD20
1000
UnNamed
1070
2001
1071
2
  0
LWPOLYLINE
  5
6697
330
6684
100
AcDbEntity
  8
WID-S
100
AcDbPolyline
 90
4
 70
1
 10
76230.22637347605
 20
16866.7270331314
 10
76206.22637347603
 20
16866.72703313117
 10
76206.22637347651
 20
16940.72703313071
 10
76230.22637347605
 20
16940.7270331314
1001
INERCAD20
1000
UnNamed
1070
2001
1071
2
  0
LINE
  5
6698
330
6684
100
AcDbEntity
  8
ELE-2
100
AcDbLine
 10
76485.22637347558
 20
16903.72703313071
 30
0.0
 11
75885.22637347558
 21
16903.72703313094
 31
0.0
  0
LWPOLYLINE
  5
6699
330
6684
100
AcDbEntity
  8
WID-S
100
AcDbPolyline
 90
4
 70
1
 10
76267.22637347651
 20
16863.72703313164
 10
76237.22637347651
 20
16863.72703313117
 10
76237.22637347698
 20
16943.72703313071
 10
76267.22637347651
 20
16943.72703313164
1001
INERCAD20
1000
UnNamed
1070
2001
1071
2
  0
LWPOLYLINE
  5
669A
330
6684
100
AcDbEntity
  8
WID-S
100
AcDbPolyline
 90
4
 70
1
 10
76264.22637347651
 20
16866.72703313164
 10
76240.22637347651
 20
16866.7270331314
 10
76240.22637347698
 20
16940.72703313094
 10
76264.22637347651
 20
16940.72703313164
1001
INERCAD20
1000
UnNamed
1070
2001
1071
2
  0
LWPOLYLINE
  5
669B
330
6684
100
AcDbEntity
  8
WID-S
100
AcDbPolyline
 90
4
 70
1
 10
76267.22637347558
 20
17273.72703313117
 10
76237.22637347558
 20
17273.7270331307
 10
76237.22637347605
 20
17353.72703313024
 10
76267.22637347558
 20
17353.72703313117
1001
INERCAD20
1000
UnNamed
1070
2001
1071
2
  0
LWPOLYLINE
  5
669C
330
6684
100
AcDbEntity
  8
WID-S
100
AcDbPolyline
 90
4
 70
1
 10
76264.22637347558
 20
17276.72703313117
 10
76240.22637347558
 20
17276.72703313071
 10
76240.22637347603
 20
17350.72703313047
 10
76264.22637347558
 20
17350.72703313117
1001
INERCAD20
1000
UnNamed
1070
2001
1071
2
  0
LINE
  5
669D
330
6684
100
AcDbEntity
  8
WID
100
AcDbLine
 10
76249.72637347651
 20
16943.72703313047
 30
0.0
 11
76249.72637347558
 21
17273.72703313024
 31
0.0
1001
INERCAD20
1000
UnNamed
1070
2001
1071
1
  0
LWPOLYLINE
  5
669E
330
6684
100
AcDbEntity
  8
WID-S
100
AcDbPolyline
 90
16
 70
1
 10
76098.22637347558
 20
16460.72703313071
 10
76088.22637347558
 20
16460.72703313071
 10
76088.22637347558
 20
16460.72703313071
 10
76088.22637347558
 20
16460.72703313071
 10
76088.22637347558
 20
16460.72703313071
 10
76088.22637347558
 20
16460.72703313071
 10
76088.22637347558
 20
16416.72703313071
 10
76088.22637347558
 20
16416.72703313071
 10
76088.22637347558
 20
16416.72703313071
 10
76088.22637347558
 20
16416.72703313071
 10
76088.22637347558
 20
16416.72703313071
 10
76182.22637347558
 20
16416.72703313071
 10
76182.22637347558
 20
16460.72703313071
 10
76172.22637347558
 20
16460.72703313071
 10
76172.22637347558
 20
16445.72703313071
 10
76098.22637347558
 20
16445.72703313071
  0
LWPOLYLINE
  5
669F
330
6684
100
AcDbEntity
  8
WID-S
100
AcDbPolyline
 90
16
 70
1
 10
76101.22637347558
 20
16463.72703313071
 10
76085.22637347558
 20
16463.72703313071
 10
76085.22637347558
 20
16463.72703313071
 10
76085.22637347558
 20
16463.72703313071
 10
76085.22637347558
 20
16463.72703313071
 10
76085.22637347558
 20
16463.72703313071
 10
76085.22637347558
 20
16413.72703313071
 10
76085.22637347558
 20
16413.72703313071
 10
76085.22637347558
 20
16413.72703313071
 10
76085.22637347558
 20
16413.72703313071
 10
76085.22637347558
 20
16413.72703313071
 10
76185.22637347558
 20
16413.72703313071
 10
76185.22637347558
 20
16463.72703313071
 10
76169.22637347558
 20
16463.72703313071
 10
76169.22637347558
 20
16448.72703313071
 10
76101.22637347558
 20
16448.72703313071
  0
LINE
  5
66A0
330
6684
100
AcDbEntity
  8
WID-S
100
AcDbLine
 10
76135.22637347558
 20
16448.72703313071
 30
0.0
 11
76135.22637347558
 21
16463.72703313071
 31
0.0
  0
LWPOLYLINE
  5
66A1
330
6684
100
AcDbEntity
  8
WID-S
100
AcDbPolyline
 90
4
 70
1
 10
76133.22637347605
 20
16533.72703313024
 10
76103.22637347603
 20
16533.72703313071
 10
76103.22637347651
 20
16453.72703313117
 10
76133.22637347605
 20
16453.72703313024
1001
INERCAD20
1000
UnNamed
1070
2001
1071
2
  0
LWPOLYLINE
  5
66A2
330
6684
100
AcDbEntity
  8
WID-S
100
AcDbPolyline
 90
4
 70
1
 10
76130.22637347603
 20
16530.72703313024
 10
76106.22637347605
 20
16530.72703313071
 10
76106.22637347651
 20
16456.72703313117
 10
76130.22637347603
 20
16456.72703313047
1001
INERCAD20
1000
UnNamed
1070
2001
1071
2
  0
LINE
  5
66A3
330
6684
100
AcDbEntity
  8
ELE-2
100
AcDbLine
 10
76169.22637347512
 20
16463.72703313071
 30
0.0
 11
76169.22637347558
 21
17343.72703313071
 31
0.0
1001
INERCAD20
1000
UnNamed
1070
2001
1071
4
  0
LINE
  5
66A4
330
6684
100
AcDbEntity
  8
ELE-2
100
AcDbLine
 10
76101.22637347558
 20
16463.72703313024
 30
0.0
 11
76101.22637347605
 21
17343.72703313071
 31
0.0
1001
INERCAD20
1000
UnNamed
1070
2001
1071
4
  0
LINE
  5
66A5
330
6684
100
AcDbEntity
  8
ELE-2
100
AcDbLine
 10
76135.22637347605
 20
17343.72703313071
 30
0.0
 11
76135.22637347605
 21
16463.72703313024
 31
0.0
1001
INERCAD20
1000
UnNamed
1070
2001
1071
4
  0
LINE
  5
66A6
330
6684
100
AcDbEntity
  8
ELE-2
100
AcDbLine
 10
76185.22637347558
 20
16463.72703313071
 30
0.0
 11
76185.22637347605
 21
17343.72703313071
 31
0.0
1001
INERCAD20
1000
UnNamed
1070
2001
1071
4
  0
LINE
  5
66A7
330
6684
100
AcDbEntity
  8
WID
100
AcDbLine
 10
76115.72637347651
 20
16863.72703313094
 30
0.0
 11
76115.72637347605
 21
16533.72703313117
 31
0.0
1001
INERCAD20
1000
UnNamed
1070
2001
1071
1
  0
LWPOLYLINE
  5
66A8
330
6684
100
AcDbEntity
  8
WID-S
100
AcDbPolyline
 90
16
 70
1
 10
76101.22637347558
 20
17343.72703313094
 10
76085.22637347558
 20
17343.72703313094
 10
76085.22637347558
 20
17343.72703313094
 10
76085.22637347558
 20
17343.72703313094
 10
76085.22637347558
 20
17343.72703313094
 10
76085.22637347558
 20
17343.72703313094
 10
76085.22637347558
 20
17393.72703313094
 10
76085.22637347558
 20
17393.72703313094
 10
76085.22637347558
 20
17393.72703313094
 10
76085.22637347558
 20
17393.72703313094
 10
76085.22637347558
 20
17393.72703313094
 10
76185.22637347558
 20
17393.72703313094
 10
76185.22637347558
 20
17343.72703313094
 10
76169.22637347558
 20
17343.72703313094
 10
76169.22637347558
 20
17358.72703313094
 10
76101.22637347558
 20
17358.72703313094
  0
LINE
  5
66A9
330
6684
100
AcDbEntity
  8
ELE-2
100
AcDbLine
 10
76085.22637347558
 20
16463.72703313071
 30
0.0
 11
76085.22637347605
 21
17343.72703313071
 31
0.0
1001
INERCAD20
1000
UnNamed
1070
2001
1071
4
  0
LWPOLYLINE
  5
66AA
330
6684
100
AcDbEntity
  8
WID-S
100
AcDbPolyline
 90
16
 70
1
 10
76098.22637347558
 20
17346.72703313094
 10
76088.22637347558
 20
17346.72703313094
 10
76088.22637347558
 20
17346.72703313094
 10
76088.22637347558
 20
17346.72703313094
 10
76088.22637347558
 20
17346.72703313094
 10
76088.22637347558
 20
17346.72703313094
 10
76088.22637347558
 20
17390.72703313094
 10
76088.22637347558
 20
17390.72703313094
 10
76088.22637347558
 20
17390.72703313094
 10
76088.22637347558
 20
17390.72703313094
 10
76088.22637347558
 20
17390.72703313094
 10
76182.22637347558
 20
17390.72703313094
 10
76182.22637347558
 20
17346.72703313094
 10
76172.22637347558
 20
17346.72703313094
 10
76172.22637347558
 20
17361.72703313094
 10
76098.22637347558
 20
17361.72703313094
  0
LINE
  5
66AB
330
6684
100
AcDbEntity
  8
WID-S
100
AcDbLine
 10
76135.22637347558
 20
17358.72703313094
 30
0.0
 11
76135.22637347558
 21
17343.72703313094
 31
0.0
  0
LWPOLYLINE
  5
66AC
330
6684
100
AcDbEntity
  8
WID-S
100
AcDbPolyline
 90
4
 70
1
 10
76133.22637347605
 20
16863.72703313141
 10
76103.22637347603
 20
16863.72703313094
 10
76103.22637347651
 20
16943.72703313047
 10
76133.22637347605
 20
16943.72703313141
1001
INERCAD20
1000
UnNamed
1070
2001
1071
2
  0
LWPOLYLINE
  5
66AD
330
6684
100
AcDbEntity
  8
WID-S
100
AcDbPolyline
 90
4
 70
1
 10
76130.22637347603
 20
16866.7270331314
 10
76106.22637347605
 20
16866.72703313117
 10
76106.22637347651
 20
16940.72703313071
 10
76130.22637347603
 20
16940.7270331314
1001
INERCAD20
1000
UnNamed
1070
2001
1071
2
  0
LWPOLYLINE
  5
66AE
330
6684
100
AcDbEntity
  8
WID-S
100
AcDbPolyline
 90
4
 70
1
 10
76167.22637347651
 20
16863.72703313164
 10
76137.22637347651
 20
16863.72703313117
 10
76137.22637347698
 20
16943.72703313071
 10
76167.22637347651
 20
16943.72703313164
1001
INERCAD20
1000
UnNamed
1070
2001
1071
2
  0
LWPOLYLINE
  5
66AF
330
6684
100
AcDbEntity
  8
WID-S
100
AcDbPolyline
 90
4
 70
1
 10
76164.22637347651
 20
16866.72703313164
 10
76140.22637347651
 20
16866.7270331314
 10
76140.22637347698
 20
16940.72703313094
 10
76164.22637347651
 20
16940.72703313164
1001
INERCAD20
1000
UnNamed
1070
2001
1071
2
  0
LWPOLYLINE
  5
66B0
330
6684
100
AcDbEntity
  8
WID-S
100
AcDbPolyline
 90
4
 70
1
 10
76167.22637347558
 20
17273.72703313117
 10
76137.22637347558
 20
17273.7270331307
 10
76137.22637347605
 20
17353.72703313024
 10
76167.22637347558
 20
17353.72703313117
1001
INERCAD20
1000
UnNamed
1070
2001
1071
2
  0
LWPOLYLINE
  5
66B1
330
6684
100
AcDbEntity
  8
WID-S
100
AcDbPolyline
 90
4
 70
1
 10
76164.22637347558
 20
17276.72703313117
 10
76140.22637347558
 20
17276.72703313071
 10
76140.22637347605
 20
17350.72703313047
 10
76164.22637347558
 20
17350.72703313117
1001
INERCAD20
1000
UnNamed
1070
2001
1071
2
  0
LINE
  5
66B2
330
6684
100
AcDbEntity
  8
WID
100
AcDbLine
 10
76149.72637347651
 20
16943.72703313047
 30
0.0
 11
76149.72637347558
 21
17273.72703313024
 31
0.0
1001
INERCAD20
1000
UnNamed
1070
2001
1071
1
  0
LINE
  5
66B3
330
6684
100
AcDbEntity
  8
WID
100
AcDbLine
 10
76220.72637347651
 20
16863.72703313094
 30
0.0
 11
76220.72637347605
 21
16533.72703313117
 31
0.0
1001
INERCAD20
1000
UnNamed
1070
2001
1071
1
  0
LINE
  5
66B4
330
6684
100
AcDbEntity
  8
WID
100
AcDbLine
 10
76254.72637347651
 20
16943.72703313047
 30
0.0
 11
76254.72637347558
 21
17273.72703313024
 31
0.0
1001
INERCAD20
1000
UnNamed
1070
2001
1071
1
  0
LINE
  5
66B5
330
6684
100
AcDbEntity
  8
WID
100
AcDbLine
 10
76120.72637347651
 20
16863.72703313094
 30
0.0
 11
76120.72637347605
 21
16533.72703313117
 31
0.0
1001
INERCAD20
1000
UnNamed
1070
2001
1071
1
  0
LINE
  5
66B6
330
6684
100
AcDbEntity
  8
WID
100
AcDbLine
 10
76154.72637347651
 20
16943.72703313047
 30
0.0
 11
76154.72637347558
 21
17273.72703313024
 31
0.0
1001
INERCAD20
1000
UnNamed
1070
2001
1071
1
  0
LINE
  5
66B7
330
6684
100
AcDbEntity
  8
마감선
100
AcDbLine
 10
76285.2263733913
 20
16403.72703312989
 30
0.0
 11
76285.22637347745
 21
16403.72703312969
 31
0.0
  0
ENDBLK
  5
66B8
330
6684
100
AcDbEntity
  8
0
100
AcDbBlockEnd
  0
BLOCK
  5
66BA
330
66B9
100
AcDbEntity
  8
0
100
AcDbBlockBegin
  2
etertet
 70
0
 10
0.0
 20
0.0
 30
0.0
  3
etertet
  1

  0
LINE
  5
66BB
330
66B9
100
AcDbEntity
  8
DOOR
100
AcDbLine
 10
49892.72637354565
 20
17412.22703329744
 30
0.0
 11
49147.72637354557
 21
17412.22703330404
 31
0.0
  0
LINE
  5
66BC
330
66B9
100
AcDbEntity
  8
DOOR
100
AcDbLine
 10
49892.72637354564
 20
17400.22703329757
 30
0.0
 11
49147.72637354524
 21
17400.22703330384
 31
0.0
  0
LINE
  5
66BD
330
66B9
100
AcDbEntity
  8
ELE-2
100
AcDbLine
 10
49160.72637354582
 20
17421.22703330394
 30
0.0
 11
49879.72637354557
 21
17421.22703329718
 31
0.0
  0
LINE
  5
66BE
330
66B9
100
AcDbEntity
  8
ELE-2
100
AcDbLine
 10
49160.72637354547
 20
17391.22703330394
 30
0.0
 11
49879.72637354556
 21
17391.22703329752
 31
0.0
  0
LWPOLYLINE
  5
66BF
330
66B9
100
AcDbEntity
  8
DOOR-S
100
AcDbPolyline
 90
12
 70
0
 10
49926.72637354553
 20
17413.72703329687
 10
49926.72637354577
 20
17414.72703329717
 10
49930.22637354547
 20
17414.72703329696
 10
49930.22637354568
 20
17416.22703329723
 42
0.4142135623730951
 10
49927.72637354573
 20
17418.72703329742
 10
49907.72637354568
 20
17418.72703329726
 10
49907.72637354543
 20
17393.72703329724
 10
49927.72637354548
 20
17393.7270332974
 42
0.4142135623730951
 10
49930.22637354551
 20
17396.22703329718
 10
49930.22637354538
 20
17397.72703329712
 10
49926.72637354568
 20
17397.72703329733
 10
49926.7263735456
 20
17398.72703329729
  0
LWPOLYLINE
  5
66C0
330
66B9
100
AcDbEntity
  8
DOOR-S
100
AcDbPolyline
 90
4
 70
1
 10
49893.72637354557
 20
17418.72703329744
 10
49906.72637354556
 20
17418.72703329735
 10
49906.7263735453
 20
17393.72703329732
 10
49893.72637354564
 20
17393.72703329774
  0
LWPOLYLINE
  5
66C1
330
66B9
100
AcDbEntity
  8
DOOR-S
100
AcDbPolyline
 90
48
 70
0
 10
49884.72637354591
 20
17398.7270332978
 10
49879.22637354563
 20
17398.72703329784
 10
49879.22637354558
 20
17393.22703329789
 42
0.4142135623731544
 10
49879.72637354545
 20
17392.72703329745
 10
49927.72637354524
 20
17392.72703329711
 42
0.4142135623730951
 10
49931.22637354564
 20
17396.2270332971
 10
49931.22637354575
 20
17398.72703329733
 10
49925.72637354564
 20
17398.72703329721
 10
49925.72637354552
 20
17400.22703329715
 10
49932.72637354524
 20
17400.22703329706
 10
49932.72637354557
 20
17396.22703329722
 42
-0.4142135623730951
 10
49927.72637354568
 20
17391.2270332975
 10
49879.72637354556
 20
17391.22703329752
 42
-0.4142135623731544
 10
49877.72637354564
 20
17393.22703329777
 10
49877.72637354556
 20
17400.22703329766
 10
49884.72637354546
 20
17400.22703329741
 10
49884.72637354567
 20
17397.72703329751
 10
49880.2263735455
 20
17397.72703329747
 10
49880.22637354534
 20
17393.72703329746
 10
49892.72637354567
 20
17393.72703329766
 10
49892.72637354551
 20
17397.72703329734
 10
49887.72637354538
 20
17397.72703329726
 10
49887.72637354562
 20
17398.72703329755
 10
49892.72637354543
 20
17398.7270332973
 10
49892.72637354569
 20
17413.72703329722
 10
49887.72637354588
 20
17413.72703329747
 10
49887.7263735458
 20
17414.72703329743
 10
49892.72637354593
 20
17414.72703329751
 10
49892.7263735456
 20
17418.72703329735
 10
49880.2263735456
 20
17418.72703329748
 10
49880.2263735456
 20
17414.7270332973
 10
49884.72637354575
 20
17414.72703329734
 10
49884.72637354579
 20
17412.22703329761
 10
49877.7263735459
 20
17412.22703329786
 10
49877.72637354582
 20
17419.22703329775
 42
-0.4142135623731544
 10
49879.72637354557
 20
17421.22703329718
 10
49927.7263735457
 20
17421.22703329716
 42
-0.4142135623730951
 10
49932.72637354575
 20
17416.22703329727
 10
49932.72637354558
 20
17412.22703329726
 10
49925.72637354586
 20
17412.22703329735
 10
49925.72637354557
 20
17413.72703329679
 10
49931.22637354568
 20
17413.72703329691
 10
49931.22637354581
 20
17416.22703329715
 42
0.4142135623730951
 10
49927.72637354566
 20
17419.72703329738
 10
49879.72637354586
 20
17419.72703329773
 42
0.4142135623731544
 10
49879.22637354576
 20
17419.22703329787
 10
49879.22637354555
 20
17413.72703329742
 10
49884.72637354583
 20
17413.72703329738
  0
LWPOLYLINE
  5
66C2
330
66B9
100
AcDbEntity
  8
DOOR-S
100
AcDbPolyline
 90
8
 70
1
 10
49927.72637354581
 20
17417.72703329746
 10
49924.72637354577
 20
17417.72703329738
 10
49924.72637354535
 20
17394.72703329728
 10
49927.7263735454
 20
17394.72703329736
 10
49927.72637354548
 20
17393.7270332974
 10
49923.7263735458
 20
17393.72703329757
 10
49923.72637354573
 20
17418.72703329726
 10
49927.72637354573
 20
17418.72703329742
  0
LWPOLYLINE
  5
66C3
330
66B9
100
AcDbEntity
  8
DOOR-S
100
AcDbPolyline
 90
4
 70
0
 10
49924.72637354556
 20
17410.22703329717
 10
49938.72637354568
 20
17410.22703329701
 10
49938.72637354551
 20
17402.22703329682
 10
49924.72637354572
 20
17402.22703329732
  0
LWPOLYLINE
  5
66C4
330
66B9
100
AcDbEntity
  8
DOOR-S
100
AcDbPolyline
 90
2
 70
0
 10
49943.72637354548
 20
17404.22703329682
 10
49943.72637354548
 20
17404.22703329682
  0
LWPOLYLINE
  5
66C5
330
66B9
100
AcDbEntity
  8
DOOR-S
100
AcDbPolyline
 90
15
 70
0
 10
49924.72637354572
 20
17412.22703329743
 10
49942.72637354552
 20
17412.22703329709
 42
-0.4142135623730951
 10
49944.72637354578
 20
17410.22703329717
 10
49944.72637354562
 20
17408.22703329691
 10
49943.72637354565
 20
17408.22703329683
 10
49943.72637354565
 20
17408.22703329683
 42
0.4142135623730951
 10
49941.72637354573
 20
17410.22703329709
 10
49940.72637354578
 20
17410.22703329701
 10
49940.72637354561
 20
17402.22703329682
 10
49941.72637354556
 20
17402.2270332969
 42
0.4142135623733615
 10
49943.72637354548
 20
17404.22703329682
 10
49944.72637354546
 20
17404.2270332969
 10
49944.72637354562
 20
17402.22703329698
 42
-0.4142135623730951
 10
49942.72637354552
 20
17400.22703329722
 10
49924.7263735454
 20
17400.22703329723
  0
LINE
  5
66C6
330
66B9
100
AcDbEntity
  8
DOOR
100
AcDbLine
 10
49892.72637353131
 20
15775.22703329704
 30
0.0
 11
49147.72637353141
 21
15775.22703330414
 31
0.0
  0
LINE
  5
66C7
330
66B9
100
AcDbEntity
  8
DOOR
100
AcDbLine
 10
49892.72637353132
 20
15787.2270332969
 30
0.0
 11
49147.72637353141
 21
15787.227033304
 31
0.0
  0
LINE
  5
66C8
330
66B9
100
AcDbEntity
  8
ELE-2
100
AcDbLine
 10
49160.72637353131
 20
15766.2270333039
 30
0.0
 11
49879.72637353141
 21
15766.22703329747
 31
0.0
  0
LINE
  5
66C9
330
66B9
100
AcDbEntity
  8
ELE-2
100
AcDbLine
 10
49160.72637353116
 20
15796.22703330373
 30
0.0
 11
49879.72637353174
 21
15796.22703329747
 31
0.0
  0
LWPOLYLINE
  5
66CA
330
66B9
100
AcDbEntity
  8
DOOR-S
100
AcDbPolyline
 90
12
 70
0
 10
49926.72637353112
 20
15773.72703329692
 10
49926.7263735312
 20
15772.72703329696
 10
49930.22637353123
 20
15772.72703329708
 10
49930.22637353102
 20
15771.22703329681
 42
-0.4142135623730951
 10
49927.72637353148
 20
15768.7270332972
 10
49907.72637353144
 20
15768.72703329704
 10
49907.7263735317
 20
15793.72703329706
 10
49927.72637353142
 20
15793.72703329689
 42
-0.4142135623730951
 10
49930.22637353119
 20
15791.22703329686
 10
49930.22637353131
 20
15789.72703329692
 10
49926.72637353162
 20
15789.72703329713
 10
49926.7263735317
 20
15788.72703329717
  0
LWPOLYLINE
  5
66CB
330
66B9
100
AcDbEntity
  8
DOOR-S
100
AcDbPolyline
 90
4
 70
1
 10
49893.72637353131
 20
15768.72703329721
 10
49906.72637353131
 20
15768.72703329712
 10
49906.72637353156
 20
15793.72703329714
 10
49893.72637353157
 20
15793.72703329723
  0
LWPOLYLINE
  5
66CC
330
66B9
100
AcDbEntity
  8
DOOR-S
100
AcDbPolyline
 90
48
 70
0
 10
49884.72637353167
 20
15788.72703329735
 10
49879.22637353172
 20
15788.72703329772
 10
49879.22637353176
 20
15794.22703329767
 42
-0.4142135623731544
 10
49879.72637353154
 20
15794.7270332972
 10
49927.72637353133
 20
15794.72703329685
 42
-0.4142135623730951
 10
49931.22637353132
 20
15791.22703329678
 10
49931.22637353152
 20
15788.72703329688
 10
49925.72637353173
 20
15788.72703329708
 10
49925.72637353153
 20
15787.22703329681
 10
49932.72637353158
 20
15787.22703329706
 10
49932.72637353126
 20
15791.2270332969
 42
0.4142135623730951
 10
49927.72637353153
 20
15796.22703329712
 10
49879.72637353174
 20
15796.22703329747
 42
0.4142135623731544
 10
49877.72637353182
 20
15794.22703329755
 10
49877.72637353157
 20
15787.22703329732
 10
49884.72637353179
 20
15787.22703329741
 10
49884.72637353159
 20
15789.72703329731
 10
49880.22637353143
 20
15789.72703329726
 10
49880.2263735316
 20
15793.72703329728
 10
49892.72637353161
 20
15793.72703329715
 10
49892.72637353145
 20
15789.72703329714
 10
49887.72637353131
 20
15789.72703329706
 10
49887.7263735314
 20
15788.7270332971
 10
49892.72637353153
 20
15788.72703329718
 10
49892.72637353127
 20
15773.72703329726
 10
49887.72637353147
 20
15773.72703329751
 10
49887.72637353122
 20
15772.72703329722
 10
49892.72637353103
 20
15772.72703329697
 10
49892.72637353136
 20
15768.72703329712
 10
49880.22637353134
 20
15768.72703329726
 10
49880.22637353134
 20
15772.72703329743
 10
49884.7263735315
 20
15772.72703329747
 10
49884.72637353146
 20
15775.22703329721
 10
49877.72637353156
 20
15775.22703329746
 10
49877.72637353131
 20
15768.22703329723
 42
0.4142135623731544
 10
49879.72637353141
 20
15766.22703329747
 10
49927.7263735312
 20
15766.22703329713
 42
0.4142135623730951
 10
49932.72637353109
 20
15771.22703329685
 10
49932.72637353125
 20
15775.22703329686
 10
49925.72637353153
 20
15775.22703329695
 10
49925.72637353116
 20
15773.72703329684
 10
49931.22637353127
 20
15773.72703329696
 10
49931.22637353114
 20
15771.22703329673
 42
-0.4142135623730951
 10
49927.72637353124
 20
15767.7270332969
 10
49879.72637353112
 20
15767.72703329692
 42
-0.4142135623731544
 10
49879.22637353126
 20
15768.22703329735
 10
49879.22637353113
 20
15773.72703329747
 10
49884.72637353142
 20
15773.72703329743
  0
LWPOLYLINE
  5
66CD
330
66B9
100
AcDbEntity
  8
DOOR-S
100
AcDbPolyline
 90
8
 70
1
 10
49927.7263735314
 20
15769.72703329716
 10
49924.72637353136
 20
15769.72703329708
 10
49924.72637353144
 20
15792.72703329684
 10
49927.7263735315
 20
15792.72703329693
 10
49927.72637353142
 20
15793.72703329689
 10
49923.72637353173
 20
15793.72703329706
 10
49923.72637353147
 20
15768.72703329703
 10
49927.72637353148
 20
15768.7270332972
  0
LWPOLYLINE
  5
66CE
330
66B9
100
AcDbEntity
  8
DOOR-S
100
AcDbPolyline
 90
4
 70
0
 10
49924.72637353124
 20
15777.22703329695
 10
49938.72637353135
 20
15777.22703329678
 10
49938.72637353119
 20
15785.22703329663
 10
49924.7263735314
 20
15785.22703329714
  0
LWPOLYLINE
  5
66CF
330
66B9
100
AcDbEntity
  8
DOOR-S
100
AcDbPolyline
 90
2
 70
0
 10
49943.72637353149
 20
15783.2270332968
 10
49943.72637353149
 20
15783.2270332968
  0
LWPOLYLINE
  5
66D0
330
66B9
100
AcDbEntity
  8
DOOR-S
100
AcDbPolyline
 90
15
 70
0
 10
49924.7263735314
 20
15775.22703329703
 10
49942.7263735312
 20
15775.22703329669
 42
0.4142135623730951
 10
49944.72637353113
 20
15777.22703329661
 10
49944.72637353129
 20
15779.22703329686
 10
49943.72637353133
 20
15779.22703329678
 10
49943.72637353133
 20
15779.22703329678
 42
-0.4142135623730951
 10
49941.7263735314
 20
15777.22703329686
 10
49940.72637353144
 20
15777.22703329678
 10
49940.72637353128
 20
15785.22703329663
 10
49941.72637353124
 20
15785.22703329672
 42
-0.4142135623733615
 10
49943.72637353149
 20
15783.2270332968
 10
49944.72637353145
 20
15783.22703329688
 10
49944.72637353129
 20
15785.2270332968
 42
0.4142135623730951
 10
49942.72637353153
 20
15787.22703329689
 10
49924.7263735314
 20
15787.2270332969
  0
LWPOLYLINE
  5
66D1
330
66B9
100
AcDbEntity
  8
DOOR-S
100
AcDbPolyline
 90
10
 70
0
 10
49105.22637352576
 20
15315.22703330354
 10
49086.72637352549
 20
15315.22703330367
 10
49086.72637352583
 20
15357.22703330353
 10
49123.72637352588
 20
15357.22703330311
 10
49123.72637352596
 20
15342.22703330352
 10
49146.72637352589
 20
15342.22703330327
 10
49146.72637352582
 20
15357.22703330285
 10
49183.72637352603
 20
15357.22703330292
 10
49183.72637352569
 20
15315.22703330306
 10
49165.22637352558
 20
15315.22703330303
  0
LWPOLYLINE
  5
66D2
330
66B9
100
AcDbEntity
  8
DOOR-S
100
AcDbPolyline
 90
20
 70
1
 10
49165.22637352571
 20
15313.72703330308
 10
49185.2263735256
 20
15313.72703330275
 10
49185.2263735257
 20
15358.72703330249
 10
49145.22637352591
 20
15358.72703330317
 10
49145.22637352567
 20
15343.72703330325
 10
49125.22637352545
 20
15343.72703330326
 10
49125.22637352603
 20
15358.7270333035
 10
49085.22637352576
 20
15358.72703330335
 10
49085.22637352566
 20
15313.72703330361
 10
49105.22637352555
 20
15313.72703330327
 10
49105.22637352563
 20
15316.72703330348
 10
49088.22637352546
 20
15316.72703330357
 10
49088.2263735259
 20
15355.72703330371
 10
49122.22637352574
 20
15355.72703330337
 10
49122.22637352565
 20
15340.72703330329
 10
49148.22637352563
 20
15340.72703330312
 10
49148.22637352572
 20
15355.7270333032
 10
49182.22637352573
 20
15355.72703330269
 10
49182.22637352562
 20
15316.72703330288
 10
49165.22637352546
 20
15316.72703330297
  0
ARC
  5
66D3
330
66B9
100
AcDbEntity
  8
DOOR
100
AcDbCircle
 10
49135.22637354556
 20
17406.22703330424
 30
0.0
 40
809.5
100
AcDbArc
 50
270.0000000045857
 51
359.7020944363201
  0
ARC
  5
66D4
330
66B9
100
AcDbEntity
  8
DOOR
100
AcDbCircle
 10
49135.22637353139
 20
15781.2270333042
 30
0.0
 40
809.5
100
AcDbArc
 50
0.2979055816055983
 51
90.00000000458569
  0
LWPOLYLINE
  5
66D5
330
66B9
100
AcDbEntity
  8
DOOR-S
100
AcDbPolyline
 90
8
 70
1
 10
49088.22637353075
 20
15696.72703330443
 10
49122.22637353059
 20
15696.72703330409
 10
49122.22637353068
 20
15711.72703330417
 10
49148.22637353067
 20
15711.72703330399
 10
49148.22637353058
 20
15696.72703330391
 10
49182.22637353059
 20
15696.72703330341
 10
49182.22637353101
 20
15735.72703330355
 10
49088.22637353118
 20
15735.72703330457
  0
LWPOLYLINE
  5
66D6
330
66B9
100
AcDbEntity
  8
DOOR-S
100
AcDbPolyline
 90
8
 70
1
 10
49185.22637353071
 20
15693.72703330377
 10
49145.22637353061
 20
15693.72703330411
 10
49145.22637353086
 20
15708.72703330403
 10
49125.22637353097
 20
15708.72703330437
 10
49125.2263735304
 20
15693.72703330412
 10
49085.22637353079
 20
15693.72703330463
 10
49085.22637353089
 20
15738.72703330437
 10
49185.22637353081
 20
15738.72703330351
  0
LWPOLYLINE
  5
66D7
330
66B9
100
AcDbEntity
  8
DOOR-S
100
AcDbPolyline
 90
8
 70
1
 10
49086.7263735306
 20
15695.22703330469
 10
49123.72637353066
 20
15695.22703330427
 10
49123.72637353091
 20
15710.22703330418
 10
49146.72637353118
 20
15710.22703330426
 10
49146.72637353059
 20
15695.22703330401
 10
49183.72637353082
 20
15695.22703330408
 10
49183.72637353115
 20
15737.22703330394
 10
49086.72637353095
 20
15737.22703330455
  0
LWPOLYLINE
  5
66D8
330
66B9
100
AcDbEntity
  8
DOOR-S
100
AcDbPolyline
 90
10
 70
0
 10
49105.2263735516
 20
17892.22703330435
 10
49086.72637355165
 20
17892.22703330481
 10
49086.72637355114
 20
17850.22703330446
 10
49123.7263735512
 20
17850.22703330403
 10
49123.72637355129
 20
17865.22703330411
 10
49146.72637355155
 20
17865.22703330419
 10
49146.72637355113
 20
17850.22703330378
 10
49183.72637355135
 20
17850.22703330384
 10
49183.72637355153
 20
17892.22703330387
 10
49165.22637355175
 20
17892.22703330417
  0
LWPOLYLINE
  5
66D9
330
66B9
100
AcDbEntity
  8
DOOR-S
100
AcDbPolyline
 90
20
 70
1
 10
49165.22637355179
 20
17893.72703330394
 10
49185.22637355168
 20
17893.72703330361
 10
49185.22637355109
 20
17848.7270333037
 10
49145.22637355131
 20
17848.72703330437
 10
49145.22637355124
 20
17863.72703330395
 10
49125.22637355135
 20
17863.72703330429
 10
49125.2263735511
 20
17848.72703330438
 10
49085.22637355115
 20
17848.72703330455
 10
49085.22637355175
 20
17893.72703330447
 10
49105.22637355197
 20
17893.72703330446
 10
49105.2263735514
 20
17890.72703330408
 10
49088.22637355156
 20
17890.7270333045
 10
49088.22637355113
 20
17851.72703330435
 10
49122.2263735513
 20
17851.72703330434
 10
49122.22637355106
 20
17866.72703330409
 10
49148.22637355104
 20
17866.72703330392
 10
49148.22637355128
 20
17851.72703330417
 10
49182.22637355128
 20
17851.72703330366
 10
49182.22637355139
 20
17890.72703330347
 10
49165.22637355155
 20
17890.72703330389
  0
LWPOLYLINE
  5
66DA
330
66B9
100
AcDbEntity
  8
DOOR-S
100
AcDbPolyline
 90
8
 70
1
 10
49088.22637354638
 20
17490.72703330437
 10
49122.22637354655
 20
17490.72703330436
 10
49122.22637354596
 20
17475.72703330411
 10
49148.22637354594
 20
17475.72703330394
 10
49148.22637354653
 20
17490.72703330419
 10
49182.22637354654
 20
17490.72703330368
 10
49182.22637354611
 20
17451.72703330354
 10
49088.22637354595
 20
17451.72703330423
  0
LWPOLYLINE
  5
66DB
330
66B9
100
AcDbEntity
  8
DOOR-S
100
AcDbPolyline
 90
8
 70
1
 10
49185.22637354634
 20
17493.72703330364
 10
49145.22637354624
 20
17493.72703330399
 10
49145.22637354647
 20
17478.72703330424
 10
49125.22637354626
 20
17478.72703330425
 10
49125.22637354634
 20
17493.72703330432
 10
49085.22637354641
 20
17493.7270333045
 10
49085.22637354598
 20
17448.72703330443
 10
49185.22637354591
 20
17448.72703330357
  0
LWPOLYLINE
  5
66DC
330
66B9
100
AcDbEntity
  8
DOOR-S
100
AcDbPolyline
 90
8
 70
1
 10
49086.72637354647
 20
17492.22703330469
 10
49123.72637354621
 20
17492.22703330393
 10
49123.72637354645
 20
17477.22703330418
 10
49146.72637354637
 20
17477.22703330393
 10
49146.72637354646
 20
17492.22703330401
 10
49183.72637354635
 20
17492.22703330374
 10
49183.726373546
 20
17450.22703330388
 10
49086.72637354613
 20
17450.22703330482
  0
LWPOLYLINE
  5
66DD
330
66B9
100
AcDbEntity
  8
DOOR-S
100
AcDbPolyline
 90
12
 70
0
 10
49113.72637353145
 20
15788.72703330429
 10
49113.72637353137
 20
15789.72703330425
 10
49110.22637353117
 20
15789.72703330429
 10
49110.22637353154
 20
15791.2270333044
 42
-0.4142135623730951
 10
49112.7263735314
 20
15793.72703330434
 10
49132.72637353162
 20
15793.72703330434
 10
49132.72637353137
 20
15768.72703330431
 10
49112.72637353115
 20
15768.72703330432
 42
-0.4142135623730951
 10
49110.22637353121
 20
15771.22703330451
 10
49110.22637353125
 20
15772.72703330429
 10
49113.72637353145
 20
15772.72703330425
 10
49113.72637353136
 20
15773.72703330421
  0
LWPOLYLINE
  5
66DE
330
66B9
100
AcDbEntity
  8
DOOR-S
100
AcDbPolyline
 90
4
 70
1
 10
49146.72637353141
 20
15793.72703330383
 10
49133.72637353174
 20
15793.72703330425
 10
49133.72637353149
 20
15768.72703330423
 10
49146.72637353148
 20
15768.72703330414
  0
LWPOLYLINE
  5
66DF
330
66B9
100
AcDbEntity
  8
DOOR-S
100
AcDbPolyline
 90
48
 70
0
 10
49155.72637353139
 20
15773.72703330403
 10
49161.22637353118
 20
15773.72703330382
 10
49161.22637353113
 20
15768.22703330387
 42
-0.4142135623731544
 10
49160.72637353119
 20
15767.72703330384
 10
49112.72637353124
 20
15767.72703330436
 42
-0.4142135623730951
 10
49109.22637353124
 20
15771.22703330443
 10
49109.2263735312
 20
15773.72703330417
 10
49114.72637353132
 20
15773.72703330429
 10
49114.7263735312
 20
15775.22703330423
 10
49107.7263735313
 20
15775.22703330448
 10
49107.72637353114
 20
15771.22703330447
 42
0.4142135623730951
 10
49112.72637353135
 20
15766.22703330442
 10
49160.72637353131
 20
15766.2270333039
 42
0.4142135623731544
 10
49162.72637353124
 20
15768.22703330383
 10
49162.72637353116
 20
15775.22703330372
 10
49155.72637353126
 20
15775.22703330397
 10
49155.72637353147
 20
15772.72703330407
 10
49160.2263735313
 20
15772.72703330378
 10
49160.22637353114
 20
15768.72703330376
 10
49147.72637353144
 20
15768.72703330423
 10
49147.72637353128
 20
15772.72703330391
 10
49152.72637353142
 20
15772.72703330399
 10
49152.72637353134
 20
15773.72703330395
 10
49147.7263735312
 20
15773.72703330387
 10
49147.72637353128
 20
15788.72703330395
 10
49152.72637353142
 20
15788.72703330403
 10
49152.72637353167
 20
15789.72703330432
 10
49147.72637353153
 20
15789.72703330424
 10
49147.72637353137
 20
15793.72703330392
 10
49160.22637353139
 20
15793.72703330379
 10
49160.22637353122
 20
15789.72703330378
 10
49155.72637353139
 20
15789.72703330407
 10
49155.72637353159
 20
15787.22703330417
 10
49162.72637353149
 20
15787.22703330392
 10
49162.72637353141
 20
15794.22703330381
 42
0.4142135623731544
 10
49160.72637353116
 20
15796.22703330373
 10
49112.72637353119
 20
15796.22703330424
 42
0.4142135623730951
 10
49107.72637353147
 20
15791.22703330436
 10
49107.72637353163
 20
15787.22703330468
 10
49114.72637353154
 20
15787.22703330443
 10
49114.72637353141
 20
15788.72703330437
 10
49109.22637353129
 20
15788.72703330425
 10
49109.22637353158
 20
15791.22703330432
 42
-0.4142135623730951
 10
49112.72637353165
 20
15794.72703330463
 10
49160.72637353162
 20
15794.72703330412
 42
-0.4142135623731544
 10
49161.2263735313
 20
15794.22703330385
 10
49161.22637353127
 20
15788.7270333039
 10
49155.72637353115
 20
15788.72703330377
  0
LWPOLYLINE
  5
66E0
330
66B9
100
AcDbEntity
  8
DOOR-S
100
AcDbPolyline
 90
8
 70
1
 10
49112.72637353149
 20
15792.72703330438
 10
49115.72637353137
 20
15792.72703330397
 10
49115.72637353128
 20
15769.7270333042
 10
49112.72637353107
 20
15769.72703330428
 10
49112.72637353115
 20
15768.72703330432
 10
49116.72637353132
 20
15768.72703330432
 10
49116.72637353126
 20
15793.72703330401
 10
49112.7263735314
 20
15793.72703330434
  0
LWPOLYLINE
  5
66E1
330
66B9
100
AcDbEntity
  8
DOOR-S
100
AcDbPolyline
 90
4
 70
0
 10
49115.7263735315
 20
15785.22703330409
 10
49101.7263735317
 20
15785.22703330459
 10
49101.72637353137
 20
15777.22703330457
 10
49115.72637353116
 20
15777.22703330407
  0
LWPOLYLINE
  5
66E2
330
66B9
100
AcDbEntity
  8
DOOR-S
100
AcDbPolyline
 90
2
 70
0
 10
49096.72637353123
 20
15779.22703330425
 10
49096.72637353123
 20
15779.22703330425
  0
LWPOLYLINE
  5
66E3
330
66B9
100
AcDbEntity
  8
DOOR-S
100
AcDbPolyline
 90
15
 70
0
 10
49115.72637353133
 20
15787.22703330401
 10
49097.72637353153
 20
15787.22703330435
 42
0.4142135623730951
 10
49095.72637353161
 20
15785.22703330443
 10
49095.72637353161
 20
15783.22703330467
 10
49096.72637353123
 20
15783.22703330442
 10
49096.72637353123
 20
15783.22703330442
 42
-0.4142135623730951
 10
49098.72637353165
 20
15785.22703330451
 10
49099.72637353162
 20
15785.22703330459
 10
49099.72637353129
 20
15777.22703330457
 10
49098.72637353132
 20
15777.22703330449
 42
-0.4142135623733615
 10
49096.72637353123
 20
15779.22703330425
 10
49095.72637353161
 20
15779.2270333045
 10
49095.72637353127
 20
15777.22703330441
 42
0.4142135623730951
 10
49097.72637353152
 20
15775.22703330449
 10
49115.72637353133
 20
15775.22703330415
  0
LWPOLYLINE
  5
66E4
330
66B9
100
AcDbEntity
  8
DOOR-S
100
AcDbPolyline
 90
12
 70
0
 10
49113.72637354578
 20
17413.72703330416
 10
49113.72637354602
 20
17414.72703330446
 10
49110.22637354582
 20
17414.72703330449
 10
49110.22637354538
 20
17416.2270333041
 42
-0.4142135623730951
 10
49112.72637354556
 20
17418.72703330438
 10
49132.72637354546
 20
17418.72703330404
 10
49132.72637354553
 20
17393.72703330435
 10
49112.72637354564
 20
17393.72703330469
 42
-0.4142135623730951
 10
49110.22637354554
 20
17396.22703330439
 10
49110.22637354541
 20
17397.72703330433
 10
49113.72637354561
 20
17397.72703330429
 10
49113.72637354553
 20
17398.72703330425
  0
LWPOLYLINE
  5
66E5
330
66B9
100
AcDbEntity
  8
DOOR-S
100
AcDbPolyline
 90
4
 70
1
 10
49146.7263735459
 20
17418.72703330421
 10
49133.72637354559
 20
17418.72703330396
 10
49133.72637354566
 20
17393.72703330427
 10
49146.72637354565
 20
17393.72703330418
  0
LWPOLYLINE
  5
66E6
330
66B9
100
AcDbEntity
  8
DOOR-S
100
AcDbPolyline
 90
48
 70
0
 10
49155.72637354554
 20
17398.72703330407
 10
49161.22637354534
 20
17398.72703330386
 10
49161.22637354529
 20
17393.2270333039
 42
-0.4142135623731544
 10
49160.72637354535
 20
17392.72703330389
 10
49112.7263735454
 20
17392.72703330439
 42
-0.4142135623730951
 10
49109.22637354556
 20
17396.2270333043
 10
49109.22637354537
 20
17398.72703330421
 10
49114.72637354548
 20
17398.72703330433
 10
49114.72637354568
 20
17400.2270333046
 10
49107.72637354547
 20
17400.22703330452
 10
49107.72637354579
 20
17396.22703330468
 42
0.4142135623730951
 10
49112.72637354552
 20
17391.22703330445
 10
49160.72637354547
 20
17391.22703330394
 42
0.4142135623731544
 10
49162.7263735454
 20
17393.22703330386
 10
49162.72637354564
 20
17400.22703330409
 10
49155.72637354542
 20
17400.22703330401
 10
49155.7263735453
 20
17397.72703330378
 10
49160.22637354546
 20
17397.72703330381
 10
49160.22637354562
 20
17393.72703330414
 10
49147.72637354528
 20
17393.72703330393
 10
49147.72637354545
 20
17397.72703330394
 10
49152.72637354559
 20
17397.72703330402
 10
49152.72637354583
 20
17398.72703330432
 10
49147.72637354569
 20
17398.72703330424
 10
49147.72637354562
 20
17413.72703330382
 10
49152.72637354575
 20
17413.7270333039
 10
49152.72637354567
 20
17414.72703330386
 10
49147.72637354553
 20
17414.72703330378
 10
49147.72637354553
 20
17418.72703330396
 10
49160.22637354554
 20
17418.72703330383
 10
49160.22637354587
 20
17414.72703330398
 10
49155.72637354572
 20
17414.72703330394
 10
49155.72637354543
 20
17412.22703330388
 10
49162.72637354565
 20
17412.22703330396
 10
49162.7263735459
 20
17419.22703330418
 42
0.4142135623731544
 10
49160.72637354582
 20
17421.22703330394
 10
49112.72637354586
 20
17421.22703330445
 42
0.4142135623730951
 10
49107.72637354563
 20
17416.2270333044
 10
49107.72637354547
 20
17412.22703330438
 10
49114.72637354569
 20
17412.22703330447
 10
49114.72637354574
 20
17413.72703330424
 10
49109.22637354562
 20
17413.72703330412
 10
49109.22637354541
 20
17416.22703330402
 42
-0.4142135623730951
 10
49112.72637354548
 20
17419.72703330434
 10
49160.72637354544
 20
17419.72703330383
 42
-0.4142135623731544
 10
49161.22637354579
 20
17419.22703330422
 10
49161.22637354559
 20
17413.72703330377
 10
49155.7263735458
 20
17413.72703330398
  0
LWPOLYLINE
  5
66E7
330
66B9
100
AcDbEntity
  8
DOOR-S
100
AcDbPolyline
 90
8
 70
1
 10
49112.72637354564
 20
17417.72703330442
 10
49115.72637354587
 20
17417.72703330433
 10
49115.72637354544
 20
17394.72703330423
 10
49112.72637354556
 20
17394.72703330465
 10
49112.72637354564
 20
17393.72703330469
 10
49116.72637354548
 20
17393.72703330436
 10
49116.72637354574
 20
17418.72703330438
 10
49112.72637354556
 20
17418.72703330438
  0
LWPOLYLINE
  5
66E8
330
66B9
100
AcDbEntity
  8
DOOR-S
100
AcDbPolyline
 90
4
 70
0
 10
49115.72637354566
 20
17410.22703330413
 10
49101.72637354554
 20
17410.2270333043
 10
49101.7263735457
 20
17402.22703330444
 10
49115.72637354582
 20
17402.22703330428
  0
LWPOLYLINE
  5
66E9
330
66B9
100
AcDbEntity
  8
DOOR-S
100
AcDbPolyline
 90
2
 70
0
 10
49096.72637354573
 20
17404.22703330462
 10
49096.72637354573
 20
17404.22703330462
  0
LWPOLYLINE
  5
66EA
330
66B9
100
AcDbEntity
  8
DOOR-S
100
AcDbPolyline
 90
15
 70
0
 10
49115.72637354582
 20
17412.22703330438
 10
49097.72637354569
 20
17412.22703330439
 42
0.4142135623730951
 10
49095.72637354576
 20
17410.22703330447
 10
49095.7263735456
 20
17408.22703330421
 10
49096.72637354557
 20
17408.2270333043
 10
49096.72637354557
 20
17408.2270333043
 42
-0.4142135623730951
 10
49098.72637354549
 20
17410.22703330422
 10
49099.72637354545
 20
17410.2270333043
 10
49099.72637354561
 20
17402.22703330444
 10
49098.72637354565
 20
17402.22703330436
 42
-0.4142135623733615
 10
49096.72637354573
 20
17404.22703330462
 10
49095.72637354576
 20
17404.22703330454
 10
49095.72637354592
 20
17402.22703330462
 42
0.4142135623730951
 10
49097.72637354536
 20
17400.22703330419
 10
49115.72637354549
 20
17400.22703330419
  0
LINE
  5
66EB
330
66B9
100
AcDbEntity
  8
HID
100
AcDbLine
 10
49112.72637354586
 20
17421.22703330445
 30
0.0
 11
48325.86536015291
 21
17421.22703331162
 31
0.0
  0
LINE
  5
66EC
330
66B9
100
AcDbEntity
  8
HID
100
AcDbLine
 10
49112.72637354552
 20
17391.22703330445
 30
0.0
 11
48325.86536015258
 21
17391.22703331162
 31
0.0
  0
LINE
  5
66ED
330
66B9
100
AcDbEntity
  8
HID
100
AcDbLine
 10
49112.72637353135
 20
15766.22703330442
 30
0.0
 11
48325.86536013825
 21
15766.22703331109
 31
0.0
  0
LINE
  5
66EE
330
66B9
100
AcDbEntity
  8
HID
100
AcDbLine
 10
49112.72637353119
 20
15796.22703330424
 30
0.0
 11
48325.8653601386
 21
15796.22703331108
 31
0.0
  0
ARC
  5
66EF
330
66B9
100
AcDbEntity
  8
HID
100
AcDbCircle
 10
49135.22637354556
 20
17406.22703330424
 30
0.0
 40
809.5
100
AcDbArc
 50
178.9382509062973
 51
270.0000000045857
  0
ARC
  5
66F0
330
66B9
100
AcDbEntity
  8
HID
100
AcDbCircle
 10
49135.22637353139
 20
15781.2270333042
 30
0.0
 40
809.5
100
AcDbArc
 50
90.00000000458569
 51
181.0617490732712
  0
LINE
  5
66F1
330
66B9
100
AcDbEntity
  8
ELE-2
100
AcDbLine
 10
49100.22637354648
 20
17493.72703330442
 30
0.0
 11
49100.22637355123
 21
17848.72703330447
 31
0.0
  0
LINE
  5
66F2
330
66B9
100
AcDbEntity
  8
ELE-2
100
AcDbLine
 10
49170.22637354626
 20
17493.72703330373
 30
0.0
 11
49170.22637355134
 21
17848.72703330411
 31
0.0
  0
LINE
  5
66F3
330
66B9
100
AcDbEntity
  8
DOOR
100
AcDbLine
 10
49140.22637354634
 20
17478.72703330416
 30
0.0
 11
49140.22637355143
 21
17863.72703330421
 31
0.0
  0
LINE
  5
66F4
330
66B9
100
AcDbEntity
  8
DOOR
100
AcDbLine
 10
49130.22637354607
 20
17478.727033304
 30
0.0
 11
49130.22637355148
 21
17863.72703330437
 31
0.0
  0
LINE
  5
66F5
330
66B9
100
AcDbEntity
  8
ELE-2
100
AcDbLine
 10
49100.22637353054
 20
15693.72703330421
 30
0.0
 11
49100.22637352617
 21
15358.7270333036
 31
0.0
  0
LINE
  5
66F6
330
66B9
100
AcDbEntity
  8
ELE-2
100
AcDbLine
 10
49170.22637353063
 20
15693.72703330386
 30
0.0
 11
49170.22637352594
 21
15358.72703330291
 31
0.0
  0
LINE
  5
66F7
330
66B9
100
AcDbEntity
  8
DOOR
100
AcDbLine
 10
49140.22637353072
 20
15708.72703330395
 30
0.0
 11
49140.22637352585
 21
15343.7270333035
 31
0.0
  0
LINE
  5
66F8
330
66B9
100
AcDbEntity
  8
DOOR
100
AcDbLine
 10
49130.22637353078
 20
15708.72703330412
 30
0.0
 11
49130.22637352558
 21
15343.72703330333
 31
0.0
  0
ENDBLK
  5
66F9
330
66B9
100
AcDbEntity
  8
0
100
AcDbBlockEnd
  0
BLOCK
  5
7982
330
7980
100
AcDbEntity
  8
0
100
AcDbBlockBegin
  2
단면표시
 70
0
 10
0.0
 20
0.0
 30
0.0
  3
단면표시
  1

  0
LWPOLYLINE
  5
7983
330
7980
100
AcDbEntity
  8
2SEC
 62
2
100
AcDbPolyline
 90
5
 70
0
 10
54172.24685638638
 20
16193.59857258589
 10
54061.78990642022
 20
16193.59857258589
 10
54438.91352305305
 20
16570.72218921871
 10
54816.03713968588
 20
16193.59857258589
 10
54705.58018971972
 20
16193.59857258589
1001
AcDbBlockRepETag
1070
1
1071
0
1005
7983
  0
CIRCLE
  5
7984
330
7980
100
AcDbEntity
  8
2SEC
 62
2
100
AcDbCircle
 10
54438.91352305305
 20
16193.59857258589
 30
0.0
 40
266.6666666666666
1001
AcDbBlockRepETag
1070
1
1071
1
1005
7984
  0
SOLID
  5
7985
330
7980
100
AcDbEntity
  8
2SEC
 62
2
100
AcDbTrace
 10
54172.24685638638
 20
16193.59857258589
 30
0.0
 11
54061.78990642022
 21
16193.59857258589
 31
0.0
 12
54192.54564771671
 22
16295.64748788324
 32
0.0
 13
54250.35171473663
 23
16382.1603809023
 33
0.0
1001
AcDbBlockRepETag
1070
1
1071
2
1005
7985
  0
SOLID
  5
7986
330
7980
100
AcDbEntity
  8
2SEC
 62
2
100
AcDbTrace
 10
54438.91352305305
 20
16460.26523925255
 30
0.0
 11
54438.91352305305
 21
16570.72218921871
 31
0.0
 12
54336.86460775569
 22
16439.96644792223
 32
0.0
 13
54250.35171473663
 23
16382.1603809023
 33
0.0
1001
AcDbBlockRepETag
1070
1
1071
3
1005
7986
  0
SOLID
  5
7987
330
7980
100
AcDbEntity
  8
2SEC
 62
2
100
AcDbTrace
 10
54438.91352305305
 20
16460.26523925255
 30
0.0
 11
54438.91352305305
 21
16570.72218921871
 31
0.0
 12
54540.96243835041
 22
16439.96644792223
 32
0.0
 13
54627.47533136947
 23
16382.1603809023
 33
0.0
1001
AcDbBlockRepETag
1070
1
1071
4
1005
7987
  0
SOLID
  5
7988
330
7980
100
AcDbEntity
  8
2SEC
 62
2
100
AcDbTrace
 10
54705.58018971972
 20
16193.59857258589
 30
0.0
 11
54816.03713968588
 21
16193.59857258589
 31
0.0
 12
54685.28139838938
 22
16295.64748788324
 32
0.0
 13
54627.47533136947
 23
16382.1603809023
 33
0.0
1001
AcDbBlockRepETag
1070
1
1071
5
1005
7988
  0
ENDBLK
  5
7989
330
7980
100
AcDbEntity
  8
0
100
AcDbBlockEnd
  0
BLOCK
  5
798B
330
798A
100
AcDbEntity
  8
0
100
AcDbBlockBegin
  2
eksdua
 70
0
 10
0.0
 20
0.0
 30
0.0
  3
eksdua
  1

  4
k
  0
HATCH
  5
798C
330
798A
100
AcDbEntity
  8
2SEC
100
AcDbHatch
 10
0.0
 20
0.0
 30
0.0
210
0.0
220
0.0
230
1.0
  2
SOLID
 70
1
 71
0
 91
1
 92
7
 72
0
 73
1
 93
3
 10
15176.05489110733
 20
7.827839e-08
 10
15176.05489110733
 20
-479.4469107953591
 10
14941.33757210327
 20
7.7070581e-08
 97
0
 75
0
 76
1
 47
4.680184668305948
 98
1
 10
15129.61529983747
 20
-41.33473087656239
450
0
451
0
460
0.0
461
0.0
452
0
462
0.0
453
0
470

1001
ACAD
1010
57340.40574395365
1020
17804.63049611216
1030
0.0
  0
LWPOLYLINE
  5
798D
330
798A
100
AcDbEntity
  8
2SEC
100
AcDbPolyline
 90
3
 70
0
 10
15176.05489110733
 20
7.827839e-08
 10
15176.05489110733
 20
-479.4469107953591
 10
14941.33757210327
 20
7.70851329e-08
  0
LWPOLYLINE
  5
798E
330
798A
100
AcDbEntity
  8
2SEC
100
AcDbPolyline
 90
2
 70
0
 10
8500.000000036955
 20
7164.794093894994
 10
8499.999999937594
 20
-12097.86325486663
  0
HATCH
  5
798F
330
798A
100
AcDbEntity
  8
2SEC
100
AcDbHatch
 10
0.0
 20
0.0
 30
0.0
210
0.0
220
0.0
230
1.0
  2
SOLID
 70
1
 71
0
 91
1
 92
7
 72
0
 73
1
 93
3
 10
3.69618647e-08
 20
7164.794093894994
 10
-479.4469108366902
 20
7164.794093894994
 10
3.57467798e-08
 20
6930.076774890935
 97
0
 75
0
 76
1
 47
4.680184668305948
 98
1
 10
-41.33473091788618
 20
7118.35450262512
450
0
451
0
460
0.0
461
0.0
452
0
462
0.0
453
0
470

1001
ACAD
1010
57340.40574395365
1020
17804.63049611216
1030
0.0
  0
LWPOLYLINE
  5
7990
330
798A
100
AcDbEntity
  8
2SEC
100
AcDbPolyline
 90
4
 70
0
 10
-6.24058885e-08
 20
-12097.86325486663
 10
3.69545887e-08
 20
7164.794093894994
 10
-479.4469108366829
 20
7164.794093894994
 10
3.57613317e-08
 20
6930.076774890931
  0
LINE
  5
7991
330
798A
100
AcDbEntity
  8
2SEC
100
AcDbLine
 10
15176.05489110733
 20
7.827839e-08
 30
0.0
 11
-4586.602457613888
 21
-2.36577762e-08
 31
0.0
  0
TEXT
  5
7992
330
798A
100
AcDbEntity
  8
RXANNOT
 62
3
100
AcDbText
 10
-204.2553192141869
 20
-12518.66112720645
 30
0.0
 40
200.0
  1
단1
  7
굴림체
 72
4
 11
-6.52507879e-08
 21
-12417.86325486603
 31
0.0
100
AcDbText
  0
INSERT
  5
7993
330
798A
100
AcDbEntity
  8
2SEC
100
AcDbBlockReference
  2
단면표시
 10
19432.3182870378
 20
-77744.55948252967
 30
0.0
 41
1.200000000000727
 42
1.200000000000727
 43
1.200000000000727
 50
90.0
  0
TEXT
  5
7994
330
798A
100
AcDbEntity
  8
RXANNOT
 62
3
100
AcDbText
 10
8295.744680785805
 20
-12518.66112720645
 30
0.0
 40
200.0
  1
단2
  7
굴림체
 72
4
 11
8499.99999993474
 21
-12417.86325486603
 31
0.0
100
AcDbText
  0
INSERT
  5
7995
330
798A
100
AcDbEntity
  8
2SEC
100
AcDbBlockReference
  2
단면표시
 10
27932.3182870378
 20
-77744.55948252967
 30
0.0
 41
1.200000000000727
 42
1.200000000000727
 43
1.200000000000727
 50
90.0
  0
TEXT
  5
7996
330
798A
100
AcDbEntity
  8
RXANNOT
 62
3
100
AcDbText
 10
-5110.857776802624
 20
-100.7978723643743
 30
0.0
 40
200.0
  1
단3
  7
굴림체
 72
4
 11
-4906.602457653687
 21
-2.39488145e-08
 31
0.0
100
AcDbText
  0
INSERT
  5
7997
330
798A
100
AcDbEntity
  8
2SEC
100
AcDbBlockReference
  2
단면표시
 10
-70233.29868531736
 20
19432.31828707913
 30
0.0
 41
-1.200000000004365
 42
1.200000000000727
 43
1.199999999999999
 50
180.0
  0
HATCH
  5
7998
330
798A
100
AcDbEntity
  8
2SEC
100
AcDbHatch
 10
0.0
 20
0.0
 30
0.0
210
0.0
220
0.0
230
1.0
  2
SOLID
 70
1
 71
0
 91
1
 92
7
 72
0
 73
1
 93
3
 10
8500.000000036955
 20
7164.794093851149
 10
8020.553089163318
 20
7164.794093851149
 10
8500.000000035747
 20
6930.076774847091
 97
0
 75
0
 76
1
 47
4.680184668305948
 98
1
 10
8458.665269082114
 20
7118.354502581275
450
0
451
0
460
0.0
461
0.0
452
0
462
0.0
453
0
470

1001
ACAD
1010
57340.40574395365
1020
17804.63049611216
1030
0.0
  0
LWPOLYLINE
  5
7999
330
798A
100
AcDbEntity
  8
2SEC
100
AcDbPolyline
 90
3
 70
0
 10
8500.000000036955
 20
7164.794093851149
 10
8020.553089163318
 20
7164.794093851149
 10
8500.000000035761
 20
6930.076774847086
  0
ENDBLK
  5
799A
330
798A
100
AcDbEntity
  8
0
100
AcDbBlockEnd
  0
BLOCK
  5
8E12
330
8E08
100
AcDbEntity
  8
0
100
AcDbBlockBegin
  2
*D18
 70
1
 10
0.0
 20
0.0
 30
0.0
  3
*D18
  1

  0
LINE
  5
9210
330
8E08
100
AcDbEntity
  8
RXDIM
 62
6
370
-2
440
16777216
100
AcDbLine
 10
14085.22713555455
 20
25268.52151248802
 30
0.0
 11
14085.22713555455
 21
26568.52151257411
 31
0.0
  0
LINE
  5
9211
330
8E08
100
AcDbEntity
  8
RXDIM
 62
6
370
-2
440
16777216
100
AcDbLine
 10
15435.22713558203
 20
25268.52151256573
 30
0.0
 11
15435.22713558203
 21
26568.52151257411
 31
0.0
  0
LINE
  5
9212
330
8E08
100
AcDbEntity
  8
RXDIM
 62
6
370
-2
440
16777216
100
AcDbLine
 10
14185.22713555455
 20
26418.52151257411
 30
0.0
 11
15335.22713558203
 21
26418.52151257411
 31
0.0
  0
INSERT
  5
9213
330
8E08
100
AcDbEntity
  8
RXDIM
 62
6
370
-2
440
16777216
100
AcDbBlockReference
  2
_RXDOT
 10
14085.22713555455
 20
26418.52151257411
 30
0.0
 41
100.0
 42
100.0
 43
100.0
 50
180.0
  0
INSERT
  5
9214
330
8E08
100
AcDbEntity
  8
RXDIM
 62
6
370
-2
440
16777216
100
AcDbBlockReference
  2
_RXDOT
 10
15435.22713558203
 20
26418.52151257411
 30
0.0
 41
100.0
 42
100.0
 43
100.0
  0
MTEXT
  5
9215
330
8E08
100
AcDbEntity
  8
RXDIM
 62
3
440
16777216
100
AcDbMText
 10
14760.22713556829
 20
26621.18108704219
 30
0.0
 40
200.0
 41
0.0
 46
0.0
 71
5
  1
\A1;1350
  7
굴림체
  0
POINT
  5
9216
330
8E08
100
AcDbEntity
  8
DEFPOINTS
 62
0
440
16777216
100
AcDbPoint
 10
14085.22713555455
 20
25118.52151248802
 30
0.0
  0
POINT
  5
9217
330
8E08
100
AcDbEntity
  8
DEFPOINTS
 62
0
440
16777216
100
AcDbPoint
 10
15435.22713558203
 20
25118.52151256573
 30
0.0
  0
POINT
  5
9218
330
8E08
100
AcDbEntity
  8
DEFPOINTS
 62
0
440
16777216
100
AcDbPoint
 10
15435.22713558203
 20
26418.52151257411
 30
0.0
  0
ENDBLK
  5
8E13
330
8E08
100
AcDbEntity
  8
0
100
AcDbBlockEnd
  0
BLOCK
  5
8E1E
330
8E14
100
AcDbEntity
  8
0
100
AcDbBlockBegin
  2
*D19
 70
1
 10
0.0
 20
0.0
 30
0.0
  3
*D19
  1

  0
LINE
  5
9219
330
8E14
100
AcDbEntity
  8
RXDIM
 62
6
370
-2
440
16777216
100
AcDbLine
 10
12035.22713558156
 20
25268.52151257411
 30
0.0
 11
12035.22713558156
 21
27168.52151257411
 31
0.0
  0
LINE
  5
921A
330
8E14
100
AcDbEntity
  8
RXDIM
 62
6
370
-2
440
16777216
100
AcDbLine
 10
15435.22713558203
 20
25268.52151256573
 30
0.0
 11
15435.22713558203
 21
27168.52151257411
 31
0.0
  0
LINE
  5
921B
330
8E14
100
AcDbEntity
  8
RXDIM
 62
6
370
-2
440
16777216
100
AcDbLine
 10
12135.22713558156
 20
27018.52151257411
 30
0.0
 11
15335.22713558203
 21
27018.52151257411
 31
0.0
  0
INSERT
  5
921C
330
8E14
100
AcDbEntity
  8
RXDIM
 62
6
370
-2
440
16777216
100
AcDbBlockReference
  2
_RXDOT
 10
12035.22713558156
 20
27018.52151257411
 30
0.0
 41
100.0
 42
100.0
 43
100.0
 50
180.0
  0
INSERT
  5
921D
330
8E14
100
AcDbEntity
  8
RXDIM
 62
6
370
-2
440
16777216
100
AcDbBlockReference
  2
_RXDOT
 10
15435.22713558203
 20
27018.52151257411
 30
0.0
 41
100.0
 42
100.0
 43
100.0
  0
MTEXT
  5
921E
330
8E14
100
AcDbEntity
  8
RXDIM
 62
3
440
16777216
100
AcDbMText
 10
13735.22713558179
 20
27221.04810831879
 30
0.0
 40
200.0
 41
0.0
 46
0.0
 71
5
  1
\A1;3400
  7
굴림체
  0
POINT
  5
921F
330
8E14
100
AcDbEntity
  8
DEFPOINTS
 62
0
440
16777216
100
AcDbPoint
 10
12035.22713558156
 20
25118.52151257411
 30
0.0
  0
POINT
  5
9220
330
8E14
100
AcDbEntity
  8
DEFPOINTS
 62
0
440
16777216
100
AcDbPoint
 10
15435.22713558203
 20
25118.52151256573
 30
0.0
  0
POINT
  5
9221
330
8E14
100
AcDbEntity
  8
DEFPOINTS
 62
0
440
16777216
100
AcDbPoint
 10
15435.22713558203
 20
27018.52151257411
 30
0.0
  0
ENDBLK
  5
8E1F
330
8E14
100
AcDbEntity
  8
0
100
AcDbBlockEnd
  0
BLOCK
  5
8E2A
330
8E20
100
AcDbEntity
  8
0
100
AcDbBlockBegin
  2
*D20
 70
1
 10
0.0
 20
0.0
 30
0.0
  3
*D20
  1

  0
LINE
  5
9222
330
8E20
100
AcDbEntity
  8
RXDIM
 62
6
370
-2
440
16777216
100
AcDbLine
 10
15435.22713558203
 20
25268.52151256573
 30
0.0
 11
15435.22713558203
 21
27168.52151257411
 31
0.0
  0
LINE
  5
9223
330
8E20
100
AcDbEntity
  8
RXDIM
 62
6
370
-2
440
16777216
100
AcDbLine
 10
26835.22713553174
 20
25268.52151257038
 30
0.0
 11
26835.22713553174
 21
27168.52151257411
 31
0.0
  0
LINE
  5
9224
330
8E20
100
AcDbEntity
  8
RXDIM
 62
6
370
-2
440
16777216
100
AcDbLine
 10
15535.22713558202
 20
27018.52151257411
 30
0.0
 11
26735.22713553174
 21
27018.52151257411
 31
0.0
  0
INSERT
  5
9225
330
8E20
100
AcDbEntity
  8
RXDIM
 62
6
370
-2
440
16777216
100
AcDbBlockReference
  2
_RXDOT
 10
15435.22713558203
 20
27018.52151257411
 30
0.0
 41
100.0
 42
100.0
 43
100.0
 50
180.0
  0
INSERT
  5
9226
330
8E20
100
AcDbEntity
  8
RXDIM
 62
6
370
-2
440
16777216
100
AcDbBlockReference
  2
_RXDOT
 10
26835.22713553174
 20
27018.52151257411
 30
0.0
 41
100.0
 42
100.0
 43
100.0
  0
MTEXT
  5
9227
330
8E20
100
AcDbEntity
  8
RXDIM
 62
3
440
16777216
100
AcDbMText
 10
21135.22713555688
 20
27221.18108704219
 30
0.0
 40
200.0
 41
0.0
 46
0.0
 71
5
  1
\A1;11400
  7
굴림체
  0
POINT
  5
9228
330
8E20
100
AcDbEntity
  8
DEFPOINTS
 62
0
440
16777216
100
AcDbPoint
 10
15435.22713558203
 20
25118.52151256573
 30
0.0
  0
POINT
  5
9229
330
8E20
100
AcDbEntity
  8
DEFPOINTS
 62
0
440
16777216
100
AcDbPoint
 10
26835.22713553174
 20
25118.52151257039
 30
0.0
  0
POINT
  5
922A
330
8E20
100
AcDbEntity
  8
DEFPOINTS
 62
0
440
16777216
100
AcDbPoint
 10
26835.22713553174
 20
27018.52151257411
 30
0.0
  0
ENDBLK
  5
8E2B
330
8E20
100
AcDbEntity
  8
0
100
AcDbBlockEnd
  0
BLOCK
  5
8E36
330
8E2C
100
AcDbEntity
  8
0
100
AcDbBlockBegin
  2
*D21
 70
1
 10
0.0
 20
0.0
 30
0.0
  3
*D21
  1

  0
LINE
  5
922B
330
8E2C
100
AcDbEntity
  8
RXDIM
 62
6
370
-2
440
16777216
100
AcDbLine
 10
24035.22713553174
 20
25268.52151261322
 30
0.0
 11
24035.22713553174
 21
26568.52151257411
 31
0.0
  0
LINE
  5
922C
330
8E2C
100
AcDbEntity
  8
RXDIM
 62
6
370
-2
440
16777216
100
AcDbLine
 10
26835.22713553174
 20
25268.52151262859
 30
0.0
 11
26835.22713553174
 21
26568.52151257411
 31
0.0
  0
LINE
  5
922D
330
8E2C
100
AcDbEntity
  8
RXDIM
 62
6
370
-2
440
16777216
100
AcDbLine
 10
24135.22713553174
 20
26418.52151257411
 30
0.0
 11
26735.22713553174
 21
26418.52151257411
 31
0.0
  0
INSERT
  5
922E
330
8E2C
100
AcDbEntity
  8
RXDIM
 62
6
370
-2
440
16777216
100
AcDbBlockReference
  2
_RXDOT
 10
24035.22713553174
 20
26418.52151257411
 30
0.0
 41
100.0
 42
100.0
 43
100.0
 50
180.0
  0
INSERT
  5
922F
330
8E2C
100
AcDbEntity
  8
RXDIM
 62
6
370
-2
440
16777216
100
AcDbBlockReference
  2
_RXDOT
 10
26835.22713553174
 20
26418.52151257411
 30
0.0
 41
100.0
 42
100.0
 43
100.0
  0
MTEXT
  5
9230
330
8E2C
100
AcDbEntity
  8
RXDIM
 62
3
440
16777216
100
AcDbMText
 10
25435.22713553174
 20
26620.78215087198
 30
0.0
 40
200.0
 41
0.0
 46
0.0
 71
5
  1
\A1;2800
  7
굴림체
  0
POINT
  5
9231
330
8E2C
100
AcDbEntity
  8
DEFPOINTS
 62
0
440
16777216
100
AcDbPoint
 10
24035.22713553174
 20
25118.52151261323
 30
0.0
  0
POINT
  5
9232
330
8E2C
100
AcDbEntity
  8
DEFPOINTS
 62
0
440
16777216
100
AcDbPoint
 10
26835.22713553174
 20
25118.52151262859
 30
0.0
  0
POINT
  5
9233
330
8E2C
100
AcDbEntity
  8
DEFPOINTS
 62
0
440
16777216
100
AcDbPoint
 10
26835.22713553174
 20
26418.52151257411
 30
0.0
  0
ENDBLK
  5
8E37
330
8E2C
100
AcDbEntity
  8
0
100
AcDbBlockEnd
  0
BLOCK
  5
8E42
330
8E38
100
AcDbEntity
  8
0
100
AcDbBlockBegin
  2
*D22
 70
1
 10
0.0
 20
0.0
 30
0.0
  3
*D22
  1

  0
LINE
  5
9234
330
8E38
100
AcDbEntity
  8
RXDIM
 62
6
370
-2
440
16777216
100
AcDbLine
 10
12035.22713558156
 20
25268.52151257411
 30
0.0
 11
12035.22713558156
 21
27768.52151257411
 31
0.0
  0
LINE
  5
9235
330
8E38
100
AcDbEntity
  8
RXDIM
 62
6
370
-2
440
16777216
100
AcDbLine
 10
26835.22713553174
 20
25268.52151262859
 30
0.0
 11
26835.22713553174
 21
27768.52151257411
 31
0.0
  0
LINE
  5
9236
330
8E38
100
AcDbEntity
  8
RXDIM
 62
6
370
-2
440
16777216
100
AcDbLine
 10
12135.22713558156
 20
27618.52151257411
 30
0.0
 11
26735.22713553174
 21
27618.52151257411
 31
0.0
  0
INSERT
  5
9237
330
8E38
100
AcDbEntity
  8
RXDIM
 62
6
370
-2
440
16777216
100
AcDbBlockReference
  2
_RXDOT
 10
12035.22713558156
 20
27618.52151257411
 30
0.0
 41
100.0
 42
100.0
 43
100.0
 50
180.0
  0
INSERT
  5
9238
330
8E38
100
AcDbEntity
  8
RXDIM
 62
6
370
-2
440
16777216
100
AcDbBlockReference
  2
_RXDOT
 10
26835.22713553174
 20
27618.52151257411
 30
0.0
 41
100.0
 42
100.0
 43
100.0
  0
MTEXT
  5
9239
330
8E38
100
AcDbEntity
  8
RXDIM
 62
3
440
16777216
100
AcDbMText
 10
19435.22713555665
 20
27821.18108704219
 30
0.0
 40
200.0
 41
0.0
 46
0.0
 71
5
  1
\A1;14800
  7
굴림체
  0
POINT
  5
923A
330
8E38
100
AcDbEntity
  8
DEFPOINTS
 62
0
440
16777216
100
AcDbPoint
 10
12035.22713558156
 20
25118.52151257411
 30
0.0
  0
POINT
  5
923B
330
8E38
100
AcDbEntity
  8
DEFPOINTS
 62
0
440
16777216
100
AcDbPoint
 10
26835.22713553174
 20
25118.52151262859
 30
0.0
  0
POINT
  5
923C
330
8E38
100
AcDbEntity
  8
DEFPOINTS
 62
0
440
16777216
100
AcDbPoint
 10
26835.22713553174
 20
27618.52151257411
 30
0.0
  0
ENDBLK
  5
8E43
330
8E38
100
AcDbEntity
  8
0
100
AcDbBlockEnd
  0
BLOCK
  5
8E4E
330
8E44
100
AcDbEntity
  8
0
100
AcDbBlockBegin
  2
*D23
 70
1
 10
0.0
 20
0.0
 30
0.0
  3
*D23
  1

  0
LINE
  5
923D
330
8E44
100
AcDbEntity
  8
RXDIM
 62
6
370
-2
440
16777216
100
AcDbLine
 10
15435.22713558203
 20
25268.52151257038
 30
0.0
 11
15435.22713558203
 21
26568.52151257411
 31
0.0
  0
LINE
  5
923E
330
8E44
100
AcDbEntity
  8
RXDIM
 62
6
370
-2
440
16777216
100
AcDbLine
 10
21135.22713555688
 20
25268.52151257038
 30
0.0
 11
21135.22713555688
 21
26568.52151257411
 31
0.0
  0
LINE
  5
923F
330
8E44
100
AcDbEntity
  8
RXDIM
 62
6
370
-2
440
16777216
100
AcDbLine
 10
15535.22713558202
 20
26418.52151257411
 30
0.0
 11
21035.22713555688
 21
26418.52151257411
 31
0.0
  0
INSERT
  5
9240
330
8E44
100
AcDbEntity
  8
RXDIM
 62
6
370
-2
440
16777216
100
AcDbBlockReference
  2
_RXDOT
 10
15435.22713558203
 20
26418.52151257411
 30
0.0
 41
100.0
 42
100.0
 43
100.0
 50
180.0
  0
INSERT
  5
9241
330
8E44
100
AcDbEntity
  8
RXDIM
 62
6
370
-2
440
16777216
100
AcDbBlockReference
  2
_RXDOT
 10
21135.22713555688
 20
26418.52151257411
 30
0.0
 41
100.0
 42
100.0
 43
100.0
  0
MTEXT
  5
9242
330
8E44
100
AcDbEntity
  8
RXDIM
 62
3
440
16777216
100
AcDbMText
 10
18285.22713556945
 20
26621.04810831879
 30
0.0
 40
200.0
 41
0.0
 46
0.0
 71
5
  1
\A1;5700
  7
굴림체
  0
POINT
  5
9243
330
8E44
100
AcDbEntity
  8
DEFPOINTS
 62
0
440
16777216
100
AcDbPoint
 10
15435.22713558203
 20
25118.52151257039
 30
0.0
  0
POINT
  5
9244
330
8E44
100
AcDbEntity
  8
DEFPOINTS
 62
0
440
16777216
100
AcDbPoint
 10
21135.22713555688
 20
25118.52151257039
 30
0.0
  0
POINT
  5
9245
330
8E44
100
AcDbEntity
  8
DEFPOINTS
 62
0
440
16777216
100
AcDbPoint
 10
21135.22713555688
 20
26418.52151257411
 30
0.0
  0
ENDBLK
  5
8E4F
330
8E44
100
AcDbEntity
  8
0
100
AcDbBlockEnd
  0
BLOCK
  5
8E5A
330
8E50
100
AcDbEntity
  8
0
100
AcDbBlockBegin
  2
*D24
 70
1
 10
0.0
 20
0.0
 30
0.0
  3
*D24
  1

  0
LINE
  5
9246
330
8E50
100
AcDbEntity
  8
RXDIM
 62
6
370
-2
440
16777216
100
AcDbLine
 10
21135.22713555688
 20
25268.52151257038
 30
0.0
 11
21135.22713555688
 21
26568.52151257411
 31
0.0
  0
LINE
  5
9247
330
8E50
100
AcDbEntity
  8
RXDIM
 62
6
370
-2
440
16777216
100
AcDbLine
 10
24035.22713553174
 20
25268.52151255502
 30
0.0
 11
24035.22713553174
 21
26568.52151257411
 31
0.0
  0
LINE
  5
9248
330
8E50
100
AcDbEntity
  8
RXDIM
 62
6
370
-2
440
16777216
100
AcDbLine
 10
21235.22713555688
 20
26418.52151257411
 30
0.0
 11
23935.22713553174
 21
26418.52151257411
 31
0.0
  0
INSERT
  5
9249
330
8E50
100
AcDbEntity
  8
RXDIM
 62
6
370
-2
440
16777216
100
AcDbBlockReference
  2
_RXDOT
 10
21135.22713555688
 20
26418.52151257411
 30
0.0
 41
100.0
 42
100.0
 43
100.0
 50
180.0
  0
INSERT
  5
924A
330
8E50
100
AcDbEntity
  8
RXDIM
 62
6
370
-2
440
16777216
100
AcDbBlockReference
  2
_RXDOT
 10
24035.22713553174
 20
26418.52151257411
 30
0.0
 41
100.0
 42
100.0
 43
100.0
  0
MTEXT
  5
924B
330
8E50
100
AcDbEntity
  8
RXDIM
 62
3
440
16777216
100
AcDbMText
 10
22585.22713554431
 20
26620.78215087198
 30
0.0
 40
200.0
 41
0.0
 46
0.0
 71
5
  1
\A1;2900
  7
굴림체
  0
POINT
  5
924C
330
8E50
100
AcDbEntity
  8
DEFPOINTS
 62
0
440
16777216
100
AcDbPoint
 10
21135.22713555688
 20
25118.52151257039
 30
0.0
  0
POINT
  5
924D
330
8E50
100
AcDbEntity
  8
DEFPOINTS
 62
0
440
16777216
100
AcDbPoint
 10
24035.22713553174
 20
25118.52151255502
 30
0.0
  0
POINT
  5
924E
330
8E50
100
AcDbEntity
  8
DEFPOINTS
 62
0
440
16777216
100
AcDbPoint
 10
24035.22713553174
 20
26418.52151257411
 30
0.0
  0
ENDBLK
  5
8E5B
330
8E50
100
AcDbEntity
  8
0
100
AcDbBlockEnd
  0
BLOCK
  5
8E66
330
8E5C
100
AcDbEntity
  8
0
100
AcDbBlockBegin
  2
*D25
 70
1
 10
0.0
 20
0.0
 30
0.0
  3
*D25
  1

  0
LINE
  5
924F
330
8E5C
100
AcDbEntity
  8
RXDIM
 62
6
370
-2
440
16777216
100
AcDbLine
 10
8035.230238410782
 20
21253.72741865699
 30
0.0
 11
5935.230238411017
 21
21253.72741865699
 31
0.0
  0
LINE
  5
9250
330
8E5C
100
AcDbEntity
  8
RXDIM
 62
6
370
-2
440
16777216
100
AcDbLine
 10
8035.230238410782
 20
12753.7274185699
 30
0.0
 11
5935.230238411016
 21
12753.7274185699
 31
0.0
  0
LINE
  5
9251
330
8E5C
100
AcDbEntity
  8
RXDIM
 62
6
370
-2
440
16777216
100
AcDbLine
 10
6085.230238411018
 20
21153.72741865698
 30
0.0
 11
6085.230238411015
 21
12853.7274185699
 31
0.0
  0
INSERT
  5
9252
330
8E5C
100
AcDbEntity
  8
RXDIM
 62
6
370
-2
440
16777216
100
AcDbBlockReference
  2
_RXDOT
 10
6085.230238411018
 20
21253.72741865699
 30
0.0
 41
100.0
 42
100.0
 43
100.0
 50
90.0
  0
INSERT
  5
9253
330
8E5C
100
AcDbEntity
  8
RXDIM
 62
6
370
-2
440
16777216
100
AcDbBlockReference
  2
_RXDOT
 10
6085.230238411015
 20
12753.7274185699
 30
0.0
 41
100.0
 42
100.0
 43
100.0
 50
270.0
  0
MTEXT
  5
9254
330
8E5C
100
AcDbEntity
  8
RXDIM
 62
3
440
16777216
100
AcDbMText
 10
5882.969600113142
 20
17003.72741861344
 30
0.0
 40
200.0
 41
0.0
 46
0.0
 71
5
  1
\A1;8500
  7
굴림체
 11
1e-16
 21
1.0
 31
0.0
  0
POINT
  5
9255
330
8E5C
100
AcDbEntity
  8
DEFPOINTS
 62
0
440
16777216
100
AcDbPoint
 10
8185.230238410783
 20
21253.72741865699
 30
0.0
  0
POINT
  5
9256
330
8E5C
100
AcDbEntity
  8
DEFPOINTS
 62
0
440
16777216
100
AcDbPoint
 10
8185.230238410783
 20
12753.7274185699
 30
0.0
  0
POINT
  5
9257
330
8E5C
100
AcDbEntity
  8
DEFPOINTS
 62
0
440
16777216
100
AcDbPoint
 10
6085.230238411015
 20
12753.7274185699
 30
0.0
  0
ENDBLK
  5
8E67
330
8E5C
100
AcDbEntity
  8
0
100
AcDbBlockEnd
  0
BLOCK
  5
8E72
330
8E68
100
AcDbEntity
  8
0
100
AcDbBlockBegin
  2
*D26
 70
1
 10
0.0
 20
0.0
 30
0.0
  3
*D26
  1

  0
LINE
  5
9258
330
8E68
100
AcDbEntity
  8
RXDIM
 62
6
370
-2
440
16777216
100
AcDbLine
 10
8035.230238406823
 20
9953.727418569906
 30
0.0
 11
5935.230238411015
 21
9953.727418569906
 31
0.0
  0
LINE
  5
9259
330
8E68
100
AcDbEntity
  8
RXDIM
 62
6
370
-2
440
16777216
100
AcDbLine
 10
8035.230238407057
 20
12753.72741848282
 30
0.0
 11
5935.230238411016
 21
12753.72741848282
 31
0.0
  0
LINE
  5
925A
330
8E68
100
AcDbEntity
  8
RXDIM
 62
6
370
-2
440
16777216
100
AcDbLine
 10
6085.230238411014
 20
10053.7274185699
 30
0.0
 11
6085.230238411015
 21
12653.72741848282
 31
0.0
  0
INSERT
  5
925B
330
8E68
100
AcDbEntity
  8
RXDIM
 62
6
370
-2
440
16777216
100
AcDbBlockReference
  2
_RXDOT
 10
6085.230238411014
 20
9953.727418569906
 30
0.0
 41
100.0
 42
100.0
 43
100.0
 50
270.0
  0
INSERT
  5
925C
330
8E68
100
AcDbEntity
  8
RXDIM
 62
6
370
-2
440
16777216
100
AcDbBlockReference
  2
_RXDOT
 10
6085.230238411015
 20
12753.72741848282
 30
0.0
 41
100.0
 42
100.0
 43
100.0
 50
90.0
  0
MTEXT
  5
925D
330
8E68
100
AcDbEntity
  8
RXDIM
 62
3
440
16777216
100
AcDbMText
 10
5882.969600113142
 20
11353.72741852637
 30
0.0
 40
200.0
 41
0.0
 46
0.0
 71
5
  1
\A1;2800
  7
굴림체
 11
1e-16
 21
1.0
 31
0.0
  0
POINT
  5
925E
330
8E68
100
AcDbEntity
  8
DEFPOINTS
 62
0
440
16777216
100
AcDbPoint
 10
8185.230238406823
 20
9953.727418569906
 30
0.0
  0
POINT
  5
925F
330
8E68
100
AcDbEntity
  8
DEFPOINTS
 62
0
440
16777216
100
AcDbPoint
 10
8185.230238407056
 20
12753.72741848282
 30
0.0
  0
POINT
  5
9260
330
8E68
100
AcDbEntity
  8
DEFPOINTS
 62
0
440
16777216
100
AcDbPoint
 10
6085.230238411015
 20
12753.72741848282
 30
0.0
  0
ENDBLK
  5
8E73
330
8E68
100
AcDbEntity
  8
0
100
AcDbBlockEnd
  0
BLOCK
  5
8E7E
330
8E74
100
AcDbEntity
  8
0
100
AcDbBlockBegin
  2
*D27
 70
1
 10
0.0
 20
0.0
 30
0.0
  3
*D27
  1

  0
LINE
  5
9261
330
8E74
100
AcDbEntity
  8
RXDIM
 62
6
370
-2
440
16777216
100
AcDbLine
 10
8035.230238410782
 20
12753.7274185699
 30
0.0
 11
6535.230238411014
 21
12753.7274185699
 31
0.0
  0
LINE
  5
9262
330
8E74
100
AcDbEntity
  8
RXDIM
 62
6
370
-2
440
16777216
100
AcDbLine
 10
8035.230238410782
 20
17653.72741865745
 30
0.0
 11
6535.230238411016
 21
17653.72741865745
 31
0.0
  0
LINE
  5
9263
330
8E74
100
AcDbEntity
  8
RXDIM
 62
6
370
-2
440
16777216
100
AcDbLine
 10
6685.230238411015
 20
12853.7274185699
 30
0.0
 11
6685.230238411016
 21
17553.72741865745
 31
0.0
  0
INSERT
  5
9264
330
8E74
100
AcDbEntity
  8
RXDIM
 62
6
370
-2
440
16777216
100
AcDbBlockReference
  2
_RXDOT
 10
6685.230238411015
 20
12753.7274185699
 30
0.0
 41
100.0
 42
100.0
 43
100.0
 50
270.0
  0
INSERT
  5
9265
330
8E74
100
AcDbEntity
  8
RXDIM
 62
6
370
-2
440
16777216
100
AcDbBlockReference
  2
_RXDOT
 10
6685.230238411016
 20
17653.72741865745
 30
0.0
 41
100.0
 42
100.0
 43
100.0
 50
90.0
  0
MTEXT
  5
9266
330
8E74
100
AcDbEntity
  8
RXDIM
 62
3
440
16777216
100
AcDbMText
 10
6482.703642666331
 20
15203.72741861368
 30
0.0
 40
200.0
 41
0.0
 46
0.0
 71
5
  1
\A1;4900
  7
굴림체
 11
1e-16
 21
1.0
 31
0.0
  0
POINT
  5
9267
330
8E74
100
AcDbEntity
  8
DEFPOINTS
 62
0
440
16777216
100
AcDbPoint
 10
8185.230238410783
 20
12753.7274185699
 30
0.0
  0
POINT
  5
9268
330
8E74
100
AcDbEntity
  8
DEFPOINTS
 62
0
440
16777216
100
AcDbPoint
 10
8185.230238410783
 20
17653.72741865745
 30
0.0
  0
POINT
  5
9269
330
8E74
100
AcDbEntity
  8
DEFPOINTS
 62
0
440
16777216
100
AcDbPoint
 10
6685.230238411016
 20
17653.72741865745
 30
0.0
  0
ENDBLK
  5
8E7F
330
8E74
100
AcDbEntity
  8
0
100
AcDbBlockEnd
  0
BLOCK
  5
8E8A
330
8E80
100
AcDbEntity
  8
0
100
AcDbBlockBegin
  2
*D28
 70
1
 10
0.0
 20
0.0
 30
0.0
  3
*D28
  1

  0
LINE
  5
926A
330
8E80
100
AcDbEntity
  8
RXDIM
 62
6
370
-2
440
16777216
100
AcDbLine
 10
8035.230238410782
 20
17653.72741865745
 30
0.0
 11
7135.230238411015
 21
17653.72741865745
 31
0.0
  0
LINE
  5
926B
330
8E80
100
AcDbEntity
  8
RXDIM
 62
6
370
-2
440
16777216
100
AcDbLine
 10
8035.23023841055
 20
19453.72741865838
 30
0.0
 11
7135.230238411016
 21
19453.72741865838
 31
0.0
  0
LINE
  5
926C
330
8E80
100
AcDbEntity
  8
RXDIM
 62
6
370
-2
440
16777216
100
AcDbLine
 10
7285.230238411014
 20
17753.72741865745
 30
0.0
 11
7285.230238411016
 21
19353.72741865838
 31
0.0
  0
INSERT
  5
926D
330
8E80
100
AcDbEntity
  8
RXDIM
 62
6
370
-2
440
16777216
100
AcDbBlockReference
  2
_RXDOT
 10
7285.230238411014
 20
17653.72741865745
 30
0.0
 41
100.0
 42
100.0
 43
100.0
 50
270.0
  0
INSERT
  5
926E
330
8E80
100
AcDbEntity
  8
RXDIM
 62
6
370
-2
440
16777216
100
AcDbBlockReference
  2
_RXDOT
 10
7285.230238411016
 20
19453.72741865838
 30
0.0
 41
100.0
 42
100.0
 43
100.0
 50
90.0
  0
MTEXT
  5
926F
330
8E80
100
AcDbEntity
  8
RXDIM
 62
3
440
16777216
100
AcDbMText
 10
7082.570663942927
 20
18553.72741865791
 30
0.0
 40
200.0
 41
0.0
 46
0.0
 71
5
  1
\A1;1800
  7
굴림체
 11
1e-16
 21
1.0
 31
0.0
  0
POINT
  5
9270
330
8E80
100
AcDbEntity
  8
DEFPOINTS
 62
0
440
16777216
100
AcDbPoint
 10
8185.230238410783
 20
17653.72741865745
 30
0.0
  0
POINT
  5
9271
330
8E80
100
AcDbEntity
  8
DEFPOINTS
 62
0
440
16777216
100
AcDbPoint
 10
8185.23023841055
 20
19453.72741865838
 30
0.0
  0
POINT
  5
9272
330
8E80
100
AcDbEntity
  8
DEFPOINTS
 62
0
440
16777216
100
AcDbPoint
 10
7285.230238411016
 20
19453.72741865838
 30
0.0
  0
ENDBLK
  5
8E8B
330
8E80
100
AcDbEntity
  8
0
100
AcDbBlockEnd
  0
BLOCK
  5
8E96
330
8E8C
100
AcDbEntity
  8
0
100
AcDbBlockBegin
  2
*D29
 70
1
 10
0.0
 20
0.0
 30
0.0
  3
*D29
  1

  0
LINE
  5
9273
330
8E8C
100
AcDbEntity
  8
RXDIM
 62
6
370
-2
440
16777216
100
AcDbLine
 10
8035.23023841055
 20
19453.72741865838
 30
0.0
 11
7135.230238411016
 21
19453.72741865838
 31
0.0
  0
LINE
  5
9274
330
8E8C
100
AcDbEntity
  8
RXDIM
 62
6
370
-2
440
16777216
100
AcDbLine
 10
8035.230238410317
 20
21253.7274185699
 30
0.0
 11
7135.230238411016
 21
21253.7274185699
 31
0.0
  0
LINE
  5
9275
330
8E8C
100
AcDbEntity
  8
RXDIM
 62
6
370
-2
440
16777216
100
AcDbLine
 10
7285.230238411016
 20
19553.72741865838
 30
0.0
 11
7285.230238411016
 21
21153.72741856991
 31
0.0
  0
INSERT
  5
9276
330
8E8C
100
AcDbEntity
  8
RXDIM
 62
6
370
-2
440
16777216
100
AcDbBlockReference
  2
_RXDOT
 10
7285.230238411016
 20
19453.72741865838
 30
0.0
 41
100.0
 42
100.0
 43
100.0
 50
270.0
  0
INSERT
  5
9277
330
8E8C
100
AcDbEntity
  8
RXDIM
 62
6
370
-2
440
16777216
100
AcDbBlockReference
  2
_RXDOT
 10
7285.230238411016
 20
21253.7274185699
 30
0.0
 41
100.0
 42
100.0
 43
100.0
 50
90.0
  0
MTEXT
  5
9278
330
8E8C
100
AcDbEntity
  8
RXDIM
 62
3
440
16777216
100
AcDbMText
 10
7082.570663942927
 20
20353.72741861415
 30
0.0
 40
200.0
 41
0.0
 46
0.0
 71
5
  1
\A1;1800
  7
굴림체
 11
1e-16
 21
1.0
 31
0.0
  0
POINT
  5
9279
330
8E8C
100
AcDbEntity
  8
DEFPOINTS
 62
0
440
16777216
100
AcDbPoint
 10
8185.23023841055
 20
19453.72741865838
 30
0.0
  0
POINT
  5
927A
330
8E8C
100
AcDbEntity
  8
DEFPOINTS
 62
0
440
16777216
100
AcDbPoint
 10
8185.230238410317
 20
21253.7274185699
 30
0.0
  0
POINT
  5
927B
330
8E8C
100
AcDbEntity
  8
DEFPOINTS
 62
0
440
16777216
100
AcDbPoint
 10
7285.230238411016
 20
21253.7274185699
 30
0.0
  0
ENDBLK
  5
8E97
330
8E8C
100
AcDbEntity
  8
0
100
AcDbBlockEnd
  0
BLOCK
  5
8EA2
330
8E98
100
AcDbEntity
  8
0
100
AcDbBlockBegin
  2
*D30
 70
1
 10
0.0
 20
0.0
 30
0.0
  3
*D30
  1

  0
LINE
  5
927C
330
8E98
100
AcDbEntity
  8
RXDIM
 62
6
370
-2
440
16777216
100
AcDbLine
 10
8035.230238410782
 20
12753.7274185699
 30
0.0
 11
5935.230238411014
 21
12753.7274185699
 31
0.0
  0
LINE
  5
927D
330
8E98
100
AcDbEntity
  8
RXDIM
 62
6
370
-2
440
16777216
100
AcDbLine
 10
8035.230238410317
 20
21253.7274185699
 30
0.0
 11
5935.230238411016
 21
21253.7274185699
 31
0.0
  0
LINE
  5
927E
330
8E98
100
AcDbEntity
  8
RXDIM
 62
6
370
-2
440
16777216
100
AcDbLine
 10
6085.230238411014
 20
12853.7274185699
 30
0.0
 11
6085.230238411015
 21
21153.72741856991
 31
0.0
  0
INSERT
  5
927F
330
8E98
100
AcDbEntity
  8
RXDIM
 62
6
370
-2
440
16777216
100
AcDbBlockReference
  2
_RXDOT
 10
6085.230238411014
 20
12753.7274185699
 30
0.0
 41
100.0
 42
100.0
 43
100.0
 50
270.0
  0
INSERT
  5
9280
330
8E98
100
AcDbEntity
  8
RXDIM
 62
6
370
-2
440
16777216
100
AcDbBlockReference
  2
_RXDOT
 10
6085.230238411015
 20
21253.7274185699
 30
0.0
 41
100.0
 42
100.0
 43
100.0
 50
90.0
  0
MTEXT
  5
9281
330
8E98
100
AcDbEntity
  8
RXDIM
 62
3
440
16777216
100
AcDbMText
 10
5882.969600113139
 20
17003.7274185699
 30
0.0
 40
200.0
 41
0.0
 46
0.0
 71
5
  1
\A1;8500
  7
굴림체
 11
1e-16
 21
1.0
 31
0.0
  0
POINT
  5
9282
330
8E98
100
AcDbEntity
  8
DEFPOINTS
 62
0
440
16777216
100
AcDbPoint
 10
8185.230238410783
 20
12753.7274185699
 30
0.0
  0
POINT
  5
9283
330
8E98
100
AcDbEntity
  8
DEFPOINTS
 62
0
440
16777216
100
AcDbPoint
 10
8185.230238410317
 20
21253.7274185699
 30
0.0
  0
POINT
  5
9284
330
8E98
100
AcDbEntity
  8
DEFPOINTS
 62
0
440
16777216
100
AcDbPoint
 10
6085.230238411015
 20
21253.7274185699
 30
0.0
  0
ENDBLK
  5
8EA3
330
8E98
100
AcDbEntity
  8
0
100
AcDbBlockEnd
  0
BLOCK
  5
8EAE
330
8EA4
100
AcDbEntity
  8
0
100
AcDbBlockBegin
  2
*D31
 70
1
 10
0.0
 20
0.0
 30
0.0
  3
*D31
  1

  0
LINE
  5
9285
330
8EA4
100
AcDbEntity
  8
RXDIM
 62
6
370
-2
440
16777216
100
AcDbLine
 10
8035.230238410317
 20
21253.7274185699
 30
0.0
 11
5335.230238411018
 21
21253.7274185699
 31
0.0
  0
LINE
  5
9286
330
8EA4
100
AcDbEntity
  8
RXDIM
 62
6
370
-2
440
16777216
100
AcDbLine
 10
8035.23023841055
 20
9953.727418569906
 30
0.0
 11
5335.230238411015
 21
9953.727418569906
 31
0.0
  0
LINE
  5
9287
330
8EA4
100
AcDbEntity
  8
RXDIM
 62
6
370
-2
440
16777216
100
AcDbLine
 10
5485.230238411018
 20
21153.72741856991
 30
0.0
 11
5485.230238411015
 21
10053.7274185699
 31
0.0
  0
INSERT
  5
9288
330
8EA4
100
AcDbEntity
  8
RXDIM
 62
6
370
-2
440
16777216
100
AcDbBlockReference
  2
_RXDOT
 10
5485.230238411018
 20
21253.7274185699
 30
0.0
 41
100.0
 42
100.0
 43
100.0
 50
90.0
  0
INSERT
  5
9289
330
8EA4
100
AcDbEntity
  8
RXDIM
 62
6
370
-2
440
16777216
100
AcDbBlockReference
  2
_RXDOT
 10
5485.230238411015
 20
9953.727418569906
 30
0.0
 41
100.0
 42
100.0
 43
100.0
 50
270.0
  0
MTEXT
  5
928A
330
8EA4
100
AcDbEntity
  8
RXDIM
 62
3
440
16777216
100
AcDbMText
 10
5282.570663942929
 20
15603.7274185699
 30
0.0
 40
200.0
 41
0.0
 46
0.0
 71
5
  1
\A1;11300
  7
굴림체
 11
1e-16
 21
1.0
 31
0.0
  0
POINT
  5
928B
330
8EA4
100
AcDbEntity
  8
DEFPOINTS
 62
0
440
16777216
100
AcDbPoint
 10
8185.230238410317
 20
21253.7274185699
 30
0.0
  0
POINT
  5
928C
330
8EA4
100
AcDbEntity
  8
DEFPOINTS
 62
0
440
16777216
100
AcDbPoint
 10
8185.23023841055
 20
9953.727418569906
 30
0.0
  0
POINT
  5
928D
330
8EA4
100
AcDbEntity
  8
DEFPOINTS
 62
0
440
16777216
100
AcDbPoint
 10
5485.230238411015
 20
9953.727418569906
 30
0.0
  0
ENDBLK
  5
8EAF
330
8EA4
100
AcDbEntity
  8
0
100
AcDbBlockEnd
  0
BLOCK
  5
8EBA
330
8EB0
100
AcDbEntity
  8
0
100
AcDbBlockBegin
  2
*D32
 70
1
 10
0.0
 20
0.0
 30
0.0
  3
*D32
  1

  0
LINE
  5
928E
330
8EB0
100
AcDbEntity
  8
RXDIM
 62
6
370
-2
440
16777216
100
AcDbLine
 10
8035.230238419398
 20
17653.72741865745
 30
0.0
 11
7135.230238411016
 21
17653.72741865745
 31
0.0
  0
LINE
  5
928F
330
8EB0
100
AcDbEntity
  8
RXDIM
 62
6
370
-2
440
16777216
100
AcDbLine
 10
8035.230238419398
 20
16153.72741857037
 30
0.0
 11
7135.230238411016
 21
16153.72741857037
 31
0.0
  0
LINE
  5
9290
330
8EB0
100
AcDbEntity
  8
RXDIM
 62
6
370
-2
440
16777216
100
AcDbLine
 10
7285.230238411016
 20
17553.72741865745
 30
0.0
 11
7285.230238411016
 21
16253.72741857037
 31
0.0
  0
INSERT
  5
9291
330
8EB0
100
AcDbEntity
  8
RXDIM
 62
6
370
-2
440
16777216
100
AcDbBlockReference
  2
_RXDOT
 10
7285.230238411016
 20
17653.72741865745
 30
0.0
 41
100.0
 42
100.0
 43
100.0
 50
90.0
  0
INSERT
  5
9292
330
8EB0
100
AcDbEntity
  8
RXDIM
 62
6
370
-2
440
16777216
100
AcDbBlockReference
  2
_RXDOT
 10
7285.230238411016
 20
16153.72741857037
 30
0.0
 41
100.0
 42
100.0
 43
100.0
 50
270.0
  0
MTEXT
  5
9293
330
8EB0
100
AcDbEntity
  8
RXDIM
 62
3
440
16777216
100
AcDbMText
 10
7082.570663942927
 20
16903.72741861391
 30
0.0
 40
200.0
 41
0.0
 46
0.0
 71
5
  1
\A1;1500
  7
굴림체
 11
1e-16
 21
1.0
 31
0.0
  0
POINT
  5
9294
330
8EB0
100
AcDbEntity
  8
DEFPOINTS
 62
0
440
16777216
100
AcDbPoint
 10
8185.230238419398
 20
17653.72741865745
 30
0.0
  0
POINT
  5
9295
330
8EB0
100
AcDbEntity
  8
DEFPOINTS
 62
0
440
16777216
100
AcDbPoint
 10
8185.230238419398
 20
16153.72741857037
 30
0.0
  0
POINT
  5
9296
330
8EB0
100
AcDbEntity
  8
DEFPOINTS
 62
0
440
16777216
100
AcDbPoint
 10
7285.230238411016
 20
16153.72741857037
 30
0.0
  0
ENDBLK
  5
8EBB
330
8EB0
100
AcDbEntity
  8
0
100
AcDbBlockEnd
  0
BLOCK
  5
8EC6
330
8EBC
100
AcDbEntity
  8
0
100
AcDbBlockBegin
  2
*D33
 70
1
 10
0.0
 20
0.0
 30
0.0
  3
*D33
  1

  0
LINE
  5
9297
330
8EBC
100
AcDbEntity
  8
RXDIM
 62
6
370
-2
440
16777216
100
AcDbLine
 10
8035.230238418931
 20
16153.72741857037
 30
0.0
 11
7135.230238411016
 21
16153.72741857037
 31
0.0
  0
LINE
  5
9298
330
8EBC
100
AcDbEntity
  8
RXDIM
 62
6
370
-2
440
16777216
100
AcDbLine
 10
8035.230238418931
 20
12753.7274185699
 30
0.0
 11
7135.230238411016
 21
12753.7274185699
 31
0.0
  0
LINE
  5
9299
330
8EBC
100
AcDbEntity
  8
RXDIM
 62
6
370
-2
440
16777216
100
AcDbLine
 10
7285.230238411016
 20
16053.72741857037
 30
0.0
 11
7285.230238411016
 21
12853.7274185699
 31
0.0
  0
INSERT
  5
929A
330
8EBC
100
AcDbEntity
  8
RXDIM
 62
6
370
-2
440
16777216
100
AcDbBlockReference
  2
_RXDOT
 10
7285.230238411016
 20
16153.72741857037
 30
0.0
 41
100.0
 42
100.0
 43
100.0
 50
90.0
  0
INSERT
  5
929B
330
8EBC
100
AcDbEntity
  8
RXDIM
 62
6
370
-2
440
16777216
100
AcDbBlockReference
  2
_RXDOT
 10
7285.230238411016
 20
12753.7274185699
 30
0.0
 41
100.0
 42
100.0
 43
100.0
 50
270.0
  0
MTEXT
  5
929C
330
8EBC
100
AcDbEntity
  8
RXDIM
 62
3
440
16777216
100
AcDbMText
 10
7082.703642666333
 20
14453.72741857014
 30
0.0
 40
200.0
 41
0.0
 46
0.0
 71
5
  1
\A1;3400
  7
굴림체
 11
1e-16
 21
1.0
 31
0.0
  0
POINT
  5
929D
330
8EBC
100
AcDbEntity
  8
DEFPOINTS
 62
0
440
16777216
100
AcDbPoint
 10
8185.230238418931
 20
16153.72741857037
 30
0.0
  0
POINT
  5
929E
330
8EBC
100
AcDbEntity
  8
DEFPOINTS
 62
0
440
16777216
100
AcDbPoint
 10
8185.230238418931
 20
12753.7274185699
 30
0.0
  0
POINT
  5
929F
330
8EBC
100
AcDbEntity
  8
DEFPOINTS
 62
0
440
16777216
100
AcDbPoint
 10
7285.230238411016
 20
12753.7274185699
 30
0.0
  0
ENDBLK
  5
8EC7
330
8EBC
100
AcDbEntity
  8
0
100
AcDbBlockEnd
  0
BLOCK
  5
8ED2
330
8EC8
100
AcDbEntity
  8
0
100
AcDbBlockBegin
  2
*D34
 70
1
 10
0.0
 20
0.0
 30
0.0
  3
*D34
  1

  0
LINE
  5
92A0
330
8EC8
100
AcDbEntity
  8
RXDIM
 62
6
370
-2
440
16777216
100
AcDbLine
 10
31507.58005879553
 20
21253.7274185699
 30
0.0
 11
33407.58005879553
 21
21253.7274185699
 31
0.0
  0
LINE
  5
92A1
330
8EC8
100
AcDbEntity
  8
RXDIM
 62
6
370
-2
440
16777216
100
AcDbLine
 10
31507.58005879553
 20
18453.72741856991
 30
0.0
 11
33407.58005879553
 21
18453.72741856991
 31
0.0
  0
LINE
  5
92A2
330
8EC8
100
AcDbEntity
  8
RXDIM
 62
6
370
-2
440
16777216
100
AcDbLine
 10
33257.58005879553
 20
21153.72741856991
 30
0.0
 11
33257.58005879553
 21
18553.7274185699
 31
0.0
  0
INSERT
  5
92A3
330
8EC8
100
AcDbEntity
  8
RXDIM
 62
6
370
-2
440
16777216
100
AcDbBlockReference
  2
_RXDOT
 10
33257.58005879553
 20
21253.7274185699
 30
0.0
 41
100.0
 42
100.0
 43
100.0
 50
90.0
  0
INSERT
  5
92A4
330
8EC8
100
AcDbEntity
  8
RXDIM
 62
6
370
-2
440
16777216
100
AcDbBlockReference
  2
_RXDOT
 10
33257.58005879553
 20
18453.72741856991
 30
0.0
 41
100.0
 42
100.0
 43
100.0
 50
270.0
  0
MTEXT
  5
92A5
330
8EC8
100
AcDbEntity
  8
RXDIM
 62
3
440
16777216
100
AcDbMText
 10
33055.31942049765
 20
19853.72741856991
 30
0.0
 40
200.0
 41
0.0
 46
0.0
 71
5
  1
\A1;2800
  7
굴림체
 11
1e-16
 21
1.0
 31
0.0
  0
POINT
  5
92A6
330
8EC8
100
AcDbEntity
  8
DEFPOINTS
 62
0
440
16777216
100
AcDbPoint
 10
31357.58005879553
 20
21253.7274185699
 30
0.0
  0
POINT
  5
92A7
330
8EC8
100
AcDbEntity
  8
DEFPOINTS
 62
0
440
16777216
100
AcDbPoint
 10
31357.58005879553
 20
18453.72741856991
 30
0.0
  0
POINT
  5
92A8
330
8EC8
100
AcDbEntity
  8
DEFPOINTS
 62
0
440
16777216
100
AcDbPoint
 10
33257.58005879553
 20
18453.72741856991
 30
0.0
  0
ENDBLK
  5
8ED3
330
8EC8
100
AcDbEntity
  8
0
100
AcDbBlockEnd
  0
BLOCK
  5
8EDE
330
8ED4
100
AcDbEntity
  8
0
100
AcDbBlockBegin
  2
*D35
 70
1
 10
0.0
 20
0.0
 30
0.0
  3
*D35
  1

  0
LINE
  5
92A9
330
8ED4
100
AcDbEntity
  8
RXDIM
 62
6
370
-2
440
16777216
100
AcDbLine
 10
31507.58005879553
 20
18453.72741856991
 30
0.0
 11
33407.58005879554
 21
18453.72741856991
 31
0.0
  0
LINE
  5
92AA
330
8ED4
100
AcDbEntity
  8
RXDIM
 62
6
370
-2
440
16777216
100
AcDbLine
 10
31507.58005879553
 20
14853.7274185699
 30
0.0
 11
33407.58005879553
 21
14853.7274185699
 31
0.0
  0
LINE
  5
92AB
330
8ED4
100
AcDbEntity
  8
RXDIM
 62
6
370
-2
440
16777216
100
AcDbLine
 10
33257.58005879554
 20
18353.72741856991
 30
0.0
 11
33257.58005879553
 21
14953.7274185699
 31
0.0
  0
INSERT
  5
92AC
330
8ED4
100
AcDbEntity
  8
RXDIM
 62
6
370
-2
440
16777216
100
AcDbBlockReference
  2
_RXDOT
 10
33257.58005879554
 20
18453.72741856991
 30
0.0
 41
100.0
 42
100.0
 43
100.0
 50
90.0
  0
INSERT
  5
92AD
330
8ED4
100
AcDbEntity
  8
RXDIM
 62
6
370
-2
440
16777216
100
AcDbBlockReference
  2
_RXDOT
 10
33257.58005879553
 20
14853.7274185699
 30
0.0
 41
100.0
 42
100.0
 43
100.0
 50
270.0
  0
MTEXT
  5
92AE
330
8ED4
100
AcDbEntity
  8
RXDIM
 62
3
440
16777216
100
AcDbMText
 10
33055.31942049766
 20
16653.72741856991
 30
0.0
 40
200.0
 41
0.0
 46
0.0
 71
5
  1
\A1;3600
  7
굴림체
 11
1e-16
 21
1.0
 31
0.0
  0
POINT
  5
92AF
330
8ED4
100
AcDbEntity
  8
DEFPOINTS
 62
0
440
16777216
100
AcDbPoint
 10
31357.58005879553
 20
18453.72741856991
 30
0.0
  0
POINT
  5
92B0
330
8ED4
100
AcDbEntity
  8
DEFPOINTS
 62
0
440
16777216
100
AcDbPoint
 10
31357.58005879553
 20
14853.7274185699
 30
0.0
  0
POINT
  5
92B1
330
8ED4
100
AcDbEntity
  8
DEFPOINTS
 62
0
440
16777216
100
AcDbPoint
 10
33257.58005879553
 20
14853.7274185699
 30
0.0
  0
ENDBLK
  5
8EDF
330
8ED4
100
AcDbEntity
  8
0
100
AcDbBlockEnd
  0
BLOCK
  5
8EEA
330
8EE0
100
AcDbEntity
  8
0
100
AcDbBlockBegin
  2
*D36
 70
1
 10
0.0
 20
0.0
 30
0.0
  3
*D36
  1

  0
LINE
  5
92B2
330
8EE0
100
AcDbEntity
  8
RXDIM
 62
6
370
-2
440
16777216
100
AcDbLine
 10
31507.58005879553
 20
21253.7274185699
 30
0.0
 11
34007.58005879554
 21
21253.7274185699
 31
0.0
  0
LINE
  5
92B3
330
8EE0
100
AcDbEntity
  8
RXDIM
 62
6
370
-2
440
16777216
100
AcDbLine
 10
31507.58005879553
 20
14853.7274185699
 30
0.0
 11
34007.58005879553
 21
14853.7274185699
 31
0.0
  0
LINE
  5
92B4
330
8EE0
100
AcDbEntity
  8
RXDIM
 62
6
370
-2
440
16777216
100
AcDbLine
 10
33857.58005879554
 20
21153.72741856991
 30
0.0
 11
33857.58005879553
 21
14953.7274185699
 31
0.0
  0
INSERT
  5
92B5
330
8EE0
100
AcDbEntity
  8
RXDIM
 62
6
370
-2
440
16777216
100
AcDbBlockReference
  2
_RXDOT
 10
33857.58005879554
 20
21253.7274185699
 30
0.0
 41
100.0
 42
100.0
 43
100.0
 50
90.0
  0
INSERT
  5
92B6
330
8EE0
100
AcDbEntity
  8
RXDIM
 62
6
370
-2
440
16777216
100
AcDbBlockReference
  2
_RXDOT
 10
33857.58005879553
 20
14853.7274185699
 30
0.0
 41
100.0
 42
100.0
 43
100.0
 50
270.0
  0
MTEXT
  5
92B7
330
8EE0
100
AcDbEntity
  8
RXDIM
 62
3
440
16777216
100
AcDbMText
 10
33655.05346305085
 20
18053.72741856991
 30
0.0
 40
200.0
 41
0.0
 46
0.0
 71
5
  1
\A1;6400
  7
굴림체
 11
1e-16
 21
1.0
 31
0.0
  0
POINT
  5
92B8
330
8EE0
100
AcDbEntity
  8
DEFPOINTS
 62
0
440
16777216
100
AcDbPoint
 10
31357.58005879553
 20
21253.7274185699
 30
0.0
  0
POINT
  5
92B9
330
8EE0
100
AcDbEntity
  8
DEFPOINTS
 62
0
440
16777216
100
AcDbPoint
 10
31357.58005879553
 20
14853.7274185699
 30
0.0
  0
POINT
  5
92BA
330
8EE0
100
AcDbEntity
  8
DEFPOINTS
 62
0
440
16777216
100
AcDbPoint
 10
33857.58005879553
 20
14853.7274185699
 30
0.0
  0
ENDBLK
  5
8EEB
330
8EE0
100
AcDbEntity
  8
0
100
AcDbBlockEnd
  0
BLOCK
  5
8EF6
330
8EEC
100
AcDbEntity
  8
0
100
AcDbBlockBegin
  2
*D37
 70
1
 10
0.0
 20
0.0
 30
0.0
  3
*D37
  1

  0
LINE
  5
92BB
330
8EEC
100
AcDbEntity
  8
RXDIM
 62
6
370
-2
440
16777216
100
AcDbLine
 10
31507.58005879553
 20
14853.7274185699
 30
0.0
 11
33407.58005879553
 21
14853.7274185699
 31
0.0
  0
LINE
  5
92BC
330
8EEC
100
AcDbEntity
  8
RXDIM
 62
6
370
-2
440
16777216
100
AcDbLine
 10
31507.58005879553
 20
11853.7274185699
 30
0.0
 11
33407.58005879553
 21
11853.7274185699
 31
0.0
  0
LINE
  5
92BD
330
8EEC
100
AcDbEntity
  8
RXDIM
 62
6
370
-2
440
16777216
100
AcDbLine
 10
33257.58005879553
 20
14753.7274185699
 30
0.0
 11
33257.58005879553
 21
11953.7274185699
 31
0.0
  0
INSERT
  5
92BE
330
8EEC
100
AcDbEntity
  8
RXDIM
 62
6
370
-2
440
16777216
100
AcDbBlockReference
  2
_RXDOT
 10
33257.58005879553
 20
14853.7274185699
 30
0.0
 41
100.0
 42
100.0
 43
100.0
 50
90.0
  0
INSERT
  5
92BF
330
8EEC
100
AcDbEntity
  8
RXDIM
 62
6
370
-2
440
16777216
100
AcDbBlockReference
  2
_RXDOT
 10
33257.58005879553
 20
11853.7274185699
 30
0.0
 41
100.0
 42
100.0
 43
100.0
 50
270.0
  0
MTEXT
  5
92C0
330
8EEC
100
AcDbEntity
  8
RXDIM
 62
3
440
16777216
100
AcDbMText
 10
33055.31942049766
 20
13353.72741856991
 30
0.0
 40
200.0
 41
0.0
 46
0.0
 71
5
  1
\A1;3000
  7
굴림체
 11
1e-16
 21
1.0
 31
0.0
  0
POINT
  5
92C1
330
8EEC
100
AcDbEntity
  8
DEFPOINTS
 62
0
440
16777216
100
AcDbPoint
 10
31357.58005879553
 20
14853.7274185699
 30
0.0
  0
POINT
  5
92C2
330
8EEC
100
AcDbEntity
  8
DEFPOINTS
 62
0
440
16777216
100
AcDbPoint
 10
31357.58005879553
 20
11853.7274185699
 30
0.0
  0
POINT
  5
92C3
330
8EEC
100
AcDbEntity
  8
DEFPOINTS
 62
0
440
16777216
100
AcDbPoint
 10
33257.58005879553
 20
11853.7274185699
 30
0.0
  0
ENDBLK
  5
8EF7
330
8EEC
100
AcDbEntity
  8
0
100
AcDbBlockEnd
  0
BLOCK
  5
8F02
330
8EF8
100
AcDbEntity
  8
0
100
AcDbBlockBegin
  2
*D38
 70
1
 10
0.0
 20
0.0
 30
0.0
  3
*D38
  1

  0
LINE
  5
92C4
330
8EF8
100
AcDbEntity
  8
RXDIM
 62
6
370
-2
440
16777216
100
AcDbLine
 10
31507.58005879553
 20
11853.7274185699
 30
0.0
 11
33407.58005879553
 21
11853.7274185699
 31
0.0
  0
LINE
  5
92C5
330
8EF8
100
AcDbEntity
  8
RXDIM
 62
6
370
-2
440
16777216
100
AcDbLine
 10
31507.58005879553
 20
9953.727418569906
 30
0.0
 11
33407.58005879553
 21
9953.727418569906
 31
0.0
  0
LINE
  5
92C6
330
8EF8
100
AcDbEntity
  8
RXDIM
 62
6
370
-2
440
16777216
100
AcDbLine
 10
33257.58005879553
 20
11753.7274185699
 30
0.0
 11
33257.58005879553
 21
10053.7274185699
 31
0.0
  0
INSERT
  5
92C7
330
8EF8
100
AcDbEntity
  8
RXDIM
 62
6
370
-2
440
16777216
100
AcDbBlockReference
  2
_RXDOT
 10
33257.58005879553
 20
11853.7274185699
 30
0.0
 41
100.0
 42
100.0
 43
100.0
 50
90.0
  0
INSERT
  5
92C8
330
8EF8
100
AcDbEntity
  8
RXDIM
 62
6
370
-2
440
16777216
100
AcDbBlockReference
  2
_RXDOT
 10
33257.58005879553
 20
9953.727418569906
 30
0.0
 41
100.0
 42
100.0
 43
100.0
 50
270.0
  0
MTEXT
  5
92C9
330
8EF8
100
AcDbEntity
  8
RXDIM
 62
3
440
16777216
100
AcDbMText
 10
33054.92048432745
 20
10903.72741856991
 30
0.0
 40
200.0
 41
0.0
 46
0.0
 71
5
  1
\A1;1900
  7
굴림체
 11
1e-16
 21
1.0
 31
0.0
  0
POINT
  5
92CA
330
8EF8
100
AcDbEntity
  8
DEFPOINTS
 62
0
440
16777216
100
AcDbPoint
 10
31357.58005879553
 20
11853.7274185699
 30
0.0
  0
POINT
  5
92CB
330
8EF8
100
AcDbEntity
  8
DEFPOINTS
 62
0
440
16777216
100
AcDbPoint
 10
31357.58005879553
 20
9953.727418569906
 30
0.0
  0
POINT
  5
92CC
330
8EF8
100
AcDbEntity
  8
DEFPOINTS
 62
0
440
16777216
100
AcDbPoint
 10
33257.58005879553
 20
9953.727418569906
 30
0.0
  0
ENDBLK
  5
8F03
330
8EF8
100
AcDbEntity
  8
0
100
AcDbBlockEnd
  0
BLOCK
  5
8F0E
330
8F04
100
AcDbEntity
  8
0
100
AcDbBlockBegin
  2
*D39
 70
1
 10
0.0
 20
0.0
 30
0.0
  3
*D39
  1

  0
LINE
  5
92CD
330
8F04
100
AcDbEntity
  8
RXDIM
 62
6
370
-2
440
16777216
100
AcDbLine
 10
31507.58005879553
 20
21253.7274185699
 30
0.0
 11
34607.58005879554
 21
21253.7274185699
 31
0.0
  0
LINE
  5
92CE
330
8F04
100
AcDbEntity
  8
RXDIM
 62
6
370
-2
440
16777216
100
AcDbLine
 10
31507.58005879553
 20
9953.727418569906
 30
0.0
 11
34607.58005879553
 21
9953.727418569906
 31
0.0
  0
LINE
  5
92CF
330
8F04
100
AcDbEntity
  8
RXDIM
 62
6
370
-2
440
16777216
100
AcDbLine
 10
34457.58005879554
 20
21153.72741856991
 30
0.0
 11
34457.58005879553
 21
10053.7274185699
 31
0.0
  0
INSERT
  5
92D0
330
8F04
100
AcDbEntity
  8
RXDIM
 62
6
370
-2
440
16777216
100
AcDbBlockReference
  2
_RXDOT
 10
34457.58005879554
 20
21253.7274185699
 30
0.0
 41
100.0
 42
100.0
 43
100.0
 50
90.0
  0
INSERT
  5
92D1
330
8F04
100
AcDbEntity
  8
RXDIM
 62
6
370
-2
440
16777216
100
AcDbBlockReference
  2
_RXDOT
 10
34457.58005879553
 20
9953.727418569906
 30
0.0
 41
100.0
 42
100.0
 43
100.0
 50
270.0
  0
MTEXT
  5
92D2
330
8F04
100
AcDbEntity
  8
RXDIM
 62
3
440
16777216
100
AcDbMText
 10
34254.92048432745
 20
15603.72741856991
 30
0.0
 40
200.0
 41
0.0
 46
0.0
 71
5
  1
\A1;11300
  7
굴림체
 11
1e-16
 21
1.0
 31
0.0
  0
POINT
  5
92D3
330
8F04
100
AcDbEntity
  8
DEFPOINTS
 62
0
440
16777216
100
AcDbPoint
 10
31357.58005879553
 20
21253.7274185699
 30
0.0
  0
POINT
  5
92D4
330
8F04
100
AcDbEntity
  8
DEFPOINTS
 62
0
440
16777216
100
AcDbPoint
 10
31357.58005879553
 20
9953.727418569906
 30
0.0
  0
POINT
  5
92D5
330
8F04
100
AcDbEntity
  8
DEFPOINTS
 62
0
440
16777216
100
AcDbPoint
 10
34457.58005879553
 20
9953.727418569906
 30
0.0
  0
ENDBLK
  5
8F0F
330
8F04
100
AcDbEntity
  8
0
100
AcDbBlockEnd
  0
BLOCK
  5
8F1A
330
8F10
100
AcDbEntity
  8
0
100
AcDbBlockBegin
  2
*D40
 70
1
 10
0.0
 20
0.0
 30
0.0
  3
*D40
  1

  0
LINE
  5
92D6
330
8F10
100
AcDbEntity
  8
RXDIM
 62
6
370
-2
440
16777216
100
AcDbLine
 10
12035.22713558156
 20
25268.52151257411
 30
0.0
 11
12035.22713558156
 21
26568.52151257411
 31
0.0
  0
LINE
  5
92D7
330
8F10
100
AcDbEntity
  8
RXDIM
 62
6
370
-2
440
16777216
100
AcDbLine
 10
14085.22713555455
 20
25268.5215124875
 30
0.0
 11
14085.22713555455
 21
26568.52151257411
 31
0.0
  0
LINE
  5
92D8
330
8F10
100
AcDbEntity
  8
RXDIM
 62
6
370
-2
440
16777216
100
AcDbLine
 10
12135.22713558156
 20
26418.52151257411
 30
0.0
 11
13985.22713555455
 21
26418.52151257411
 31
0.0
  0
INSERT
  5
92D9
330
8F10
100
AcDbEntity
  8
RXDIM
 62
6
370
-2
440
16777216
100
AcDbBlockReference
  2
_RXDOT
 10
12035.22713558156
 20
26418.52151257411
 30
0.0
 41
100.0
 42
100.0
 43
100.0
 50
180.0
  0
INSERT
  5
92DA
330
8F10
100
AcDbEntity
  8
RXDIM
 62
6
370
-2
440
16777216
100
AcDbBlockReference
  2
_RXDOT
 10
14085.22713555455
 20
26418.52151257411
 30
0.0
 41
100.0
 42
100.0
 43
100.0
  0
MTEXT
  5
92DB
330
8F10
100
AcDbEntity
  8
RXDIM
 62
3
440
16777216
100
AcDbMText
 10
13060.22713556805
 20
26620.78215087198
 30
0.0
 40
200.0
 41
0.0
 46
0.0
 71
5
  1
\A1;2050
  7
굴림체
  0
POINT
  5
92DC
330
8F10
100
AcDbEntity
  8
DEFPOINTS
 62
0
440
16777216
100
AcDbPoint
 10
12035.22713558156
 20
25118.52151257411
 30
0.0
  0
POINT
  5
92DD
330
8F10
100
AcDbEntity
  8
DEFPOINTS
 62
0
440
16777216
100
AcDbPoint
 10
14085.22713555455
 20
25118.5215124875
 30
0.0
  0
POINT
  5
92DE
330
8F10
100
AcDbEntity
  8
DEFPOINTS
 62
0
440
16777216
100
AcDbPoint
 10
14085.22713555455
 20
26418.52151257411
 30
0.0
  0
ENDBLK
  5
8F1B
330
8F10
100
AcDbEntity
  8
0
100
AcDbBlockEnd
  0
BLOCK
  5
8F26
330
8F1C
100
AcDbEntity
  8
0
100
AcDbBlockBegin
  2
*D41
 70
1
 10
0.0
 20
0.0
 30
0.0
  3
*D41
  1

  0
LINE
  5
92DF
330
8F1C
100
AcDbEntity
  8
RXDIM
 62
6
370
-2
440
16777216
100
AcDbLine
 10
12035.22713548004
 20
5152.530830373114
 30
0.0
 11
12035.22713548004
 21
3052.53083047882
 31
0.0
  0
LINE
  5
92E0
330
8F1C
100
AcDbEntity
  8
RXDIM
 62
6
370
-2
440
16777216
100
AcDbLine
 10
26835.22713564117
 20
5152.530830429925
 30
0.0
 11
26835.22713564117
 21
3052.53083047882
 31
0.0
  0
LINE
  5
92E1
330
8F1C
100
AcDbEntity
  8
RXDIM
 62
6
370
-2
440
16777216
100
AcDbLine
 10
12135.22713548004
 20
3202.53083047882
 30
0.0
 11
26735.22713564117
 21
3202.53083047882
 31
0.0
  0
INSERT
  5
92E2
330
8F1C
100
AcDbEntity
  8
RXDIM
 62
6
370
-2
440
16777216
100
AcDbBlockReference
  2
_RXDOT
 10
12035.22713548004
 20
3202.53083047882
 30
0.0
 41
100.0
 42
100.0
 43
100.0
 50
180.0
  0
INSERT
  5
92E3
330
8F1C
100
AcDbEntity
  8
RXDIM
 62
6
370
-2
440
16777216
100
AcDbBlockReference
  2
_RXDOT
 10
26835.22713564117
 20
3202.53083047882
 30
0.0
 41
100.0
 42
100.0
 43
100.0
  0
MTEXT
  5
92E4
330
8F1C
100
AcDbEntity
  8
RXDIM
 62
3
440
16777216
100
AcDbMText
 10
19435.2271355606
 20
3405.190404946905
 30
0.0
 40
200.0
 41
0.0
 46
0.0
 71
5
  1
\A1;14800
  7
굴림체
  0
POINT
  5
92E5
330
8F1C
100
AcDbEntity
  8
DEFPOINTS
 62
0
440
16777216
100
AcDbPoint
 10
12035.22713548004
 20
5302.530830373115
 30
0.0
  0
POINT
  5
92E6
330
8F1C
100
AcDbEntity
  8
DEFPOINTS
 62
0
440
16777216
100
AcDbPoint
 10
26835.22713564117
 20
5302.530830429925
 30
0.0
  0
POINT
  5
92E7
330
8F1C
100
AcDbEntity
  8
DEFPOINTS
 62
0
440
16777216
100
AcDbPoint
 10
26835.22713564117
 20
3202.53083047882
 30
0.0
  0
ENDBLK
  5
8F27
330
8F1C
100
AcDbEntity
  8
0
100
AcDbBlockEnd
  0
BLOCK
  5
8F32
330
8F28
100
AcDbEntity
  8
0
100
AcDbBlockBegin
  2
*D42
 70
1
 10
0.0
 20
0.0
 30
0.0
  3
*D42
  1

  0
LINE
  5
92E8
330
8F28
100
AcDbEntity
  8
RXDIM
 62
6
370
-2
440
16777216
100
AcDbLine
 10
12035.22713548028
 20
5152.530830373114
 30
0.0
 11
12035.22713548028
 21
3652.53083047882
 31
0.0
  0
LINE
  5
92E9
330
8F28
100
AcDbEntity
  8
RXDIM
 62
6
370
-2
440
16777216
100
AcDbLine
 10
12635.22713547981
 20
5152.53083037032
 30
0.0
 11
12635.22713547981
 21
3652.53083047882
 31
0.0
  0
LINE
  5
92EA
330
8F28
100
AcDbEntity
  8
RXDIM
 62
6
370
-2
440
16777216
100
AcDbLine
 10
12135.22713548028
 20
3802.53083047882
 30
0.0
 11
12535.22713547981
 21
3802.53083047882
 31
0.0
  0
INSERT
  5
92EB
330
8F28
100
AcDbEntity
  8
RXDIM
 62
6
370
-2
440
16777216
100
AcDbBlockReference
  2
_RXDOT
 10
12035.22713548028
 20
3802.53083047882
 30
0.0
 41
100.0
 42
100.0
 43
100.0
 50
180.0
  0
INSERT
  5
92EC
330
8F28
100
AcDbEntity
  8
RXDIM
 62
6
370
-2
440
16777216
100
AcDbBlockReference
  2
_RXDOT
 10
12635.22713547981
 20
3802.53083047882
 30
0.0
 41
100.0
 42
100.0
 43
100.0
  0
MTEXT
  5
92ED
330
8F28
100
AcDbEntity
  8
RXDIM
 62
3
440
16777216
100
AcDbMText
 10
12335.22713548004
 20
4004.791468776692
 30
0.0
 40
200.0
 41
0.0
 46
0.0
 71
5
  1
\A1;600
  7
굴림체
  0
POINT
  5
92EE
330
8F28
100
AcDbEntity
  8
DEFPOINTS
 62
0
440
16777216
100
AcDbPoint
 10
12035.22713548028
 20
5302.530830373115
 30
0.0
  0
POINT
  5
92EF
330
8F28
100
AcDbEntity
  8
DEFPOINTS
 62
0
440
16777216
100
AcDbPoint
 10
12635.22713547981
 20
5302.53083037032
 30
0.0
  0
POINT
  5
92F0
330
8F28
100
AcDbEntity
  8
DEFPOINTS
 62
0
440
16777216
100
AcDbPoint
 10
12635.22713547981
 20
3802.53083047882
 30
0.0
  0
ENDBLK
  5
8F33
330
8F28
100
AcDbEntity
  8
0
100
AcDbBlockEnd
  0
BLOCK
  5
8F3E
330
8F34
100
AcDbEntity
  8
0
100
AcDbBlockBegin
  2
*D43
 70
1
 10
0.0
 20
0.0
 30
0.0
  3
*D43
  1

  0
LINE
  5
92F1
330
8F34
100
AcDbEntity
  8
RXDIM
 62
6
370
-2
440
16777216
100
AcDbLine
 10
15435.22713547981
 20
5152.530830476026
 30
0.0
 11
15435.22713547981
 21
3652.53083047882
 31
0.0
  0
LINE
  5
92F2
330
8F34
100
AcDbEntity
  8
RXDIM
 62
6
370
-2
440
16777216
100
AcDbLine
 10
21135.22713556061
 20
5152.530830355856
 30
0.0
 11
21135.22713556061
 21
3652.53083047882
 31
0.0
  0
LINE
  5
92F3
330
8F34
100
AcDbEntity
  8
RXDIM
 62
6
370
-2
440
16777216
100
AcDbLine
 10
15535.22713547981
 20
3802.53083047882
 30
0.0
 11
21035.22713556061
 21
3802.53083047882
 31
0.0
  0
INSERT
  5
92F4
330
8F34
100
AcDbEntity
  8
RXDIM
 62
6
370
-2
440
16777216
100
AcDbBlockReference
  2
_RXDOT
 10
15435.22713547981
 20
3802.53083047882
 30
0.0
 41
100.0
 42
100.0
 43
100.0
 50
180.0
  0
INSERT
  5
92F5
330
8F34
100
AcDbEntity
  8
RXDIM
 62
6
370
-2
440
16777216
100
AcDbBlockReference
  2
_RXDOT
 10
21135.22713556061
 20
3802.53083047882
 30
0.0
 41
100.0
 42
100.0
 43
100.0
  0
MTEXT
  5
92F6
330
8F34
100
AcDbEntity
  8
RXDIM
 62
3
440
16777216
100
AcDbMText
 10
18285.22713552021
 20
4005.0574262235
 30
0.0
 40
200.0
 41
0.0
 46
0.0
 71
5
  1
\A1;5700
  7
굴림체
  0
POINT
  5
92F7
330
8F34
100
AcDbEntity
  8
DEFPOINTS
 62
0
440
16777216
100
AcDbPoint
 10
15435.22713547981
 20
5302.530830476026
 30
0.0
  0
POINT
  5
92F8
330
8F34
100
AcDbEntity
  8
DEFPOINTS
 62
0
440
16777216
100
AcDbPoint
 10
21135.22713556061
 20
5302.530830355856
 30
0.0
  0
POINT
  5
92F9
330
8F34
100
AcDbEntity
  8
DEFPOINTS
 62
0
440
16777216
100
AcDbPoint
 10
21135.22713556061
 20
3802.53083047882
 30
0.0
  0
ENDBLK
  5
8F3F
330
8F34
100
AcDbEntity
  8
0
100
AcDbBlockEnd
  0
BLOCK
  5
8F4A
330
8F40
100
AcDbEntity
  8
0
100
AcDbBlockBegin
  2
*D44
 70
1
 10
0.0
 20
0.0
 30
0.0
  3
*D44
  1

  0
LINE
  5
92FA
330
8F40
100
AcDbEntity
  8
RXDIM
 62
6
370
-2
440
16777216
100
AcDbLine
 10
21135.22713556061
 20
5152.530830355856
 30
0.0
 11
21135.22713556061
 21
3652.53083047882
 31
0.0
  0
LINE
  5
92FB
330
8F40
100
AcDbEntity
  8
RXDIM
 62
6
370
-2
440
16777216
100
AcDbLine
 10
26835.22713564117
 20
5152.530830429925
 30
0.0
 11
26835.22713564117
 21
3652.53083047882
 31
0.0
  0
LINE
  5
92FC
330
8F40
100
AcDbEntity
  8
RXDIM
 62
6
370
-2
440
16777216
100
AcDbLine
 10
21235.22713556061
 20
3802.53083047882
 30
0.0
 11
26735.22713564117
 21
3802.53083047882
 31
0.0
  0
INSERT
  5
92FD
330
8F40
100
AcDbEntity
  8
RXDIM
 62
6
370
-2
440
16777216
100
AcDbBlockReference
  2
_RXDOT
 10
21135.22713556061
 20
3802.53083047882
 30
0.0
 41
100.0
 42
100.0
 43
100.0
 50
180.0
  0
INSERT
  5
92FE
330
8F40
100
AcDbEntity
  8
RXDIM
 62
6
370
-2
440
16777216
100
AcDbBlockReference
  2
_RXDOT
 10
26835.22713564117
 20
3802.53083047882
 30
0.0
 41
100.0
 42
100.0
 43
100.0
  0
MTEXT
  5
92FF
330
8F40
100
AcDbEntity
  8
RXDIM
 62
3
440
16777216
100
AcDbMText
 10
23985.22713560089
 20
4005.0574262235
 30
0.0
 40
200.0
 41
0.0
 46
0.0
 71
5
  1
\A1;5700
  7
굴림체
  0
POINT
  5
9300
330
8F40
100
AcDbEntity
  8
DEFPOINTS
 62
0
440
16777216
100
AcDbPoint
 10
21135.22713556061
 20
5302.530830355856
 30
0.0
  0
POINT
  5
9301
330
8F40
100
AcDbEntity
  8
DEFPOINTS
 62
0
440
16777216
100
AcDbPoint
 10
26835.22713564117
 20
5302.530830429925
 30
0.0
  0
POINT
  5
9302
330
8F40
100
AcDbEntity
  8
DEFPOINTS
 62
0
440
16777216
100
AcDbPoint
 10
26835.22713564117
 20
3802.53083047882
 30
0.0
  0
ENDBLK
  5
8F4B
330
8F40
100
AcDbEntity
  8
0
100
AcDbBlockEnd
  0
BLOCK
  5
8F56
330
8F4C
100
AcDbEntity
  8
0
100
AcDbBlockBegin
  2
*D45
 70
1
 10
0.0
 20
0.0
 30
0.0
  3
*D45
  1

  0
LINE
  5
9303
330
8F4C
100
AcDbEntity
  8
RXDIM
 62
6
370
-2
440
16777216
100
AcDbLine
 10
12635.22713547981
 20
5152.530143801181
 30
0.0
 11
12635.22713547981
 21
3652.53083047882
 31
0.0
  0
LINE
  5
9304
330
8F4C
100
AcDbEntity
  8
RXDIM
 62
6
370
-2
440
16777216
100
AcDbLine
 10
15435.22713547981
 20
5152.530143786745
 30
0.0
 11
15435.22713547981
 21
3652.53083047882
 31
0.0
  0
LINE
  5
9305
330
8F4C
100
AcDbEntity
  8
RXDIM
 62
6
370
-2
440
16777216
100
AcDbLine
 10
12735.22713547981
 20
3802.53083047882
 30
0.0
 11
15335.22713547981
 21
3802.53083047882
 31
0.0
  0
INSERT
  5
9306
330
8F4C
100
AcDbEntity
  8
RXDIM
 62
6
370
-2
440
16777216
100
AcDbBlockReference
  2
_RXDOT
 10
12635.22713547981
 20
3802.53083047882
 30
0.0
 41
100.0
 42
100.0
 43
100.0
 50
180.0
  0
INSERT
  5
9307
330
8F4C
100
AcDbEntity
  8
RXDIM
 62
6
370
-2
440
16777216
100
AcDbBlockReference
  2
_RXDOT
 10
15435.22713547981
 20
3802.53083047882
 30
0.0
 41
100.0
 42
100.0
 43
100.0
  0
MTEXT
  5
9308
330
8F4C
100
AcDbEntity
  8
RXDIM
 62
3
440
16777216
100
AcDbMText
 10
14035.22713547981
 20
4004.791468776692
 30
0.0
 40
200.0
 41
0.0
 46
0.0
 71
5
  1
\A1;2800
  7
굴림체
  0
POINT
  5
9309
330
8F4C
100
AcDbEntity
  8
DEFPOINTS
 62
0
440
16777216
100
AcDbPoint
 10
12635.22713547981
 20
5302.530143801181
 30
0.0
  0
POINT
  5
930A
330
8F4C
100
AcDbEntity
  8
DEFPOINTS
 62
0
440
16777216
100
AcDbPoint
 10
15435.22713547981
 20
5302.530143786746
 30
0.0
  0
POINT
  5
930B
330
8F4C
100
AcDbEntity
  8
DEFPOINTS
 62
0
440
16777216
100
AcDbPoint
 10
15435.22713547981
 20
3802.53083047882
 30
0.0
  0
ENDBLK
  5
8F57
330
8F4C
100
AcDbEntity
  8
0
100
AcDbBlockEnd
  0
BLOCK
  5
8F62
330
8F58
100
AcDbEntity
  8
0
100
AcDbBlockBegin
  2
*D46
 70
1
 10
0.0
 20
0.0
 30
0.0
  3
*D46
  1

  0
LINE
  5
930C
330
8F58
100
AcDbEntity
  8
RXDIM
 62
6
370
-2
440
16777216
100
AcDbLine
 10
31507.58005879553
 20
14853.7274185699
 30
0.0
 11
34007.58005879553
 21
14853.7274185699
 31
0.0
  0
LINE
  5
930D
330
8F58
100
AcDbEntity
  8
RXDIM
 62
6
370
-2
440
16777216
100
AcDbLine
 10
31507.58005879553
 20
9953.727418569906
 30
0.0
 11
34007.58005879553
 21
9953.727418569906
 31
0.0
  0
LINE
  5
930E
330
8F58
100
AcDbEntity
  8
RXDIM
 62
6
370
-2
440
16777216
100
AcDbLine
 10
33857.58005879553
 20
14753.7274185699
 30
0.0
 11
33857.58005879553
 21
10053.7274185699
 31
0.0
  0
INSERT
  5
930F
330
8F58
100
AcDbEntity
  8
RXDIM
 62
6
370
-2
440
16777216
100
AcDbBlockReference
  2
_RXDOT
 10
33857.58005879553
 20
14853.7274185699
 30
0.0
 41
100.0
 42
100.0
 43
100.0
 50
90.0
  0
INSERT
  5
9310
330
8F58
100
AcDbEntity
  8
RXDIM
 62
6
370
-2
440
16777216
100
AcDbBlockReference
  2
_RXDOT
 10
33857.58005879553
 20
9953.727418569906
 30
0.0
 41
100.0
 42
100.0
 43
100.0
 50
270.0
  0
MTEXT
  5
9311
330
8F58
100
AcDbEntity
  8
RXDIM
 62
3
440
16777216
100
AcDbMText
 10
33655.05346305085
 20
12403.72741856991
 30
0.0
 40
200.0
 41
0.0
 46
0.0
 71
5
  1
\A1;4900
  7
굴림체
 11
1e-16
 21
1.0
 31
0.0
  0
POINT
  5
9312
330
8F58
100
AcDbEntity
  8
DEFPOINTS
 62
0
440
16777216
100
AcDbPoint
 10
31357.58005879553
 20
14853.7274185699
 30
0.0
  0
POINT
  5
9313
330
8F58
100
AcDbEntity
  8
DEFPOINTS
 62
0
440
16777216
100
AcDbPoint
 10
31357.58005879553
 20
9953.727418569906
 30
0.0
  0
POINT
  5
9314
330
8F58
100
AcDbEntity
  8
DEFPOINTS
 62
0
440
16777216
100
AcDbPoint
 10
33857.58005879553
 20
9953.727418569906
 30
0.0
  0
ENDBLK
  5
8F63
330
8F58
100
AcDbEntity
  8
0
100
AcDbBlockEnd
  0
BLOCK
  5
8F6E
330
8F64
100
AcDbEntity
  8
0
100
AcDbBlockBegin
  2
*D47
 70
1
 10
0.0
 20
0.0
 30
0.0
  3
*D47
  1

  0
LINE
  5
9315
330
8F64
100
AcDbEntity
  8
RXDIM
 62
6
370
-2
440
16777216
100
AcDbLine
 10
8035.230238419398
 20
17653.72741865745
 30
0.0
 11
6535.230238411014
 21
17653.72741865745
 31
0.0
  0
LINE
  5
9316
330
8F64
100
AcDbEntity
  8
RXDIM
 62
6
370
-2
440
16777216
100
AcDbLine
 10
8035.230238419398
 20
21253.7274185699
 30
0.0
 11
6535.230238411016
 21
21253.7274185699
 31
0.0
  0
LINE
  5
9317
330
8F64
100
AcDbEntity
  8
RXDIM
 62
6
370
-2
440
16777216
100
AcDbLine
 10
6685.230238411015
 20
17753.72741865745
 30
0.0
 11
6685.230238411016
 21
21153.72741856991
 31
0.0
  0
INSERT
  5
9318
330
8F64
100
AcDbEntity
  8
RXDIM
 62
6
370
-2
440
16777216
100
AcDbBlockReference
  2
_RXDOT
 10
6685.230238411015
 20
17653.72741865745
 30
0.0
 41
100.0
 42
100.0
 43
100.0
 50
270.0
  0
INSERT
  5
9319
330
8F64
100
AcDbEntity
  8
RXDIM
 62
6
370
-2
440
16777216
100
AcDbBlockReference
  2
_RXDOT
 10
6685.230238411016
 20
21253.7274185699
 30
0.0
 41
100.0
 42
100.0
 43
100.0
 50
90.0
  0
MTEXT
  5
931A
330
8F64
100
AcDbEntity
  8
RXDIM
 62
3
440
16777216
100
AcDbMText
 10
6482.96960011314
 20
19453.72741861368
 30
0.0
 40
200.0
 41
0.0
 46
0.0
 71
5
  1
\A1;3600
  7
굴림체
 11
1e-16
 21
1.0
 31
0.0
  0
POINT
  5
931B
330
8F64
100
AcDbEntity
  8
DEFPOINTS
 62
0
440
16777216
100
AcDbPoint
 10
8185.230238419398
 20
17653.72741865745
 30
0.0
  0
POINT
  5
931C
330
8F64
100
AcDbEntity
  8
DEFPOINTS
 62
0
440
16777216
100
AcDbPoint
 10
8185.230238419398
 20
21253.7274185699
 30
0.0
  0
POINT
  5
931D
330
8F64
100
AcDbEntity
  8
DEFPOINTS
 62
0
440
16777216
100
AcDbPoint
 10
6685.230238411016
 20
21253.7274185699
 30
0.0
  0
ENDBLK
  5
8F6F
330
8F64
100
AcDbEntity
  8
0
100
AcDbBlockEnd
  0
BLOCK
  5
8F7A
330
8F70
100
AcDbEntity
  8
0
100
AcDbBlockBegin
  2
*D48
 70
1
 10
0.0
 20
0.0
 30
0.0
  3
*D48
  1

  0
LINE
  5
931E
330
8F70
100
AcDbEntity
  8
RXDIM
 62
6
370
-2
440
16777216
100
AcDbLine
 10
12135.22713549355
 20
19503.72880738234
 30
0.0
 11
12135.22713549355
 21
19927.45642042057
 31
0.0
  0
LINE
  5
931F
330
8F70
100
AcDbEntity
  8
RXDIM
 62
6
370
-2
440
16777216
100
AcDbLine
 10
13985.22713555013
 20
19503.728807381
 30
0.0
 11
13985.22713555013
 21
19927.45642042057
 31
0.0
  0
LINE
  5
9320
330
8F70
100
AcDbEntity
  8
RXDIM
 62
6
370
-2
440
16777216
100
AcDbLine
 10
12235.22713549355
 20
19777.45642042057
 30
0.0
 11
13885.22713555013
 21
19777.45642042057
 31
0.0
  0
INSERT
  5
9321
330
8F70
100
AcDbEntity
  8
RXDIM
 62
6
370
-2
440
16777216
100
AcDbBlockReference
  2
_RXDOT
 10
12135.22713549355
 20
19777.45642042057
 30
0.0
 41
100.0
 42
100.0
 43
100.0
 50
180.0
  0
INSERT
  5
9322
330
8F70
100
AcDbEntity
  8
RXDIM
 62
6
370
-2
440
16777216
100
AcDbBlockReference
  2
_RXDOT
 10
13985.22713555013
 20
19777.45642042057
 30
0.0
 41
100.0
 42
100.0
 43
100.0
  0
MTEXT
  5
9323
330
8F70
100
AcDbEntity
  8
RXDIM
 62
3
440
16777216
100
AcDbMText
 10
13060.22713552184
 20
19980.11599488865
 30
0.0
 40
200.0
 41
0.0
 46
0.0
 71
5
  1
\A1;1850
  7
굴림체
  0
POINT
  5
9324
330
8F70
100
AcDbEntity
  8
DEFPOINTS
 62
0
440
16777216
100
AcDbPoint
 10
12135.22713549355
 20
19353.72880738234
 30
0.0
  0
POINT
  5
9325
330
8F70
100
AcDbEntity
  8
DEFPOINTS
 62
0
440
16777216
100
AcDbPoint
 10
13985.22713555013
 20
19353.728807381
 30
0.0
  0
POINT
  5
9326
330
8F70
100
AcDbEntity
  8
DEFPOINTS
 62
0
440
16777216
100
AcDbPoint
 10
13985.22713555013
 20
19777.45642042057
 30
0.0
  0
ENDBLK
  5
8F7B
330
8F70
100
AcDbEntity
  8
0
100
AcDbBlockEnd
  0
BLOCK
  5
8F88
330
8F7C
100
AcDbEntity
  8
0
100
AcDbBlockBegin
  2
*D49
 70
1
 10
0.0
 20
0.0
 30
0.0
  3
*D49
  1

  0
LINE
  5
9327
330
8F7C
100
AcDbEntity
  8
RXDIM
 62
6
370
-2
440
16777216
100
AcDbLine
 10
13985.22713555013
 20
19503.728807381
 30
0.0
 11
13985.22713555013
 21
19927.45642042057
 31
0.0
  0
LINE
  5
9328
330
8F7C
100
AcDbEntity
  8
RXDIM
 62
6
370
-2
440
16777216
100
AcDbLine
 10
14185.22713555067
 20
19503.72880738083
 30
0.0
 11
14185.22713555067
 21
19927.45642042057
 31
0.0
  0
LINE
  5
9329
330
8F7C
100
AcDbEntity
  8
RXDIM
 62
6
370
-2
440
16777216
100
AcDbLine
 10
13885.22713555013
 20
19777.45642042057
 30
0.0
 11
13785.22713555013
 21
19777.45642042057
 31
0.0
  0
LINE
  5
932A
330
8F7C
100
AcDbEntity
  8
RXDIM
 62
6
370
-2
440
16777216
100
AcDbLine
 10
14285.22713555067
 20
19777.45642042057
 30
0.0
 11
14385.22713555067
 21
19777.45642042057
 31
0.0
  0
LINE
  5
932B
330
8F7C
100
AcDbEntity
  8
RXDIM
 62
6
370
-2
440
16777216
100
AcDbLine
 10
13985.22713555013
 20
19777.45642042057
 30
0.0
 11
14185.22713555067
 21
19777.45642042057
 31
0.0
  0
INSERT
  5
932C
330
8F7C
100
AcDbEntity
  8
RXDIM
 62
6
370
-2
440
16777216
100
AcDbBlockReference
  2
_RXDOT
 10
13985.22713555013
 20
19777.45642042057
 30
0.0
 41
100.0
 42
100.0
 43
100.0
  0
INSERT
  5
932D
330
8F7C
100
AcDbEntity
  8
RXDIM
 62
6
370
-2
440
16777216
100
AcDbBlockReference
  2
_RXDOT
 10
14185.22713555067
 20
19777.45642042057
 30
0.0
 41
100.0
 42
100.0
 43
100.0
 50
180.0
  0
MTEXT
  5
932E
330
8F7C
100
AcDbEntity
  8
RXDIM
 62
3
440
16777216
100
AcDbMText
 10
14085.22713555039
 20
19979.71705871844
 30
0.0
 40
200.0
 41
0.0
 46
0.0
 71
5
  1
\A1;200
  7
굴림체
  0
POINT
  5
932F
330
8F7C
100
AcDbEntity
  8
DEFPOINTS
 62
0
440
16777216
100
AcDbPoint
 10
13985.22713555013
 20
19353.728807381
 30
0.0
  0
POINT
  5
9330
330
8F7C
100
AcDbEntity
  8
DEFPOINTS
 62
0
440
16777216
100
AcDbPoint
 10
14185.22713555067
 20
19353.72880738083
 30
0.0
  0
POINT
  5
9331
330
8F7C
100
AcDbEntity
  8
DEFPOINTS
 62
0
440
16777216
100
AcDbPoint
 10
14185.22713555067
 20
19777.45642042057
 30
0.0
  0
ENDBLK
  5
8F89
330
8F7C
100
AcDbEntity
  8
0
100
AcDbBlockEnd
  0
BLOCK
  5
8F94
330
8F8A
100
AcDbEntity
  8
0
100
AcDbBlockBegin
  2
*D50
 70
1
 10
0.0
 20
0.0
 30
0.0
  3
*D50
  1

  0
LINE
  5
9332
330
8F8A
100
AcDbEntity
  8
RXDIM
 62
6
370
-2
440
16777216
100
AcDbLine
 10
14185.22713555067
 20
19503.72880738083
 30
0.0
 11
14185.22713555067
 21
19927.45642042057
 31
0.0
  0
LINE
  5
9333
330
8F8A
100
AcDbEntity
  8
RXDIM
 62
6
370
-2
440
16777216
100
AcDbLine
 10
15385.22713555237
 20
19503.72880737456
 30
0.0
 11
15385.22713555237
 21
19927.45642042057
 31
0.0
  0
LINE
  5
9334
330
8F8A
100
AcDbEntity
  8
RXDIM
 62
6
370
-2
440
16777216
100
AcDbLine
 10
14285.22713555067
 20
19777.45642042057
 30
0.0
 11
15285.22713555237
 21
19777.45642042057
 31
0.0
  0
INSERT
  5
9335
330
8F8A
100
AcDbEntity
  8
RXDIM
 62
6
370
-2
440
16777216
100
AcDbBlockReference
  2
_RXDOT
 10
14185.22713555067
 20
19777.45642042057
 30
0.0
 41
100.0
 42
100.0
 43
100.0
 50
180.0
  0
INSERT
  5
9336
330
8F8A
100
AcDbEntity
  8
RXDIM
 62
6
370
-2
440
16777216
100
AcDbBlockReference
  2
_RXDOT
 10
15385.22713555237
 20
19777.45642042057
 30
0.0
 41
100.0
 42
100.0
 43
100.0
  0
MTEXT
  5
9337
330
8F8A
100
AcDbEntity
  8
RXDIM
 62
3
440
16777216
100
AcDbMText
 10
14785.22713555152
 20
19980.11599488865
 30
0.0
 40
200.0
 41
0.0
 46
0.0
 71
5
  1
\A1;1200
  7
굴림체
  0
POINT
  5
9338
330
8F8A
100
AcDbEntity
  8
DEFPOINTS
 62
0
440
16777216
100
AcDbPoint
 10
14185.22713555067
 20
19353.72880738083
 30
0.0
  0
POINT
  5
9339
330
8F8A
100
AcDbEntity
  8
DEFPOINTS
 62
0
440
16777216
100
AcDbPoint
 10
15385.22713555237
 20
19353.72880737456
 30
0.0
  0
POINT
  5
933A
330
8F8A
100
AcDbEntity
  8
DEFPOINTS
 62
0
440
16777216
100
AcDbPoint
 10
15385.22713555237
 20
19777.45642042057
 30
0.0
  0
ENDBLK
  5
8F95
330
8F8A
100
AcDbEntity
  8
0
100
AcDbBlockEnd
  0
BLOCK
  5
8FA2
330
8F96
100
AcDbEntity
  8
0
100
AcDbBlockBegin
  2
*D51
 70
1
 10
0.0
 20
0.0
 30
0.0
  3
*D51
  1

  0
LINE
  5
933B
330
8F96
100
AcDbEntity
  8
RXDIM
 62
6
370
-2
440
16777216
100
AcDbLine
 10
15385.22713555237
 20
19503.72880737456
 30
0.0
 11
15385.22713555237
 21
19927.45642042057
 31
0.0
  0
LINE
  5
933C
330
8F96
100
AcDbEntity
  8
RXDIM
 62
6
370
-2
440
16777216
100
AcDbLine
 10
15535.22713555232
 20
19503.72880737378
 30
0.0
 11
15535.22713555232
 21
19927.45642042057
 31
0.0
  0
LINE
  5
933D
330
8F96
100
AcDbEntity
  8
RXDIM
 62
6
370
-2
440
16777216
100
AcDbLine
 10
15285.22713555237
 20
19777.45642042057
 30
0.0
 11
15185.22713555237
 21
19777.45642042057
 31
0.0
  0
LINE
  5
933E
330
8F96
100
AcDbEntity
  8
RXDIM
 62
6
370
-2
440
16777216
100
AcDbLine
 10
15635.22713555232
 20
19777.45642042057
 30
0.0
 11
15735.22713555233
 21
19777.45642042057
 31
0.0
  0
LINE
  5
933F
330
8F96
100
AcDbEntity
  8
RXDIM
 62
6
370
-2
440
16777216
100
AcDbLine
 10
15385.22713555237
 20
19777.45642042057
 30
0.0
 11
15535.22713555232
 21
19777.45642042057
 31
0.0
  0
INSERT
  5
9340
330
8F96
100
AcDbEntity
  8
RXDIM
 62
6
370
-2
440
16777216
100
AcDbBlockReference
  2
_RXDOT
 10
15385.22713555237
 20
19777.45642042057
 30
0.0
 41
100.0
 42
100.0
 43
100.0
  0
INSERT
  5
9341
330
8F96
100
AcDbEntity
  8
RXDIM
 62
6
370
-2
440
16777216
100
AcDbBlockReference
  2
_RXDOT
 10
15535.22713555232
 20
19777.45642042057
 30
0.0
 41
100.0
 42
100.0
 43
100.0
 50
180.0
  0
MTEXT
  5
9342
330
8F96
100
AcDbEntity
  8
RXDIM
 62
3
440
16777216
100
AcDbMText
 10
15460.22713555235
 20
19980.11599488865
 30
0.0
 40
200.0
 41
0.0
 46
0.0
 71
5
  1
\A1;150
  7
굴림체
  0
POINT
  5
9343
330
8F96
100
AcDbEntity
  8
DEFPOINTS
 62
0
440
16777216
100
AcDbPoint
 10
15385.22713555237
 20
19353.72880737456
 30
0.0
  0
POINT
  5
9344
330
8F96
100
AcDbEntity
  8
DEFPOINTS
 62
0
440
16777216
100
AcDbPoint
 10
15535.22713555232
 20
19353.72880737379
 30
0.0
  0
POINT
  5
9345
330
8F96
100
AcDbEntity
  8
DEFPOINTS
 62
0
440
16777216
100
AcDbPoint
 10
15535.22713555232
 20
19777.45642042057
 30
0.0
  0
ENDBLK
  5
8FA3
330
8F96
100
AcDbEntity
  8
0
100
AcDbBlockEnd
  0
BLOCK
  5
9F8E
330
9F86
100
AcDbEntity
  8
0
100
AcDbBlockBegin
  2
*B52
 70
1
 10
13808.85765833688
 20
10943.37691024499
 30
0.0
  3
*B52
  1

  0
LINE
  5
9F87
330
9F86
100
AcDbEntity
  8
RXSYMBOL
100
AcDbLine
 10
13608.85765833688
 20
10943.37691024499
 30
0.0
 11
15129.09733876298
 21
10943.37691024499
 31
0.0
  0
LINE
  5
9F88
330
9F86
100
AcDbEntity
  8
RXSYMBOL
100
AcDbLine
 10
13808.85765833688
 20
11143.37691024499
 30
0.0
 11
13808.85765833688
 21
10743.37691024499
 31
0.0
  0
CIRCLE
  5
9F89
330
9F86
100
AcDbEntity
  8
RXSYMBOL
100
AcDbCircle
 10
13808.85765833688
 20
10943.37691024499
 30
0.0
 40
100.0
  0
SOLID
  5
9F8A
330
9F86
100
AcDbEntity
  8
RXSYMBOL
100
AcDbTrace
 10
13808.85765833688
 20
10943.37691024499
 30
0.0
 11
13808.85765833688
 21
11043.37691024499
 31
0.0
 12
13708.85765833688
 22
10943.37691024499
 32
0.0
 13
13738.14698021823
 23
11014.08758836364
 33
0.0
  0
SOLID
  5
9F8B
330
9F86
100
AcDbEntity
  8
RXSYMBOL
100
AcDbTrace
 10
13808.85765833688
 20
10943.37691024499
 30
0.0
 11
13808.85765833688
 21
10843.37691024499
 31
0.0
 12
13908.85765833688
 22
10943.37691024499
 32
0.0
 13
13879.56833645554
 23
10872.66623212633
 33
0.0
  0
TEXT
  5
9F8C
330
9F86
100
AcDbEntity
  8
RXSBTXT
 62
3
100
AcDbText
 10
14008.85765833688
 20
11063.37691024499
 30
0.0
 40
200.0
  1
EL:+280
  7
SIM
100
AcDbText
  0
TEXT
  5
9F8D
330
9F86
100
AcDbEntity
  8
RXSBTXT
 62
3
100
AcDbText
 10
14008.85765833688
 20
10658.31699013846
 30
0.0
 40
200.0
  1
SL:+200
  7
SIM
100
AcDbText
  0
ENDBLK
  5
9F8F
330
9F86
100
AcDbEntity
  8
0
100
AcDbBlockEnd
  0
BLOCK
  5
9F98
330
9F90
100
AcDbEntity
  8
0
100
AcDbBlockBegin
  2
*B53
 70
1
 10
21556.32411495842
 20
18519.51178104657
 30
0.0
  3
*B53
  1

  0
LINE
  5
9F91
330
9F90
100
AcDbEntity
  8
RXSYMBOL
100
AcDbLine
 10
21356.32411495842
 20
18519.51178104657
 30
0.0
 11
22876.56379538452
 21
18519.51178104657
 31
0.0
  0
LINE
  5
9F92
330
9F90
100
AcDbEntity
  8
RXSYMBOL
100
AcDbLine
 10
21556.32411495842
 20
18719.51178104657
 30
0.0
 11
21556.32411495842
 21
18319.51178104657
 31
0.0
  0
CIRCLE
  5
9F93
330
9F90
100
AcDbEntity
  8
RXSYMBOL
100
AcDbCircle
 10
21556.32411495842
 20
18519.51178104657
 30
0.0
 40
100.0
  0
SOLID
  5
9F94
330
9F90
100
AcDbEntity
  8
RXSYMBOL
100
AcDbTrace
 10
21556.32411495842
 20
18519.51178104657
 30
0.0
 11
21556.32411495842
 21
18619.51178104657
 31
0.0
 12
21456.32411495842
 22
18519.51178104657
 32
0.0
 13
21485.61343683977
 23
18590.22245916523
 33
0.0
  0
SOLID
  5
9F95
330
9F90
100
AcDbEntity
  8
RXSYMBOL
100
AcDbTrace
 10
21556.32411495842
 20
18519.51178104657
 30
0.0
 11
21556.32411495842
 21
18419.51178104657
 31
0.0
 12
21656.32411495842
 22
18519.51178104657
 32
0.0
 13
21627.03479307708
 23
18448.80110292791
 33
0.0
  0
TEXT
  5
9F96
330
9F90
100
AcDbEntity
  8
RXSBTXT
 62
3
100
AcDbText
 10
21756.32411495842
 20
18639.51178104657
 30
0.0
 40
200.0
  1
EL:+300
  7
SIM
100
AcDbText
  0
TEXT
  5
9F97
330
9F90
100
AcDbEntity
  8
RXSBTXT
 62
3
100
AcDbText
 10
21756.32411495842
 20
18234.45186094005
 30
0.0
 40
200.0
  1
SL:+200
  7
SIM
100
AcDbText
  0
ENDBLK
  5
9F99
330
9F90
100
AcDbEntity
  8
0
100
AcDbBlockEnd
  0
BLOCK
  5
9F9E
330
9F9A
100
AcDbEntity
  8
0
100
AcDbBlockBegin
  2
*B54
 70
1
 10
12235.30009136132
 20
10835.47043119196
 30
0.0
  3
*B54
  1

  0
LWPOLYLINE
  5
9F9B
330
9F9A
100
AcDbEntity
  8
RXLEADER
 62
6
100
AcDbPolyline
 90
2
 70
1
 43
50.0
 10
12260.30009136132
 20
10835.47043119196
 42
1.0
 10
12210.30009136132
 20
10835.47043119196
 42
1.0
  0
LWPOLYLINE
  5
9F9C
330
9F9A
100
AcDbEntity
  8
RXLEADER
 62
6
100
AcDbPolyline
 90
2
 70
0
 10
12185.30009136132
 20
10835.47043119196
 10
10790.94155209799
 20
10835.47043119196
  0
TEXT
  5
9F9D
330
9F9A
100
AcDbEntity
  8
RXANNOT
 62
3
100
AcDbText
 10
7595.196871246925
 20
10735.47043119196
 30
0.0
 40
200.0
  1
차면시설(불투명쉬트지)
  7
굴림체
 72
2
 11
10590.94155209799
 21
10835.47043119196
 31
0.0
100
AcDbText
 73
2
  0
ENDBLK
  5
9F9F
330
9F9A
100
AcDbEntity
  8
0
100
AcDbBlockEnd
  0
BLOCK
  5
9FA4
330
9FA0
100
AcDbEntity
  8
0
100
AcDbBlockBegin
  2
*B55
 70
1
 10
12235.30009147482
 20
12035.47043119208
 30
0.0
  3
*B55
  1

  0
LWPOLYLINE
  5
9FA1
330
9FA0
100
AcDbEntity
  8
RXLEADER
 62
6
100
AcDbPolyline
 90
2
 70
1
 43
50.0
 10
12260.30009147482
 20
12035.47043119208
 42
1.0
 10
12210.30009147482
 20
12035.47043119208
 42
1.0
  0
LWPOLYLINE
  5
9FA2
330
9FA0
100
AcDbEntity
  8
RXLEADER
 62
6
100
AcDbPolyline
 90
2
 70
0
 10
12185.30009147482
 20
12035.47043119208
 10
10790.94155221149
 20
12035.47043119208
  0
TEXT
  5
9FA3
330
9FA0
100
AcDbEntity
  8
RXANNOT
 62
3
100
AcDbText
 10
7595.19687136043
 20
11935.47043119208
 30
0.0
 40
200.0
  1
차면시설(불투명쉬트지)
  7
굴림체
 72
2
 11
10590.94155221149
 21
12035.47043119208
 31
0.0
100
AcDbText
 73
2
  0
ENDBLK
  5
9FA5
330
9FA0
100
AcDbEntity
  8
0
100
AcDbBlockEnd
  0
BLOCK
  5
9FAA
330
9FA6
100
AcDbEntity
  8
0
100
AcDbBlockBegin
  2
*B56
 70
1
 10
11635.30009149927
 20
16376.91843177436
 30
0.0
  3
*B56
  1

  0
LWPOLYLINE
  5
9FA7
330
9FA6
100
AcDbEntity
  8
RXLEADER
 62
6
100
AcDbPolyline
 90
2
 70
1
 43
50.0
 10
11660.30009149927
 20
16376.91843177436
 42
1.0
 10
11610.30009149927
 20
16376.91843177436
 42
1.0
  0
LWPOLYLINE
  5
9FA8
330
9FA6
100
AcDbEntity
  8
RXLEADER
 62
6
100
AcDbPolyline
 90
2
 70
0
 10
11585.30009149927
 20
16376.91843177436
 10
10590.57202026563
 20
16376.91843177436
  0
TEXT
  5
9FA9
330
9FA6
100
AcDbEntity
  8
RXANNOT
 62
3
100
AcDbText
 10
7394.827339414566
 20
16276.91843177436
 30
0.0
 40
200.0
  1
차면시설(불투명쉬트지)
  7
굴림체
 72
2
 11
10390.57202026563
 21
16376.91843177436
 31
0.0
100
AcDbText
 73
2
  0
ENDBLK
  5
9FAB
330
9FA6
100
AcDbEntity
  8
0
100
AcDbBlockEnd
  0
BLOCK
  5
9FB0
330
9FAC
100
AcDbEntity
  8
0
100
AcDbBlockBegin
  2
*B57
 70
1
 10
12050.20272447785
 20
14213.19128381687
 30
0.0
  3
*B57
  1

  0
LWPOLYLINE
  5
9FAD
330
9FAC
100
AcDbEntity
  8
RXLEADER
 62
6
100
AcDbPolyline
 90
2
 70
1
 43
50.0
 10
12075.20272447785
 20
14213.19128381687
 42
1.0
 10
12025.20272447785
 20
14213.19128381687
 42
1.0
  0
LWPOLYLINE
  5
9FAE
330
9FAC
100
AcDbEntity
  8
RXLEADER
 62
6
100
AcDbPolyline
 90
2
 70
0
 10
12000.20272447785
 20
14213.19128381687
 10
10605.84418521452
 20
14213.19128381687
  0
TEXT
  5
9FAF
330
9FAC
100
AcDbEntity
  8
RXANNOT
 62
3
100
AcDbText
 10
8363.290993725155
 20
14113.19128381687
 30
0.0
 40
200.0
  1
도시가스 계량기
  7
굴림체
 72
2
 11
10405.84418521452
 21
14213.19128381687
 31
0.0
100
AcDbText
 73
2
  0
ENDBLK
  5
9FB1
330
9FAC
100
AcDbEntity
  8
0
100
AcDbBlockEnd
  0
BLOCK
  5
9FB6
330
9FB2
100
AcDbEntity
  8
0
100
AcDbBlockBegin
  2
*B58
 70
1
 10
11825.2271354727
 20
9733.727418569904
 30
0.0
  3
*B58
  1

  0
LWPOLYLINE
  5
9FB3
330
9FB2
100
AcDbEntity
  8
RXLEADER
 62
6
100
AcDbPolyline
 90
2
 70
1
 43
50.0
 10
11825.2271354727
 20
9758.727418569906
 42
1.0
 10
11825.2271354727
 20
9708.727418569906
 42
1.0
  0
LWPOLYLINE
  5
9FB4
330
9FB2
100
AcDbEntity
  8
RXLEADER
 62
6
100
AcDbPolyline
 90
3
 70
0
 10
11825.2271354727
 20
9683.727418569906
 10
11825.2271354727
 20
8996.130490891983
 10
10399.14310890785
 20
8996.130490891983
  0
TEXT
  5
9FB5
330
9FB2
100
AcDbEntity
  8
RXANNOT
 62
3
100
AcDbText
 10
9109.781406780196
 20
8896.130490891985
 30
0.0
 40
200.0
  1
옹벽설치
  7
굴림체
 72
2
 11
10199.14310890785
 21
8996.130490891983
 31
0.0
100
AcDbText
 73
2
  0
ENDBLK
  5
9FB7
330
9FB2
100
AcDbEntity
  8
0
100
AcDbBlockEnd
  0
BLOCK
  5
9FC0
330
9FB8
100
AcDbEntity
  8
0
100
AcDbBlockBegin
  2
*B59
 70
1
 10
11235.22713556842
 20
22653.72741856992
 30
0.0
  3
*B59
  1

  0
LINE
  5
9FB9
330
9FB8
100
AcDbEntity
  8
RXSYMBOL
100
AcDbLine
 10
11435.22713556842
 20
22653.72741856992
 30
0.0
 11
9791.685191493854
 21
22653.72741856992
 31
0.0
  0
LINE
  5
9FBA
330
9FB8
100
AcDbEntity
  8
RXSYMBOL
100
AcDbLine
 10
11235.22713556842
 20
22853.72741856992
 30
0.0
 11
11235.22713556842
 21
22453.72741856992
 31
0.0
  0
CIRCLE
  5
9FBB
330
9FB8
100
AcDbEntity
  8
RXSYMBOL
100
AcDbCircle
 10
11235.22713556842
 20
22653.72741856992
 30
0.0
 40
100.0
  0
SOLID
  5
9FBC
330
9FB8
100
AcDbEntity
  8
RXSYMBOL
100
AcDbTrace
 10
11235.22713556842
 20
22653.72741856992
 30
0.0
 11
11235.22713556842
 21
22753.72741856992
 31
0.0
 12
11335.22713556842
 22
22653.72741856992
 32
0.0
 13
11164.51645744976
 23
22724.43809668858
 33
0.0
  0
SOLID
  5
9FBD
330
9FB8
100
AcDbEntity
  8
RXSYMBOL
100
AcDbTrace
 10
11235.22713556842
 20
22653.72741856992
 30
0.0
 11
11235.22713556842
 21
22553.72741856992
 31
0.0
 12
11135.22713556842
 22
22653.72741856992
 32
0.0
 13
11305.93781368707
 23
22583.01674045127
 33
0.0
  0
TEXT
  5
9FBE
330
9FB8
100
AcDbEntity
  8
RXSBTXT
 62
3
100
AcDbText
 10
9891.685191493854
 20
22773.72741856992
 30
0.0
 40
200.0
  1
GL:25.44
  7
SIM
100
AcDbText
  0
TEXT
  5
9FBF
330
9FB8
100
AcDbEntity
  8
RXSBTXT
 62
3
100
AcDbText
 10
9891.685191493854
 20
22368.13487529429
 30
0.0
 40
200.0
  1
+1120
  7
SIM
100
AcDbText
  0
ENDBLK
  5
9FC1
330
9FB8
100
AcDbEntity
  8
0
100
AcDbBlockEnd
  0
BLOCK
  5
9FCA
330
9FC2
100
AcDbEntity
  8
0
100
AcDbBlockBegin
  2
*B60
 70
1
 10
17613.13364883826
 20
22653.72916995672
 30
0.0
  3
*B60
  1

  0
LINE
  5
9FC3
330
9FC2
100
AcDbEntity
  8
RXSYMBOL
100
AcDbLine
 10
17413.13364883826
 20
22653.72916995672
 30
0.0
 11
19046.55575269978
 21
22653.72916995672
 31
0.0
  0
LINE
  5
9FC4
330
9FC2
100
AcDbEntity
  8
RXSYMBOL
100
AcDbLine
 10
17613.13364883826
 20
22853.72916995672
 30
0.0
 11
17613.13364883826
 21
22453.72916995671
 31
0.0
  0
CIRCLE
  5
9FC5
330
9FC2
100
AcDbEntity
  8
RXSYMBOL
100
AcDbCircle
 10
17613.13364883826
 20
22653.72916995672
 30
0.0
 40
100.0
  0
SOLID
  5
9FC6
330
9FC2
100
AcDbEntity
  8
RXSYMBOL
100
AcDbTrace
 10
17613.13364883826
 20
22653.72916995672
 30
0.0
 11
17613.13364883826
 21
22753.72916995671
 31
0.0
 12
17513.13364883826
 22
22653.72916995672
 32
0.0
 13
17542.42297071961
 23
22724.43984807537
 33
0.0
  0
SOLID
  5
9FC7
330
9FC2
100
AcDbEntity
  8
RXSYMBOL
100
AcDbTrace
 10
17613.13364883826
 20
22653.72916995672
 30
0.0
 11
17613.13364883826
 21
22553.72916995671
 31
0.0
 12
17713.13364883826
 22
22653.72916995672
 32
0.0
 13
17683.84432695692
 23
22583.01849183806
 33
0.0
  0
TEXT
  5
9FC8
330
9FC2
100
AcDbEntity
  8
RXSBTXT
 62
3
100
AcDbText
 10
17813.13364883826
 20
22773.72916995672
 30
0.0
 40
200.0
  1
GL:25.26
  7
SIM
100
AcDbText
  0
TEXT
  5
9FC9
330
9FC2
100
AcDbEntity
  8
RXSBTXT
 62
3
100
AcDbText
 10
17813.13364883826
 20
22368.40293826564
 30
0.0
 40
200.0
  1
+940
  7
SIM
100
AcDbText
  0
ENDBLK
  5
9FCB
330
9FC2
100
AcDbEntity
  8
0
100
AcDbBlockEnd
  0
BLOCK
  5
9FD4
330
9FCC
100
AcDbEntity
  8
0
100
AcDbBlockBegin
  2
*B61
 70
1
 10
28235.22713561326
 20
10372.98388590295
 30
0.0
  3
*B61
  1

  0
LINE
  5
9FCD
330
9FCC
100
AcDbEntity
  8
RXSYMBOL
100
AcDbLine
 10
28035.22713561326
 20
10372.98388590295
 30
0.0
 11
29668.64923947477
 21
10372.98388590295
 31
0.0
  0
LINE
  5
9FCE
330
9FCC
100
AcDbEntity
  8
RXSYMBOL
100
AcDbLine
 10
28235.22713561326
 20
10572.98388590295
 30
0.0
 11
28235.22713561326
 21
10172.98388590295
 31
0.0
  0
CIRCLE
  5
9FCF
330
9FCC
100
AcDbEntity
  8
RXSYMBOL
100
AcDbCircle
 10
28235.22713561326
 20
10372.98388590295
 30
0.0
 40
100.0
  0
SOLID
  5
9FD0
330
9FCC
100
AcDbEntity
  8
RXSYMBOL
100
AcDbTrace
 10
28235.22713561326
 20
10372.98388590295
 30
0.0
 11
28235.22713561326
 21
10472.98388590295
 31
0.0
 12
28135.22713561325
 22
10372.98388590295
 32
0.0
 13
28164.5164574946
 23
10443.69456402161
 33
0.0
  0
SOLID
  5
9FD1
330
9FCC
100
AcDbEntity
  8
RXSYMBOL
100
AcDbTrace
 10
28235.22713561326
 20
10372.98388590295
 30
0.0
 11
28235.22713561326
 21
10272.98388590295
 31
0.0
 12
28335.22713561325
 22
10372.98388590295
 32
0.0
 13
28305.93781373191
 23
10302.2732077843
 33
0.0
  0
TEXT
  5
9FD2
330
9FCC
100
AcDbEntity
  8
RXSBTXT
 62
3
100
AcDbText
 10
28435.22713561326
 20
10492.98388590295
 30
0.0
 40
200.0
  1
GL:24.46
  7
SIM
100
AcDbText
  0
TEXT
  5
9FD3
330
9FCC
100
AcDbEntity
  8
RXSBTXT
 62
3
100
AcDbText
 10
28435.22713561326
 20
10087.39134262732
 30
0.0
 40
200.0
  1
+140
  7
SIM
100
AcDbText
  0
ENDBLK
  5
9FD5
330
9FCC
100
AcDbEntity
  8
0
100
AcDbBlockEnd
  0
BLOCK
  5
9FDE
330
9FD6
100
AcDbEntity
  8
0
100
AcDbBlockBegin
  2
*B62
 70
1
 10
26467.46178846278
 20
20885.96255695546
 30
0.0
  3
*B62
  1

  0
LINE
  5
9FD7
330
9FD6
100
AcDbEntity
  8
RXSYMBOL
100
AcDbLine
 10
26267.46178846278
 20
20885.96255695546
 30
0.0
 11
27900.8838923243
 21
20885.96255695546
 31
0.0
  0
LINE
  5
9FD8
330
9FD6
100
AcDbEntity
  8
RXSYMBOL
100
AcDbLine
 10
26467.46178846278
 20
21085.96255695546
 30
0.0
 11
26467.46178846278
 21
20685.96255695546
 31
0.0
  0
CIRCLE
  5
9FD9
330
9FD6
100
AcDbEntity
  8
RXSYMBOL
100
AcDbCircle
 10
26467.46178846278
 20
20885.96255695546
 30
0.0
 40
100.0
  0
SOLID
  5
9FDA
330
9FD6
100
AcDbEntity
  8
RXSYMBOL
100
AcDbTrace
 10
26467.46178846278
 20
20885.96255695546
 30
0.0
 11
26467.46178846278
 21
20985.96255695546
 31
0.0
 12
26367.46178846278
 22
20885.96255695546
 32
0.0
 13
26396.75111034413
 23
20956.67323507412
 33
0.0
  0
SOLID
  5
9FDB
330
9FD6
100
AcDbEntity
  8
RXSYMBOL
100
AcDbTrace
 10
26467.46178846278
 20
20885.96255695546
 30
0.0
 11
26467.46178846278
 21
20785.96255695546
 31
0.0
 12
26567.46178846278
 22
20885.96255695546
 32
0.0
 13
26538.17246658144
 23
20815.25187883681
 33
0.0
  0
TEXT
  5
9FDC
330
9FD6
100
AcDbEntity
  8
RXSBTXT
 62
3
100
AcDbText
 10
26667.46178846278
 20
21005.96255695546
 30
0.0
 40
200.0
  1
GL:24.93
  7
SIM
100
AcDbText
  0
TEXT
  5
9FDD
330
9FD6
100
AcDbEntity
  8
RXSBTXT
 62
3
100
AcDbText
 10
26667.46178846278
 20
20600.37001367983
 30
0.0
 40
200.0
  1
+610
  7
SIM
100
AcDbText
  0
ENDBLK
  5
9FDF
330
9FD6
100
AcDbEntity
  8
0
100
AcDbBlockEnd
  0
BLOCK
  5
9FE8
330
9FE0
100
AcDbEntity
  8
0
100
AcDbBlockBegin
  2
*B63
 70
1
 10
28235.22713556538
 20
19118.19769534102
 30
0.0
  3
*B63
  1

  0
LINE
  5
9FE1
330
9FE0
100
AcDbEntity
  8
RXSYMBOL
100
AcDbLine
 10
28035.22713556538
 20
19118.19769534102
 30
0.0
 11
29668.6492394269
 21
19118.19769534102
 31
0.0
  0
LINE
  5
9FE2
330
9FE0
100
AcDbEntity
  8
RXSYMBOL
100
AcDbLine
 10
28235.22713556538
 20
19318.19769534102
 30
0.0
 11
28235.22713556538
 21
18918.19769534102
 31
0.0
  0
CIRCLE
  5
9FE3
330
9FE0
100
AcDbEntity
  8
RXSYMBOL
100
AcDbCircle
 10
28235.22713556538
 20
19118.19769534102
 30
0.0
 40
100.0
  0
SOLID
  5
9FE4
330
9FE0
100
AcDbEntity
  8
RXSYMBOL
100
AcDbTrace
 10
28235.22713556538
 20
19118.19769534102
 30
0.0
 11
28235.22713556538
 21
19218.19769534102
 31
0.0
 12
28135.22713556538
 22
19118.19769534102
 32
0.0
 13
28164.51645744673
 23
19188.90837345967
 33
0.0
  0
SOLID
  5
9FE5
330
9FE0
100
AcDbEntity
  8
RXSYMBOL
100
AcDbTrace
 10
28235.22713556538
 20
19118.19769534102
 30
0.0
 11
28235.22713556538
 21
19018.19769534102
 31
0.0
 12
28335.22713556538
 22
19118.19769534102
 32
0.0
 13
28305.93781368404
 23
19047.48701722236
 33
0.0
  0
TEXT
  5
9FE6
330
9FE0
100
AcDbEntity
  8
RXSBTXT
 62
3
100
AcDbText
 10
28435.22713556538
 20
19238.19769534102
 30
0.0
 40
200.0
  1
GL:24.79
  7
SIM
100
AcDbText
  0
TEXT
  5
9FE7
330
9FE0
100
AcDbEntity
  8
RXSBTXT
 62
3
100
AcDbText
 10
28435.22713556538
 20
18832.60515206538
 30
0.0
 40
200.0
  1
+470
  7
SIM
100
AcDbText
  0
ENDBLK
  5
9FE9
330
9FE0
100
AcDbEntity
  8
0
100
AcDbBlockEnd
  0
BLOCK
  5
9FF2
330
9FEA
100
AcDbEntity
  8
0
100
AcDbBlockBegin
  2
*B64
 70
1
 10
24699.6964413603
 20
22653.72741856992
 30
0.0
  3
*B64
  1

  0
LINE
  5
9FEB
330
9FEA
100
AcDbEntity
  8
RXSYMBOL
100
AcDbLine
 10
24499.6964413603
 20
22653.72741856992
 30
0.0
 11
26133.11854522182
 21
22653.72741856992
 31
0.0
  0
LINE
  5
9FEC
330
9FEA
100
AcDbEntity
  8
RXSYMBOL
100
AcDbLine
 10
24699.6964413603
 20
22853.72741856992
 30
0.0
 11
24699.6964413603
 21
22453.72741856992
 31
0.0
  0
CIRCLE
  5
9FED
330
9FEA
100
AcDbEntity
  8
RXSYMBOL
100
AcDbCircle
 10
24699.6964413603
 20
22653.72741856992
 30
0.0
 40
100.0
  0
SOLID
  5
9FEE
330
9FEA
100
AcDbEntity
  8
RXSYMBOL
100
AcDbTrace
 10
24699.6964413603
 20
22653.72741856992
 30
0.0
 11
24699.6964413603
 21
22753.72741856992
 31
0.0
 12
24599.6964413603
 22
22653.72741856992
 32
0.0
 13
24628.98576324164
 23
22724.43809668858
 33
0.0
  0
SOLID
  5
9FEF
330
9FEA
100
AcDbEntity
  8
RXSYMBOL
100
AcDbTrace
 10
24699.6964413603
 20
22653.72741856992
 30
0.0
 11
24699.6964413603
 21
22553.72741856992
 31
0.0
 12
24799.6964413603
 22
22653.72741856992
 32
0.0
 13
24770.40711947895
 23
22583.01674045127
 33
0.0
  0
TEXT
  5
9FF0
330
9FEA
100
AcDbEntity
  8
RXSBTXT
 62
3
100
AcDbText
 10
24899.6964413603
 20
22773.72741856992
 30
0.0
 40
200.0
  1
GL:25.06
  7
SIM
100
AcDbText
  0
TEXT
  5
9FF1
330
9FEA
100
AcDbEntity
  8
RXSBTXT
 62
3
100
AcDbText
 10
24899.6964413603
 20
22368.13487529429
 30
0.0
 40
200.0
  1
+740
  7
SIM
100
AcDbText
  0
ENDBLK
  5
9FF3
330
9FEA
100
AcDbEntity
  8
0
100
AcDbBlockEnd
  0
BLOCK
  5
9FFC
330
9FF4
100
AcDbEntity
  8
0
100
AcDbBlockBegin
  2
*B65
 70
1
 10
28235.22713563441
 20
6570.717009645014
 30
0.0
  3
*B65
  1

  0
LINE
  5
9FF5
330
9FF4
100
AcDbEntity
  8
RXSYMBOL
100
AcDbLine
 10
28035.22713563441
 20
6570.717009645014
 30
0.0
 11
29668.91555108049
 21
6570.717009645014
 31
0.0
  0
LINE
  5
9FF6
330
9FF4
100
AcDbEntity
  8
RXSYMBOL
100
AcDbLine
 10
28235.22713563441
 20
6770.717009645014
 30
0.0
 11
28235.22713563441
 21
6370.717009645013
 31
0.0
  0
CIRCLE
  5
9FF7
330
9FF4
100
AcDbEntity
  8
RXSYMBOL
100
AcDbCircle
 10
28235.22713563441
 20
6570.717009645014
 30
0.0
 40
100.0
  0
SOLID
  5
9FF8
330
9FF4
100
AcDbEntity
  8
RXSYMBOL
100
AcDbTrace
 10
28235.22713563441
 20
6570.717009645014
 30
0.0
 11
28235.22713563441
 21
6670.717009645014
 31
0.0
 12
28135.22713563441
 22
6570.717009645014
 32
0.0
 13
28164.51645751576
 23
6641.427687763668
 33
0.0
  0
SOLID
  5
9FF9
330
9FF4
100
AcDbEntity
  8
RXSYMBOL
100
AcDbTrace
 10
28235.22713563441
 20
6570.717009645014
 30
0.0
 11
28235.22713563441
 21
6470.717009645014
 31
0.0
 12
28335.22713563441
 22
6570.717009645014
 32
0.0
 13
28305.93781375307
 23
6500.006331526359
 33
0.0
  0
TEXT
  5
9FFA
330
9FF4
100
AcDbEntity
  8
RXSBTXT
 62
3
100
AcDbText
 10
28435.22713563441
 20
6690.717009645013
 30
0.0
 40
200.0
  1
GL:24.32
  7
SIM
100
AcDbText
  0
TEXT
  5
9FFB
330
9FF4
100
AcDbEntity
  8
RXSBTXT
 62
3
100
AcDbText
 10
28435.22713563441
 20
6285.65708953849
 30
0.0
 40
200.0
  1
±0
  7
SIM
100
AcDbText
  0
ENDBLK
  5
9FFD
330
9FF4
100
AcDbEntity
  8
0
100
AcDbBlockEnd
  0
BLOCK
  5
A006
330
9FFE
100
AcDbEntity
  8
0
100
AcDbBlockBegin
  2
*B66
 70
1
 10
11135.22713549658
 20
6570.717009645028
 30
0.0
  3
*B66
  1

  0
LINE
  5
9FFF
330
9FFE
100
AcDbEntity
  8
RXSYMBOL
100
AcDbLine
 10
11335.22713549658
 20
6570.717009645028
 30
0.0
 11
9691.68519142201
 21
6570.717009645028
 31
0.0
  0
LINE
  5
A000
330
9FFE
100
AcDbEntity
  8
RXSYMBOL
100
AcDbLine
 10
11135.22713549658
 20
6770.717009645029
 30
0.0
 11
11135.22713549658
 21
6370.717009645028
 31
0.0
  0
CIRCLE
  5
A001
330
9FFE
100
AcDbEntity
  8
RXSYMBOL
100
AcDbCircle
 10
11135.22713549658
 20
6570.717009645028
 30
0.0
 40
100.0
  0
SOLID
  5
A002
330
9FFE
100
AcDbEntity
  8
RXSYMBOL
100
AcDbTrace
 10
11135.22713549658
 20
6570.717009645028
 30
0.0
 11
11135.22713549658
 21
6670.717009645028
 31
0.0
 12
11235.22713549658
 22
6570.717009645028
 32
0.0
 13
11064.51645737792
 23
6641.427687763684
 33
0.0
  0
SOLID
  5
A003
330
9FFE
100
AcDbEntity
  8
RXSYMBOL
100
AcDbTrace
 10
11135.22713549658
 20
6570.717009645028
 30
0.0
 11
11135.22713549658
 21
6470.717009645028
 31
0.0
 12
11035.22713549658
 22
6570.717009645028
 32
0.0
 13
11205.93781361523
 23
6500.006331526373
 33
0.0
  0
TEXT
  5
A004
330
9FFE
100
AcDbEntity
  8
RXSBTXT
 62
3
100
AcDbText
 10
9791.685191422011
 20
6690.717009645029
 30
0.0
 40
200.0
  1
GL:25.64
  7
SIM
100
AcDbText
  0
TEXT
  5
A005
330
9FFE
100
AcDbEntity
  8
RXSBTXT
 62
3
100
AcDbText
 10
9791.685191422011
 20
6285.124466369396
 30
0.0
 40
200.0
  1
+1320
  7
SIM
100
AcDbText
  0
ENDBLK
  5
A007
330
9FFE
100
AcDbEntity
  8
0
100
AcDbBlockEnd
  0
BLOCK
  5
A010
330
A008
100
AcDbEntity
  8
0
100
AcDbBlockBegin
  2
*B67
 70
1
 10
28235.22713561381
 20
14175.25075855168
 30
0.0
  3
*B67
  1

  0
LINE
  5
A009
330
A008
100
AcDbEntity
  8
RXSYMBOL
100
AcDbLine
 10
28035.22713561381
 20
14175.25075855168
 30
0.0
 11
29668.11661630622
 21
14175.25075855168
 31
0.0
  0
LINE
  5
A00A
330
A008
100
AcDbEntity
  8
RXSYMBOL
100
AcDbLine
 10
28235.22713561381
 20
14375.25075855169
 30
0.0
 11
28235.22713561381
 21
13975.25075855168
 31
0.0
  0
CIRCLE
  5
A00B
330
A008
100
AcDbEntity
  8
RXSYMBOL
100
AcDbCircle
 10
28235.22713561381
 20
14175.25075855168
 30
0.0
 40
100.0
  0
SOLID
  5
A00C
330
A008
100
AcDbEntity
  8
RXSYMBOL
100
AcDbTrace
 10
28235.22713561381
 20
14175.25075855168
 30
0.0
 11
28235.22713561381
 21
14275.25075855168
 31
0.0
 12
28135.22713561381
 22
14175.25075855168
 32
0.0
 13
28164.51645749515
 23
14245.96143667034
 33
0.0
  0
SOLID
  5
A00D
330
A008
100
AcDbEntity
  8
RXSYMBOL
100
AcDbTrace
 10
28235.22713561381
 20
14175.25075855168
 30
0.0
 11
28235.22713561381
 21
14075.25075855168
 31
0.0
 12
28335.22713561381
 22
14175.25075855168
 32
0.0
 13
28305.93781373246
 23
14104.54008043303
 33
0.0
  0
TEXT
  5
A00E
330
A008
100
AcDbEntity
  8
RXSBTXT
 62
3
100
AcDbText
 10
28435.22713561381
 20
14295.25075855169
 30
0.0
 40
200.0
  1
GL:24.60
  7
SIM
100
AcDbText
  0
TEXT
  5
A00F
330
A008
100
AcDbEntity
  8
RXSBTXT
 62
3
100
AcDbText
 10
28435.22713561381
 20
13890.19083844516
 30
0.0
 40
200.0
  1
+280
  7
SIM
100
AcDbText
  0
ENDBLK
  5
A011
330
A008
100
AcDbEntity
  8
0
100
AcDbBlockEnd
  0
BLOCK
  5
A01A
330
A012
100
AcDbEntity
  8
0
100
AcDbBlockBegin
  2
*B68
 70
1
 10
11235.22713551082
 20
9875.445134978043
 30
0.0
  3
*B68
  1

  0
LINE
  5
A013
330
A012
100
AcDbEntity
  8
RXSYMBOL
100
AcDbLine
 10
11435.22713551082
 20
9875.445134978043
 30
0.0
 11
9791.685191436258
 21
9875.445134978043
 31
0.0
  0
LINE
  5
A014
330
A012
100
AcDbEntity
  8
RXSYMBOL
100
AcDbLine
 10
11235.22713551082
 20
10075.44513497804
 30
0.0
 11
11235.22713551082
 21
9675.445134978041
 31
0.0
  0
CIRCLE
  5
A015
330
A012
100
AcDbEntity
  8
RXSYMBOL
100
AcDbCircle
 10
11235.22713551082
 20
9875.445134978043
 30
0.0
 40
100.0
  0
SOLID
  5
A016
330
A012
100
AcDbEntity
  8
RXSYMBOL
100
AcDbTrace
 10
11235.22713551082
 20
9875.445134978043
 30
0.0
 11
11235.22713551082
 21
9975.445134978043
 31
0.0
 12
11335.22713551082
 22
9875.445134978043
 32
0.0
 13
11164.51645739217
 23
9946.155813096699
 33
0.0
  0
SOLID
  5
A017
330
A012
100
AcDbEntity
  8
RXSYMBOL
100
AcDbTrace
 10
11235.22713551082
 20
9875.445134978043
 30
0.0
 11
11235.22713551082
 21
9775.445134978041
 31
0.0
 12
11135.22713551082
 22
9875.445134978043
 32
0.0
 13
11305.93781362948
 23
9804.734456859389
 33
0.0
  0
TEXT
  5
A018
330
A012
100
AcDbEntity
  8
RXSBTXT
 62
3
100
AcDbText
 10
9891.685191436258
 20
9995.445134978043
 30
0.0
 40
200.0
  1
GL:25.64
  7
SIM
100
AcDbText
  0
TEXT
  5
A019
330
A012
100
AcDbEntity
  8
RXSBTXT
 62
3
100
AcDbText
 10
9891.685191436258
 20
9589.85259170241
 30
0.0
 40
200.0
  1
+1320
  7
SIM
100
AcDbText
  0
ENDBLK
  5
A01B
330
A012
100
AcDbEntity
  8
0
100
AcDbBlockEnd
  0
BLOCK
  5
A024
330
A01C
100
AcDbEntity
  8
0
100
AcDbBlockBegin
  2
*B69
 70
1
 10
14032.22713556187
 20
22653.72741856992
 30
0.0
  3
*B69
  1

  0
LINE
  5
A01D
330
A01C
100
AcDbEntity
  8
RXSYMBOL
100
AcDbLine
 10
13832.22713556187
 20
22653.72741856992
 30
0.0
 11
15465.64923942339
 21
22653.72741856992
 31
0.0
  0
LINE
  5
A01E
330
A01C
100
AcDbEntity
  8
RXSYMBOL
100
AcDbLine
 10
14032.22713556187
 20
22853.72741856992
 30
0.0
 11
14032.22713556187
 21
22453.72741856992
 31
0.0
  0
CIRCLE
  5
A01F
330
A01C
100
AcDbEntity
  8
RXSYMBOL
100
AcDbCircle
 10
14032.22713556187
 20
22653.72741856992
 30
0.0
 40
100.0
  0
SOLID
  5
A020
330
A01C
100
AcDbEntity
  8
RXSYMBOL
100
AcDbTrace
 10
14032.22713556187
 20
22653.72741856992
 30
0.0
 11
14032.22713556187
 21
22753.72741856992
 31
0.0
 12
13932.22713556187
 22
22653.72741856992
 32
0.0
 13
13961.51645744322
 23
22724.43809668858
 33
0.0
  0
SOLID
  5
A021
330
A01C
100
AcDbEntity
  8
RXSYMBOL
100
AcDbTrace
 10
14032.22713556187
 20
22653.72741856992
 30
0.0
 11
14032.22713556187
 21
22553.72741856992
 31
0.0
 12
14132.22713556187
 22
22653.72741856992
 32
0.0
 13
14102.93781368052
 23
22583.01674045127
 33
0.0
  0
TEXT
  5
A022
330
A01C
100
AcDbEntity
  8
RXSBTXT
 62
3
100
AcDbText
 10
14232.22713556187
 20
22773.72741856992
 30
0.0
 40
200.0
  1
GL:25.36
  7
SIM
100
AcDbText
  0
TEXT
  5
A023
330
A01C
100
AcDbEntity
  8
RXSBTXT
 62
3
100
AcDbText
 10
14232.22713556187
 20
22368.13487529429
 30
0.0
 40
200.0
  1
+1040
  7
SIM
100
AcDbText
  0
ENDBLK
  5
A025
330
A01C
100
AcDbEntity
  8
0
100
AcDbBlockEnd
  0
BLOCK
  5
A02E
330
A026
100
AcDbEntity
  8
0
100
AcDbBlockBegin
  2
*B70
 70
1
 10
11461.23994352382
 20
6570.717009645014
 30
0.0
  3
*B70
  1

  0
LINE
  5
A027
330
A026
100
AcDbEntity
  8
RXSYMBOL
100
AcDbLine
 10
11261.23994352382
 20
6570.717009645014
 30
0.0
 11
12894.92835896989
 21
6570.717009645014
 31
0.0
  0
LINE
  5
A028
330
A026
100
AcDbEntity
  8
RXSYMBOL
100
AcDbLine
 10
11461.23994352382
 20
6770.717009645014
 30
0.0
 11
11461.23994352382
 21
6370.717009645013
 31
0.0
  0
CIRCLE
  5
A029
330
A026
100
AcDbEntity
  8
RXSYMBOL
100
AcDbCircle
 10
11461.23994352382
 20
6570.717009645014
 30
0.0
 40
100.0
  0
SOLID
  5
A02A
330
A026
100
AcDbEntity
  8
RXSYMBOL
100
AcDbTrace
 10
11461.23994352382
 20
6570.717009645014
 30
0.0
 11
11461.23994352382
 21
6670.717009645014
 31
0.0
 12
11361.23994352382
 22
6570.717009645014
 32
0.0
 13
11390.52926540516
 23
6641.427687763668
 33
0.0
  0
SOLID
  5
A02B
330
A026
100
AcDbEntity
  8
RXSYMBOL
100
AcDbTrace
 10
11461.23994352382
 20
6570.717009645014
 30
0.0
 11
11461.23994352382
 21
6470.717009645014
 31
0.0
 12
11561.23994352382
 22
6570.717009645014
 32
0.0
 13
11531.95062164247
 23
6500.006331526359
 33
0.0
  0
TEXT
  5
A02C
330
A026
100
AcDbEntity
  8
RXSBTXT
 62
3
100
AcDbText
 10
11661.23994352382
 20
6690.717009645013
 30
0.0
 40
200.0
  1
GL:24.32
  7
SIM
100
AcDbText
  0
TEXT
  5
A02D
330
A026
100
AcDbEntity
  8
RXSBTXT
 62
3
100
AcDbText
 10
11661.23994352382
 20
6285.65708953849
 30
0.0
 40
200.0
  1
±0
  7
SIM
100
AcDbText
  0
ENDBLK
  5
A02F
330
A026
100
AcDbEntity
  8
0
100
AcDbBlockEnd
  0
BLOCK
  5
A038
330
A030
100
AcDbEntity
  8
0
100
AcDbBlockBegin
  2
*B71
 70
1
 10
13392.9478482033
 20
20550.70538535166
 30
0.0
  3
*B71
  1

  0
LINE
  5
A031
330
A030
100
AcDbEntity
  8
RXSYMBOL
100
AcDbLine
 10
13192.9478482033
 20
20550.70538535166
 30
0.0
 11
14713.1875286294
 21
20550.70538535166
 31
0.0
  0
LINE
  5
A032
330
A030
100
AcDbEntity
  8
RXSYMBOL
100
AcDbLine
 10
13392.9478482033
 20
20750.70538535166
 30
0.0
 11
13392.9478482033
 21
20350.70538535166
 31
0.0
  0
CIRCLE
  5
A033
330
A030
100
AcDbEntity
  8
RXSYMBOL
100
AcDbCircle
 10
13392.9478482033
 20
20550.70538535166
 30
0.0
 40
100.0
  0
SOLID
  5
A034
330
A030
100
AcDbEntity
  8
RXSYMBOL
100
AcDbTrace
 10
13392.9478482033
 20
20550.70538535166
 30
0.0
 11
13392.9478482033
 21
20650.70538535166
 31
0.0
 12
13292.9478482033
 22
20550.70538535166
 32
0.0
 13
13322.23717008464
 23
20621.41606347032
 33
0.0
  0
SOLID
  5
A035
330
A030
100
AcDbEntity
  8
RXSYMBOL
100
AcDbTrace
 10
13392.9478482033
 20
20550.70538535166
 30
0.0
 11
13392.9478482033
 21
20450.70538535166
 31
0.0
 12
13492.9478482033
 22
20550.70538535166
 32
0.0
 13
13463.65852632195
 23
20479.99470723301
 33
0.0
  0
TEXT
  5
A036
330
A030
100
AcDbEntity
  8
RXSBTXT
 62
3
100
AcDbText
 10
13592.9478482033
 20
20670.70538535166
 30
0.0
 40
200.0
  1
EL:+860
  7
SIM
100
AcDbText
  0
TEXT
  5
A037
330
A030
100
AcDbEntity
  8
RXSBTXT
 62
3
100
AcDbText
 10
13592.9478482033
 20
20265.64546524514
 30
0.0
 40
200.0
  1
SL:+800
  7
SIM
100
AcDbText
  0
ENDBLK
  5
A039
330
A030
100
AcDbEntity
  8
0
100
AcDbBlockEnd
  0
ENDSEC
  0
SECTION
  2
ENTITIES
  0
INSERT
  5
13C
330
1F
100
AcDbEntity
  8
RXINFO
100
AcDbBlockReference
  2
*B2
 10
0.0
 20
0.0
 30
0.0
  0
LWPOLYLINE
  5
8B08
330
1F
100
AcDbEntity
  8
8
100
AcDbPolyline
 90
5
 70
0
 10
11235.22713551046
 20
9733.727418569904
 10
15655.22713550366
 20
9733.727418569904
 10
15655.22713550367
 20
6570.717009645007
 10
11235.22713549623
 20
6570.717009645014
 10
11235.2271354969
 20
9733.727418569912
  0
LINE
  5
8B09
330
1F
100
AcDbEntity
  8
8
100
AcDbLine
 10
15555.22713550366
 20
9733.727418569904
 30
0.0
 11
15555.22713550366
 21
6670.717009645014
 31
0.0
  0
LINE
  5
8B0A
330
1F
100
AcDbEntity
  8
8
100
AcDbLine
 10
15555.22713550366
 20
6670.717009645014
 30
0.0
 11
11235.22713549625
 21
6670.717009645014
 31
0.0
  0
LWPOLYLINE
  5
8B0B
330
1F
100
AcDbEntity
  8
CEN
100
AcDbPolyline
 90
2
 70
0
 10
12035.22713558156
 20
25118.52151257411
 10
12035.22713548004
 20
5302.530830478819
  0
LINE
  5
8B0C
330
1F
100
AcDbEntity
  8
CEN
100
AcDbLine
 10
13462.96226379195
 20
16153.72741857037
 30
0.0
 11
8185.230238418931
 21
16153.72741857037
 31
0.0
  0
LWPOLYLINE
  5
8B0D
330
1F
100
AcDbEntity
  8
CEN
100
AcDbPolyline
 90
2
 70
0
 10
12635.22713553872
 20
16792.71485432656
 10
12635.22713547981
 20
5302.530143906886
  0
LWPOLYLINE
  5
8B0E
330
1F
100
AcDbEntity
  8
CEN
100
AcDbPolyline
 90
2
 70
0
 10
15435.22713558203
 20
25118.52151257039
 10
15435.22713547981
 20
5302.530830476026
  0
INSERT
  5
8B0F
330
1F
100
AcDbEntity
  8
0
100
AcDbBlockReference
  2
A$C641937F6
 10
3180.71666159937
 20
24227.85964407359
 30
0.0
 41
49.99999999993979
 42
50.0
 43
50.0
 50
23.94946729215702
  0
LWPOLYLINE
  5
8B10
330
1F
100
AcDbEntity
  8
0
100
AcDbPolyline
 90
4
 70
1
 10
37500.00076200338
 20
28399.99973572797
 10
1600.000762003379
 20
28399.99973572797
 10
1600.000762003379
 20
1299.999735727964
 10
37500.00076200338
 20
1299.999735727964
  0
INSERT
  5
8B11
102
{ACAD_XDICTIONARY
360
8B12
102
}
330
1F
100
AcDbEntity
  8
0
100
AcDbBlockReference
  2
A$C4838202B
 10
0.000743940610846
 20
-0.0002458034432493
 30
0.0
 41
50.0
 42
50.0
 43
50.0
  0
TEXT
  5
8B13
330
1F
100
AcDbEntity
  8
TEXT
100
AcDbText
 10
38527.02721366537
 20
3049.99973572843
 30
0.0
 40
200.0
  1
2019. 07.  .
  7
굴림체
 72
2
 11
40161.06976685686
 21
3149.99973572843
 31
0.0
100
AcDbText
 73
2
  0
TEXT
  5
8B14
330
1F
100
AcDbEntity
  8
TEXT
100
AcDbText
 10
38114.89437902488
 20
5724.999735725636
 30
0.0
 40
200.0
  1
1 층 평 면 도
  7
굴림체
 72
1
 11
39000.00076200361
 21
5824.999735725636
 31
0.0
100
AcDbText
 73
2
  0
TEXT
  5
8B15
330
1F
100
AcDbEntity
  8
TEXT
100
AcDbText
 10
38886.3154441511
 20
3737.282967382169
 30
0.0
 40
200.0
  1
1/100
  7
굴림체
 72
1
 11
39226.74097606599
 21
3837.282967382169
 31
0.0
100
AcDbText
 73
2
  0
LINE
  5
8B16
330
1F
100
AcDbEntity
  8
CEN
100
AcDbLine
 10
16112.50222050109
 20
17653.72741865745
 30
0.0
 11
8185.230238419398
 21
17653.72741865745
 31
0.0
  0
LINE
  5
8B17
330
1F
100
AcDbEntity
  8
CEN
100
AcDbLine
 10
8185.230238410783
 20
12753.7274185699
 30
0.0
 11
16184.79914795806
 21
12753.7274185699
 31
0.0
  0
LINE
  5
8B18
330
1F
100
AcDbEntity
  8
CEN
100
AcDbLine
 10
8185.230238410317
 20
21253.7274185699
 30
0.0
 11
31357.58005879553
 21
21253.7274185699
 31
0.0
  0
LINE
  5
8B19
330
1F
100
AcDbEntity
  8
CEN
100
AcDbLine
 10
8185.230238410317
 20
19453.7274185699
 30
0.0
 11
16112.50222050109
 21
19453.7274185699
 31
0.0
  0
LINE
  5
8B1A
330
1F
100
AcDbEntity
  8
CEN
100
AcDbLine
 10
14928.85305367429
 20
11853.7274185699
 30
0.0
 11
31357.58005879553
 21
11853.7274185699
 31
0.0
  0
LINE
  5
8B1B
330
1F
100
AcDbEntity
  8
CEN
100
AcDbLine
 10
14909.23471713737
 20
14853.7274185699
 30
0.0
 11
31357.58005879553
 21
14853.7274185699
 31
0.0
  0
LINE
  5
8B1C
330
1F
100
AcDbEntity
  8
CEN
100
AcDbLine
 10
26835.22713553174
 20
25118.52151257039
 30
0.0
 11
26835.22713564117
 21
5302.530830429925
 31
0.0
  0
LWPOLYLINE
  5
8B1D
330
1F
100
AcDbEntity
  8
CEN
100
AcDbPolyline
 90
2
 70
0
 10
12035.22713558179
 20
25118.52151257411
 10
12035.22713548028
 20
5302.530830478819
  0
LWPOLYLINE
  5
8B1E
330
1F
100
AcDbEntity
  8
CEN
100
AcDbPolyline
 90
2
 70
0
 10
14085.22713555455
 20
25118.5215124875
 10
14085.22713554879
 20
17073.52030245794
  0
LINE
  5
8B1F
330
1F
100
AcDbEntity
  8
CEN
100
AcDbLine
 10
24035.22713553174
 20
25118.52151255502
 30
0.0
 11
24035.22713555688
 21
20513.19832910603
 31
0.0
  0
LINE
  5
8B20
330
1F
100
AcDbEntity
  8
CEN
100
AcDbLine
 10
26186.71280386196
 20
18453.72741856991
 30
0.0
 11
31357.5800587953
 21
18453.72741856991
 31
0.0
  0
LINE
  5
8B21
330
1F
100
AcDbEntity
  8
CEN
100
AcDbLine
 10
8185.230238414508
 20
9953.727418569906
 30
0.0
 11
31357.5800587953
 21
9953.727418569906
 31
0.0
  0
TEXT
  5
8B22
330
1F
100
AcDbEntity
  8
TEXT
100
AcDbText
 10
12715.99405074179
 20
16792.71485432616
 30
0.0
 40
200.0
  1
ELEV홀
  7
굴림체
 11
12715.99405074179
 21
16892.71485432616
 31
0.0
100
AcDbText
 73
2
  0
TEXT
  5
8B23
330
1F
100
AcDbEntity
  8
TEXT
100
AcDbText
 10
37800.04130875743
 20
26913.97204349661
 30
0.0
 40
200.0
  1
(가림)
  7
굴림체
 72
1
 11
39025.57322365105
 21
27013.97204349662
 31
0.0
100
AcDbText
 73
2
  0
TEXT
  5
8B24
330
1F
100
AcDbEntity
  8
TEXT
100
AcDbText
 10
37731.95620237446
 20
26554.02223715378
 30
0.0
 40
200.0
  1
다가구주택 신축공사
  7
굴림체
 72
1
 11
39025.57322365105
 21
26654.02223715378
 31
0.0
100
AcDbText
 73
2
  0
LWPOLYLINE
  5
8B25
330
1F
100
AcDbEntity
  8
지단-차량진입불가
100
AcDbPolyline
 90
3
 70
0
 10
1650.000762002914
 20
23653.72478666442
 10
25113.90611228104
 20
23653.73122958239
 10
28942.33381965374
 20
19825.30457362538
  0
LWPOLYLINE
  5
8B26
330
1F
100
AcDbEntity
  8
ms_sb-차량출입불허구간
 48
50.0
100
AcDbPolyline
 90
2
 70
128
 10
11610.52267363587
 20
24020.91303207219
 10
10859.930479315
 20
23286.54180524131
  0
LWPOLYLINE
  5
8B27
330
1F
100
AcDbEntity
  8
ms_sb-차량출입불허구간
 48
50.0
100
AcDbPolyline
 90
2
 70
128
 10
10868.04096305989
 20
24029.0235158173
 10
11602.41218989122
 20
23278.4313214962
  0
LWPOLYLINE
  5
8B28
330
1F
100
AcDbEntity
  8
지단-차량진입불가
100
AcDbPolyline
 90
2
 70
0
 10
28636.27693519847
 20
19519.24760511663
 10
29248.39070411109
 20
20131.36154213228
  0
TEXT
  5
8B29
330
1F
100
AcDbEntity
  8
TEXT
100
AcDbText
 10
15671.66289719765
 20
24835.22886716208
 30
0.0
 40
200.0
  1
8M 도로
  7
굴림체
 72
1
 11
16148.2586418785
 21
24935.22886716208
 31
0.0
100
AcDbText
 73
2
  0
LWPOLYLINE
  5
8B2A
330
1F
100
AcDbEntity
  8
ETC
 62
6
100
AcDbPolyline
 90
4
 70
1
 10
15611.66289719766
 20
24775.22886716208
 10
15611.66289719766
 20
25095.22886716208
 10
16652.78074167193
 20
25095.22886716208
 10
16652.78074167193
 20
24775.22886716208
  0
TEXT
  5
8B2B
330
1F
100
AcDbEntity
  8
TEXT
100
AcDbText
 10
30228.31188741386
 20
13489.84158219775
 30
0.0
 40
200.0
  1
8M 도로
  7
굴림체
 72
1
 11
30704.90763209471
 21
13589.84158219775
 31
0.0
100
AcDbText
 73
2
  0
LWPOLYLINE
  5
8B2C
330
1F
100
AcDbEntity
  8
ETC
 62
6
100
AcDbPolyline
 90
4
 70
1
 10
30168.31188741379
 20
13429.84158219775
 10
30168.31188741379
 20
13749.84158219775
 10
31209.42973188798
 20
13749.84158219775
 10
31209.42973188798
 20
13429.84158219775
  0
LWPOLYLINE
  5
8B2D
330
1F
100
AcDbEntity
  8
RXLEADER
 62
6
100
AcDbPolyline
 90
2
 70
1
 43
50.0
 10
17349.05739182113
 20
21628.72910435859
 42
1.0
 10
17349.05739182113
 20
21678.72910435859
 42
1.0
  0
LWPOLYLINE
  5
8B2E
330
1F
100
AcDbEntity
  8
RXLEADER
 62
6
100
AcDbPolyline
 90
3
 70
0
 10
17349.05740555039
 20
21678.72910435859
 10
17349.05740555016
 20
24186.45336863591
 10
17724.05740555016
 20
24186.45336863591
  0
LINE
  5
8B2F
330
1F
100
AcDbEntity
  8
RXLEADER
 62
6
100
AcDbLine
 10
17724.05740555016
 20
23786.45336863591
 30
0.0
 11
17349.05740555016
 21
23786.45336863591
 31
0.0
  0
TEXT
  5
8B30
330
1F
100
AcDbEntity
  8
RXANNOT
 62
3
100
AcDbText
 10
17924.05740555016
 20
24086.45336863591
 30
0.0
 40
200.0
  1
도로경계선
  7
굴림체
 11
17924.05740555016
 21
24186.45336863591
 31
0.0
100
AcDbText
 73
2
  0
LWPOLYLINE
  5
8B31
330
1F
100
AcDbEntity
  8
RXLEADER
 62
6
100
AcDbPolyline
 90
2
 70
1
 43
50.0
 10
17349.05740555039
 20
22628.72911117371
 42
1.0
 10
17349.05740555039
 20
22678.72911117371
 42
1.0
  0
LWPOLYLINE
  5
8B32
330
1F
100
AcDbEntity
  8
0
 62
6
100
AcDbPolyline
 90
2
 70
1
 43
50.0
 10
19429.92052744877
 20
6595.705322824477
 42
1.0
 10
19428.39186206403
 20
6545.728696466482
 42
1.0
  0
LWPOLYLINE
  5
8B33
330
1F
100
AcDbEntity
  8
RXLEADER
 62
6
100
AcDbPolyline
 90
2
 70
1
 43
50.0
 10
19429.15619475586
 20
7095.717009645479
 42
1.0
 10
19429.15619475586
 20
7045.717009645478
 42
1.0
  0
LWPOLYLINE
  5
8B34
330
1F
100
AcDbEntity
  8
RXLEADER
 62
6
100
AcDbPolyline
 90
3
 70
0
 10
19429.15619475586
 20
7020.717009645479
 10
19429.15619475726
 20
5844.454071346262
 10
19804.15619475726
 20
5844.454071346262
  0
TEXT
  5
8B35
330
1F
100
AcDbEntity
  8
RXANNOT
 62
3
100
AcDbText
 10
20074.21724526706
 20
5744.454071346263
 30
0.0
 40
200.0
  1
대지안의 공지
  7
굴림체
 11
20074.21724526706
 21
5844.454071346262
 31
0.0
100
AcDbText
 73
2
  0
LINE
  5
8B36
330
1F
100
AcDbEntity
  8
RXLEADER
 62
6
100
AcDbLine
 10
19804.15619475726
 20
5444.454071346263
 30
0.0
 11
19429.15619475749
 21
5444.454071346263
 31
0.0
  0
TEXT
  5
8B37
330
1F
100
AcDbEntity
  8
RXANNOT
 62
3
100
AcDbText
 10
20074.21724526706
 20
5344.454071346262
 30
0.0
 40
200.0
  1
인접대지경계선
  7
굴림체
 11
20074.21724526706
 21
5444.454071346263
 31
0.0
100
AcDbText
 73
2
  0
LINE
  5
8B38
330
1F
100
AcDbEntity
  8
RXLEADER
 62
6
100
AcDbLine
 10
19429.15619475726
 20
5844.454071346262
 30
0.0
 11
19429.15619475749
 21
5444.454071346263
 31
0.0
  0
LINE
  5
8B39
330
1F
100
AcDbEntity
  8
ms_l-도로
370
30
 48
7.0
100
AcDbLine
 10
11235.22713556805
 20
22653.7274186571
 30
0.0
 11
1650.000762002914
 21
22653.72478666442
 31
0.0
  0
LINE
  5
8B3A
330
1F
100
AcDbEntity
  8
ms_l-도로
370
30
 48
7.0
100
AcDbLine
 10
28235.22713563407
 20
6570.717009645014
 30
0.0
 11
28235.22713566305
 21
1299.999735727964
 31
0.0
  0
LWPOLYLINE
  5
8B3B
330
1F
100
AcDbEntity
  8
획지분할
 62
0
370
30
 48
7.0
100
AcDbPolyline
 90
2
 70
0
 10
11235.22713548354
 20
7218.120145279972
 10
11235.22713559925
 20
1299.999735727964
  0
LINE
  5
8B3C
330
1F
100
AcDbEntity
  8
획지분할
 62
0
370
30
 48
7.0
100
AcDbLine
 10
11235.22713548354
 20
7218.120145279972
 30
0.0
 11
1650.000762002914
 21
7218.120145332592
 31
0.0
  0
TEXT
  5
8B3D
330
1F
100
AcDbEntity
  8
TEXT
100
AcDbText
 10
3619.022706668963
 20
16228.15145521477
 30
0.0
 40
200.0
  1
(가림)
  7
굴림체
 11
3619.022706668963
 21
16328.15145521477
 31
0.0
100
AcDbText
 73
2
  0
TEXT
  5
8B3E
330
1F
100
AcDbEntity
  8
TEXT
100
AcDbText
 10
17211.14520395723
 20
5106.738962804957
 30
0.0
 40
200.0
  1
(가림)
  7
굴림체
 11
17211.14520395723
 21
5206.738962804957
 31
0.0
100
AcDbText
 73
2
  0
INSERT
  5
8B3F
330
1F
100
AcDbEntity
  8
주차
100
AcDbBlockReference
  2
EWRGWJET
 10
22235.22713569408
 20
9070.71700964548
 30
0.0
 41
-1.0
 50
90.0
  0
LWPOLYLINE
  5
8B40
330
1F
100
AcDbEntity
  8
COL
100
AcDbPolyline
 90
2
 70
0
 10
15335.22713550403
 20
10053.72693292569
 10
15335.22713550472
 20
10613.72741856711
  0
LINE
  5
8B41
330
1F
100
AcDbEntity
  8
CEN
100
AcDbLine
 10
21135.22713555688
 20
25118.52151257039
 30
0.0
 11
21135.22713556061
 21
5302.530830453208
 31
0.0
  0
LWPOLYLINE
  5
8B42
330
1F
100
AcDbEntity
  8
COL
100
AcDbPolyline
 90
4
 70
1
 10
21435.22713555898
 20
11653.72741856711
 10
20835.22713555898
 20
11653.72741856758
 10
20835.22713555944
 20
12053.72741857363
 10
21435.22713555944
 20
12053.72741857316
  0
LWPOLYLINE
  5
8B43
330
1F
100
AcDbEntity
  8
WAL
100
AcDbPolyline
 90
4
 70
1
 10
21485.22713555944
 20
12103.72741857316
 10
21485.22713555898
 20
11603.72741856711
 10
20785.22713555898
 20
11603.72741856757
 10
20785.22713555944
 20
12103.72741857363
  0
LWPOLYLINE
  5
8B44
330
1F
100
AcDbEntity
  8
WAL
100
AcDbPolyline
 90
4
 70
1
 10
21515.22713555944
 20
12133.72741857316
 10
21515.22713555898
 20
11573.72741856711
 10
20755.22713555898
 20
11573.72741856758
 10
20755.22713555944
 20
12133.72741857363
  0
LWPOLYLINE
  5
8B45
330
1F
100
AcDbEntity
  8
COL
100
AcDbPolyline
 90
2
 70
0
 10
20835.22713555898
 20
21153.72741856991
 10
20835.22713555921
 20
21153.72741856991
  0
LWPOLYLINE
  5
8B46
330
1F
100
AcDbEntity
  8
COL
100
AcDbPolyline
 90
7
 70
0
 10
21435.22713555944
 20
21153.72741856912
 10
21435.22713555921
 20
21153.72741856851
 10
21435.22713555898
 20
20953.72741856339
 10
20835.22713555898
 20
20953.72741856385
 10
20835.22713555898
 20
21353.72741856944
 10
21435.22713555968
 20
21353.72741856959
 10
21435.22713555921
 20
21153.72741856959
  0
LWPOLYLINE
  5
8B47
330
1F
100
AcDbEntity
  8
COL
100
AcDbPolyline
 90
4
 70
1
 10
26935.22713552662
 20
11653.72741859645
 10
26335.22713552661
 20
11653.72741859691
 10
26335.22713552708
 20
12053.72741860297
 10
26935.22713552708
 20
12053.7274186025
  0
LWPOLYLINE
  5
8B48
330
1F
100
AcDbEntity
  8
WAL
100
AcDbPolyline
 90
4
 70
1
 10
26985.22713552708
 20
12103.7274186025
 10
26985.22713552661
 20
11603.72741859645
 10
26285.22713552661
 20
11603.72741859691
 10
26285.22713552708
 20
12103.72741860297
  0
LWPOLYLINE
  5
8B49
330
1F
100
AcDbEntity
  8
WAL
100
AcDbPolyline
 90
4
 70
1
 10
27015.22713552708
 20
12133.7274186025
 10
27015.22713552662
 20
11573.72741859645
 10
26255.22713552661
 20
11573.72741859691
 10
26255.22713552708
 20
12133.72741860297
  0
INSERT
  5
8B4A
330
1F
100
AcDbEntity
  8
주차
100
AcDbBlockReference
  2
EWRGWJET
 10
17235.22713569408
 20
9070.71700964548
 30
0.0
 41
-1.0
 50
90.0
  0
INSERT
  5
8B4B
330
1F
100
AcDbEntity
  8
주차
100
AcDbBlockReference
  2
EWRGWJET
 10
22235.22713569408
 20
11570.71700964548
 30
0.0
 41
-1.0
 50
90.0
  0
INSERT
  5
8B4C
330
1F
100
AcDbEntity
  8
주차
100
AcDbBlockReference
  2
EWRGWJET
 10
17235.22713569408
 20
11570.71700964548
 30
0.0
 41
-1.0
 50
90.0
  0
INSERT
  5
8B4D
330
1F
100
AcDbEntity
  8
주차
100
AcDbBlockReference
  2
EWRGWJET
 10
22235.22713569478
 20
14633.72741860262
 30
0.0
 41
-1.0
 50
90.0
  0
INSERT
  5
8B4E
330
1F
100
AcDbEntity
  8
주차
100
AcDbBlockReference
  2
EWRGWJET
 10
17235.22713569477
 20
14633.72741860262
 30
0.0
 41
-1.0
 50
90.0
  0
DIMENSION
  5
8B4F
330
1F
100
AcDbEntity
  8
RXDIM
100
AcDbDimension
280
0
  2
*D18
  3
NDIM 100
 10
15435.22713558203
 20
26418.52151257411
 30
0.0
 11
14760.22713556829
 21
26621.18108704219
 31
0.0
 70
32
 71
5
 42
-1.0
 73
0
 74
0
 75
0
100
AcDbAlignedDimension
 13
14085.22713555455
 23
25118.52151248802
 33
0.0
 14
15435.22713558203
 24
25118.52151256573
 34
0.0
 50
0.0
100
AcDbRotatedDimension
  0
DIMENSION
  5
8B50
330
1F
100
AcDbEntity
  8
RXDIM
100
AcDbDimension
280
0
  2
*D19
  3
NDIM 100
 10
15435.22713558203
 20
27018.52151257411
 30
0.0
 11
13735.22713558179
 21
27221.04810831879
 31
0.0
 70
32
 71
5
 42
-1.0
 73
0
 74
0
 75
0
100
AcDbAlignedDimension
 13
12035.22713558156
 23
25118.52151257411
 33
0.0
 14
15435.22713558203
 24
25118.52151256573
 34
0.0
 50
0.0
100
AcDbRotatedDimension
  0
DIMENSION
  5
8B51
330
1F
100
AcDbEntity
  8
RXDIM
100
AcDbDimension
280
0
  2
*D20
  3
NDIM 100
 10
26835.22713553174
 20
27018.52151257411
 30
0.0
 11
21135.22713555688
 21
27221.18108704219
 31
0.0
 70
32
 71
5
 42
-1.0
 73
0
 74
0
 75
0
100
AcDbAlignedDimension
 13
15435.22713558203
 23
25118.52151256573
 33
0.0
 14
26835.22713553174
 24
25118.52151257039
 34
0.0
 50
0.0
100
AcDbRotatedDimension
  0
DIMENSION
  5
8B52
330
1F
100
AcDbEntity
  8
RXDIM
100
AcDbDimension
280
0
  2
*D21
  3
NDIM 100
 10
26835.22713553174
 20
26418.52151257411
 30
0.0
 11
25435.22713553174
 21
26620.78215087198
 31
0.0
 70
32
 71
5
 42
-1.0
 73
0
 74
0
 75
0
100
AcDbAlignedDimension
 13
24035.22713553174
 23
25118.52151261323
 33
0.0
 14
26835.22713553174
 24
25118.52151262859
 34
0.0
 50
0.0
100
AcDbRotatedDimension
  0
DIMENSION
  5
8B53
330
1F
100
AcDbEntity
  8
RXDIM
100
AcDbDimension
280
0
  2
*D22
  3
NDIM 100
 10
26835.22713553174
 20
27618.52151257411
 30
0.0
 11
19435.22713555665
 21
27821.18108704219
 31
0.0
 70
32
 71
5
 42
-1.0
 73
0
 74
0
 75
0
100
AcDbAlignedDimension
 13
12035.22713558156
 23
25118.52151257411
 33
0.0
 14
26835.22713553174
 24
25118.52151262859
 34
0.0
 50
0.0
100
AcDbRotatedDimension
  0
DIMENSION
  5
8B54
330
1F
100
AcDbEntity
  8
RXDIM
100
AcDbDimension
280
0
  2
*D23
  3
NDIM 100
 10
21135.22713555688
 20
26418.52151257411
 30
0.0
 11
18285.22713556945
 21
26621.04810831879
 31
0.0
 70
32
 71
5
 42
-1.0
 73
0
 74
0
 75
0
100
AcDbAlignedDimension
 13
15435.22713558203
 23
25118.52151257039
 33
0.0
 14
21135.22713555688
 24
25118.52151257039
 34
0.0
 50
0.0
100
AcDbRotatedDimension
  0
DIMENSION
  5
8B55
330
1F
100
AcDbEntity
  8
RXDIM
100
AcDbDimension
280
0
  2
*D24
  3
NDIM 100
 10
24035.22713553174
 20
26418.52151257411
 30
0.0
 11
22585.22713554431
 21
26620.78215087198
 31
0.0
 70
32
 71
5
 42
-1.0
 73
0
 74
0
 75
0
100
AcDbAlignedDimension
 13
21135.22713555688
 23
25118.52151257039
 33
0.0
 14
24035.22713553174
 24
25118.52151255502
 34
0.0
 50
0.0
100
AcDbRotatedDimension
  0
DIMENSION
  5
8B56
330
1F
100
AcDbEntity
  8
RXDIM
100
AcDbDimension
280
0
  2
*D25
  3
NDIM 100
 10
6085.230238411015
 20
12753.7274185699
 30
0.0
 11
5882.969600113142
 21
17003.72741861344
 31
0.0
 70
32
 71
5
 42
-1.0
 73
0
 74
0
 75
0
100
AcDbAlignedDimension
 13
8185.230238410783
 23
21253.72741865699
 33
0.0
 14
8185.230238410783
 24
12753.7274185699
 34
0.0
 50
90.0
100
AcDbRotatedDimension
  0
DIMENSION
  5
8B57
330
1F
100
AcDbEntity
  8
RXDIM
100
AcDbDimension
280
0
  2
*D26
  3
NDIM 100
 10
6085.230238411015
 20
12753.72741848282
 30
0.0
 11
5882.969600113142
 21
11353.72741852637
 31
0.0
 70
32
 71
5
 42
-1.0
 73
0
 74
0
 75
0
100
AcDbAlignedDimension
 13
8185.230238406823
 23
9953.727418569906
 33
0.0
 14
8185.230238407056
 24
12753.72741848282
 34
0.0
 50
90.0
100
AcDbRotatedDimension
  0
DIMENSION
  5
8B58
330
1F
100
AcDbEntity
  8
RXDIM
100
AcDbDimension
280
0
  2
*D27
  3
NDIM 100
 10
6685.230238411016
 20
17653.72741865745
 30
0.0
 11
6482.703642666331
 21
15203.72741861368
 31
0.0
 70
32
 71
5
 42
-1.0
 73
0
 74
0
 75
0
100
AcDbAlignedDimension
 13
8185.230238410783
 23
12753.7274185699
 33
0.0
 14
8185.230238410783
 24
17653.72741865745
 34
0.0
 50
90.0
100
AcDbRotatedDimension
  0
DIMENSION
  5
8B59
330
1F
100
AcDbEntity
  8
RXDIM
100
AcDbDimension
280
0
  2
*D28
  3
NDIM 100
 10
7285.230238411016
 20
19453.72741865838
 30
0.0
 11
7082.570663942927
 21
18553.72741865791
 31
0.0
 70
32
 71
5
 42
-1.0
 73
0
 74
0
 75
0
100
AcDbAlignedDimension
 13
8185.230238410783
 23
17653.72741865745
 33
0.0
 14
8185.23023841055
 24
19453.72741865838
 34
0.0
 50
90.0
100
AcDbRotatedDimension
  0
DIMENSION
  5
8B5A
330
1F
100
AcDbEntity
  8
RXDIM
100
AcDbDimension
280
0
  2
*D29
  3
NDIM 100
 10
7285.230238411016
 20
21253.7274185699
 30
0.0
 11
7082.570663942927
 21
20353.72741861415
 31
0.0
 70
32
 71
5
 42
-1.0
 73
0
 74
0
 75
0
100
AcDbAlignedDimension
 13
8185.23023841055
 23
19453.72741865838
 33
0.0
 14
8185.230238410317
 24
21253.7274185699
 34
0.0
 50
90.0
100
AcDbRotatedDimension
  0
DIMENSION
  5
8B5B
330
1F
100
AcDbEntity
  8
RXDIM
100
AcDbDimension
280
0
  2
*D30
  3
NDIM 100
 10
6085.230238411015
 20
21253.7274185699
 30
0.0
 11
5882.969600113139
 21
17003.7274185699
 31
0.0
 70
32
 71
5
 42
-1.0
 73
0
 74
0
 75
0
100
AcDbAlignedDimension
 13
8185.230238410783
 23
12753.7274185699
 33
0.0
 14
8185.230238410317
 24
21253.7274185699
 34
0.0
 50
90.0
100
AcDbRotatedDimension
  0
DIMENSION
  5
8B5C
330
1F
100
AcDbEntity
  8
RXDIM
100
AcDbDimension
280
0
  2
*D31
  3
NDIM 100
 10
5485.230238411015
 20
9953.727418569906
 30
0.0
 11
5282.570663942929
 21
15603.7274185699
 31
0.0
 70
32
 71
5
 42
-1.0
 73
0
 74
0
 75
0
100
AcDbAlignedDimension
 13
8185.230238410317
 23
21253.7274185699
 33
0.0
 14
8185.23023841055
 24
9953.727418569906
 34
0.0
 50
90.0
100
AcDbRotatedDimension
  0
DIMENSION
  5
8B5D
330
1F
100
AcDbEntity
  8
RXDIM
100
AcDbDimension
280
0
  2
*D32
  3
NDIM 100
 10
7285.230238411016
 20
16153.72741857037
 30
0.0
 11
7082.570663942927
 21
16903.72741861391
 31
0.0
 70
32
 71
5
 42
-1.0
 73
0
 74
0
 75
0
100
AcDbAlignedDimension
 13
8185.230238419398
 23
17653.72741865745
 33
0.0
 14
8185.230238419398
 24
16153.72741857037
 34
0.0
 50
90.0
100
AcDbRotatedDimension
  0
DIMENSION
  5
8B5E
330
1F
100
AcDbEntity
  8
RXDIM
100
AcDbDimension
280
0
  2
*D33
  3
NDIM 100
 10
7285.230238411016
 20
12753.7274185699
 30
0.0
 11
7082.703642666333
 21
14453.72741857014
 31
0.0
 70
32
 71
5
 42
-1.0
 73
0
 74
0
 75
0
100
AcDbAlignedDimension
 13
8185.230238418931
 23
16153.72741857037
 33
0.0
 14
8185.230238418931
 24
12753.7274185699
 34
0.0
 50
90.0
100
AcDbRotatedDimension
  0
DIMENSION
  5
8B5F
330
1F
100
AcDbEntity
  8
RXDIM
100
AcDbDimension
280
0
  2
*D34
  3
NDIM 100
 10
33257.58005879553
 20
18453.72741856991
 30
0.0
 11
33055.31942049765
 21
19853.72741856991
 31
0.0
 70
32
 71
5
 42
-1.0
 73
0
 74
0
 75
0
100
AcDbAlignedDimension
 13
31357.58005879553
 23
21253.7274185699
 33
0.0
 14
31357.58005879553
 24
18453.72741856991
 34
0.0
 50
90.0
100
AcDbRotatedDimension
  0
DIMENSION
  5
8B60
330
1F
100
AcDbEntity
  8
RXDIM
100
AcDbDimension
280
0
  2
*D35
  3
NDIM 100
 10
33257.58005879553
 20
14853.7274185699
 30
0.0
 11
33055.31942049766
 21
16653.72741856991
 31
0.0
 70
32
 71
5
 42
-1.0
 73
0
 74
0
 75
0
100
AcDbAlignedDimension
 13
31357.58005879553
 23
18453.72741856991
 33
0.0
 14
31357.58005879553
 24
14853.7274185699
 34
0.0
 50
90.0
100
AcDbRotatedDimension
  0
DIMENSION
  5
8B61
330
1F
100
AcDbEntity
  8
RXDIM
100
AcDbDimension
280
0
  2
*D36
  3
NDIM 100
 10
33857.58005879553
 20
14853.7274185699
 30
0.0
 11
33655.05346305085
 21
18053.72741856991
 31
0.0
 70
32
 71
5
 42
-1.0
 73
0
 74
0
 75
0
100
AcDbAlignedDimension
 13
31357.58005879553
 23
21253.7274185699
 33
0.0
 14
31357.58005879553
 24
14853.7274185699
 34
0.0
 50
90.0
100
AcDbRotatedDimension
  0
DIMENSION
  5
8B62
330
1F
100
AcDbEntity
  8
RXDIM
100
AcDbDimension
280
0
  2
*D37
  3
NDIM 100
 10
33257.58005879553
 20
11853.7274185699
 30
0.0
 11
33055.31942049766
 21
13353.72741856991
 31
0.0
 70
32
 71
5
 42
-1.0
 73
0
 74
0
 75
0
100
AcDbAlignedDimension
 13
31357.58005879553
 23
14853.7274185699
 33
0.0
 14
31357.58005879553
 24
11853.7274185699
 34
0.0
 50
90.0
100
AcDbRotatedDimension
  0
DIMENSION
  5
8B63
330
1F
100
AcDbEntity
  8
RXDIM
100
AcDbDimension
280
0
  2
*D38
  3
NDIM 100
 10
33257.58005879553
 20
9953.727418569906
 30
0.0
 11
33054.92048432745
 21
10903.72741856991
 31
0.0
 70
32
 71
5
 42
-1.0
 73
0
 74
0
 75
0
100
AcDbAlignedDimension
 13
31357.58005879553
 23
11853.7274185699
 33
0.0
 14
31357.58005879553
 24
9953.727418569906
 34
0.0
 50
90.0
100
AcDbRotatedDimension
  0
DIMENSION
  5
8B64
330
1F
100
AcDbEntity
  8
RXDIM
100
AcDbDimension
280
0
  2
*D39
  3
NDIM 100
 10
34457.58005879553
 20
9953.727418569906
 30
0.0
 11
34254.92048432745
 21
15603.72741856991
 31
0.0
 70
32
 71
5
 42
-1.0
 73
0
 74
0
 75
0
100
AcDbAlignedDimension
 13
31357.58005879553
 23
21253.7274185699
 33
0.0
 14
31357.58005879553
 24
9953.727418569906
 34
0.0
 50
90.0
100
AcDbRotatedDimension
  0
INSERT
  5
8B65
330
1F
100
AcDbEntity
  8
TOILET
100
AcDbBlockReference
  2
A$C6C4B2DC3
 10
14362.57129147545
 20
12623.72741857078
 30
0.0
 50
270.0
  0
LWPOLYLINE
  5
8B66
330
1F
100
AcDbEntity
  8
RXDOOR
100
AcDbPolyline
 90
4
 70
1
 10
13855.22713545909
 20
12003.72741857083
 10
14180.22713546002
 20
11440.81090611178
 10
14162.90662738461
 20
11430.81090611179
 10
13837.90662738414
 20
11993.72741857084
1001
INERCAD20
1000
UnNamed
1070
3001
1071
2
  0
ARC
  5
8B67
330
1F
100
AcDbEntity
  8
RXDOOR
 62
7
100
AcDbCircle
 10
13855.22713545909
 20
12003.72741857083
 30
0.0
 40
650.0
100
AcDbArc
 50
270.0
 51
298.2376090039413
1001
INERCAD20
1000
UnNamed
1070
3001
1071
3
  0
LINE
  5
8B68
330
1F
100
AcDbEntity
  8
TOILET
100
AcDbLine
 10
12735.22713545443
 20
11333.72741856432
 30
0.0
 11
13835.22713546049
 21
11333.72741856944
 31
0.0
  0
LINE
  5
8B69
330
1F
100
AcDbEntity
  8
TOILET
100
AcDbLine
 10
12735.22713545443
 20
11353.72741856897
 30
0.0
 11
13835.22713546049
 21
11353.72741857084
 31
0.0
  0
LINE
  5
8B6A
330
1F
100
AcDbEntity
  8
TOILET
100
AcDbLine
 10
13855.22713546049
 20
11353.72741857084
 30
0.0
 11
13835.22713546049
 21
11353.72741857084
 31
0.0
  0
LINE
  5
8B6B
330
1F
100
AcDbEntity
  8
TOILET
100
AcDbLine
 10
13855.22713546002
 20
12003.72741857083
 30
0.0
 11
13855.22713545932
 21
12653.72741857363
 31
0.0
  0
LINE
  5
8B6C
330
1F
100
AcDbEntity
  8
TOILET
100
AcDbLine
 10
13835.22713546002
 20
12003.72741857083
 30
0.0
 11
13835.22713545909
 21
12653.72741857316
 31
0.0
  0
LINE
  5
8B6D
330
1F
100
AcDbEntity
  8
TOILET
100
AcDbLine
 10
13855.22713545909
 20
12003.72741857083
 30
0.0
 11
13835.22713545909
 21
12003.72741857083
 31
0.0
  0
TEXT
  5
8B6E
330
1F
100
AcDbEntity
  8
TEXT
100
AcDbText
 10
14367.60472010694
 20
11358.43921087734
 30
0.0
 40
200.0
  1
WC
  7
굴림체
 11
14367.60472010694
 21
11458.43921087734
 31
0.0
100
AcDbText
 73
2
  0
LWPOLYLINE
  5
8B6F
330
1F
100
AcDbEntity
  8
ETC
 62
6
100
AcDbPolyline
 90
4
 70
1
 10
14307.60472010694
 20
11298.43921087734
 10
14307.60472010694
 20
11618.43921087734
 10
14693.45070738964
 20
11618.43921087734
 10
14693.45070738964
 20
11298.43921087734
  0
TEXT
  5
8B70
330
1F
100
AcDbEntity
  8
TEXT
100
AcDbText
 10
18411.82466789097
 20
18713.93817108503
 30
0.0
 40
200.0
  1
제1종근린생활시설
  7
굴림체
 72
1
 11
19569.27147640161
 21
18813.93817108503
 31
0.0
100
AcDbText
 73
2
  0
LWPOLYLINE
  5
8B71
330
1F
100
AcDbEntity
  8
RXLEADER
 62
6
100
AcDbPolyline
 90
2
 70
1
 43
50.0
 10
11760.22713555478
 20
20260.94397575813
 42
1.0
 10
11710.22713555478
 20
20260.94397575813
 42
1.0
  0
LWPOLYLINE
  5
8B72
330
1F
100
AcDbEntity
  8
RXLEADER
 62
6
100
AcDbPolyline
 90
2
 70
0
 10
11685.22713555478
 20
20260.94397575813
 10
9814.409358733701
 20
20260.94397575813
  0
TEXT
  5
8B73
330
1F
100
AcDbEntity
  8
RXANNOT
 62
3
100
AcDbText
 10
7644.196592776253
 20
20160.94397575813
 30
0.0
 40
200.0
  1
대지안의 공지
  7
굴림체
 72
2
 11
9414.409358733701
 21
20260.94397575813
 31
0.0
100
AcDbText
 73
2
  0
LINE
  5
8B74
330
1F
100
AcDbEntity
  8
RXLEADER
 62
6
100
AcDbLine
 10
9814.409358733701
 20
19860.94397575813
 30
0.0
 11
10424.79798949255
 21
19860.94397575813
 31
0.0
  0
TEXT
  5
8B75
330
1F
100
AcDbEntity
  8
RXANNOT
 62
3
100
AcDbText
 10
7508.026380010297
 20
19760.94397575813
 30
0.0
 40
200.0
  1
인접대지경계선
  7
굴림체
 72
2
 11
9414.409358733701
 21
19860.94397575813
 31
0.0
100
AcDbText
 73
2
  0
LINE
  5
8B76
330
1F
100
AcDbEntity
  8
RXLEADER
 62
6
100
AcDbLine
 10
10424.79798949255
 20
20260.94397575813
 30
0.0
 11
10424.79798949255
 21
19860.94397575813
 31
0.0
  0
LWPOLYLINE
  5
8B77
330
1F
100
AcDbEntity
  8
RXLEADER
 62
6
100
AcDbPolyline
 90
2
 70
1
 43
50.0
 10
27210.22713569216
 20
16396.03124144493
 42
1.0
 10
27260.22713569216
 20
16396.03124144493
 42
1.0
  0
LWPOLYLINE
  5
8B78
330
1F
100
AcDbEntity
  8
RXLEADER
 62
6
100
AcDbPolyline
 90
2
 70
0
 10
27285.22713569216
 20
16396.03124144493
 10
29976.15059481505
 20
16396.03124144493
  0
TEXT
  5
8B79
330
1F
100
AcDbEntity
  8
RXANNOT
 62
3
100
AcDbText
 10
30226.15059481505
 20
16296.03124144493
 30
0.0
 40
200.0
  1
건축한계선
  7
굴림체
 11
30226.15059481505
 21
16396.03124144493
 31
0.0
100
AcDbText
 73
2
  0
LINE
  5
8B7A
330
1F
100
AcDbEntity
  8
RXLEADER
 62
6
100
AcDbLine
 10
29976.15059481505
 20
15996.03124144493
 30
0.0
 11
29576.15059481505
 21
15996.03124144493
 31
0.0
  0
TEXT
  5
8B7B
330
1F
100
AcDbEntity
  8
RXANNOT
 62
3
100
AcDbText
 10
30226.15059481505
 20
15896.03124144493
 30
0.0
 40
200.0
  1
도로경계선
  7
굴림체
 11
30226.15059481505
 21
15996.03124144493
 31
0.0
100
AcDbText
 73
2
  0
LINE
  5
8B7C
330
1F
100
AcDbEntity
  8
RXLEADER
 62
6
100
AcDbLine
 10
29576.15059481505
 20
16396.03124144493
 30
0.0
 11
29576.15059481505
 21
15996.03124144493
 31
0.0
  0
LWPOLYLINE
  5
8B7D
330
1F
100
AcDbEntity
  8
RXLEADER
 62
6
100
AcDbPolyline
 90
2
 70
1
 43
50.0
 10
28210.22713558005
 20
16396.03124144592
 42
1.0
 10
28260.22713558005
 20
16396.03124144592
 42
1.0
  0
CIRCLE
  5
8B7E
330
1F
100
AcDbEntity
  8
RXSYMBOL
 62
2
100
AcDbCircle
 10
17460.92640541833
 20
2361.250152033346
 30
0.0
 40
540.0
  0
LINE
  5
8B7F
330
1F
100
AcDbEntity
  8
RXSYMBOL
 62
2
100
AcDbLine
 10
16380.92640541833
 20
2361.250152033346
 30
0.0
 11
22792.69409157931
 21
2361.250152033346
 31
0.0
  0
LINE
  5
8B80
330
1F
100
AcDbEntity
  8
RXSYMBOL
 62
2
100
AcDbLine
 10
17460.92640541833
 20
2361.250152033346
 30
0.0
 11
17460.92640541833
 21
1420.768329144048
 31
0.0
  0
TEXT
  5
8B81
330
1F
100
AcDbEntity
  8
RXDWGTITLE
 62
3
100
AcDbText
 10
18540.92640541809
 20
2481.250152033346
 30
0.0
 40
420.0
  1
1 층 평 면 도
  7
굴림체
100
AcDbText
  0
TEXT
  5
8B82
330
1F
100
AcDbEntity
  8
RXSBTXT
 62
3
100
AcDbText
 10
17369.01151180131
 20
2481.250152033346
 30
0.0
 40
270.0
  1
1
  7
굴림체
 72
1
 11
17460.92640541833
 21
2481.250152033346
 31
0.0
100
AcDbText
  0
TEXT
  5
8B83
330
1F
100
AcDbEntity
  8
RXSBTXT
 62
3
100
AcDbText
 10
17218.37321392897
 20
2061.250152033347
 30
0.0
 40
180.0
  1
A
  7
굴림체
 72
2
 11
17340.92640541833
 21
2241.250152033346
 31
0.0
100
AcDbText
 73
3
  0
TEXT
  5
8B84
330
1F
100
AcDbEntity
  8
RXSBTXT
 62
3
100
AcDbText
 10
20999.56338721923
 20
2076.55544375634
 30
0.0
 40
180.0
  1
축척 : 1/100 
  7
굴림체
100
AcDbText
  0
LINE
  5
8B85
330
1F
100
AcDbEntity
  8
COR
100
AcDbLine
 10
14135.22713547655
 20
16153.72741857037
 30
0.0
 11
15317.22713547632
 21
16153.7274185699
 31
0.0
  0
LINE
  5
8B86
330
1F
100
AcDbEntity
  8
COR
100
AcDbLine
 10
14060.22713547632
 20
15613.72741857037
 30
0.0
 11
14085.22713547632
 21
15613.72741857037
 31
0.0
  0
LINE
  5
8B87
330
1F
100
AcDbEntity
  8
COR
100
AcDbLine
 10
14135.22713547632
 20
15613.72741857037
 30
0.0
 11
15317.22713547609
 21
15613.7274185699
 31
0.0
  0
LINE
  5
8B88
330
1F
100
AcDbEntity
  8
COR
100
AcDbLine
 10
14060.22713547632
 20
15343.72741857037
 30
0.0
 11
14085.22713547632
 21
15343.72741857037
 31
0.0
  0
LINE
  5
8B89
330
1F
100
AcDbEntity
  8
COR
100
AcDbLine
 10
14135.22713547632
 20
15343.72741857037
 30
0.0
 11
15317.22713547609
 21
15343.72741856991
 31
0.0
  0
LINE
  5
8B8A
330
1F
100
AcDbEntity
  8
ELE-2
  6
HID
 62
8
100
AcDbLine
 10
14060.22713547632
 20
15073.72741857037
 30
0.0
 11
14085.22713547632
 21
15073.72741857037
 31
0.0
  0
LINE
  5
8B8B
330
1F
100
AcDbEntity
  8
ELE-2
  6
HID
 62
8
100
AcDbLine
 10
14135.22713547632
 20
15073.72741857037
 30
0.0
 11
14735.22713547609
 21
15073.72741857037
 31
0.0
  0
LINE
  5
8B8C
330
1F
100
AcDbEntity
  8
COR
100
AcDbLine
 10
14735.22713547609
 20
15073.72741857037
 30
0.0
 11
15317.22713547609
 21
15073.7274185699
 31
0.0
  0
LINE
  5
8B8D
330
1F
100
AcDbEntity
  8
ELE-2
  6
HID
 62
8
100
AcDbLine
 10
14060.22713547609
 20
14803.72741857037
 30
0.0
 11
14085.22713547609
 21
14803.72741857037
 31
0.0
  0
LINE
  5
8B8E
330
1F
100
AcDbEntity
  8
ELE-2
  6
HID
 62
8
100
AcDbLine
 10
14135.22713547609
 20
14803.72741857037
 30
0.0
 11
15317.22713547585
 21
14803.7274185699
 31
0.0
  0
LWPOLYLINE
  5
8B8F
330
1F
100
AcDbEntity
  8
ELE-2
100
AcDbPolyline
 90
3
 70
0
 10
14855.40460461112
 20
15023.72741856991
 10
15267.22713547609
 20
15023.72741856991
 10
15267.22713547609
 20
15073.7274185699
  0
LINE
  5
8B90
330
1F
100
AcDbEntity
  8
ELE-2
  6
HID
 62
8
100
AcDbLine
 10
14060.22713547609
 20
14533.72741857037
 30
0.0
 11
14085.22713547609
 21
14533.72741857037
 31
0.0
  0
LINE
  5
8B91
330
1F
100
AcDbEntity
  8
ELE-2
  6
HID
 62
8
100
AcDbLine
 10
14135.22713547609
 20
14533.72741857037
 30
0.0
 11
15317.22713547585
 21
14533.7274185699
 31
0.0
  0
LWPOLYLINE
  5
8B92
330
1F
100
AcDbEntity
  8
ELE-2
100
AcDbPolyline
 90
4
 70
0
 10
14185.22713547632
 20
15343.72741857037
 10
14185.22713547632
 20
15293.72741857037
 10
15267.22713547609
 20
15293.7274185699
 10
15267.22713547609
 20
15343.72741856991
  0
LINE
  5
8B93
330
1F
100
AcDbEntity
  8
ELE-2
  6
HID
 62
8
100
AcDbLine
 10
14060.22713547609
 20
14263.72741857037
 30
0.0
 11
14085.22713547609
 21
14263.72741857037
 31
0.0
  0
LINE
  5
8B94
330
1F
100
AcDbEntity
  8
ELE-2
  6
HID
 62
8
100
AcDbLine
 10
14135.22713547609
 20
14263.72741857037
 30
0.0
 11
15317.22713547585
 21
14263.7274185699
 31
0.0
  0
LWPOLYLINE
  5
8B95
330
1F
100
AcDbEntity
  8
ELE-2
100
AcDbPolyline
 90
4
 70
0
 10
14185.22713547632
 20
15613.72741857037
 10
14185.22713547632
 20
15563.72741857037
 10
15267.22713547609
 20
15563.7274185699
 10
15267.22713547609
 20
15613.7274185699
  0
LWPOLYLINE
  5
8B96
330
1F
100
AcDbEntity
  8
ELE-2
100
AcDbPolyline
 90
4
 70
0
 10
14185.22713547632
 20
15883.72741857037
 10
14185.22713547632
 20
15833.72741857037
 10
15267.22713547609
 20
15833.7274185699
 10
15267.22713547609
 20
15883.7274185699
  0
LWPOLYLINE
  5
8B97
330
1F
100
AcDbEntity
  8
ELE-2
100
AcDbPolyline
 90
4
 70
0
 10
14185.22713547655
 20
16153.72741857037
 10
14185.22713547655
 20
16103.72741857037
 10
15267.22713547632
 20
16103.7274185699
 10
15267.22713547632
 20
16153.7274185699
  0
LINE
  5
8B98
330
1F
100
AcDbEntity
  8
COR
100
AcDbLine
 10
14010.22713547632
 20
16153.72741857037
 30
0.0
 11
14060.22713547632
 21
16153.72741857037
 31
0.0
  0
LINE
  5
8B99
330
1F
100
AcDbEntity
  8
COR
100
AcDbLine
 10
14060.22713547632
 20
16153.72741857037
 30
0.0
 11
14060.22713547632
 21
15354.5620895173
 31
0.0
  0
LINE
  5
8B9A
330
1F
100
AcDbEntity
  8
ELE-2
  6
HID
 62
8
100
AcDbLine
 10
14060.22713547632
 20
15354.5620895173
 30
0.0
 11
14060.22713547609
 21
14263.72741857037
 31
0.0
  0
LINE
  5
8B9B
330
1F
100
AcDbEntity
  8
ELE-2
  6
HID
 62
8
100
AcDbLine
 10
14060.22713547609
 20
14263.72741857037
 30
0.0
 11
14010.22713547609
 21
14263.72741857037
 31
0.0
  0
LINE
  5
8B9C
330
1F
100
AcDbEntity
  8
ELE-2
  6
HID
 62
8
100
AcDbLine
 10
14010.22713547609
 20
14263.72741857037
 30
0.0
 11
14010.22713547609
 21
15375.36465773597
 31
0.0
  0
LINE
  5
8B9D
330
1F
100
AcDbEntity
  8
COR
100
AcDbLine
 10
14010.22713547632
 20
15375.36465773551
 30
0.0
 11
14010.22713547632
 21
16153.72741857037
 31
0.0
  0
LINE
  5
8B9E
330
1F
100
AcDbEntity
  8
COR
100
AcDbLine
 10
13985.22713547632
 20
16178.72741857037
 30
0.0
 11
14085.22713547632
 21
16178.72741857037
 31
0.0
  0
LINE
  5
8B9F
330
1F
100
AcDbEntity
  8
COR
100
AcDbLine
 10
14085.22713547632
 20
16178.72741857037
 30
0.0
 11
14085.22713547632
 21
15344.16080540843
 31
0.0
  0
LINE
  5
8BA0
330
1F
100
AcDbEntity
  8
ELE-2
  6
HID
 62
8
100
AcDbLine
 10
14085.22713547632
 20
15344.16080540843
 30
0.0
 11
14085.22713547609
 21
14238.72741857037
 31
0.0
  0
LINE
  5
8BA1
330
1F
100
AcDbEntity
  8
ELE-2
  6
HID
 62
8
100
AcDbLine
 10
14085.22713547609
 20
14238.72741857037
 30
0.0
 11
13985.22713547609
 21
14238.72741857037
 31
0.0
  0
LINE
  5
8BA2
330
1F
100
AcDbEntity
  8
ELE-2
  6
HID
 62
8
100
AcDbLine
 10
13985.22713547609
 20
14238.72741857037
 30
0.0
 11
13985.22713547655
 21
15385.76594184484
 31
0.0
  0
LINE
  5
8BA3
330
1F
100
AcDbEntity
  8
COR
100
AcDbLine
 10
13985.22713547655
 20
15385.76594184484
 30
0.0
 11
13985.22713547632
 21
16178.72741857037
 31
0.0
  0
LINE
  5
8BA4
330
1F
100
AcDbEntity
  8
COR
100
AcDbLine
 10
13935.22713547632
 20
16228.72741857037
 30
0.0
 11
14135.22713547632
 21
16228.72741857037
 31
0.0
  0
LINE
  5
8BA5
330
1F
100
AcDbEntity
  8
COR
100
AcDbLine
 10
14135.22713547632
 20
16228.72741857037
 30
0.0
 11
14135.22713547632
 21
15323.35823718976
 31
0.0
  0
LINE
  5
8BA6
330
1F
100
AcDbEntity
  8
ELE-2
  6
HID
 62
8
100
AcDbLine
 10
14135.22713547632
 20
15323.35823718976
 30
0.0
 11
14135.22713547609
 21
14188.72741857037
 31
0.0
  0
LINE
  5
8BA7
330
1F
100
AcDbEntity
  8
ELE-2
  6
HID
 62
8
100
AcDbLine
 10
14135.22713547609
 20
14188.72741857037
 30
0.0
 11
13935.22713547609
 21
14188.72741857037
 31
0.0
  0
LINE
  5
8BA8
330
1F
100
AcDbEntity
  8
ELE-2
  6
HID
 62
8
100
AcDbLine
 10
13935.22713547609
 20
14188.72741857037
 30
0.0
 11
13935.22713547632
 21
15406.56851006305
 31
0.0
  0
LINE
  5
8BA9
330
1F
100
AcDbEntity
  8
COR
100
AcDbLine
 10
13935.22713547632
 20
15406.56851006305
 30
0.0
 11
13935.22713547632
 21
16228.72741857037
 31
0.0
  0
LINE
  5
8BAA
330
1F
100
AcDbEntity
  8
COR
100
AcDbLine
 10
14060.22713547632
 20
15883.72741857037
 30
0.0
 11
14085.22713547632
 21
15883.72741857037
 31
0.0
  0
LINE
  5
8BAB
330
1F
100
AcDbEntity
  8
COR
100
AcDbLine
 10
14135.22713547632
 20
15883.72741857037
 30
0.0
 11
15317.22713547609
 21
15883.7274185699
 31
0.0
  0
LINE
  5
8BAC
330
1F
100
AcDbEntity
  8
COR
100
AcDbLine
 10
14060.22713547655
 20
16153.72741857037
 30
0.0
 11
14085.22713547655
 21
16153.72741857037
 31
0.0
  0
LINE
  5
8BAD
330
1F
100
AcDbEntity
  8
COR
100
AcDbLine
 10
14010.22713547609
 20
15883.72741857037
 30
0.0
 11
13985.22713547609
 21
15883.72741857037
 31
0.0
  0
LINE
  5
8BAE
330
1F
100
AcDbEntity
  8
COR
  6
HID
 62
8
100
AcDbLine
 10
13935.22713547609
 20
15883.72741857037
 30
0.0
 11
12753.2271354769
 21
15883.72741857037
 31
0.0
  0
LINE
  5
8BAF
330
1F
100
AcDbEntity
  8
COR
100
AcDbLine
 10
14010.22713547609
 20
15613.72741857037
 30
0.0
 11
13985.22713547609
 21
15613.72741857037
 31
0.0
  0
LINE
  5
8BB0
330
1F
100
AcDbEntity
  8
COR
  6
HID
 62
8
100
AcDbLine
 10
13935.22713547609
 20
15613.72741857037
 30
0.0
 11
12753.2271354769
 21
15613.72741857037
 31
0.0
  0
LINE
  5
8BB1
330
1F
100
AcDbEntity
  8
COR
100
AcDbLine
 10
14010.22713547609
 20
15343.72741857037
 30
0.0
 11
13985.22713547609
 21
15343.72741857037
 31
0.0
  0
LINE
  5
8BB2
330
1F
100
AcDbEntity
  8
COR
  6
HID
 62
8
100
AcDbLine
 10
13935.22713547609
 20
15343.72741857037
 30
0.0
 11
12753.2271354769
 21
15343.72741857037
 31
0.0
  0
LINE
  5
8BB3
330
1F
100
AcDbEntity
  8
ELE-2
  6
HID
 62
8
100
AcDbLine
 10
14010.22713547609
 20
15073.72741857037
 30
0.0
 11
13985.22713547609
 21
15073.72741857037
 31
0.0
  0
LINE
  5
8BB4
330
1F
100
AcDbEntity
  8
ELE-2
  6
HID
 62
8
100
AcDbLine
 10
13935.22713547609
 20
15073.72741857037
 30
0.0
 11
12753.2271354769
 21
15073.72741857037
 31
0.0
  0
LINE
  5
8BB5
330
1F
100
AcDbEntity
  8
ELE-2
  6
HID
 62
8
100
AcDbLine
 10
14010.22713547585
 20
14803.72741857037
 30
0.0
 11
13985.22713547585
 21
14803.72741857037
 31
0.0
  0
LINE
  5
8BB6
330
1F
100
AcDbEntity
  8
ELE-2
  6
HID
 62
8
100
AcDbLine
 10
13935.22713547585
 20
14803.72741857037
 30
0.0
 11
12753.2271354769
 21
14803.72741857037
 31
0.0
  0
LINE
  5
8BB7
330
1F
100
AcDbEntity
  8
ELE-2
  6
HID
 62
8
100
AcDbLine
 10
14010.22713547585
 20
14533.72741857037
 30
0.0
 11
13985.22713547585
 21
14533.72741857037
 31
0.0
  0
LINE
  5
8BB8
330
1F
100
AcDbEntity
  8
ELE-2
  6
HID
 62
8
100
AcDbLine
 10
13935.22713547585
 20
14533.72741857037
 30
0.0
 11
12753.2271354769
 21
14533.72741857037
 31
0.0
  0
LINE
  5
8BB9
330
1F
100
AcDbEntity
  8
ELE-2
  6
HID
 62
8
100
AcDbLine
 10
14010.22713547585
 20
14263.72741857037
 30
0.0
 11
13985.22713547585
 21
14263.72741857037
 31
0.0
  0
LINE
  5
8BBA
330
1F
100
AcDbEntity
  8
ELE-2
  6
HID
 62
8
100
AcDbLine
 10
13935.22713547585
 20
14263.72741857037
 30
0.0
 11
12753.2271354769
 21
14263.72741857037
 31
0.0
  0
LINE
  5
8BBB
330
1F
100
AcDbEntity
  8
ETC
100
AcDbLine
 10
14735.22713547609
 20
15343.72741857037
 30
0.0
 11
14735.22713547655
 21
16153.7274185699
 31
0.0
  0
HATCH
  5
8BBC
330
1F
100
AcDbEntity
  8
ETC
100
AcDbHatch
 10
0.0
 20
0.0
 30
0.0
210
0.0
220
0.0
230
1.0
  2
SOLID
 70
1
 71
0
 91
1
 92
1
 93
6
 72
1
 10
14839.37084525831
 20
15409.61814411654
 11
14847.72713547603
 21
15388.72741857188
 72
1
 10
14847.72713547603
 20
15388.72741857188
 11
14735.22713547603
 21
15343.72741857188
 72
1
 10
14735.22713547603
 20
15343.72741857188
 11
14622.72713547603
 21
15388.72741857188
 72
1
 10
14622.72713547603
 20
15388.72741857188
 11
14631.0834256941
 21
15409.61814411654
 72
1
 10
14631.0834256941
 20
15409.61814411654
 11
14735.22713547603
 21
15367.96066020376
 72
1
 10
14735.22713547603
 20
15367.96066020376
 11
14839.37084525796
 21
15409.61814411654
 97
0
 75
0
 76
1
 98
1
 10
5413.447237293432
 20
24823.20300059574
450
0
451
0
460
0.0
461
0.0
452
0
462
0.0
453
0
470

1001
ACAD
1010
-8894.816635069956
1020
-106.1582634137113
1030
0.0
  0
LWPOLYLINE
  5
8BBD
330
1F
100
AcDbEntity
  8
ETC
100
AcDbPolyline
 90
6
 70
1
 10
14631.0834256941
 20
15409.61814411654
 10
14735.22713547603
 20
15367.96066020376
 10
14839.37084525831
 20
15409.61814411654
 10
14847.72713547603
 20
15388.72741857188
 10
14735.22713547603
 20
15343.72741857188
 10
14622.72713547603
 20
15388.72741857188
  0
LINE
  5
8BBE
330
1F
100
AcDbEntity
  8
COR
100
AcDbLine
 10
14010.22713547632
 20
16153.72741857037
 30
0.0
 11
13985.22713547632
 21
16153.72741857037
 31
0.0
  0
LINE
  5
8BBF
330
1F
100
AcDbEntity
  8
COR
  6
HID
 62
8
100
AcDbLine
 10
13935.22713547632
 20
16153.72741857037
 30
0.0
 11
12753.2271354769
 21
16153.72741857037
 31
0.0
  0
LWPOLYLINE
  5
8BC0
330
1F
100
AcDbEntity
  8
0
100
AcDbPolyline
 90
6
 70
0
 10
13885.39407721524
 20
15427.3016219433
 10
14700.60419222027
 20
15088.13234135002
 10
14729.41403778027
 20
15157.37822786165
 10
14741.04023317191
 20
14990.07660927815
 10
14769.8500787319
 20
15059.32249578979
 10
15513.97713547585
 20
14749.7274185699
  0
TEXT
  5
8BC1
330
1F
100
AcDbEntity
  8
TEXT
100
AcDbText
 10
14627.80481131524
 20
16327.7335152608
 30
0.0
 40
200.0
  1
UP
  7
굴림체
 72
1
 11
14763.9750240812
 21
16427.7335152608
 31
0.0
100
AcDbText
 73
2
  0
LWPOLYLINE
  5
8BC2
330
1F
100
AcDbEntity
  8
ETC
100
AcDbPolyline
 90
2
 70
1
 43
50.0
 10
14710.22713547655
 20
16153.7274185699
 42
-1.0
 10
14760.22713547655
 20
16153.7274185699
 42
-1.0
  0
TEXT
  5
8BC3
330
1F
100
AcDbEntity
  8
TEXT
100
AcDbText
 10
12752.25741187729
 20
18317.46185302015
 30
0.0
 40
200.0
  1
ELEV
  7
굴림체
 11
12752.25741187729
 21
18417.46185302015
 31
0.0
100
AcDbText
 73
2
  0
LINE
  5
8BC4
330
1F
100
AcDbEntity
  8
1-세부분할
100
AcDbLine
 10
13435.22713555036
 20
18083.72741865884
 30
0.0
 11
13435.22713555036
 21
17998.72741865885
 31
0.0
  0
LINE
  5
8BC5
330
1F
100
AcDbEntity
  8
1-세부분할
100
AcDbLine
 10
13685.22713555036
 20
18083.72741865884
 30
0.0
 11
13435.22713555036
 21
18083.72741865884
 31
0.0
  0
LINE
  5
8BC6
330
1F
100
AcDbEntity
  8
1-세부분할
100
AcDbLine
 10
13685.2271355499
 20
19113.72741865885
 30
0.0
 11
13685.22713555036
 21
18083.72741865884
 31
0.0
  0
LINE
  5
8BC7
330
1F
100
AcDbEntity
  8
1-세부분할
100
AcDbLine
 10
12385.22713555036
 20
18083.72741865838
 30
0.0
 11
12385.22713554989
 21
19113.72741865838
 31
0.0
  0
LINE
  5
8BC8
330
1F
100
AcDbEntity
  8
1-세부분할
100
AcDbLine
 10
12635.22713555036
 20
18083.72741865884
 30
0.0
 11
12385.22713555036
 21
18083.72741865838
 31
0.0
  0
LINE
  5
8BC9
330
1F
100
AcDbEntity
  8
1-세부분할
100
AcDbLine
 10
12635.22713555036
 20
17998.72741865885
 30
0.0
 11
12635.22713555036
 21
18083.72741865884
 31
0.0
  0
LINE
  5
8BCA
330
1F
100
AcDbEntity
  8
1-세부분할
100
AcDbLine
 10
13710.22713554989
 20
19138.72741865884
 30
0.0
 11
13710.22713555036
 21
17926.72741865884
 31
0.0
  0
LINE
  5
8BCB
330
1F
100
AcDbEntity
  8
1-세부분할
100
AcDbLine
 10
12360.22713555036
 20
17926.72741865838
 30
0.0
 11
12360.22713554989
 21
19138.72741865838
 31
0.0
  0
LINE
  5
8BCC
330
1F
100
AcDbEntity
  8
1-세부분할
100
AcDbLine
 10
13035.22713554989
 20
18532.72741865884
 30
0.0
 11
13035.22713555036
 21
17526.72741865884
 31
0.0
  0
LINE
  5
8BCD
330
1F
100
AcDbEntity
  8
1-세부분할
100
AcDbLine
 10
12360.22713554989
 20
19138.72741865838
 30
0.0
 11
13710.22713555036
 21
17926.72741865884
 31
0.0
  0
LINE
  5
8BCE
330
1F
100
AcDbEntity
  8
1-세부분할
100
AcDbLine
 10
13710.22713554989
 20
19138.72741865884
 30
0.0
 11
12360.22713555036
 21
17926.72741865838
 31
0.0
  0
LINE
  5
8BCF
330
1F
100
AcDbEntity
  8
1-세부분할
100
AcDbLine
 10
13035.22713554989
 20
18532.72741865884
 30
0.0
 11
12160.22713554989
 21
18532.72741865838
 31
0.0
  0
LINE
  5
8BD0
330
1F
100
AcDbEntity
  8
1-세부분할
100
AcDbLine
 10
13035.22713554989
 20
18532.72741865884
 30
0.0
 11
13035.22713554989
 21
19538.72741865884
 31
0.0
  0
LINE
  5
8BD1
330
1F
100
AcDbEntity
  8
1-세부분할
100
AcDbLine
 10
13035.22713554989
 20
18532.72741865884
 30
0.0
 11
13910.22713554989
 21
18532.72741865884
 31
0.0
  0
LINE
  5
8BD2
330
1F
100
AcDbEntity
  8
1-세부분할
100
AcDbLine
 10
12385.22713554989
 20
19113.72741865838
 30
0.0
 11
13685.2271355499
 21
19113.72741865885
 31
0.0
  0
LINE
  5
8BD3
330
1F
100
AcDbEntity
  8
1-세부분할
100
AcDbLine
 10
12360.22713554989
 20
19138.72741865838
 30
0.0
 11
13710.22713554989
 21
19138.72741865884
 31
0.0
  0
LWPOLYLINE
  5
8BD4
330
1F
100
AcDbEntity
  8
_ELEV
100
AcDbPolyline
 90
5
 70
1
 10
12635.22713555036
 20
17783.72741865885
 10
12695.22713555036
 20
17783.72741865885
 10
12695.22713555036
 20
17753.72741865885
 10
12665.22713555036
 20
17523.72741865884
 10
12635.22713555036
 20
17523.72741865884
  0
LWPOLYLINE
  5
8BD5
330
1F
100
AcDbEntity
  8
_ELEV
100
AcDbPolyline
 90
5
 70
1
 10
13435.22713555036
 20
17783.72741865885
 10
13375.22713555036
 20
17783.72741865885
 10
13375.22713555036
 20
17753.72741865885
 10
13405.22713555036
 20
17523.72741865884
 10
13435.22713555036
 20
17523.72741865884
  0
LWPOLYLINE
  5
8BD6
330
1F
100
AcDbEntity
  8
1-세부분할
100
AcDbPolyline
 90
4
 70
0
 10
12635.22713555036
 20
17813.72741865885
 10
12695.22713555036
 20
17813.72741865885
 10
12695.22713555036
 20
17863.72741865885
 10
12635.22713555036
 20
17863.72741865885
  0
LWPOLYLINE
  5
8BD7
330
1F
100
AcDbEntity
  8
1-세부분할
100
AcDbPolyline
 90
4
 70
0
 10
13435.22713555036
 20
17813.72741865885
 10
13375.22713555036
 20
17813.72741865885
 10
13375.22713555036
 20
17863.72741865885
 10
13435.22713555036
 20
17863.72741865885
  0
LINE
  5
8BD8
330
1F
100
AcDbEntity
  8
1-세부분할
100
AcDbLine
 10
12575.22713555036
 20
17873.72741865885
 30
0.0
 11
12575.22713555036
 21
17913.72741865885
 31
0.0
  0
LINE
  5
8BD9
330
1F
100
AcDbEntity
  8
1-세부분할
100
AcDbLine
 10
13495.22713555036
 20
17873.72741865885
 30
0.0
 11
12575.22713555036
 21
17873.72741865885
 31
0.0
  0
LINE
  5
8BDA
330
1F
100
AcDbEntity
  8
1-세부분할
100
AcDbLine
 10
13495.22713555036
 20
17913.72741865885
 30
0.0
 11
13495.22713555036
 21
17873.72741865885
 31
0.0
  0
LINE
  5
8BDB
330
1F
100
AcDbEntity
  8
1-세부분할
100
AcDbLine
 10
12575.22713555036
 20
17913.72741865885
 30
0.0
 11
13495.22713555036
 21
17913.72741865885
 31
0.0
  0
LINE
  5
8BDC
330
1F
100
AcDbEntity
  8
1-세부분할
100
AcDbLine
 10
12595.22713555036
 20
17948.72741865884
 30
0.0
 11
13485.22713555036
 21
17948.72741865884
 31
0.0
  0
LINE
  5
8BDD
330
1F
100
AcDbEntity
  8
1-세부분할
100
AcDbLine
 10
12595.22713555036
 20
17988.72741865884
 30
0.0
 11
12595.22713555036
 21
17948.72741865884
 31
0.0
  0
LINE
  5
8BDE
330
1F
100
AcDbEntity
  8
1-세부분할
100
AcDbLine
 10
13485.22713555036
 20
17988.72741865884
 30
0.0
 11
12595.22713555036
 21
17988.72741865884
 31
0.0
  0
LINE
  5
8BDF
330
1F
100
AcDbEntity
  8
1-세부분할
100
AcDbLine
 10
13485.22713555036
 20
17948.72741865884
 30
0.0
 11
13485.22713555036
 21
17988.72741865884
 31
0.0
  0
LINE
  5
8BE0
330
1F
100
AcDbEntity
  8
1-세부분할
100
AcDbLine
 10
13435.22713555036
 20
17998.72741865885
 30
0.0
 11
13445.22713555036
 21
17998.72741865885
 31
0.0
  0
LINE
  5
8BE1
330
1F
100
AcDbEntity
  8
1-세부분할
100
AcDbLine
 10
12625.22713555036
 20
17998.72741865885
 30
0.0
 11
12635.22713555036
 21
17998.72741865885
 31
0.0
  0
LINE
  5
8BE2
330
1F
100
AcDbEntity
  8
1-세부분할
100
AcDbLine
 10
12635.22713555036
 20
17926.72741865884
 30
0.0
 11
12360.22713555036
 21
17926.72741865838
 31
0.0
  0
LINE
  5
8BE3
330
1F
100
AcDbEntity
  8
1-세부분할
100
AcDbLine
 10
12625.22713555036
 20
17938.72741865885
 30
0.0
 11
12635.22713555036
 21
17938.72741865885
 31
0.0
  0
LINE
  5
8BE4
330
1F
100
AcDbEntity
  8
1-세부분할
100
AcDbLine
 10
12635.22713555036
 20
17938.72741865885
 30
0.0
 11
12635.22713555036
 21
17926.72741865884
 31
0.0
  0
LINE
  5
8BE5
330
1F
100
AcDbEntity
  8
1-세부분할
100
AcDbLine
 10
13710.22713555036
 20
17926.72741865884
 30
0.0
 11
13435.22713555036
 21
17926.72741865884
 31
0.0
  0
LINE
  5
8BE6
330
1F
100
AcDbEntity
  8
1-세부분할
100
AcDbLine
 10
13435.22713555036
 20
17938.72741865885
 30
0.0
 11
13445.22713555036
 21
17938.72741865885
 31
0.0
  0
LINE
  5
8BE7
330
1F
100
AcDbEntity
  8
1-세부분할
100
AcDbLine
 10
13445.22713555036
 20
17938.72741865885
 30
0.0
 11
13435.22713555036
 21
17938.72741865885
 31
0.0
  0
LINE
  5
8BE8
330
1F
100
AcDbEntity
  8
1-세부분할
100
AcDbLine
 10
13435.22713555036
 20
17926.72741865884
 30
0.0
 11
13435.22713555036
 21
17938.72741865885
 31
0.0
  0
LINE
  5
8BE9
330
1F
100
AcDbEntity
  8
DOOR
100
AcDbLine
 10
13226.727135562
 20
22051.22741856991
 30
0.0
 11
13226.727135562
 21
21316.22741856991
 31
0.0
  0
LINE
  5
8BEA
330
1F
100
AcDbEntity
  8
DOOR
100
AcDbLine
 10
13238.727135562
 20
22051.22741856991
 30
0.0
 11
13238.727135562
 21
21316.22741856991
 31
0.0
  0
LINE
  5
8BEB
330
1F
100
AcDbEntity
  8
ELE-2
100
AcDbLine
 10
13217.727135562
 20
21329.22741856991
 30
0.0
 11
13217.727135562
 21
22038.22741856991
 31
0.0
  0
LINE
  5
8BEC
330
1F
100
AcDbEntity
  8
ELE-2
100
AcDbLine
 10
13247.727135562
 20
21329.22741856991
 30
0.0
 11
13247.727135562
 21
22038.22741856991
 31
0.0
  0
LWPOLYLINE
  5
8BED
330
1F
100
AcDbEntity
  8
DOOR-S
100
AcDbPolyline
 90
12
 70
0
 10
13225.227135562
 20
22085.22741856991
 10
13224.227135562
 20
22085.22741856991
 10
13224.227135562
 20
22088.72741856991
 10
13222.727135562
 20
22088.72741856991
 42
0.4142135623730951
 10
13220.227135562
 20
22086.22741856991
 10
13220.227135562
 20
22066.22741856991
 10
13245.227135562
 20
22066.22741856991
 10
13245.227135562
 20
22086.22741856991
 42
0.4142135623730951
 10
13242.727135562
 20
22088.72741856991
 10
13241.227135562
 20
22088.72741856991
 10
13241.227135562
 20
22085.22741856991
 10
13240.227135562
 20
22085.22741856991
  0
LWPOLYLINE
  5
8BEE
330
1F
100
AcDbEntity
  8
DOOR-S
100
AcDbPolyline
 90
4
 70
1
 10
13220.227135562
 20
22052.2274185699
 10
13220.227135562
 20
22065.22741856991
 10
13245.227135562
 20
22065.22741856991
 10
13245.227135562
 20
22052.2274185699
  0
LWPOLYLINE
  5
8BEF
330
1F
100
AcDbEntity
  8
DOOR-S
100
AcDbPolyline
 90
48
 70
0
 10
13240.227135562
 20
22043.22741856991
 10
13240.227135562
 20
22037.72741856991
 10
13245.727135562
 20
22037.72741856991
 42
0.4142135623731544
 10
13246.227135562
 20
22038.22741856991
 10
13246.227135562
 20
22086.22741856991
 42
0.4142135623730951
 10
13242.727135562
 20
22089.72741856991
 10
13240.227135562
 20
22089.72741856991
 10
13240.227135562
 20
22084.22741856991
 10
13238.727135562
 20
22084.22741856991
 10
13238.727135562
 20
22091.22741856991
 10
13242.727135562
 20
22091.22741856991
 42
-0.4142135623730951
 10
13247.727135562
 20
22086.22741856991
 10
13247.727135562
 20
22038.22741856991
 42
-0.4142135623731544
 10
13245.727135562
 20
22036.22741856991
 10
13238.727135562
 20
22036.22741856991
 10
13238.727135562
 20
22043.22741856991
 10
13241.227135562
 20
22043.22741856991
 10
13241.227135562
 20
22038.72741856991
 10
13245.227135562
 20
22038.72741856991
 10
13245.227135562
 20
22051.22741856991
 10
13241.227135562
 20
22051.22741856991
 10
13241.227135562
 20
22046.22741856991
 10
13240.227135562
 20
22046.22741856991
 10
13240.227135562
 20
22051.22741856991
 10
13225.227135562
 20
22051.22741856991
 10
13225.227135562
 20
22046.22741856991
 10
13224.227135562
 20
22046.22741856991
 10
13224.227135562
 20
22051.22741856991
 10
13220.227135562
 20
22051.22741856991
 10
13220.227135562
 20
22038.72741856991
 10
13224.227135562
 20
22038.72741856991
 10
13224.227135562
 20
22043.22741856991
 10
13226.727135562
 20
22043.22741856991
 10
13226.727135562
 20
22036.22741856991
 10
13219.727135562
 20
22036.22741856991
 42
-0.4142135623731544
 10
13217.727135562
 20
22038.22741856991
 10
13217.727135562
 20
22086.22741856991
 42
-0.4142135623730951
 10
13222.727135562
 20
22091.22741856991
 10
13226.727135562
 20
22091.22741856991
 10
13226.727135562
 20
22084.22741856991
 10
13225.227135562
 20
22084.22741856991
 10
13225.227135562
 20
22089.72741856991
 10
13222.727135562
 20
22089.72741856991
 42
0.4142135623730951
 10
13219.227135562
 20
22086.22741856991
 10
13219.227135562
 20
22038.22741856991
 42
0.4142135623731544
 10
13219.727135562
 20
22037.72741856991
 10
13225.227135562
 20
22037.72741856991
 10
13225.227135562
 20
22043.22741856991
  0
LWPOLYLINE
  5
8BF0
330
1F
100
AcDbEntity
  8
DOOR-S
100
AcDbPolyline
 90
8
 70
1
 10
13221.227135562
 20
22086.22741856991
 10
13221.227135562
 20
22083.22741856991
 10
13244.227135562
 20
22083.22741856991
 10
13244.227135562
 20
22086.22741856991
 10
13245.227135562
 20
22086.22741856991
 10
13245.227135562
 20
22082.22741856991
 10
13220.227135562
 20
22082.22741856991
 10
13220.227135562
 20
22086.22741856991
  0
LWPOLYLINE
  5
8BF1
330
1F
100
AcDbEntity
  8
DOOR-S
100
AcDbPolyline
 90
4
 70
0
 10
13228.727135562
 20
22083.22741856991
 10
13228.727135562
 20
22097.22741856991
 10
13236.727135562
 20
22097.22741856991
 10
13236.727135562
 20
22083.22741856991
  0
LWPOLYLINE
  5
8BF2
330
1F
100
AcDbEntity
  8
DOOR-S
100
AcDbPolyline
 90
2
 70
0
 10
13234.727135562
 20
22102.22741856991
 10
13234.727135562
 20
22102.22741856991
  0
LWPOLYLINE
  5
8BF3
330
1F
100
AcDbEntity
  8
DOOR-S
100
AcDbPolyline
 90
15
 70
0
 10
13226.727135562
 20
22083.22741856991
 10
13226.727135562
 20
22101.22741856991
 42
-0.4142135623730951
 10
13228.727135562
 20
22103.22741856991
 10
13230.727135562
 20
22103.22741856991
 10
13230.727135562
 20
22102.22741856991
 10
13230.727135562
 20
22102.22741856991
 42
0.4142135623730951
 10
13228.727135562
 20
22100.22741856991
 10
13228.727135562
 20
22099.22741856991
 10
13236.727135562
 20
22099.22741856991
 10
13236.727135562
 20
22100.22741856991
 42
0.4142135623733615
 10
13234.727135562
 20
22102.22741856991
 10
13234.727135562
 20
22103.22741856991
 10
13236.727135562
 20
22103.22741856991
 42
-0.4142135623730951
 10
13238.727135562
 20
22101.22741856991
 10
13238.727135562
 20
22083.22741856991
  0
ARC
  5
8BF4
330
1F
100
AcDbEntity
  8
DOOR
100
AcDbCircle
 10
13232.727135562
 20
21303.72741856991
 30
0.0
 40
799.5
100
AcDbArc
 50
0.0
 51
89.6982703030348
  0
LINE
  5
8BF5
330
1F
100
AcDbEntity
  8
DOOR
100
AcDbLine
 10
14843.727135562
 20
22051.22741856991
 30
0.0
 11
14843.727135562
 21
21316.22741856991
 31
0.0
  0
LINE
  5
8BF6
330
1F
100
AcDbEntity
  8
DOOR
100
AcDbLine
 10
14831.727135562
 20
22051.22741856991
 30
0.0
 11
14831.727135562
 21
21316.22741856991
 31
0.0
  0
LINE
  5
8BF7
330
1F
100
AcDbEntity
  8
ELE-2
100
AcDbLine
 10
14852.727135562
 20
21329.22741856991
 30
0.0
 11
14852.727135562
 21
22038.22741856991
 31
0.0
  0
LINE
  5
8BF8
330
1F
100
AcDbEntity
  8
ELE-2
100
AcDbLine
 10
14822.727135562
 20
21329.22741856991
 30
0.0
 11
14822.727135562
 21
22038.22741856991
 31
0.0
  0
LWPOLYLINE
  5
8BF9
330
1F
100
AcDbEntity
  8
DOOR-S
100
AcDbPolyline
 90
12
 70
0
 10
14845.227135562
 20
22085.22741856991
 10
14846.227135562
 20
22085.22741856991
 10
14846.227135562
 20
22088.72741856991
 10
14847.727135562
 20
22088.72741856991
 42
-0.4142135623730951
 10
14850.227135562
 20
22086.22741856991
 10
14850.227135562
 20
22066.22741856991
 10
14825.227135562
 20
22066.22741856991
 10
14825.227135562
 20
22086.22741856991
 42
-0.4142135623730951
 10
14827.727135562
 20
22088.72741856991
 10
14829.227135562
 20
22088.72741856991
 10
14829.227135562
 20
22085.22741856991
 10
14830.227135562
 20
22085.22741856991
  0
LWPOLYLINE
  5
8BFA
330
1F
100
AcDbEntity
  8
DOOR-S
100
AcDbPolyline
 90
4
 70
1
 10
14850.227135562
 20
22052.2274185699
 10
14850.227135562
 20
22065.22741856991
 10
14825.227135562
 20
22065.22741856991
 10
14825.227135562
 20
22052.2274185699
  0
LWPOLYLINE
  5
8BFB
330
1F
100
AcDbEntity
  8
DOOR-S
100
AcDbPolyline
 90
48
 70
0
 10
14830.227135562
 20
22043.22741856991
 10
14830.227135562
 20
22037.72741856991
 10
14824.727135562
 20
22037.72741856991
 42
-0.4142135623731544
 10
14824.227135562
 20
22038.22741856991
 10
14824.227135562
 20
22086.22741856991
 42
-0.4142135623730951
 10
14827.727135562
 20
22089.72741856991
 10
14830.227135562
 20
22089.72741856991
 10
14830.227135562
 20
22084.22741856991
 10
14831.727135562
 20
22084.22741856991
 10
14831.727135562
 20
22091.22741856991
 10
14827.727135562
 20
22091.22741856991
 42
0.4142135623730951
 10
14822.727135562
 20
22086.22741856991
 10
14822.727135562
 20
22038.22741856991
 42
0.4142135623731544
 10
14824.727135562
 20
22036.22741856991
 10
14831.727135562
 20
22036.22741856991
 10
14831.727135562
 20
22043.22741856991
 10
14829.227135562
 20
22043.22741856991
 10
14829.227135562
 20
22038.72741856991
 10
14825.227135562
 20
22038.72741856991
 10
14825.227135562
 20
22051.22741856991
 10
14829.227135562
 20
22051.22741856991
 10
14829.227135562
 20
22046.22741856991
 10
14830.227135562
 20
22046.22741856991
 10
14830.227135562
 20
22051.22741856991
 10
14845.227135562
 20
22051.22741856991
 10
14845.227135562
 20
22046.22741856991
 10
14846.227135562
 20
22046.22741856991
 10
14846.227135562
 20
22051.22741856991
 10
14850.227135562
 20
22051.22741856991
 10
14850.227135562
 20
22038.72741856991
 10
14846.227135562
 20
22038.72741856991
 10
14846.227135562
 20
22043.22741856991
 10
14843.727135562
 20
22043.22741856991
 10
14843.727135562
 20
22036.22741856991
 10
14850.727135562
 20
22036.22741856991
 42
0.4142135623731544
 10
14852.727135562
 20
22038.22741856991
 10
14852.727135562
 20
22086.22741856991
 42
0.4142135623730951
 10
14847.727135562
 20
22091.22741856991
 10
14843.727135562
 20
22091.22741856991
 10
14843.727135562
 20
22084.22741856991
 10
14845.227135562
 20
22084.22741856991
 10
14845.227135562
 20
22089.72741856991
 10
14847.727135562
 20
22089.72741856991
 42
-0.4142135623730951
 10
14851.227135562
 20
22086.22741856991
 10
14851.227135562
 20
22038.22741856991
 42
-0.4142135623731544
 10
14850.727135562
 20
22037.72741856991
 10
14845.227135562
 20
22037.72741856991
 10
14845.227135562
 20
22043.22741856991
  0
LWPOLYLINE
  5
8BFC
330
1F
100
AcDbEntity
  8
DOOR-S
100
AcDbPolyline
 90
8
 70
1
 10
14849.227135562
 20
22086.22741856991
 10
14849.227135562
 20
22083.22741856991
 10
14826.227135562
 20
22083.22741856991
 10
14826.227135562
 20
22086.22741856991
 10
14825.227135562
 20
22086.22741856991
 10
14825.227135562
 20
22082.22741856991
 10
14850.227135562
 20
22082.22741856991
 10
14850.227135562
 20
22086.22741856991
  0
LWPOLYLINE
  5
8BFD
330
1F
100
AcDbEntity
  8
DOOR-S
100
AcDbPolyline
 90
4
 70
0
 10
14841.727135562
 20
22083.22741856991
 10
14841.727135562
 20
22097.22741856991
 10
14833.727135562
 20
22097.22741856991
 10
14833.727135562
 20
22083.22741856991
  0
LWPOLYLINE
  5
8BFE
330
1F
100
AcDbEntity
  8
DOOR-S
100
AcDbPolyline
 90
2
 70
0
 10
14835.727135562
 20
22102.22741856991
 10
14835.727135562
 20
22102.22741856991
  0
LWPOLYLINE
  5
8BFF
330
1F
100
AcDbEntity
  8
DOOR-S
100
AcDbPolyline
 90
15
 70
0
 10
14843.727135562
 20
22083.22741856991
 10
14843.727135562
 20
22101.22741856991
 42
0.4142135623730951
 10
14841.727135562
 20
22103.22741856991
 10
14839.727135562
 20
22103.22741856991
 10
14839.727135562
 20
22102.22741856991
 10
14839.727135562
 20
22102.22741856991
 42
-0.4142135623730951
 10
14841.727135562
 20
22100.22741856991
 10
14841.727135562
 20
22099.22741856991
 10
14833.727135562
 20
22099.22741856991
 10
14833.727135562
 20
22100.22741856991
 42
-0.4142135623733615
 10
14835.727135562
 20
22102.22741856991
 10
14835.727135562
 20
22103.22741856991
 10
14833.727135562
 20
22103.22741856991
 42
0.4142135623730951
 10
14831.727135562
 20
22101.22741856991
 10
14831.727135562
 20
22083.22741856991
  0
ARC
  5
8C00
330
1F
100
AcDbEntity
  8
DOOR
100
AcDbCircle
 10
14837.727135562
 20
21303.72741856991
 30
0.0
 40
799.5
100
AcDbArc
 50
90.30172969696518
 51
180.0
  0
LINE
  5
8C01
330
1F
100
AcDbEntity
  8
DEFPOINTS
100
AcDbLine
 10
13245.227135562
 20
21315.22741856991
 30
0.0
 11
13220.227135562
 21
21292.22741856991
 31
0.0
  0
LINE
  5
8C02
330
1F
100
AcDbEntity
  8
DEFPOINTS
100
AcDbLine
 10
14850.227135562
 20
21315.22741856991
 30
0.0
 11
14825.227135562
 21
21292.22741856991
 31
0.0
  0
LINE
  5
8C03
330
1F
100
AcDbEntity
  8
DEFPOINTS
100
AcDbLine
 10
13220.227135562
 20
21315.22741856991
 30
0.0
 11
13245.227135562
 21
21292.22741856991
 31
0.0
  0
LINE
  5
8C04
330
1F
100
AcDbEntity
  8
DEFPOINTS
100
AcDbLine
 10
14825.227135562
 20
21315.22741856991
 30
0.0
 11
14850.227135562
 21
21292.22741856991
 31
0.0
  0
LWPOLYLINE
  5
8C05
330
1F
100
AcDbEntity
  8
DOOR-S
100
AcDbPolyline
 90
6
 70
0
 10
13146.727135562
 20
21273.72741856991
 10
13146.727135562
 20
21255.22741856991
 10
13188.727135562
 20
21255.22741856991
 10
13188.727135562
 20
21352.22741856991
 10
13146.727135562
 20
21352.22741856991
 10
13146.727135562
 20
21333.7274185699
  0
LWPOLYLINE
  5
8C06
330
1F
100
AcDbEntity
  8
DOOR-S
100
AcDbPolyline
 90
12
 70
1
 10
13145.227135562
 20
21273.72741856991
 10
13148.227135562
 20
21273.72741856991
 10
13148.227135562
 20
21256.72741856991
 10
13187.227135562
 20
21256.72741856991
 10
13187.227135562
 20
21350.72741856991
 10
13148.227135562
 20
21350.72741856991
 10
13148.227135562
 20
21333.7274185699
 10
13145.227135562
 20
21333.7274185699
 10
13145.227135562
 20
21353.72741856991
 10
13190.227135562
 20
21353.72741856991
 10
13190.227135562
 20
21253.7274185699
 10
13145.227135562
 20
21253.7274185699
  0
LWPOLYLINE
  5
8C07
330
1F
100
AcDbEntity
  8
DOOR-S
100
AcDbPolyline
 90
6
 70
0
 10
14923.727135562
 20
21273.72741856991
 10
14923.727135562
 20
21255.22741856991
 10
14881.727135562
 20
21255.22741856991
 10
14881.727135562
 20
21352.22741856991
 10
14923.727135562
 20
21352.22741856991
 10
14923.727135562
 20
21333.7274185699
  0
LWPOLYLINE
  5
8C08
330
1F
100
AcDbEntity
  8
DOOR-S
100
AcDbPolyline
 90
12
 70
1
 10
14925.227135562
 20
21273.72741856991
 10
14922.227135562
 20
21273.72741856991
 10
14922.227135562
 20
21256.72741856991
 10
14883.227135562
 20
21256.72741856991
 10
14883.227135562
 20
21350.72741856991
 10
14922.227135562
 20
21350.72741856991
 10
14922.227135562
 20
21333.7274185699
 10
14925.227135562
 20
21333.7274185699
 10
14925.227135562
 20
21353.72741856991
 10
14880.227135562
 20
21353.72741856991
 10
14880.227135562
 20
21253.7274185699
 10
14925.227135562
 20
21253.7274185699
  0
LWPOLYLINE
  5
8C09
330
1F
100
AcDbEntity
  8
DOOR-S
100
AcDbPolyline
 90
12
 70
0
 10
13225.227135562
 20
21282.22741856991
 10
13224.227135562
 20
21282.22741856991
 10
13224.227135562
 20
21278.72741856991
 10
13222.727135562
 20
21278.72741856991
 42
-0.4142135623730951
 10
13220.227135562
 20
21281.22741856991
 10
13220.227135562
 20
21301.22741856991
 10
13245.227135562
 20
21301.22741856991
 10
13245.227135562
 20
21281.22741856991
 42
-0.4142135623730951
 10
13242.727135562
 20
21278.72741856991
 10
13241.227135562
 20
21278.72741856991
 10
13241.227135562
 20
21282.22741856991
 10
13240.227135562
 20
21282.22741856991
  0
LWPOLYLINE
  5
8C0A
330
1F
100
AcDbEntity
  8
DOOR-S
100
AcDbPolyline
 90
4
 70
1
 10
13220.227135562
 20
21315.22741856991
 10
13220.227135562
 20
21302.22741856991
 10
13245.227135562
 20
21302.22741856991
 10
13245.227135562
 20
21315.22741856991
  0
LWPOLYLINE
  5
8C0B
330
1F
100
AcDbEntity
  8
DOOR-S
100
AcDbPolyline
 90
48
 70
0
 10
13240.227135562
 20
21324.2274185699
 10
13240.227135562
 20
21329.72741856991
 10
13245.727135562
 20
21329.72741856991
 42
-0.4142135623731544
 10
13246.227135562
 20
21329.22741856991
 10
13246.227135562
 20
21281.22741856991
 42
-0.4142135623730951
 10
13242.727135562
 20
21277.72741856991
 10
13240.227135562
 20
21277.72741856991
 10
13240.227135562
 20
21283.22741856991
 10
13238.727135562
 20
21283.22741856991
 10
13238.727135562
 20
21276.22741856991
 10
13242.727135562
 20
21276.22741856991
 42
0.4142135623730951
 10
13247.727135562
 20
21281.22741856991
 10
13247.727135562
 20
21329.22741856991
 42
0.4142135623731544
 10
13245.727135562
 20
21331.22741856991
 10
13238.727135562
 20
21331.22741856991
 10
13238.727135562
 20
21324.2274185699
 10
13241.227135562
 20
21324.2274185699
 10
13241.227135562
 20
21328.72741856991
 10
13245.227135562
 20
21328.72741856991
 10
13245.227135562
 20
21316.22741856991
 10
13241.227135562
 20
21316.22741856991
 10
13241.227135562
 20
21321.22741856991
 10
13240.227135562
 20
21321.22741856991
 10
13240.227135562
 20
21316.22741856991
 10
13225.227135562
 20
21316.22741856991
 10
13225.227135562
 20
21321.22741856991
 10
13224.227135562
 20
21321.22741856991
 10
13224.227135562
 20
21316.22741856991
 10
13220.227135562
 20
21316.22741856991
 10
13220.227135562
 20
21328.72741856991
 10
13224.227135562
 20
21328.72741856991
 10
13224.227135562
 20
21324.2274185699
 10
13226.727135562
 20
21324.2274185699
 10
13226.727135562
 20
21331.22741856991
 10
13219.727135562
 20
21331.22741856991
 42
0.4142135623731544
 10
13217.727135562
 20
21329.22741856991
 10
13217.727135562
 20
21281.22741856991
 42
0.4142135623730951
 10
13222.727135562
 20
21276.22741856991
 10
13226.727135562
 20
21276.22741856991
 10
13226.727135562
 20
21283.22741856991
 10
13225.227135562
 20
21283.22741856991
 10
13225.227135562
 20
21277.72741856991
 10
13222.727135562
 20
21277.72741856991
 42
-0.4142135623730951
 10
13219.227135562
 20
21281.22741856991
 10
13219.227135562
 20
21329.22741856991
 42
-0.4142135623731544
 10
13219.727135562
 20
21329.72741856991
 10
13225.227135562
 20
21329.72741856991
 10
13225.227135562
 20
21324.2274185699
  0
LWPOLYLINE
  5
8C0C
330
1F
100
AcDbEntity
  8
DOOR-S
100
AcDbPolyline
 90
8
 70
1
 10
13221.227135562
 20
21281.22741856991
 10
13221.227135562
 20
21284.2274185699
 10
13244.227135562
 20
21284.2274185699
 10
13244.227135562
 20
21281.22741856991
 10
13245.227135562
 20
21281.22741856991
 10
13245.227135562
 20
21285.22741856991
 10
13220.227135562
 20
21285.22741856991
 10
13220.227135562
 20
21281.22741856991
  0
LWPOLYLINE
  5
8C0D
330
1F
100
AcDbEntity
  8
DOOR-S
100
AcDbPolyline
 90
4
 70
0
 10
13228.727135562
 20
21284.2274185699
 10
13228.727135562
 20
21270.22741856991
 10
13236.727135562
 20
21270.22741856991
 10
13236.727135562
 20
21284.2274185699
  0
LWPOLYLINE
  5
8C0E
330
1F
100
AcDbEntity
  8
DOOR-S
100
AcDbPolyline
 90
2
 70
0
 10
13234.727135562
 20
21265.2274185699
 10
13234.727135562
 20
21265.2274185699
  0
LWPOLYLINE
  5
8C0F
330
1F
100
AcDbEntity
  8
DOOR-S
100
AcDbPolyline
 90
15
 70
0
 10
13226.727135562
 20
21284.2274185699
 10
13226.727135562
 20
21266.22741856991
 42
0.4142135623730951
 10
13228.727135562
 20
21264.22741856991
 10
13230.727135562
 20
21264.22741856991
 10
13230.727135562
 20
21265.2274185699
 10
13230.727135562
 20
21265.2274185699
 42
-0.4142135623730951
 10
13228.727135562
 20
21267.2274185699
 10
13228.727135562
 20
21268.22741856991
 10
13236.727135562
 20
21268.22741856991
 10
13236.727135562
 20
21267.2274185699
 42
-0.4142135623733615
 10
13234.727135562
 20
21265.2274185699
 10
13234.727135562
 20
21264.22741856991
 10
13236.727135562
 20
21264.22741856991
 42
0.4142135623730951
 10
13238.727135562
 20
21266.22741856991
 10
13238.727135562
 20
21284.2274185699
  0
LWPOLYLINE
  5
8C10
330
1F
100
AcDbEntity
  8
DOOR-S
100
AcDbPolyline
 90
12
 70
0
 10
14830.227135562
 20
21282.22741856991
 10
14829.227135562
 20
21282.22741856991
 10
14829.227135562
 20
21278.72741856991
 10
14827.727135562
 20
21278.72741856991
 42
-0.4142135623730951
 10
14825.227135562
 20
21281.22741856991
 10
14825.227135562
 20
21301.22741856991
 10
14850.227135562
 20
21301.22741856991
 10
14850.227135562
 20
21281.22741856991
 42
-0.4142135623730951
 10
14847.727135562
 20
21278.72741856991
 10
14846.227135562
 20
21278.72741856991
 10
14846.227135562
 20
21282.22741856991
 10
14845.227135562
 20
21282.22741856991
  0
LWPOLYLINE
  5
8C11
330
1F
100
AcDbEntity
  8
DOOR-S
100
AcDbPolyline
 90
4
 70
1
 10
14825.227135562
 20
21315.22741856991
 10
14825.227135562
 20
21302.22741856991
 10
14850.227135562
 20
21302.22741856991
 10
14850.227135562
 20
21315.22741856991
  0
LWPOLYLINE
  5
8C12
330
1F
100
AcDbEntity
  8
DOOR-S
100
AcDbPolyline
 90
48
 70
0
 10
14845.227135562
 20
21324.2274185699
 10
14845.227135562
 20
21329.72741856991
 10
14850.727135562
 20
21329.72741856991
 42
-0.4142135623731544
 10
14851.227135562
 20
21329.22741856991
 10
14851.227135562
 20
21281.22741856991
 42
-0.4142135623730951
 10
14847.727135562
 20
21277.72741856991
 10
14845.227135562
 20
21277.72741856991
 10
14845.227135562
 20
21283.22741856991
 10
14843.727135562
 20
21283.22741856991
 10
14843.727135562
 20
21276.22741856991
 10
14847.727135562
 20
21276.22741856991
 42
0.4142135623730951
 10
14852.727135562
 20
21281.22741856991
 10
14852.727135562
 20
21329.22741856991
 42
0.4142135623731544
 10
14850.727135562
 20
21331.22741856991
 10
14843.727135562
 20
21331.22741856991
 10
14843.727135562
 20
21324.2274185699
 10
14846.227135562
 20
21324.2274185699
 10
14846.227135562
 20
21328.72741856991
 10
14850.227135562
 20
21328.72741856991
 10
14850.227135562
 20
21316.22741856991
 10
14846.227135562
 20
21316.22741856991
 10
14846.227135562
 20
21321.22741856991
 10
14845.227135562
 20
21321.22741856991
 10
14845.227135562
 20
21316.22741856991
 10
14830.227135562
 20
21316.22741856991
 10
14830.227135562
 20
21321.22741856991
 10
14829.227135562
 20
21321.22741856991
 10
14829.227135562
 20
21316.22741856991
 10
14825.227135562
 20
21316.22741856991
 10
14825.227135562
 20
21328.72741856991
 10
14829.227135562
 20
21328.72741856991
 10
14829.227135562
 20
21324.2274185699
 10
14831.727135562
 20
21324.2274185699
 10
14831.727135562
 20
21331.22741856991
 10
14824.727135562
 20
21331.22741856991
 42
0.4142135623731544
 10
14822.727135562
 20
21329.22741856991
 10
14822.727135562
 20
21281.22741856991
 42
0.4142135623730951
 10
14827.727135562
 20
21276.22741856991
 10
14831.727135562
 20
21276.22741856991
 10
14831.727135562
 20
21283.22741856991
 10
14830.227135562
 20
21283.22741856991
 10
14830.227135562
 20
21277.72741856991
 10
14827.727135562
 20
21277.72741856991
 42
-0.4142135623730951
 10
14824.227135562
 20
21281.22741856991
 10
14824.227135562
 20
21329.22741856991
 42
-0.4142135623731544
 10
14824.727135562
 20
21329.72741856991
 10
14830.227135562
 20
21329.72741856991
 10
14830.227135562
 20
21324.2274185699
  0
LWPOLYLINE
  5
8C13
330
1F
100
AcDbEntity
  8
DOOR-S
100
AcDbPolyline
 90
8
 70
1
 10
14826.227135562
 20
21281.22741856991
 10
14826.227135562
 20
21284.2274185699
 10
14849.227135562
 20
21284.2274185699
 10
14849.227135562
 20
21281.22741856991
 10
14850.227135562
 20
21281.22741856991
 10
14850.227135562
 20
21285.22741856991
 10
14825.227135562
 20
21285.22741856991
 10
14825.227135562
 20
21281.22741856991
  0
LWPOLYLINE
  5
8C14
330
1F
100
AcDbEntity
  8
DOOR-S
100
AcDbPolyline
 90
4
 70
0
 10
14833.727135562
 20
21284.2274185699
 10
14833.727135562
 20
21270.22741856991
 10
14841.727135562
 20
21270.22741856991
 10
14841.727135562
 20
21284.2274185699
  0
LWPOLYLINE
  5
8C15
330
1F
100
AcDbEntity
  8
DOOR-S
100
AcDbPolyline
 90
2
 70
0
 10
14839.727135562
 20
21265.2274185699
 10
14839.727135562
 20
21265.2274185699
  0
LWPOLYLINE
  5
8C16
330
1F
100
AcDbEntity
  8
DOOR-S
100
AcDbPolyline
 90
15
 70
0
 10
14831.727135562
 20
21284.2274185699
 10
14831.727135562
 20
21266.22741856991
 42
0.4142135623730951
 10
14833.727135562
 20
21264.22741856991
 10
14835.727135562
 20
21264.22741856991
 10
14835.727135562
 20
21265.2274185699
 10
14835.727135562
 20
21265.2274185699
 42
-0.4142135623730951
 10
14833.727135562
 20
21267.2274185699
 10
14833.727135562
 20
21268.22741856991
 10
14841.727135562
 20
21268.22741856991
 10
14841.727135562
 20
21267.2274185699
 42
-0.4142135623733615
 10
14839.727135562
 20
21265.2274185699
 10
14839.727135562
 20
21264.22741856991
 10
14841.727135562
 20
21264.22741856991
 42
0.4142135623730951
 10
14843.727135562
 20
21266.22741856991
 10
14843.727135562
 20
21284.2274185699
  0
LINE
  5
8C17
330
1F
100
AcDbEntity
  8
HID
100
AcDbLine
 10
13217.727135562
 20
21281.22741856991
 30
0.0
 11
13217.727135562
 21
20504.36814390036
 31
0.0
  0
LINE
  5
8C18
330
1F
100
AcDbEntity
  8
HID
100
AcDbLine
 10
13247.727135562
 20
21281.22741856991
 30
0.0
 11
13247.727135562
 21
20504.36814390036
 31
0.0
  0
ARC
  5
8C19
330
1F
100
AcDbEntity
  8
HID
100
AcDbCircle
 10
13232.727135562
 20
21303.72741856991
 30
0.0
 40
799.5
100
AcDbArc
 50
268.9249693098524
 51
0.0
  0
LINE
  5
8C1A
330
1F
100
AcDbEntity
  8
HID
100
AcDbLine
 10
14852.727135562
 20
21281.22741856991
 30
0.0
 11
14852.727135562
 21
20504.36814390036
 31
0.0
  0
LINE
  5
8C1B
330
1F
100
AcDbEntity
  8
HID
100
AcDbLine
 10
14822.727135562
 20
21281.22741856991
 30
0.0
 11
14822.727135562
 21
20504.36814390036
 31
0.0
  0
ARC
  5
8C1C
330
1F
100
AcDbEntity
  8
HID
100
AcDbCircle
 10
14837.727135562
 20
21303.72741856991
 30
0.0
 40
799.5
100
AcDbArc
 50
180.0
 51
271.0750306901476
  0
LINE
  5
8C1D
330
1F
100
AcDbEntity
  8
CEN
100
AcDbLine
 10
14035.227135562
 20
21203.72741856991
 30
0.0
 11
14035.227135562
 21
21453.72741856991
 31
0.0
  0
LINE
  5
8C1E
330
1F
100
AcDbEntity
  8
CEN
100
AcDbLine
 10
15067.231844101
 20
21253.7274185699
 30
0.0
 11
13059.47468186485
 21
21253.7274185699
 31
0.0
  0
LWPOLYLINE
  5
8C1F
330
1F
100
AcDbEntity
  8
RXDOOR
100
AcDbPolyline
 90
9
 70
0
 10
15486.22713550822
 20
11403.72741856618
 10
15510.22713550822
 20
11403.72741856618
 10
15510.22713550822
 20
11378.72741856618
 10
15467.22713550822
 20
11378.72741856618
 10
15467.22713550822
 20
11363.72741856618
 10
15403.22713550822
 20
11363.72741856618
 10
15360.22713550822
 20
11378.72741856618
 10
15360.22713550822
 20
11403.72741856618
 10
15384.22713550822
 20
11403.72741856618
1001
INERCAD20
1000
UnNamed
1070
3001
1071
1
  0
LWPOLYLINE
  5
8C20
330
1F
100
AcDbEntity
  8
RXDOOR
100
AcDbPolyline
 90
9
 70
0
 10
15486.22713550938
 20
10623.72741856618
 10
15510.22713550938
 20
10623.72741856618
 10
15510.22713550938
 20
10648.72741856618
 10
15467.22713550938
 20
10648.72741856618
 10
15467.22713550892
 20
10663.72741856618
 10
15403.22713550892
 20
10663.72741856618
 10
15360.22713550938
 20
10648.72741856618
 10
15360.22713550938
 20
10623.72741856618
 10
15384.22713550938
 20
10623.72741856618
1001
INERCAD20
1000
UnNamed
1070
3001
1071
1
  0
LWPOLYLINE
  5
8C21
330
1F
100
AcDbEntity
  8
RXDOOR
100
AcDbPolyline
 90
4
 70
1
 10
15510.22713550822
 20
11378.72741856618
 10
16200.22713550822
 20
11378.72741856851
 10
16200.22713550822
 20
11338.72741856851
 10
15510.22713550822
 20
11338.72741856618
1001
INERCAD20
1000
UnNamed
1070
3001
1071
2
  0
ARC
  5
8C22
330
1F
100
AcDbEntity
  8
RXDOOR
 62
7
100
AcDbCircle
 10
15510.22713550822
 20
11338.72741856618
 30
0.0
 40
690.0
100
AcDbArc
 50
270.0
 51
0.0
1001
INERCAD20
1000
UnNamed
1070
3001
1071
3
  0
LINE
  5
8C23
330
1F
100
AcDbEntity
  8
WAL
100
AcDbLine
 10
13135.22713556184
 20
21473.72741865128
 30
0.0
 11
11815.22713550451
 21
21473.7274186603
 31
0.0
  0
LWPOLYLINE
  5
8C24
330
1F
100
AcDbEntity
  8
COL
100
AcDbPolyline
 90
2
 70
0
 10
11935.22713555292
 20
19553.72741866071
 10
11935.22713549471
 20
19553.72741865792
  0
LWPOLYLINE
  5
8C25
330
1F
100
AcDbEntity
  8
COL
100
AcDbPolyline
 90
13
 70
0
 10
12135.22713549378
 20
19353.72741865838
 10
13985.22713555013
 20
19353.72741865886
 10
13985.22713554896
 20
17753.72741865745
 10
13435.22713555036
 20
17753.72741865745
 10
13435.22713555036
 20
17553.72741865745
 10
14185.2271355492
 20
17553.72741865745
 10
14185.22713555083
 20
19553.72741865831
 10
12135.22713555315
 20
19553.72741866117
 10
12135.22713556177
 20
21153.72741865885
 10
13135.2271355606
 20
21153.7274186528
 10
13135.227135562
 20
21353.72741865186
 10
11935.2271355042
 20
21353.72741865978
 10
11935.22713548395
 20
17403.72741861554
  0
LWPOLYLINE
  5
8C26
330
1F
100
AcDbEntity
  8
단열재
100
AcDbPolyline
 90
3
 70
0
 10
13105.22713556211
 20
21403.72741865206
 10
11885.22713550446
 20
21403.72741866011
 10
11885.2271354841
 20
17433.727418616
  0
LINE
  5
8C27
330
1F
100
AcDbEntity
  8
WAL
100
AcDbLine
 10
11845.22713550435
 20
21443.7274186603
 30
0.0
 11
11845.22713548416
 21
17433.72741861627
 31
0.0
  0
LINE
  5
8C28
330
1F
100
AcDbEntity
  8
마감선
100
AcDbLine
 10
13435.22713555036
 20
17535.72741865745
 30
0.0
 11
14203.2271355492
 21
17535.72741865745
 31
0.0
  0
LINE
  5
8C29
330
1F
100
AcDbEntity
  8
마감선
100
AcDbLine
 10
14203.2271355492
 20
17535.72741865745
 30
0.0
 11
14203.22713555088
 21
19571.72741865828
 31
0.0
  0
LINE
  5
8C2A
330
1F
100
AcDbEntity
  8
마감선
100
AcDbLine
 10
14203.22713555088
 20
19571.72741865828
 30
0.0
 11
12153.22713555327
 21
19571.72741866114
 31
0.0
  0
LINE
  5
8C2B
330
1F
100
AcDbEntity
  8
마감선
100
AcDbLine
 10
12153.22713555327
 20
19571.72741866114
 30
0.0
 11
12153.22713556171
 21
21135.72741865873
 31
0.0
  0
LINE
  5
8C2C
330
1F
100
AcDbEntity
  8
마감선
100
AcDbLine
 10
12153.22713556171
 20
21135.72741865873
 30
0.0
 11
13153.22713556049
 21
21135.72741865268
 31
0.0
  0
LINE
  5
8C2D
330
1F
100
AcDbEntity
  8
마감선
100
AcDbLine
 10
13153.22713556049
 20
21135.72741865268
 30
0.0
 11
13153.2271355613
 21
21253.72741856988
 31
0.0
  0
LINE
  5
8C2E
330
1F
100
AcDbEntity
  8
WAL
100
AcDbLine
 10
12415.22713544789
 20
9733.727418569904
 30
0.0
 11
15655.22713550366
 21
9733.727418569904
 31
0.0
  0
LINE
  5
8C2F
330
1F
100
AcDbEntity
  8
WAL
100
AcDbLine
 10
15655.22713550366
 20
9733.727418569904
 30
0.0
 11
15655.22713550473
 21
10613.72741856664
 31
0.0
  0
LINE
  5
8C30
330
1F
100
AcDbEntity
  8
WAL
100
AcDbLine
 10
15655.22713550473
 20
10613.72741856664
 30
0.0
 11
15535.22713550473
 21
10613.72741856664
 31
0.0
  0
LINE
  5
8C31
330
1F
100
AcDbEntity
  8
WAL
100
AcDbLine
 10
15625.22713550469
 20
10583.72741856664
 30
0.0
 11
15535.22713550473
 21
10583.72741856664
 31
0.0
  0
LWPOLYLINE
  5
8C32
330
1F
100
AcDbEntity
  8
COL
100
AcDbPolyline
 90
6
 70
0
 10
12135.22713549355
 20
19353.72880738234
 10
12135.22713548517
 20
17753.72741865745
 10
12635.22713554361
 20
17753.72741865745
 10
12635.22713554337
 20
17553.72741865745
 10
12135.22713548447
 20
17553.72741865745
 10
12135.22713548377
 20
17403.72741861449
  0
LINE
  5
8C33
330
1F
100
AcDbEntity
  8
마감선
100
AcDbLine
 10
12635.22713555036
 20
17535.72741865745
 30
0.0
 11
12153.22713548377
 21
17535.72741865745
 31
0.0
  0
LWPOLYLINE
  5
8C34
330
1F
100
AcDbEntity
  8
마감선
100
AcDbPolyline
 90
4
 70
0
 10
12153.22713547754
 20
16403.72741861438
 10
12153.22713547737
 20
16271.72741857037
 10
12753.2271354769
 20
16271.72741857037
 10
12753.22713546014
 20
12871.7274185699
  0
LINE
  5
8C35
330
1F
100
AcDbEntity
  8
WAL
100
AcDbLine
 10
14965.22713556161
 20
21443.72741863731
 30
0.0
 11
15905.22713556184
 21
21443.72741863032
 31
0.0
  0
LINE
  5
8C36
102
{ACAD_REACTORS
330
9A6B
102
}
330
1F
100
AcDbEntity
  8
WAL
100
AcDbLine
 10
14935.22713556184
 20
21473.72741863778
 30
0.0
 11
15935.22713556208
 21
21473.72741862986
 31
0.0
  0
LWPOLYLINE
  5
8C37
330
1F
100
AcDbEntity
  8
COL
100
AcDbPolyline
 90
2
 70
0
 10
15335.22713552847
 20
11413.72741856664
 10
15535.22713550473
 20
11413.72741856664
  0
LINE
  5
8C38
330
1F
100
AcDbEntity
  8
마감선
100
AcDbLine
 10
15305.22713550775
 20
11383.72741856664
 30
0.0
 11
15360.22713550822
 21
11383.72741856664
 31
0.0
  0
LWPOLYLINE
  5
8C39
330
1F
100
AcDbEntity
  8
COL
100
AcDbPolyline
 90
2
 70
0
 10
13935.22713554407
 20
9853.727418569906
 10
13935.22713554407
 20
9853.72741857084
  0
LWPOLYLINE
  5
8C3A
330
1F
100
AcDbEntity
  8
COL
100
AcDbPolyline
 90
4
 70
0
 10
15535.22713550473
 20
10613.72741856664
 10
15535.22713550379
 20
9853.727418569906
 10
12535.22713544838
 20
9853.727418569906
 10
12535.22713545106
 20
10453.72741857054
  0
LWPOLYLINE
  5
8C3B
330
1F
100
AcDbEntity
  8
단열재
100
AcDbPolyline
 90
4
 70
0
 10
15585.22713550469
 20
10583.72741856664
 10
15585.22713550374
 20
9803.727418569906
 10
12485.22713544815
 20
9803.727418569906
 10
12485.22713545093
 20
10423.72741857125
  0
LINE
  5
8C3C
330
1F
100
AcDbEntity
  8
WAL
100
AcDbLine
 10
15625.22713550469
 20
10583.72741856664
 30
0.0
 11
15625.2271355037
 21
9763.727418569906
 31
0.0
  0
LINE
  5
8C3D
330
1F
100
AcDbEntity
  8
WAL
100
AcDbLine
 10
15625.2271355037
 20
9763.727418569906
 30
0.0
 11
12445.22713544802
 21
9763.727418569906
 31
0.0
  0
LINE
  5
8C3E
330
1F
100
AcDbEntity
  8
WAL
100
AcDbLine
 10
12445.22713544802
 20
9763.727418569906
 30
0.0
 11
12445.22713545093
 21
10423.72741857167
 31
0.0
  0
LINE
  5
8C3F
330
1F
100
AcDbEntity
  8
WAL
100
AcDbLine
 10
12415.22713544789
 20
9733.727418569904
 30
0.0
 11
12415.22713545106
 21
10453.7274185721
 31
0.0
  0
LINE
  5
8C40
330
1F
100
AcDbEntity
  8
WAL
100
AcDbLine
 10
12445.22713545093
 20
10423.72741857167
 30
0.0
 11
12535.22713545063
 21
10423.72741857054
 31
0.0
  0
LWPOLYLINE
  5
8C41
330
1F
100
AcDbEntity
  8
COL
100
AcDbPolyline
 90
2
 70
0
 10
12535.22713545373
 20
11053.72741857054
 10
12535.22713545641
 20
11653.72741856979
  0
LWPOLYLINE
  5
8C42
330
1F
100
AcDbEntity
  8
단열재
100
AcDbPolyline
 90
2
 70
0
 10
12485.22713545387
 20
11083.72741857125
 10
12485.22713545628
 20
11623.72741857049
  0
LINE
  5
8C43
330
1F
100
AcDbEntity
  8
WAL
100
AcDbLine
 10
12445.22713545387
 20
11083.72741857167
 30
0.0
 11
12445.22713545629
 21
11623.72741857092
 31
0.0
  0
LINE
  5
8C44
330
1F
100
AcDbEntity
  8
WAL
100
AcDbLine
 10
12415.22713545373
 20
11053.72741857209
 30
0.0
 11
12415.22713545642
 21
11653.72741857134
 31
0.0
  0
LINE
  5
8C45
330
1F
100
AcDbEntity
  8
WAL
100
AcDbLine
 10
12445.22713545629
 20
11623.72741857092
 30
0.0
 11
12535.22713545599
 21
11623.72741856979
 31
0.0
  0
LWPOLYLINE
  5
8C46
330
1F
100
AcDbEntity
  8
마감선
100
AcDbPolyline
 90
9
 70
0
 10
12753.22713546014
 20
12871.7274185699
 10
15317.22713551881
 20
12871.7274185699
 10
15317.22713553629
 20
16271.72741857037
 10
15367.22713553626
 20
16271.72741857037
 10
15367.22713556065
 20
20935.72741862552
 10
15317.22713556068
 20
20935.72741862558
 10
15317.22713556171
 20
21135.72741863661
 10
14917.22713556049
 20
21135.7274186394
 10
14917.2271355613
 20
21253.7274185699
  0
INSERT
  5
8C47
102
{ACAD_REACTORS
330
9A6B
102
}
330
1F
100
AcDbEntity
  8
LAND
100
AcDbBlockReference
  2
ertkjelrky
 10
11235.22713556805
 20
22653.72741856991
 30
0.0
  0
LINE
  5
8C48
330
1F
100
AcDbEntity
  8
CEN
100
AcDbLine
 10
27988.30363253098
 20
17300.6509216135
 30
0.0
 11
22058.56458113658
 21
23230.38997297507
 31
0.0
  0
LWPOLYLINE
  5
8C49
330
1F
100
AcDbEntity
  8
COL
100
AcDbPolyline
 90
7
 70
0
 10
24076.64849179018
 20
21353.72741856991
 10
24515.98832001517
 20
20914.3875903474
 10
24374.56696377887
 20
20772.9662341091
 10
24293.80577932129
 20
20853.7274185662
 10
23735.22713555956
 20
20853.72741856662
 10
23735.22713555932
 20
21353.72741856662
 10
24077.16782854534
 20
21353.72741856618
  0
LINE
  5
8C4A
330
1F
100
AcDbEntity
  8
WAL
100
AcDbLine
 10
23765.22713555921
 20
21353.72741856665
 30
0.0
 11
23765.22713555941
 21
21443.72741856659
 31
0.0
  0
LINE
  5
8C4B
330
1F
100
AcDbEntity
  8
단열재
100
AcDbLine
 10
23765.22713555934
 20
21403.72741856658
 30
0.0
 11
24097.35916991251
 21
21403.72741856615
 31
0.0
  0
LINE
  5
8C4C
330
1F
100
AcDbEntity
  8
단열재
100
AcDbLine
 10
24097.35916991251
 20
21403.72741856615
 30
0.0
 11
24530.1304556394
 21
20970.95613284172
 31
0.0
  0
LINE
  5
8C4D
330
1F
100
AcDbEntity
  8
WAL
100
AcDbLine
 10
24558.41472688653
 20
20999.24040408952
 30
0.0
 11
24494.77511658051
 21
20935.60079378197
 31
0.0
  0
LINE
  5
8C4E
330
1F
100
AcDbEntity
  8
WAL
100
AcDbLine
 10
23735.22713555944
 20
21353.72741856665
 30
0.0
 11
23735.22713555956
 21
21473.72741856662
 31
0.0
  0
LINE
  5
8C4F
330
1F
100
AcDbEntity
  8
WAL
100
AcDbLine
 10
23765.22713555941
 20
21443.72741856659
 30
0.0
 11
24113.9277124074
 21
21443.72741856614
 31
0.0
  0
LINE
  5
8C50
330
1F
100
AcDbEntity
  8
WAL
100
AcDbLine
 10
23735.22713555956
 20
21473.72741856662
 30
0.0
 11
24126.35411927855
 21
21473.72741856612
 31
0.0
  0
LINE
  5
8C51
330
1F
100
AcDbEntity
  8
WAL
100
AcDbLine
 10
24113.9277124074
 20
21443.72741856614
 30
0.0
 11
24558.41472688653
 21
20999.24040408952
 31
0.0
  0
LINE
  5
8C52
330
1F
100
AcDbEntity
  8
WAL
100
AcDbLine
 10
24126.35411927855
 20
21473.72741856612
 30
0.0
 11
24600.84113375729
 21
20999.24040409007
 31
0.0
  0
LINE
  5
8C53
330
1F
100
AcDbEntity
  8
WAL
100
AcDbLine
 10
24600.84113375729
 20
20999.24040409007
 30
0.0
 11
24515.98832001494
 21
20914.38759034769
 31
0.0
  0
LWPOLYLINE
  5
8C54
330
1F
100
AcDbEntity
  8
COL
100
AcDbPolyline
 90
9
 70
0
 10
26935.22713550892
 20
17893.7274185699
 10
26935.22713550939
 20
18495.1487748663
 10
26495.88730734307
 20
18934.48860303039
 10
26354.46595110639
 20
18793.06724679246
 10
26435.22713551028
 20
18712.30606238897
 10
26435.22713550892
 20
18053.72741857037
 10
26735.22713550915
 20
18053.7274185699
 10
26735.22713550869
 20
17893.7274185699
 10
26935.22713550869
 20
17893.72741856944
  0
LWPOLYLINE
  5
8C55
330
1F
100
AcDbEntity
  8
단열재
100
AcDbPolyline
 90
3
 70
0
 10
26985.22713550895
 20
17923.72741856944
 10
26985.22713550941
 20
18515.85945298501
 10
26552.45584983796
 20
18948.63073865426
  0
LINE
  5
8C56
330
1F
100
AcDbEntity
  8
WAL
100
AcDbLine
 10
26935.22713550863
 20
17923.72741856944
 30
0.0
 11
27025.22713550895
 21
17923.72741856944
 31
0.0
  0
LINE
  5
8C57
330
1F
100
AcDbEntity
  8
WAL
100
AcDbLine
 10
27025.22713550895
 20
17923.72741856944
 30
0.0
 11
27025.22713550941
 21
18532.42799547999
 31
0.0
  0
LINE
  5
8C58
330
1F
100
AcDbEntity
  8
WAL
100
AcDbLine
 10
27025.22713550941
 20
18532.42799547999
 30
0.0
 11
26580.74012108542
 21
18976.91500990173
 31
0.0
  0
LINE
  5
8C59
330
1F
100
AcDbEntity
  8
WAL
100
AcDbLine
 10
26580.74012108542
 20
18976.91500990173
 30
0.0
 11
26517.10051077865
 21
18913.27539959494
 31
0.0
  0
LINE
  5
8C5A
330
1F
100
AcDbEntity
  8
WAL
100
AcDbLine
 10
26935.22713550863
 20
17893.72741856944
 30
0.0
 11
27055.22713550894
 21
17893.72741856944
 31
0.0
  0
LINE
  5
8C5B
330
1F
100
AcDbEntity
  8
WAL
100
AcDbLine
 10
27055.22713550894
 20
17893.72741856944
 30
0.0
 11
27055.22713550943
 21
18544.85440235122
 31
0.0
  0
LINE
  5
8C5C
330
1F
100
AcDbEntity
  8
WAL
100
AcDbLine
 10
27055.22713550943
 20
18544.85440235122
 30
0.0
 11
26580.74012108556
 21
19019.3414167727
 31
0.0
  0
LINE
  5
8C5D
330
1F
100
AcDbEntity
  8
WAL
100
AcDbLine
 10
26580.74012108556
 20
19019.3414167727
 30
0.0
 11
26495.88730734364
 21
18934.4886030298
 31
0.0
  0
LWPOLYLINE
  5
8C5E
330
1F
100
AcDbEntity
  8
COL
100
AcDbPolyline
 90
4
 70
0
 10
15335.22713550635
 20
11413.72741856664
 10
15335.22713550775
 20
12653.72741857782
 10
12735.22713545909
 20
12653.7274185699
 10
12735.22713545764
 20
12253.72741856941
  0
LWPOLYLINE
  5
8C5F
330
1F
100
AcDbEntity
  8
COL
100
AcDbPolyline
 90
2
 70
0
 10
12735.22713545542
 20
11653.72741856903
 10
12735.22713545321
 20
11053.72741856967
  0
LWPOLYLINE
  5
8C60
330
1F
100
AcDbEntity
  8
COL
100
AcDbPolyline
 90
3
 70
0
 10
12735.22713545106
 20
10453.72741856967
 10
12735.22713544954
 20
10053.72741856059
 10
15335.22713550403
 20
10053.72741857782
  0
LWPOLYLINE
  5
8C61
330
1F
100
AcDbEntity
  8
COL
100
AcDbPolyline
 90
11
 70
0
 10
15535.22713553034
 20
15153.72741855314
 10
15935.22713552941
 20
15153.72741855314
 10
15935.22713552847
 20
14953.72741854709
 10
16075.22713552941
 20
14953.72741854755
 10
16075.22713552917
 20
14753.72741854755
 10
15535.22713552847
 20
14753.72741854755
 10
15535.2271355145
 20
12053.7274185727
 10
15935.22713552941
 20
12053.72741857223
 10
15935.22713552894
 20
11653.72741856618
 10
15535.22713550705
 20
11653.72741856664
 10
15535.22713550635
 20
11413.72741856664
  0
LWPOLYLINE
  5
8C62
330
1F
100
AcDbEntity
  8
단열재
100
AcDbPolyline
 90
7
 70
0
 10
16045.22713552917
 20
14703.72741854755
 10
15585.22713552821
 20
14703.72741854755
 10
15585.22713551476
 20
12103.72741857264
 10
15985.22713552946
 20
12103.72741857217
 10
15985.22713552888
 20
11603.72741856612
 10
15585.22713550691
 20
11603.72741856659
 10
15585.22713550644
 20
11443.72741856659
  0
LWPOLYLINE
  5
8C63
330
1F
100
AcDbEntity
  8
WAL
100
AcDbPolyline
 90
9
 70
0
 10
16045.22713552917
 20
14753.72741854755
 10
16045.22713552917
 20
14663.72741854755
 10
15625.22713552801
 20
14663.72741854755
 10
15625.22713551497
 20
12143.72741857259
 10
16025.22713552951
 20
12143.72741857212
 10
16025.22713552884
 20
11563.72741856607
 10
15625.22713550679
 20
11563.72741856654
 10
15625.22713550644
 20
11443.72741856648
 10
15535.22713550635
 20
11443.72741856664
  0
LWPOLYLINE
  5
8C64
330
1F
100
AcDbEntity
  8
WAL
100
AcDbPolyline
 90
9
 70
0
 10
16075.22713552917
 20
14753.72741854755
 10
16075.22713552917
 20
14633.72741854755
 10
15655.22713552786
 20
14633.72741854755
 10
15655.22713551512
 20
12173.72741857255
 10
16055.22713552954
 20
12173.72741857209
 10
16055.2271355288
 20
11533.72741856603
 10
15655.2271355067
 20
11533.7274185665
 10
15655.22713550635
 20
11413.72741856664
 10
15535.22713550635
 20
11413.72741856664
  0
LWPOLYLINE
  5
8C65
330
1F
100
AcDbEntity
  8
COL
100
AcDbPolyline
 90
2
 70
0
 10
15535.22713550635
 20
10613.72741856664
 10
15335.22713552894
 20
10613.72741856664
  0
LINE
  5
8C66
330
1F
100
AcDbEntity
  8
마감선
100
AcDbLine
 10
15360.22713550938
 20
10643.72741856664
 30
0.0
 11
15305.22713550775
 21
10643.72741856664
 31
0.0
  0
LWPOLYLINE
  5
8C67
330
1F
100
AcDbEntity
  8
COL
100
AcDbPolyline
 90
8
 70
1
 10
20835.22713556061
 20
14953.72741854057
 10
20695.22713556084
 20
14953.72741854057
 10
20695.22713556014
 20
14753.72741854057
 10
21575.22713555991
 20
14753.72741854013
 10
21575.22713556037
 20
14953.7274185406
 10
21435.22713556037
 20
14953.72741853964
 10
21435.22713556061
 20
15153.72741854616
 10
20835.22713556061
 20
15153.72741854662
  0
LWPOLYLINE
  5
8C68
330
1F
100
AcDbEntity
  8
단열재
100
AcDbPolyline
 90
2
 70
0
 10
20725.22713555987
 20
14703.72741854055
 10
21545.22713555957
 20
14703.72741854015
  0
LWPOLYLINE
  5
8C69
330
1F
100
AcDbEntity
  8
WAL
100
AcDbPolyline
 90
4
 70
0
 10
20725.22713556038
 20
14753.7274185401
 10
20725.22713555967
 20
14663.7274185401
 10
21545.22713555944
 20
14663.72741854013
 10
21545.22713555991
 20
14753.72741854013
  0
LWPOLYLINE
  5
8C6A
330
1F
100
AcDbEntity
  8
WAL
100
AcDbPolyline
 90
4
 70
0
 10
20695.22713556014
 20
14753.7274185401
 10
20695.22713555944
 20
14633.7274185401
 10
21575.22713555944
 20
14633.72741854013
 10
21575.22713555991
 20
14753.72741854013
  0
LWPOLYLINE
  5
8C6B
330
1F
100
AcDbEntity
  8
COL
100
AcDbPolyline
 90
9
 70
0
 10
26195.2271355279
 20
14953.72741856979
 10
26335.22713552848
 20
14953.72741856944
 10
26335.22713552824
 20
15153.72741857596
 10
26735.22713552848
 20
15153.72741857549
 10
26735.22713552871
 20
15293.72741857596
 10
26935.22713552871
 20
15293.72741857549
 10
26935.22713552778
 20
14753.72741856944
 10
26195.22713552766
 20
14753.72741856979
 10
26195.22713552766
 20
14953.72741857305
  0
LWPOLYLINE
  5
8C6C
330
1F
100
AcDbEntity
  8
단열재
100
AcDbPolyline
 90
3
 70
0
 10
26985.22713552866
 20
15263.72741857549
 10
26985.22713552769
 20
14703.72741856941
 10
26225.22713552739
 20
14703.72741856977
  0
LINE
  5
8C6D
330
1F
100
AcDbEntity
  8
WAL
100
AcDbLine
 10
26935.22713552848
 20
15263.72741857549
 30
0.0
 11
27025.22713552866
 21
15263.72741857543
 31
0.0
  0
LINE
  5
8C6E
330
1F
100
AcDbEntity
  8
WAL
100
AcDbLine
 10
27025.22713552866
 20
15263.72741857543
 30
0.0
 11
27025.22713552764
 21
14663.72741856939
 31
0.0
  0
LINE
  5
8C6F
330
1F
100
AcDbEntity
  8
WAL
100
AcDbLine
 10
27025.22713552764
 20
14663.72741856939
 30
0.0
 11
26225.22713552738
 21
14663.72741856977
 31
0.0
  0
LINE
  5
8C70
330
1F
100
AcDbEntity
  8
WAL
100
AcDbLine
 10
26225.22713552738
 20
14663.72741856977
 30
0.0
 11
26225.22713552789
 21
14753.72741856979
 31
0.0
  0
LINE
  5
8C71
330
1F
100
AcDbEntity
  8
WAL
100
AcDbLine
 10
26935.22713552848
 20
15293.72741857549
 30
0.0
 11
27055.22713552871
 21
15293.72741857549
 31
0.0
  0
LINE
  5
8C72
330
1F
100
AcDbEntity
  8
WAL
100
AcDbLine
 10
27055.22713552871
 20
15293.72741857549
 30
0.0
 11
27055.22713552759
 21
14633.72741856939
 31
0.0
  0
LINE
  5
8C73
330
1F
100
AcDbEntity
  8
WAL
100
AcDbLine
 10
27055.22713552759
 20
14633.72741856939
 30
0.0
 11
26195.22713552661
 21
14633.72741856978
 31
0.0
  0
LINE
  5
8C74
330
1F
100
AcDbEntity
  8
WAL
100
AcDbLine
 10
26195.22713552661
 20
14633.72741856978
 30
0.0
 11
26195.2271355279
 21
14753.72741857025
 31
0.0
  0
LWPOLYLINE
  5
8C75
330
1F
100
AcDbEntity
  8
RXDOOR
100
AcDbPolyline
 90
9
 70
0
 10
16085.22713552987
 20
14904.72741857456
 10
16085.22713552987
 20
14928.72741857456
 10
16110.22713552987
 20
14928.72741857456
 10
16110.22713552987
 20
14885.72741857456
 10
16125.22713552987
 20
14885.72741857456
 10
16125.22713552987
 20
14821.72741857456
 10
16110.22713552987
 20
14778.72741857456
 10
16085.22713552987
 20
14778.72741857456
 10
16085.22713552987
 20
14802.72741857456
1001
INERCAD20
1000
UnNamed
1070
3001
1071
1
  0
LWPOLYLINE
  5
8C76
330
1F
100
AcDbEntity
  8
RXDOOR
100
AcDbPolyline
 90
9
 70
0
 10
16765.22713552987
 20
14904.72741857549
 10
16765.22713552987
 20
14928.72741857549
 10
16740.22713552987
 20
14928.72741857549
 10
16740.22713552987
 20
14885.72741857549
 10
16725.22713552987
 20
14885.72741857503
 10
16725.22713552987
 20
14821.72741857502
 10
16740.22713552987
 20
14778.72741857549
 10
16765.22713552987
 20
14778.72741857549
 10
16765.22713552987
 20
14802.72741857549
1001
INERCAD20
1000
UnNamed
1070
3001
1071
1
  0
LWPOLYLINE
  5
8C77
330
1F
100
AcDbEntity
  8
RXDOOR
100
AcDbPolyline
 90
4
 70
1
 10
16110.22713552987
 20
14928.72741857456
 10
16110.22713552754
 20
15518.72741857456
 10
16150.22713552754
 20
15518.72741857456
 10
16150.22713552987
 20
14928.72741857456
1001
INERCAD20
1000
UnNamed
1070
3001
1071
2
  0
ARC
  5
8C78
330
1F
100
AcDbEntity
  8
RXDOOR
 62
7
100
AcDbCircle
 10
16150.22713552988
 20
14928.72741857456
 30
0.0
 40
589.9999999999927
100
AcDbArc
 50
0.0
 51
90.0
1001
INERCAD20
1000
UnNamed
1070
3001
1071
3
  0
LINE
  5
8C79
330
1F
100
AcDbEntity
  8
ELE-2
100
AcDbLine
 10
15990.22713556235
 20
21218.72741856991
 30
0.0
 11
16912.72713555921
 21
21218.72741856968
 31
0.0
  0
LINE
  5
8C7A
330
1F
100
AcDbEntity
  8
ELE-2
100
AcDbLine
 10
16957.72713555921
 20
21218.72741856968
 30
0.0
 11
17887.72713555921
 21
21218.72741856944
 31
0.0
  0
LINE
  5
8C7B
330
1F
100
AcDbEntity
  8
ELE-2
100
AcDbLine
 10
17932.72713555921
 20
21218.72741856944
 30
0.0
 11
18862.72713555921
 21
21218.72741856897
 31
0.0
  0
LINE
  5
8C7C
330
1F
100
AcDbEntity
  8
ELE-2
100
AcDbLine
 10
18907.72713555921
 20
21218.72741856897
 30
0.0
 11
19837.72713555921
 21
21218.72741856851
 31
0.0
  0
LINE
  5
8C7D
330
1F
100
AcDbEntity
  8
ELE-2
100
AcDbLine
 10
19882.72713555921
 20
21218.72741856851
 30
0.0
 11
20780.22713555921
 21
21218.72741856805
 31
0.0
  0
LINE
  5
8C7E
330
1F
100
AcDbEntity
  8
ELE-2
100
AcDbLine
 10
15990.22713556235
 20
21288.72741856991
 30
0.0
 11
16912.72713555921
 21
21288.72741856968
 31
0.0
  0
LINE
  5
8C7F
330
1F
100
AcDbEntity
  8
ELE-2
100
AcDbLine
 10
16957.72713555921
 20
21288.72741856967
 30
0.0
 11
17887.72713555921
 21
21288.72741856944
 31
0.0
  0
LINE
  5
8C80
330
1F
100
AcDbEntity
  8
ELE-2
100
AcDbLine
 10
17932.72713555921
 20
21288.72741856944
 30
0.0
 11
18862.72713555921
 21
21288.72741856898
 31
0.0
  0
LINE
  5
8C81
330
1F
100
AcDbEntity
  8
ELE-2
100
AcDbLine
 10
18907.72713555921
 20
21288.72741856898
 30
0.0
 11
19837.72713555921
 21
21288.72741856851
 31
0.0
  0
LINE
  5
8C82
330
1F
100
AcDbEntity
  8
ELE-2
100
AcDbLine
 10
19882.72713555921
 20
21288.72741856851
 30
0.0
 11
20780.22713555921
 21
21288.72741856804
 31
0.0
  0
LINE
  5
8C83
330
1F
100
AcDbEntity
  8
DOOR
100
AcDbLine
 10
15975.22713556235
 20
21258.72741856991
 30
0.0
 11
16927.72713555921
 21
21258.72741856968
 31
0.0
  0
LINE
  5
8C84
330
1F
100
AcDbEntity
  8
DOOR
100
AcDbLine
 10
16942.72713555921
 20
21258.72741856968
 30
0.0
 11
17902.72713555921
 21
21258.72741856944
 31
0.0
  0
LINE
  5
8C85
330
1F
100
AcDbEntity
  8
DOOR
100
AcDbLine
 10
17917.72713555921
 20
21258.72741856944
 30
0.0
 11
18877.72713555921
 21
21258.72741856897
 31
0.0
  0
LINE
  5
8C86
330
1F
100
AcDbEntity
  8
DOOR
100
AcDbLine
 10
18892.72713555921
 20
21258.72741856897
 30
0.0
 11
19852.72713555921
 21
21258.72741856851
 31
0.0
  0
LINE
  5
8C87
330
1F
100
AcDbEntity
  8
DOOR
100
AcDbLine
 10
19867.72713555921
 20
21258.72741856851
 30
0.0
 11
20795.22713555921
 21
21258.72741856805
 31
0.0
  0
LINE
  5
8C88
330
1F
100
AcDbEntity
  8
DOOR
100
AcDbLine
 10
15975.22713556235
 20
21248.72741856991
 30
0.0
 11
16927.72713555921
 21
21248.72741856967
 31
0.0
  0
LINE
  5
8C89
330
1F
100
AcDbEntity
  8
DOOR
100
AcDbLine
 10
16942.72713555921
 20
21248.72741856967
 30
0.0
 11
17902.72713555921
 21
21248.72741856944
 31
0.0
  0
LINE
  5
8C8A
330
1F
100
AcDbEntity
  8
DOOR
100
AcDbLine
 10
17917.72713555921
 20
21248.72741856944
 30
0.0
 11
18877.72713555921
 21
21248.72741856898
 31
0.0
  0
LINE
  5
8C8B
330
1F
100
AcDbEntity
  8
DOOR
100
AcDbLine
 10
18892.72713555921
 20
21248.72741856898
 30
0.0
 11
19852.72713555921
 21
21248.72741856851
 31
0.0
  0
LINE
  5
8C8C
330
1F
100
AcDbEntity
  8
DOOR
100
AcDbLine
 10
19867.72713555921
 20
21248.72741856851
 30
0.0
 11
20795.22713555921
 21
21248.72741856804
 31
0.0
  0
LWPOLYLINE
  5
8C8D
330
1F
100
AcDbEntity
  8
DOOR-S
100
AcDbPolyline
 90
20
 70
1
 10
20822.22713555898
 20
21223.72741856711
 10
20822.22713555875
 20
21206.72741856711
 10
20783.22713555898
 20
21206.72741856758
 10
20783.22713555898
 20
21240.72741856758
 10
20798.22713555897
 20
21240.72741856758
 10
20798.22713555897
 20
21266.72741856758
 10
20783.22713555898
 20
21266.72741856758
 10
20783.22713555921
 20
21300.72741856758
 10
20822.22713555921
 20
21300.72741856711
 10
20822.22713555898
 20
21283.72741856711
 10
20825.22713555898
 20
21283.72741856711
 10
20825.22713555921
 20
21303.72741856711
 10
20780.22713555921
 20
21303.72741856758
 10
20780.22713555921
 20
21263.72741856758
 10
20795.22713555921
 20
21263.72741856758
 10
20795.22713555921
 20
21243.72741856758
 10
20780.22713555898
 20
21243.72741856758
 10
20780.22713555898
 20
21203.72741856758
 10
20825.22713555874
 20
21203.72741856711
 10
20825.22713555898
 20
21223.72741856711
  0
LWPOLYLINE
  5
8C8E
330
1F
100
AcDbEntity
  8
DOOR-S
100
AcDbPolyline
 90
10
 70
0
 10
20823.72713555898
 20
21223.72741856711
 10
20823.72713555874
 20
21205.22741856711
 10
20781.72713555921
 20
21205.22741856758
 10
20781.72713555921
 20
21242.22741856758
 10
20796.72713555921
 20
21242.22741856758
 10
20796.72713555898
 20
21265.22741856758
 10
20781.72713555898
 20
21265.22741856758
 10
20781.72713555898
 20
21302.22741856758
 10
20823.72713555921
 20
21302.22741856711
 10
20823.72713555898
 20
21283.72741856711
  0
LWPOLYLINE
  5
8C8F
330
1F
100
AcDbEntity
  8
DOOR-S
100
AcDbPolyline
 90
12
 70
1
 10
17887.72713555921
 20
21203.72741856991
 10
17887.72713555921
 20
21243.72741856991
 10
17902.72713555921
 20
21243.72741856991
 10
17902.72713555921
 20
21263.72741856991
 10
17887.72713555921
 20
21263.72741856991
 10
17887.72713555921
 20
21303.72741856991
 10
17932.72713555921
 20
21303.72741856991
 10
17932.72713555921
 20
21263.72741856991
 10
17917.72713555921
 20
21263.72741856991
 10
17917.72713555921
 20
21243.72741856991
 10
17932.72713555921
 20
21243.72741856991
 10
17932.72713555921
 20
21203.72741856991
  0
LWPOLYLINE
  5
8C90
330
1F
100
AcDbEntity
  8
DOOR-S
100
AcDbPolyline
 90
12
 70
1
 10
17889.22713555921
 20
21205.22741856991
 10
17889.22713555921
 20
21242.22741856991
 10
17904.22713555921
 20
21242.22741856991
 10
17904.22713555921
 20
21265.2274185699
 10
17889.22713555921
 20
21265.2274185699
 10
17889.22713555921
 20
21302.22741856991
 10
17931.22713555921
 20
21302.22741856991
 10
17931.22713555921
 20
21265.2274185699
 10
17916.22713555921
 20
21265.2274185699
 10
17916.22713555921
 20
21242.22741856991
 10
17931.22713555921
 20
21242.22741856991
 10
17931.22713555921
 20
21205.22741856991
  0
LWPOLYLINE
  5
8C91
330
1F
100
AcDbEntity
  8
DOOR-S
100
AcDbPolyline
 90
12
 70
1
 10
17890.72713555921
 20
21206.72741856991
 10
17890.72713555921
 20
21240.72741856991
 10
17905.72713555921
 20
21240.72741856991
 10
17905.72713555921
 20
21266.72741856991
 10
17890.72713555921
 20
21266.72741856991
 10
17890.72713555921
 20
21300.72741856991
 10
17929.72713555921
 20
21300.72741856991
 10
17929.72713555921
 20
21266.72741856991
 10
17914.72713555921
 20
21266.72741856991
 10
17914.72713555921
 20
21240.72741856991
 10
17929.72713555921
 20
21240.72741856991
 10
17929.72713555921
 20
21206.72741856991
  0
LWPOLYLINE
  5
8C92
330
1F
100
AcDbEntity
  8
DOOR-S
100
AcDbPolyline
 90
12
 70
1
 10
18862.72713555921
 20
21203.72741856991
 10
18862.72713555921
 20
21243.72741856991
 10
18877.72713555921
 20
21243.72741856991
 10
18877.72713555921
 20
21263.72741856991
 10
18862.72713555921
 20
21263.72741856991
 10
18862.72713555921
 20
21303.72741856991
 10
18907.72713555921
 20
21303.72741856991
 10
18907.72713555921
 20
21263.72741856991
 10
18892.72713555921
 20
21263.72741856991
 10
18892.72713555921
 20
21243.72741856991
 10
18907.72713555921
 20
21243.72741856991
 10
18907.72713555921
 20
21203.72741856991
  0
LWPOLYLINE
  5
8C93
330
1F
100
AcDbEntity
  8
DOOR-S
100
AcDbPolyline
 90
12
 70
1
 10
18864.22713555921
 20
21205.22741856991
 10
18864.22713555921
 20
21242.22741856991
 10
18879.22713555921
 20
21242.22741856991
 10
18879.22713555921
 20
21265.2274185699
 10
18864.22713555921
 20
21265.2274185699
 10
18864.22713555921
 20
21302.22741856991
 10
18906.22713555921
 20
21302.22741856991
 10
18906.22713555921
 20
21265.2274185699
 10
18891.22713555921
 20
21265.2274185699
 10
18891.22713555921
 20
21242.22741856991
 10
18906.22713555921
 20
21242.22741856991
 10
18906.22713555921
 20
21205.22741856991
  0
LWPOLYLINE
  5
8C94
330
1F
100
AcDbEntity
  8
DOOR-S
100
AcDbPolyline
 90
12
 70
1
 10
18865.72713555921
 20
21206.72741856991
 10
18865.72713555921
 20
21240.72741856991
 10
18880.72713555921
 20
21240.72741856991
 10
18880.72713555921
 20
21266.72741856991
 10
18865.72713555921
 20
21266.72741856991
 10
18865.72713555921
 20
21300.72741856991
 10
18904.72713555921
 20
21300.72741856991
 10
18904.72713555921
 20
21266.72741856991
 10
18889.72713555921
 20
21266.72741856991
 10
18889.72713555921
 20
21240.72741856991
 10
18904.72713555921
 20
21240.72741856991
 10
18904.72713555921
 20
21206.72741856991
  0
LWPOLYLINE
  5
8C95
330
1F
100
AcDbEntity
  8
DOOR-S
100
AcDbPolyline
 90
12
 70
1
 10
19837.72713555921
 20
21203.72741856991
 10
19837.72713555921
 20
21243.72741856991
 10
19852.72713555921
 20
21243.72741856991
 10
19852.72713555921
 20
21263.72741856991
 10
19837.72713555921
 20
21263.72741856991
 10
19837.72713555921
 20
21303.72741856991
 10
19882.72713555921
 20
21303.72741856991
 10
19882.72713555921
 20
21263.72741856991
 10
19867.72713555921
 20
21263.72741856991
 10
19867.72713555921
 20
21243.72741856991
 10
19882.72713555921
 20
21243.72741856991
 10
19882.72713555921
 20
21203.72741856991
  0
LWPOLYLINE
  5
8C96
330
1F
100
AcDbEntity
  8
DOOR-S
100
AcDbPolyline
 90
12
 70
1
 10
19839.22713555921
 20
21205.22741856991
 10
19839.22713555921
 20
21242.22741856991
 10
19854.22713555921
 20
21242.22741856991
 10
19854.22713555921
 20
21265.2274185699
 10
19839.22713555921
 20
21265.2274185699
 10
19839.22713555921
 20
21302.22741856991
 10
19881.22713555921
 20
21302.22741856991
 10
19881.22713555921
 20
21265.2274185699
 10
19866.22713555921
 20
21265.2274185699
 10
19866.22713555921
 20
21242.22741856991
 10
19881.22713555921
 20
21242.22741856991
 10
19881.22713555921
 20
21205.22741856991
  0
LWPOLYLINE
  5
8C97
330
1F
100
AcDbEntity
  8
DOOR-S
100
AcDbPolyline
 90
12
 70
1
 10
19840.72713555921
 20
21206.72741856991
 10
19840.72713555921
 20
21240.72741856991
 10
19855.72713555921
 20
21240.72741856991
 10
19855.72713555921
 20
21266.72741856991
 10
19840.72713555921
 20
21266.72741856991
 10
19840.72713555921
 20
21300.72741856991
 10
19879.72713555921
 20
21300.72741856991
 10
19879.72713555921
 20
21266.72741856991
 10
19864.72713555921
 20
21266.72741856991
 10
19864.72713555921
 20
21240.72741856991
 10
19879.72713555921
 20
21240.72741856991
 10
19879.72713555921
 20
21206.72741856991
  0
LINE
  5
8C98
330
1F
100
AcDbEntity
  8
ELE-2
100
AcDbLine
 10
21490.22713555991
 20
21218.72741857052
 30
0.0
 11
22562.72713555927
 21
21218.72741856991
 31
0.0
  0
LINE
  5
8C99
330
1F
100
AcDbEntity
  8
ELE-2
100
AcDbLine
 10
22607.72713555927
 20
21218.72741856991
 30
0.0
 11
23680.22713555898
 21
21218.72741856938
 31
0.0
  0
LINE
  5
8C9A
330
1F
100
AcDbEntity
  8
ELE-2
100
AcDbLine
 10
21490.22713555968
 20
21288.72741857052
 30
0.0
 11
22562.72713555927
 21
21288.72741856991
 31
0.0
  0
LINE
  5
8C9B
330
1F
100
AcDbEntity
  8
ELE-2
100
AcDbLine
 10
22607.72713555927
 20
21288.72741856991
 30
0.0
 11
23680.22713555921
 21
21288.72741856938
 31
0.0
  0
LINE
  5
8C9C
330
1F
100
AcDbEntity
  8
DOOR
100
AcDbLine
 10
21475.22713555968
 20
21258.72741857052
 30
0.0
 11
22577.72713555927
 21
21258.72741856991
 31
0.0
  0
LINE
  5
8C9D
330
1F
100
AcDbEntity
  8
DOOR
100
AcDbLine
 10
22592.72713555927
 20
21258.72741856991
 30
0.0
 11
23695.22713555921
 21
21258.72741856938
 31
0.0
  0
LINE
  5
8C9E
330
1F
100
AcDbEntity
  8
DOOR
100
AcDbLine
 10
21475.22713555968
 20
21248.72741857052
 30
0.0
 11
22577.72713555927
 21
21248.72741856991
 31
0.0
  0
LINE
  5
8C9F
330
1F
100
AcDbEntity
  8
DOOR
100
AcDbLine
 10
22592.72713555927
 20
21248.72741856991
 30
0.0
 11
23695.22713555921
 21
21248.72741856938
 31
0.0
  0
LWPOLYLINE
  5
8CA0
330
1F
100
AcDbEntity
  8
DOOR-S
100
AcDbPolyline
 90
20
 70
1
 10
23722.22713555898
 20
21223.72741856857
 10
23722.22713555875
 20
21206.72741856857
 10
23683.22713555898
 20
21206.72741856903
 10
23683.22713555898
 20
21240.72741856903
 10
23698.22713555898
 20
21240.72741856903
 10
23698.22713555898
 20
21266.72741856904
 10
23683.22713555898
 20
21266.72741856904
 10
23683.22713555921
 20
21300.72741856903
 10
23722.22713555921
 20
21300.72741856857
 10
23722.22713555898
 20
21283.72741856857
 10
23725.22713555898
 20
21283.72741856857
 10
23725.22713555921
 20
21303.72741856857
 10
23680.22713555921
 20
21303.72741856903
 10
23680.22713555921
 20
21263.72741856903
 10
23695.22713555921
 20
21263.72741856903
 10
23695.22713555921
 20
21243.72741856904
 10
23680.22713555898
 20
21243.72741856904
 10
23680.22713555898
 20
21203.72741856904
 10
23725.22713555874
 20
21203.72741856857
 10
23725.22713555898
 20
21223.72741856857
  0
LWPOLYLINE
  5
8CA1
330
1F
100
AcDbEntity
  8
DOOR-S
100
AcDbPolyline
 90
10
 70
0
 10
23723.72713555898
 20
21223.72741856857
 10
23723.72713555874
 20
21205.22741856857
 10
23681.72713555921
 20
21205.22741856903
 10
23681.72713555921
 20
21242.22741856903
 10
23696.72713555921
 20
21242.22741856903
 10
23696.72713555898
 20
21265.22741856903
 10
23681.72713555898
 20
21265.22741856903
 10
23681.72713555898
 20
21302.22741856903
 10
23723.72713555921
 20
21302.22741856857
 10
23723.72713555898
 20
21283.72741856857
  0
LWPOLYLINE
  5
8CA2
330
1F
100
AcDbEntity
  8
DOOR-S
100
AcDbPolyline
 90
12
 70
1
 10
22562.72713555927
 20
21201.72741857084
 10
22562.72713555927
 20
21241.72741857084
 10
22577.72713555927
 20
21241.72741857084
 10
22577.72713555927
 20
21261.72741857084
 10
22562.72713555927
 20
21261.72741857084
 10
22562.72713555927
 20
21301.72741857084
 10
22607.72713555927
 20
21301.72741857084
 10
22607.72713555927
 20
21261.72741857084
 10
22592.72713555927
 20
21261.72741857084
 10
22592.72713555927
 20
21241.72741857084
 10
22607.72713555927
 20
21241.72741857084
 10
22607.72713555927
 20
21201.72741857084
  0
LWPOLYLINE
  5
8CA3
330
1F
100
AcDbEntity
  8
DOOR-S
100
AcDbPolyline
 90
12
 70
1
 10
22564.22713555927
 20
21203.22741857084
 10
22564.22713555927
 20
21240.22741857084
 10
22579.22713555927
 20
21240.22741857084
 10
22579.22713555927
 20
21263.22741857084
 10
22564.22713555927
 20
21263.22741857084
 10
22564.22713555927
 20
21300.22741857084
 10
22606.22713555927
 20
21300.22741857084
 10
22606.22713555927
 20
21263.22741857084
 10
22591.22713555927
 20
21263.22741857084
 10
22591.22713555927
 20
21240.22741857084
 10
22606.22713555927
 20
21240.22741857084
 10
22606.22713555927
 20
21203.22741857084
  0
LWPOLYLINE
  5
8CA4
330
1F
100
AcDbEntity
  8
DOOR-S
100
AcDbPolyline
 90
12
 70
1
 10
22565.72713555927
 20
21204.72741857084
 10
22565.72713555927
 20
21238.72741857084
 10
22580.72713555927
 20
21238.72741857084
 10
22580.72713555927
 20
21264.72741857084
 10
22565.72713555927
 20
21264.72741857084
 10
22565.72713555927
 20
21298.72741857084
 10
22604.72713555927
 20
21298.72741857084
 10
22604.72713555927
 20
21264.72741857084
 10
22589.72713555927
 20
21264.72741857084
 10
22589.72713555927
 20
21238.72741857084
 10
22604.72713555927
 20
21238.72741857084
 10
22604.72713555927
 20
21204.72741857084
  0
LWPOLYLINE
  5
8CA5
330
1F
100
AcDbEntity
  8
DOOR-S
100
AcDbPolyline
 90
20
 70
1
 10
21448.22713555991
 20
21223.72741856866
 10
21448.22713556014
 20
21206.72741856866
 10
21487.22713555991
 20
21206.72741856912
 10
21487.22713555991
 20
21240.72741856912
 10
21472.22713555991
 20
21240.72741856912
 10
21472.22713555991
 20
21266.72741856912
 10
21487.22713555991
 20
21266.72741856912
 10
21487.22713555967
 20
21300.72741856912
 10
21448.22713555968
 20
21300.72741856865
 10
21448.22713555991
 20
21283.72741856865
 10
21445.22713555991
 20
21283.72741856865
 10
21445.22713555967
 20
21303.72741856866
 10
21490.22713555968
 20
21303.72741856912
 10
21490.22713555968
 20
21263.72741856912
 10
21475.22713555968
 20
21263.72741856912
 10
21475.22713555968
 20
21243.72741856912
 10
21490.22713555991
 20
21243.72741856912
 10
21490.22713555991
 20
21203.72741856912
 10
21445.22713556014
 20
21203.72741856865
 10
21445.22713555991
 20
21223.72741856866
  0
LWPOLYLINE
  5
8CA6
330
1F
100
AcDbEntity
  8
DOOR-S
100
AcDbPolyline
 90
10
 70
0
 10
21446.72713555991
 20
21223.72741856866
 10
21446.72713556014
 20
21205.22741856865
 10
21488.72713555967
 20
21205.22741856912
 10
21488.72713555967
 20
21242.22741856912
 10
21473.72713555967
 20
21242.22741856912
 10
21473.72713555991
 20
21265.22741856912
 10
21488.72713555991
 20
21265.22741856912
 10
21488.72713555991
 20
21302.22741856912
 10
21446.72713555968
 20
21302.22741856865
 10
21446.72713555991
 20
21283.72741856865
  0
LINE
  5
8CA7
330
1F
100
AcDbEntity
  8
ELE-2
100
AcDbLine
 10
17950.22713552964
 20
14818.72741857037
 30
0.0
 11
18806.72713556066
 21
14818.72741857071
 31
0.0
  0
LINE
  5
8CA8
330
1F
100
AcDbEntity
  8
ELE-2
100
AcDbLine
 10
18851.72713556066
 20
14818.72741857071
 30
0.0
 11
19739.72713556065
 21
14818.72741856891
 31
0.0
  0
LINE
  5
8CA9
330
1F
100
AcDbEntity
  8
ELE-2
100
AcDbLine
 10
19784.72713556065
 20
14818.72741856891
 30
0.0
 11
20640.22713556061
 21
14818.72741856711
 31
0.0
  0
LINE
  5
8CAA
330
1F
100
AcDbEntity
  8
ELE-2
100
AcDbLine
 10
17950.22713552941
 20
14888.72741857037
 30
0.0
 11
18806.72713556066
 21
14888.72741857071
 31
0.0
  0
LINE
  5
8CAB
330
1F
100
AcDbEntity
  8
ELE-2
100
AcDbLine
 10
18851.72713556066
 20
14888.72741857071
 30
0.0
 11
19739.72713556065
 21
14888.72741856891
 31
0.0
  0
LINE
  5
8CAC
330
1F
100
AcDbEntity
  8
ELE-2
100
AcDbLine
 10
19784.72713556065
 20
14888.72741856891
 30
0.0
 11
20640.22713556061
 21
14888.72741856711
 31
0.0
  0
LINE
  5
8CAD
330
1F
100
AcDbEntity
  8
DOOR
100
AcDbLine
 10
17935.22713552941
 20
14858.72741857037
 30
0.0
 11
18821.72713556066
 21
14858.72741857071
 31
0.0
  0
LINE
  5
8CAE
330
1F
100
AcDbEntity
  8
DOOR
100
AcDbLine
 10
18836.72713556066
 20
14858.72741857071
 30
0.0
 11
19754.72713556066
 21
14858.72741856891
 31
0.0
  0
LINE
  5
8CAF
330
1F
100
AcDbEntity
  8
DOOR
100
AcDbLine
 10
19769.72713556065
 20
14858.72741856891
 30
0.0
 11
20655.2271355606
 21
14858.72741856711
 31
0.0
  0
LINE
  5
8CB0
330
1F
100
AcDbEntity
  8
DOOR
100
AcDbLine
 10
17935.22713552941
 20
14848.72741857037
 30
0.0
 11
18821.72713556066
 21
14848.72741857071
 31
0.0
  0
LINE
  5
8CB1
330
1F
100
AcDbEntity
  8
DOOR
100
AcDbLine
 10
18836.72713556066
 20
14848.72741857071
 30
0.0
 11
19754.72713556066
 21
14848.72741856891
 31
0.0
  0
LINE
  5
8CB2
330
1F
100
AcDbEntity
  8
DOOR
100
AcDbLine
 10
19769.72713556065
 20
14848.72741856891
 30
0.0
 11
20655.2271355606
 21
14848.72741856711
 31
0.0
  0
LWPOLYLINE
  5
8CB3
330
1F
100
AcDbEntity
  8
DOOR-S
100
AcDbPolyline
 90
20
 70
1
 10
20682.22713556037
 20
14823.72741856618
 10
20682.22713556014
 20
14806.72741856618
 10
20643.22713556038
 20
14806.72741856665
 10
20643.22713556038
 20
14840.72741856665
 10
20658.22713556038
 20
14840.72741856665
 10
20658.22713556038
 20
14866.72741856664
 10
20643.22713556038
 20
14866.72741856664
 10
20643.22713556061
 20
14900.72741856665
 10
20682.22713556061
 20
14900.72741856618
 10
20682.22713556037
 20
14883.72741856618
 10
20685.22713556038
 20
14883.72741856618
 10
20685.22713556061
 20
14903.72741856618
 10
20640.22713556061
 20
14903.72741856664
 10
20640.22713556061
 20
14863.72741856665
 10
20655.2271355606
 20
14863.72741856665
 10
20655.2271355606
 20
14843.72741856665
 10
20640.22713556037
 20
14843.72741856665
 10
20640.22713556037
 20
14803.72741856665
 10
20685.22713556014
 20
14803.72741856618
 10
20685.22713556038
 20
14823.72741856618
  0
LWPOLYLINE
  5
8CB4
330
1F
100
AcDbEntity
  8
DOOR-S
100
AcDbPolyline
 90
10
 70
0
 10
20683.72713556037
 20
14823.72741856618
 10
20683.72713556014
 20
14805.22741856618
 10
20641.72713556061
 20
14805.22741856664
 10
20641.72713556061
 20
14842.22741856664
 10
20656.72713556061
 20
14842.22741856664
 10
20656.72713556037
 20
14865.22741856664
 10
20641.72713556037
 20
14865.22741856664
 10
20641.72713556037
 20
14902.22741856664
 10
20683.72713556061
 20
14902.22741856618
 10
20683.72713556037
 20
14883.72741856618
  0
LWPOLYLINE
  5
8CB5
330
1F
100
AcDbEntity
  8
DOOR-S
100
AcDbPolyline
 90
12
 70
1
 10
18806.72713556066
 20
14801.72741857164
 10
18806.72713556066
 20
14841.72741857164
 10
18821.72713556066
 20
14841.72741857164
 10
18821.72713556066
 20
14861.72741857164
 10
18806.72713556066
 20
14861.72741857164
 10
18806.72713556066
 20
14901.72741857164
 10
18851.72713556066
 20
14901.72741857164
 10
18851.72713556066
 20
14861.72741857164
 10
18836.72713556066
 20
14861.72741857164
 10
18836.72713556066
 20
14841.72741857164
 10
18851.72713556066
 20
14841.72741857164
 10
18851.72713556066
 20
14801.72741857164
  0
LWPOLYLINE
  5
8CB6
330
1F
100
AcDbEntity
  8
DOOR-S
100
AcDbPolyline
 90
12
 70
1
 10
18808.22713556066
 20
14803.22741857164
 10
18808.22713556066
 20
14840.22741857164
 10
18823.22713556066
 20
14840.22741857164
 10
18823.22713556066
 20
14863.22741857164
 10
18808.22713556066
 20
14863.22741857164
 10
18808.22713556066
 20
14900.22741857164
 10
18850.22713556065
 20
14900.22741857164
 10
18850.22713556065
 20
14863.22741857164
 10
18835.22713556065
 20
14863.22741857164
 10
18835.22713556065
 20
14840.22741857164
 10
18850.22713556065
 20
14840.22741857164
 10
18850.22713556065
 20
14803.22741857164
  0
LWPOLYLINE
  5
8CB7
330
1F
100
AcDbEntity
  8
DOOR-S
100
AcDbPolyline
 90
12
 70
1
 10
18809.72713556066
 20
14804.72741857164
 10
18809.72713556066
 20
14838.72741857164
 10
18824.72713556065
 20
14838.72741857164
 10
18824.72713556065
 20
14864.72741857164
 10
18809.72713556066
 20
14864.72741857164
 10
18809.72713556066
 20
14898.72741857164
 10
18848.72713556066
 20
14898.72741857164
 10
18848.72713556066
 20
14864.72741857164
 10
18833.72713556066
 20
14864.72741857164
 10
18833.72713556066
 20
14838.72741857164
 10
18848.72713556066
 20
14838.72741857164
 10
18848.72713556066
 20
14804.72741857164
  0
LWPOLYLINE
  5
8CB8
330
1F
100
AcDbEntity
  8
DOOR-S
100
AcDbPolyline
 90
20
 70
1
 10
17908.22713552964
 20
14823.72741856851
 10
17908.22713552987
 20
14806.72741856851
 10
17947.22713552964
 20
14806.72741856897
 10
17947.22713552964
 20
14840.72741856897
 10
17932.22713552964
 20
14840.72741856897
 10
17932.22713552964
 20
14866.72741856897
 10
17947.22713552964
 20
14866.72741856897
 10
17947.22713552941
 20
14900.72741856897
 10
17908.22713552941
 20
14900.72741856851
 10
17908.22713552964
 20
14883.72741856851
 10
17905.22713552964
 20
14883.72741856851
 10
17905.2271355294
 20
14903.72741856851
 10
17950.22713552941
 20
14903.72741856897
 10
17950.22713552941
 20
14863.72741856897
 10
17935.22713552941
 20
14863.72741856897
 10
17935.22713552941
 20
14843.72741856897
 10
17950.22713552964
 20
14843.72741856897
 10
17950.22713552964
 20
14803.72741856897
 10
17905.22713552987
 20
14803.72741856851
 10
17905.22713552964
 20
14823.72741856851
  0
LWPOLYLINE
  5
8CB9
330
1F
100
AcDbEntity
  8
DOOR-S
100
AcDbPolyline
 90
10
 70
0
 10
17906.72713552964
 20
14823.72741856851
 10
17906.72713552987
 20
14805.22741856851
 10
17948.7271355294
 20
14805.22741856897
 10
17948.7271355294
 20
14842.22741856897
 10
17933.7271355294
 20
14842.22741856897
 10
17933.72713552964
 20
14865.22741856897
 10
17948.72713552964
 20
14865.22741856897
 10
17948.72713552964
 20
14902.22741856897
 10
17906.7271355294
 20
14902.22741856851
 10
17906.72713552964
 20
14883.72741856851
  0
LWPOLYLINE
  5
8CBA
330
1F
100
AcDbEntity
  8
DOOR-S
100
AcDbPolyline
 90
12
 70
1
 10
19739.72713556065
 20
14801.72741856798
 10
19739.72713556065
 20
14841.72741856798
 10
19754.72713556066
 20
14841.72741856798
 10
19754.72713556066
 20
14861.72741856798
 10
19739.72713556065
 20
14861.72741856798
 10
19739.72713556065
 20
14901.72741856798
 10
19784.72713556065
 20
14901.72741856798
 10
19784.72713556065
 20
14861.72741856798
 10
19769.72713556065
 20
14861.72741856798
 10
19769.72713556065
 20
14841.72741856798
 10
19784.72713556065
 20
14841.72741856798
 10
19784.72713556065
 20
14801.72741856798
  0
LWPOLYLINE
  5
8CBB
330
1F
100
AcDbEntity
  8
DOOR-S
100
AcDbPolyline
 90
12
 70
1
 10
19741.22713556065
 20
14803.22741856798
 10
19741.22713556065
 20
14840.22741856798
 10
19756.22713556066
 20
14840.22741856798
 10
19756.22713556066
 20
14863.22741856798
 10
19741.22713556065
 20
14863.22741856798
 10
19741.22713556065
 20
14900.22741856798
 10
19783.22713556065
 20
14900.22741856798
 10
19783.22713556065
 20
14863.22741856798
 10
19768.22713556066
 20
14863.22741856798
 10
19768.22713556066
 20
14840.22741856798
 10
19783.22713556065
 20
14840.22741856798
 10
19783.22713556065
 20
14803.22741856798
  0
LWPOLYLINE
  5
8CBC
330
1F
100
AcDbEntity
  8
DOOR-S
100
AcDbPolyline
 90
12
 70
1
 10
19742.72713556065
 20
14804.72741856798
 10
19742.72713556065
 20
14838.72741856798
 10
19757.72713556066
 20
14838.72741856798
 10
19757.72713556066
 20
14864.72741856798
 10
19742.72713556065
 20
14864.72741856798
 10
19742.72713556065
 20
14898.72741856798
 10
19781.72713556066
 20
14898.72741856798
 10
19781.72713556066
 20
14864.72741856798
 10
19766.72713556066
 20
14864.72741856798
 10
19766.72713556066
 20
14838.72741856798
 10
19781.72713556066
 20
14838.72741856798
 10
19781.72713556066
 20
14804.72741856798
  0
INSERT
  5
8CBD
330
1F
100
AcDbEntity
  8
FIN
100
AcDbBlockReference
  2
A$C3AEE33D6
 10
13092.5477381748
 20
11873.72746722167
 30
0.0
  0
LWPOLYLINE
  5
8CBE
330
1F
100
AcDbEntity
  8
RXDOOR
100
AcDbPolyline
 90
4
 70
1
 10
13855.22713546305
 20
10683.72741856944
 10
14180.22713546398
 20
11246.64393102849
 10
14162.90662738857
 20
11256.64393102849
 10
13837.9066273881
 20
10693.72741856944
1001
INERCAD20
1000
UnNamed
1070
3001
1071
2
  0
ARC
  5
8CBF
330
1F
100
AcDbEntity
  8
RXDOOR
 62
7
100
AcDbCircle
 10
13855.22713546305
 20
10683.72741856944
 30
0.0
 40
650.0
100
AcDbArc
 50
61.7623909960587
 51
90.0
1001
INERCAD20
1000
UnNamed
1070
3001
1071
3
  0
LINE
  5
8CC0
330
1F
100
AcDbEntity
  8
TOILET
100
AcDbLine
 10
13855.22713546444
 20
11333.72741856944
 30
0.0
 11
13835.22713546444
 21
11333.72741856944
 31
0.0
  0
LINE
  5
8CC1
330
1F
100
AcDbEntity
  8
TOILET
100
AcDbLine
 10
13855.22713546305
 20
10683.72741856944
 30
0.0
 11
13835.22713546305
 21
10683.72741856944
 31
0.0
  0
LINE
  5
8CC2
330
1F
100
AcDbEntity
  8
TOILET
100
AcDbLine
 10
13855.22713546701
 20
10053.72741856804
 30
0.0
 11
13855.22713546049
 21
11353.72741857084
 31
0.0
  0
LINE
  5
8CC3
330
1F
100
AcDbEntity
  8
TOILET
100
AcDbLine
 10
13835.22713546258
 20
10053.72741856851
 30
0.0
 11
13835.22713546049
 21
11353.72741857084
 31
0.0
  0
INSERT
  5
8CC4
330
1F
100
AcDbEntity
  8
FIN
100
AcDbBlockReference
  2
A$C3AEE33D6
 10
13092.54773817457
 20
10833.72736991947
 30
0.0
 41
-1.0
 50
180.0
  0
LINE
  5
8CC5
330
1F
100
AcDbEntity
  8
WAL
100
AcDbLine
 10
20865.22713555874
 20
21353.72741856944
 30
0.0
 11
20865.22713555835
 21
21443.72741856932
 31
0.0
  0
LINE
  5
8CC6
330
1F
100
AcDbEntity
  8
WAL
100
AcDbLine
 10
20865.22713555835
 20
21443.72741856932
 30
0.0
 11
21405.22713555905
 21
21443.727418569
 31
0.0
  0
LINE
  5
8CC7
330
1F
100
AcDbEntity
  8
WAL
100
AcDbLine
 10
21405.22713555905
 20
21443.727418569
 30
0.0
 11
21405.22713555991
 21
21353.72741856959
 31
0.0
  0
LINE
  5
8CC8
330
1F
100
AcDbEntity
  8
WAL
100
AcDbLine
 10
20835.22713555898
 20
21353.72741856944
 30
0.0
 11
20835.22713555835
 21
21473.72741856933
 31
0.0
  0
LINE
  5
8CC9
330
1F
100
AcDbEntity
  8
WAL
100
AcDbLine
 10
20835.22713555835
 20
21473.72741856933
 30
0.0
 11
21435.22713555882
 21
21473.72741856901
 31
0.0
  0
LINE
  5
8CCA
330
1F
100
AcDbEntity
  8
WAL
100
AcDbLine
 10
21435.22713555882
 20
21473.72741856901
 30
0.0
 11
21435.22713555968
 21
21353.72741856959
 31
0.0
  0
LINE
  5
8CCB
330
1F
100
AcDbEntity
  8
WAL
100
AcDbLine
 10
15935.22713556223
 20
21353.72741863044
 30
0.0
 11
15935.22713556208
 21
21473.72741862986
 31
0.0
  0
LINE
  5
8CCC
330
1F
100
AcDbEntity
  8
WAL
100
AcDbLine
 10
15905.22713556223
 20
21353.72741863091
 30
0.0
 11
15905.22713556184
 21
21443.72741863032
 31
0.0
  0
LINE
  5
8CCD
330
1F
100
AcDbEntity
  8
WAL
100
AcDbLine
 10
14965.227135562
 20
21353.72741863789
 30
0.0
 11
14965.22713556161
 21
21443.72741863731
 31
0.0
  0
LINE
  5
8CCE
330
1F
100
AcDbEntity
  8
WAL
100
AcDbLine
 10
14935.227135562
 20
21353.72741863836
 30
0.0
 11
14935.22713556184
 21
21473.72741863778
 31
0.0
  0
LINE
  5
8CCF
330
1F
100
AcDbEntity
  8
WAL
100
AcDbLine
 10
13135.227135562
 20
21353.72741865186
 30
0.0
 11
13135.22713556184
 21
21473.72741865128
 31
0.0
  0
LINE
  5
8CD0
330
1F
100
AcDbEntity
  8
WAL
100
AcDbLine
 10
13105.227135562
 20
21353.72741865233
 30
0.0
 11
13105.22713556161
 21
21443.72741865175
 31
0.0
  0
LINE
  5
8CD1
330
1F
100
AcDbEntity
  8
WAL
100
AcDbLine
 10
16805.22713552964
 20
14753.72741858015
 30
0.0
 11
16805.22713552894
 21
14663.72741858015
 31
0.0
  0
LINE
  5
8CD2
330
1F
100
AcDbEntity
  8
WAL
100
AcDbLine
 10
16805.22713552894
 20
14663.72741858015
 30
0.0
 11
17865.22713552894
 21
14663.72741858015
 31
0.0
  0
LINE
  5
8CD3
330
1F
100
AcDbEntity
  8
WAL
100
AcDbLine
 10
17865.22713552894
 20
14663.72741858015
 30
0.0
 11
17865.2271355294
 21
14753.72741858015
 31
0.0
  0
LINE
  5
8CD4
330
1F
100
AcDbEntity
  8
WAL
100
AcDbLine
 10
16775.2271355294
 20
14753.72741858015
 30
0.0
 11
16775.22713552863
 21
14633.72741858015
 31
0.0
  0
LINE
  5
8CD5
330
1F
100
AcDbEntity
  8
WAL
100
AcDbLine
 10
16775.22713552871
 20
14633.72741858015
 30
0.0
 11
17895.22713552894
 21
14633.72741858015
 31
0.0
  0
LINE
  5
8CD6
330
1F
100
AcDbEntity
  8
WAL
100
AcDbLine
 10
17895.22713552889
 20
14633.72741858015
 30
0.0
 11
17895.22713552941
 21
14753.72741858015
 31
0.0
  0
LINE
  5
8CD7
330
1F
100
AcDbEntity
  8
ELE-2
100
AcDbLine
 10
21630.22713556061
 20
14818.72741857552
 30
0.0
 11
22476.72713555991
 21
14818.72741857223
 31
0.0
  0
LINE
  5
8CD8
330
1F
100
AcDbEntity
  8
ELE-2
100
AcDbLine
 10
22521.72713555991
 20
14818.72741857223
 30
0.0
 11
23400.72713555991
 21
14818.72741857037
 31
0.0
  0
LINE
  5
8CD9
330
1F
100
AcDbEntity
  8
ELE-2
100
AcDbLine
 10
23445.72713555991
 20
14818.72741857037
 30
0.0
 11
26140.22713552766
 21
14818.72741856839
 31
0.0
  0
LINE
  5
8CDA
330
1F
100
AcDbEntity
  8
ELE-2
100
AcDbLine
 10
21630.22713556038
 20
14888.72741857552
 30
0.0
 11
22476.72713555991
 21
14888.72741857223
 31
0.0
  0
LINE
  5
8CDB
330
1F
100
AcDbEntity
  8
ELE-2
100
AcDbLine
 10
22521.72713555991
 20
14888.72741857223
 30
0.0
 11
23400.72713555991
 21
14888.72741857037
 31
0.0
  0
LINE
  5
8CDC
330
1F
100
AcDbEntity
  8
ELE-2
100
AcDbLine
 10
23445.72713555991
 20
14888.72741857037
 30
0.0
 11
26140.22713552766
 21
14888.72741856839
 31
0.0
  0
LINE
  5
8CDD
330
1F
100
AcDbEntity
  8
DOOR
100
AcDbLine
 10
21615.22713556037
 20
14858.72741857552
 30
0.0
 11
22491.72713555991
 21
14858.72741857223
 31
0.0
  0
LINE
  5
8CDE
330
1F
100
AcDbEntity
  8
DOOR
100
AcDbLine
 10
22506.72713555991
 20
14858.72741857223
 30
0.0
 11
23415.72713555991
 21
14858.72741857037
 31
0.0
  0
LINE
  5
8CDF
330
1F
100
AcDbEntity
  8
DOOR
100
AcDbLine
 10
23430.72713555991
 20
14858.72741857037
 30
0.0
 11
26155.22713552766
 21
14858.72741856839
 31
0.0
  0
LINE
  5
8CE0
330
1F
100
AcDbEntity
  8
DOOR
100
AcDbLine
 10
21615.22713556037
 20
14848.72741857552
 30
0.0
 11
22491.72713555991
 21
14848.72741857223
 31
0.0
  0
LINE
  5
8CE1
330
1F
100
AcDbEntity
  8
DOOR
100
AcDbLine
 10
22506.72713555991
 20
14848.72741857223
 30
0.0
 11
23415.72713555991
 21
14848.72741857037
 31
0.0
  0
LINE
  5
8CE2
330
1F
100
AcDbEntity
  8
DOOR
100
AcDbLine
 10
23430.72713555991
 20
14848.72741857037
 30
0.0
 11
26155.22713552766
 21
14848.72741856839
 31
0.0
  0
LWPOLYLINE
  5
8CE3
330
1F
100
AcDbEntity
  8
DOOR-S
100
AcDbPolyline
 90
20
 70
1
 10
26182.22713552743
 20
14823.72741856746
 10
26182.2271355272
 20
14806.72741856746
 10
26143.22713552743
 20
14806.72741856793
 10
26143.22713552743
 20
14840.72741856792
 10
26158.22713552743
 20
14840.72741856792
 10
26158.22713552743
 20
14866.72741856793
 10
26143.22713552743
 20
14866.72741856793
 10
26143.22713552766
 20
14900.72741856792
 10
26182.22713552766
 20
14900.72741856746
 10
26182.22713552743
 20
14883.72741856746
 10
26185.22713552743
 20
14883.72741856746
 10
26185.22713552766
 20
14903.72741856746
 10
26140.22713552766
 20
14903.72741856792
 10
26140.22713552766
 20
14863.72741856792
 10
26155.22713552766
 20
14863.72741856792
 10
26155.22713552766
 20
14843.72741856792
 10
26140.22713552743
 20
14843.72741856792
 10
26140.22713552743
 20
14803.72741856792
 10
26185.2271355272
 20
14803.72741856746
 10
26185.22713552743
 20
14823.72741856746
  0
LWPOLYLINE
  5
8CE4
330
1F
100
AcDbEntity
  8
DOOR-S
100
AcDbPolyline
 90
10
 70
0
 10
26183.72713552743
 20
14823.72741856746
 10
26183.72713552719
 20
14805.22741856746
 10
26141.72713552766
 20
14805.22741856793
 10
26141.72713552766
 20
14842.22741856792
 10
26156.72713552766
 20
14842.22741856792
 10
26156.72713552743
 20
14865.22741856792
 10
26141.72713552743
 20
14865.22741856792
 10
26141.72713552743
 20
14902.22741856793
 10
26183.72713552766
 20
14902.22741856746
 10
26183.72713552743
 20
14883.72741856746
  0
LWPOLYLINE
  5
8CE5
330
1F
100
AcDbEntity
  8
DOOR-S
100
AcDbPolyline
 90
12
 70
1
 10
22476.72713555991
 20
14801.72741857316
 10
22476.72713555991
 20
14841.72741857316
 10
22491.72713555991
 20
14841.72741857316
 10
22491.72713555991
 20
14861.72741857316
 10
22476.72713555991
 20
14861.72741857316
 10
22476.72713555991
 20
14901.72741857317
 10
22521.72713555991
 20
14901.72741857317
 10
22521.72713555991
 20
14861.72741857316
 10
22506.72713555991
 20
14861.72741857316
 10
22506.72713555991
 20
14841.72741857316
 10
22521.72713555991
 20
14841.72741857316
 10
22521.72713555991
 20
14801.72741857316
  0
LWPOLYLINE
  5
8CE6
330
1F
100
AcDbEntity
  8
DOOR-S
100
AcDbPolyline
 90
12
 70
1
 10
22478.22713555991
 20
14803.22741857316
 10
22478.22713555991
 20
14840.22741857316
 10
22493.22713555991
 20
14840.22741857316
 10
22493.22713555991
 20
14863.22741857316
 10
22478.22713555991
 20
14863.22741857316
 10
22478.22713555991
 20
14900.22741857316
 10
22520.22713555991
 20
14900.22741857316
 10
22520.22713555991
 20
14863.22741857316
 10
22505.22713555991
 20
14863.22741857316
 10
22505.22713555991
 20
14840.22741857316
 10
22520.22713555991
 20
14840.22741857316
 10
22520.22713555991
 20
14803.22741857316
  0
LWPOLYLINE
  5
8CE7
330
1F
100
AcDbEntity
  8
DOOR-S
100
AcDbPolyline
 90
12
 70
1
 10
22479.72713555991
 20
14804.72741857316
 10
22479.72713555991
 20
14838.72741857316
 10
22494.72713555991
 20
14838.72741857316
 10
22494.72713555991
 20
14864.72741857316
 10
22479.72713555991
 20
14864.72741857316
 10
22479.72713555991
 20
14898.72741857316
 10
22518.72713555991
 20
14898.72741857316
 10
22518.72713555991
 20
14864.72741857316
 10
22503.72713555991
 20
14864.72741857316
 10
22503.72713555991
 20
14838.72741857316
 10
22518.72713555991
 20
14838.72741857316
 10
22518.72713555991
 20
14804.72741857316
  0
LWPOLYLINE
  5
8CE8
330
1F
100
AcDbEntity
  8
DOOR-S
100
AcDbPolyline
 90
20
 70
1
 10
21588.22713556061
 20
14823.72741857366
 10
21588.22713556084
 20
14806.72741857366
 10
21627.22713556061
 20
14806.72741857412
 10
21627.22713556061
 20
14840.72741857412
 10
21612.22713556061
 20
14840.72741857412
 10
21612.22713556061
 20
14866.72741857412
 10
21627.22713556061
 20
14866.72741857412
 10
21627.22713556037
 20
14900.72741857412
 10
21588.22713556038
 20
14900.72741857366
 10
21588.22713556061
 20
14883.72741857366
 10
21585.2271355606
 20
14883.72741857366
 10
21585.22713556037
 20
14903.72741857366
 10
21630.22713556038
 20
14903.72741857412
 10
21630.22713556038
 20
14863.72741857412
 10
21615.22713556037
 20
14863.72741857412
 10
21615.22713556037
 20
14843.72741857412
 10
21630.22713556061
 20
14843.72741857412
 10
21630.22713556061
 20
14803.72741857412
 10
21585.22713556084
 20
14803.72741857366
 10
21585.2271355606
 20
14823.72741857366
  0
LWPOLYLINE
  5
8CE9
330
1F
100
AcDbEntity
  8
DOOR-S
100
AcDbPolyline
 90
10
 70
0
 10
21586.72713556061
 20
14823.72741857366
 10
21586.72713556084
 20
14805.22741857366
 10
21628.72713556037
 20
14805.22741857412
 10
21628.72713556037
 20
14842.22741857412
 10
21613.72713556037
 20
14842.22741857412
 10
21613.7271355606
 20
14865.22741857412
 10
21628.72713556061
 20
14865.22741857412
 10
21628.72713556061
 20
14902.22741857412
 10
21586.72713556037
 20
14902.22741857366
 10
21586.72713556061
 20
14883.72741857366
  0
LWPOLYLINE
  5
8CEA
330
1F
100
AcDbEntity
  8
DOOR-S
100
AcDbPolyline
 90
12
 70
1
 10
23400.72713555991
 20
14801.72741856944
 10
23400.72713555991
 20
14841.72741856944
 10
23415.72713555991
 20
14841.72741856944
 10
23415.72713555991
 20
14861.72741856944
 10
23400.72713555991
 20
14861.72741856944
 10
23400.72713555991
 20
14901.72741856944
 10
23445.72713555991
 20
14901.72741856944
 10
23445.72713555991
 20
14861.72741856944
 10
23430.72713555991
 20
14861.72741856944
 10
23430.72713555991
 20
14841.72741856944
 10
23445.72713555991
 20
14841.72741856944
 10
23445.72713555991
 20
14801.72741856944
  0
LWPOLYLINE
  5
8CEB
330
1F
100
AcDbEntity
  8
DOOR-S
100
AcDbPolyline
 90
12
 70
1
 10
23402.22713555991
 20
14803.22741856944
 10
23402.22713555991
 20
14840.22741856944
 10
23417.22713555991
 20
14840.22741856944
 10
23417.22713555991
 20
14863.22741856944
 10
23402.22713555991
 20
14863.22741856944
 10
23402.22713555991
 20
14900.22741856944
 10
23444.22713555991
 20
14900.22741856944
 10
23444.22713555991
 20
14863.22741856944
 10
23429.22713555991
 20
14863.22741856944
 10
23429.22713555991
 20
14840.22741856944
 10
23444.22713555991
 20
14840.22741856944
 10
23444.22713555991
 20
14803.22741856944
  0
LWPOLYLINE
  5
8CEC
330
1F
100
AcDbEntity
  8
DOOR-S
100
AcDbPolyline
 90
12
 70
1
 10
23403.72713555991
 20
14804.72741856944
 10
23403.72713555991
 20
14838.72741856944
 10
23418.72713555991
 20
14838.72741856944
 10
23418.72713555991
 20
14864.72741856944
 10
23403.72713555991
 20
14864.72741856944
 10
23403.72713555991
 20
14898.72741856944
 10
23442.72713555991
 20
14898.72741856944
 10
23442.72713555991
 20
14864.72741856944
 10
23427.72713555991
 20
14864.72741856944
 10
23427.72713555991
 20
14838.72741856944
 10
23442.72713555991
 20
14838.72741856944
 10
23442.72713555991
 20
14804.72741856944
  0
LWPOLYLINE
  5
8CED
330
1F
100
AcDbEntity
  8
DOOR-S
100
AcDbPolyline
 90
12
 70
1
 10
24324.72713555991
 20
14801.72741856944
 10
24324.72713555991
 20
14841.72741856944
 10
24339.72713555991
 20
14841.72741856944
 10
24339.72713555991
 20
14861.72741856944
 10
24324.72713555991
 20
14861.72741856944
 10
24324.72713555991
 20
14901.72741856944
 10
24369.72713555991
 20
14901.72741856944
 10
24369.72713555991
 20
14861.72741856944
 10
24354.72713555991
 20
14861.72741856944
 10
24354.72713555991
 20
14841.72741856944
 10
24369.72713555991
 20
14841.72741856944
 10
24369.72713555991
 20
14801.72741856944
  0
LWPOLYLINE
  5
8CEE
330
1F
100
AcDbEntity
  8
DOOR-S
100
AcDbPolyline
 90
12
 70
1
 10
24326.22713555991
 20
14803.22741856944
 10
24326.22713555991
 20
14840.22741856944
 10
24341.22713555991
 20
14840.22741856944
 10
24341.22713555991
 20
14863.22741856944
 10
24326.22713555991
 20
14863.22741856944
 10
24326.22713555991
 20
14900.22741856944
 10
24368.22713555991
 20
14900.22741856944
 10
24368.22713555991
 20
14863.22741856944
 10
24353.22713555991
 20
14863.22741856944
 10
24353.22713555991
 20
14840.22741856944
 10
24368.22713555991
 20
14840.22741856944
 10
24368.22713555991
 20
14803.22741856944
  0
LWPOLYLINE
  5
8CEF
330
1F
100
AcDbEntity
  8
DOOR-S
100
AcDbPolyline
 90
12
 70
1
 10
24327.72713555991
 20
14804.72741856944
 10
24327.72713555991
 20
14838.72741856944
 10
24342.72713555991
 20
14838.72741856944
 10
24342.72713555991
 20
14864.72741856944
 10
24327.72713555991
 20
14864.72741856944
 10
24327.72713555991
 20
14898.72741856944
 10
24366.72713555991
 20
14898.72741856944
 10
24366.72713555991
 20
14864.72741856944
 10
24351.72713555991
 20
14864.72741856944
 10
24351.72713555991
 20
14838.72741856944
 10
24366.72713555991
 20
14838.72741856944
 10
24366.72713555991
 20
14804.72741856944
  0
LWPOLYLINE
  5
8CF0
330
1F
100
AcDbEntity
  8
DOOR-S
100
AcDbPolyline
 90
12
 70
1
 10
25248.72713555991
 20
14801.72741856944
 10
25248.72713555991
 20
14841.72741856944
 10
25263.72713555991
 20
14841.72741856944
 10
25263.72713555991
 20
14861.72741856944
 10
25248.72713555991
 20
14861.72741856944
 10
25248.72713555991
 20
14901.72741856944
 10
25293.72713555991
 20
14901.72741856944
 10
25293.72713555991
 20
14861.72741856944
 10
25278.72713555991
 20
14861.72741856944
 10
25278.72713555991
 20
14841.72741856944
 10
25293.72713555991
 20
14841.72741856944
 10
25293.72713555991
 20
14801.72741856944
  0
LWPOLYLINE
  5
8CF1
330
1F
100
AcDbEntity
  8
DOOR-S
100
AcDbPolyline
 90
12
 70
1
 10
25250.22713555991
 20
14803.22741856944
 10
25250.22713555991
 20
14840.22741856944
 10
25265.22713555991
 20
14840.22741856944
 10
25265.22713555991
 20
14863.22741856944
 10
25250.22713555991
 20
14863.22741856944
 10
25250.22713555991
 20
14900.22741856944
 10
25292.22713555991
 20
14900.22741856944
 10
25292.22713555991
 20
14863.22741856944
 10
25277.22713555991
 20
14863.22741856944
 10
25277.22713555991
 20
14840.22741856944
 10
25292.22713555991
 20
14840.22741856944
 10
25292.22713555991
 20
14803.22741856944
  0
LWPOLYLINE
  5
8CF2
330
1F
100
AcDbEntity
  8
DOOR-S
100
AcDbPolyline
 90
12
 70
1
 10
25251.72713555991
 20
14804.72741856944
 10
25251.72713555991
 20
14838.72741856944
 10
25266.72713555991
 20
14838.72741856944
 10
25266.72713555991
 20
14864.72741856944
 10
25251.72713555991
 20
14864.72741856944
 10
25251.72713555991
 20
14898.72741856944
 10
25290.72713555991
 20
14898.72741856944
 10
25290.72713555991
 20
14864.72741856944
 10
25275.72713555991
 20
14864.72741856944
 10
25275.72713555991
 20
14838.72741856944
 10
25290.72713555991
 20
14838.72741856944
 10
25290.72713555991
 20
14804.72741856944
  0
INSERT
  5
8CF3
330
1F
100
AcDbEntity
  8
COL
100
AcDbBlockReference
  2
l-209
 10
-14674.17928946543
 20
10083.72741857316
 30
0.0
 41
-1.0
 43
-1.0
 50
180.0
210
0.0
220
0.0
230
-1.0
  0
LWPOLYLINE
  5
8CF4
330
1F
100
AcDbEntity
  8
COL
100
AcDbPolyline
 90
2
 70
0
 10
12135.22713559192
 20
16403.72741861449
 10
11935.22713559145
 20
16403.72741861403
  0
LWPOLYLINE
  5
8CF5
330
1F
100
AcDbEntity
  8
COL
100
AcDbPolyline
 90
2
 70
0
 10
12135.22713559262
 20
17403.72741861449
 10
11935.22713559262
 20
17403.72741861403
  0
TEXT
  5
8CF6
330
1F
100
AcDbEntity
  8
TEXT
100
AcDbText
 10
12711.42746576796
 20
18577.26881941294
 30
0.0
 40
200.0
  1
8인승
  7
굴림체
 11
12711.42746576796
 21
18677.26881941294
 31
0.0
100
AcDbText
 73
2
  0
LINE
  5
8CF7
330
1F
100
AcDbEntity
  8
마감선
100
AcDbLine
 10
12153.22713548377
 20
17403.72741861438
 30
0.0
 11
12135.22713559751
 21
17403.72741861449
 31
0.0
  0
LINE
  5
8CF8
330
1F
100
AcDbEntity
  8
마감선
100
AcDbLine
 10
12153.22713548377
 20
17535.72741865745
 30
0.0
 11
12153.22713548377
 21
16403.72741861438
 31
0.0
  0
LINE
  5
8CF9
330
1F
100
AcDbEntity
  8
마감선
100
AcDbLine
 10
12135.22713547754
 20
16403.72741861449
 30
0.0
 11
12153.22713547754
 21
16403.72741861438
 31
0.0
  0
LWPOLYLINE
  5
8CFA
330
1F
100
AcDbEntity
  8
COL
100
AcDbPolyline
 90
2
 70
0
 10
12535.22713553563
 20
12253.72741856979
 10
12735.22713553563
 20
12253.72741856979
  0
LWPOLYLINE
  5
8CFB
330
1F
100
AcDbEntity
  8
COL
100
AcDbPolyline
 90
2
 70
0
 10
12535.22713553563
 20
11653.72741856979
 10
12735.22713553563
 20
11653.72741856979
  0
LWPOLYLINE
  5
8CFC
330
1F
100
AcDbEntity
  8
WID-S
100
AcDbPolyline
 90
16
 70
1
 10
12622.22713553563
 20
12196.72741857002
 10
12632.22713553563
 20
12196.72741857002
 10
12632.22713553563
 20
12196.72741857002
 10
12632.22713553563
 20
12196.72741857002
 10
12632.22713553563
 20
12196.72741857002
 10
12632.22713553563
 20
12196.72741857002
 10
12632.22713553563
 20
12240.72741857002
 10
12632.22713553563
 20
12240.72741857002
 10
12632.22713553563
 20
12240.72741857002
 10
12632.22713553563
 20
12240.72741857002
 10
12632.22713553563
 20
12240.72741857002
 10
12538.22713553563
 20
12240.72741857002
 10
12538.22713553563
 20
12196.72741857002
 10
12548.22713553563
 20
12196.72741857002
 10
12548.22713553563
 20
12211.72741857002
 10
12622.22713553563
 20
12211.72741857002
  0
LWPOLYLINE
  5
8CFD
330
1F
100
AcDbEntity
  8
WID-S
100
AcDbPolyline
 90
16
 70
1
 10
12619.22713553563
 20
12193.72741857002
 10
12635.22713553563
 20
12193.72741857002
 10
12635.22713553563
 20
12193.72741857002
 10
12635.22713553563
 20
12193.72741857002
 10
12635.22713553563
 20
12193.72741857002
 10
12635.22713553563
 20
12193.72741857002
 10
12635.22713553563
 20
12243.72741857002
 10
12635.22713553563
 20
12243.72741857002
 10
12635.22713553563
 20
12243.72741857002
 10
12635.22713553563
 20
12243.72741857002
 10
12635.22713553563
 20
12243.72741857002
 10
12535.22713553563
 20
12243.72741857002
 10
12535.22713553563
 20
12193.72741857002
 10
12551.22713553563
 20
12193.72741857002
 10
12551.22713553563
 20
12208.72741857002
 10
12619.22713553563
 20
12208.72741857002
  0
LINE
  5
8CFE
330
1F
100
AcDbEntity
  8
WID-S
100
AcDbLine
 10
12585.22713553563
 20
12208.72741857002
 30
0.0
 11
12585.22713553563
 21
12193.72741857002
 31
0.0
  0
LWPOLYLINE
  5
8CFF
330
1F
100
AcDbEntity
  8
WID-S
100
AcDbPolyline
 90
4
 70
1
 10
12587.22713553517
 20
12123.72741857049
 10
12617.22713553517
 20
12123.72741857002
 10
12617.2271355347
 20
12203.72741856955
 10
12587.22713553517
 20
12203.72741857049
1001
INERCAD20
1000
UnNamed
1070
2001
1071
2
  0
LWPOLYLINE
  5
8D00
330
1F
100
AcDbEntity
  8
WID-S
100
AcDbPolyline
 90
4
 70
1
 10
12590.22713553517
 20
12126.72741857049
 10
12614.22713553517
 20
12126.72741857002
 10
12614.2271355347
 20
12200.72741856955
 10
12590.22713553517
 20
12200.72741857025
1001
INERCAD20
1000
UnNamed
1070
2001
1071
2
  0
LINE
  5
8D01
330
1F
100
AcDbEntity
  8
ELE-2
100
AcDbLine
 10
12551.2271355361
 20
12193.72741857002
 30
0.0
 11
12551.22713553563
 21
11713.72741857002
 31
0.0
1001
INERCAD20
1000
UnNamed
1070
2001
1071
4
  0
LINE
  5
8D02
330
1F
100
AcDbEntity
  8
ELE-2
100
AcDbLine
 10
12619.22713553563
 20
12193.72741857049
 30
0.0
 11
12619.22713553517
 21
11713.72741857002
 31
0.0
1001
INERCAD20
1000
UnNamed
1070
2001
1071
4
  0
LINE
  5
8D03
330
1F
100
AcDbEntity
  8
ELE-2
100
AcDbLine
 10
12585.22713553517
 20
11713.72741857002
 30
0.0
 11
12585.22713553517
 21
12193.72741857049
 31
0.0
1001
INERCAD20
1000
UnNamed
1070
2001
1071
4
  0
LINE
  5
8D04
330
1F
100
AcDbEntity
  8
ELE-2
100
AcDbLine
 10
12535.22713553563
 20
12193.72741857002
 30
0.0
 11
12535.22713553517
 21
11713.72741857002
 31
0.0
1001
INERCAD20
1000
UnNamed
1070
2001
1071
4
  0
LINE
  5
8D05
330
1F
100
AcDbEntity
  8
WID
100
AcDbLine
 10
12604.7271355347
 20
11993.72741856979
 30
0.0
 11
12604.72713553517
 21
12123.72741856955
 31
0.0
1001
INERCAD20
1000
UnNamed
1070
2001
1071
1
  0
LWPOLYLINE
  5
8D06
330
1F
100
AcDbEntity
  8
WID-S
100
AcDbPolyline
 90
16
 70
1
 10
12619.22713553563
 20
11713.72741856979
 10
12635.22713553563
 20
11713.72741856979
 10
12635.22713553563
 20
11713.72741856979
 10
12635.22713553563
 20
11713.72741856979
 10
12635.22713553563
 20
11713.72741856979
 10
12635.22713553563
 20
11713.72741856979
 10
12635.22713553563
 20
11663.72741856979
 10
12635.22713553563
 20
11663.72741856979
 10
12635.22713553563
 20
11663.72741856979
 10
12635.22713553563
 20
11663.72741856979
 10
12635.22713553563
 20
11663.72741856979
 10
12535.22713553563
 20
11663.72741856979
 10
12535.22713553563
 20
11713.72741856979
 10
12551.22713553563
 20
11713.72741856979
 10
12551.22713553563
 20
11698.72741856979
 10
12619.22713553563
 20
11698.72741856979
  0
LINE
  5
8D07
330
1F
100
AcDbEntity
  8
ELE-2
100
AcDbLine
 10
12635.22713553563
 20
12193.72741857002
 30
0.0
 11
12635.22713553517
 21
11713.72741857002
 31
0.0
1001
INERCAD20
1000
UnNamed
1070
2001
1071
4
  0
LWPOLYLINE
  5
8D08
330
1F
100
AcDbEntity
  8
WID-S
100
AcDbPolyline
 90
16
 70
1
 10
12622.22713553563
 20
11710.72741856979
 10
12632.22713553563
 20
11710.72741856979
 10
12632.22713553563
 20
11710.72741856979
 10
12632.22713553563
 20
11710.72741856979
 10
12632.22713553563
 20
11710.72741856979
 10
12632.22713553563
 20
11710.72741856979
 10
12632.22713553563
 20
11666.72741856979
 10
12632.22713553563
 20
11666.72741856979
 10
12632.22713553563
 20
11666.72741856979
 10
12632.22713553563
 20
11666.72741856979
 10
12632.22713553563
 20
11666.72741856979
 10
12538.22713553563
 20
11666.72741856979
 10
12538.22713553563
 20
11710.72741856979
 10
12548.22713553563
 20
11710.72741856979
 10
12548.22713553563
 20
11695.72741856979
 10
12622.22713553563
 20
11695.72741856979
  0
LINE
  5
8D09
330
1F
100
AcDbEntity
  8
WID-S
100
AcDbLine
 10
12585.22713553563
 20
11698.72741856979
 30
0.0
 11
12585.22713553563
 21
11713.72741856979
 31
0.0
  0
LWPOLYLINE
  5
8D0A
330
1F
100
AcDbEntity
  8
WID-S
100
AcDbPolyline
 90
4
 70
1
 10
12587.22713553517
 20
11993.72741856932
 10
12617.22713553517
 20
11993.72741856979
 10
12617.2271355347
 20
11913.72741857025
 10
12587.22713553517
 20
11913.72741856932
1001
INERCAD20
1000
UnNamed
1070
2001
1071
2
  0
LWPOLYLINE
  5
8D0B
330
1F
100
AcDbEntity
  8
WID-S
100
AcDbPolyline
 90
4
 70
1
 10
12590.22713553517
 20
11990.72741856932
 10
12614.22713553517
 20
11990.72741856956
 10
12614.2271355347
 20
11916.72741857002
 10
12590.22713553517
 20
11916.72741856932
1001
INERCAD20
1000
UnNamed
1070
2001
1071
2
  0
LINE
  5
8D0C
330
1F
100
AcDbEntity
  8
ELE-2
100
AcDbLine
 10
12335.22713553563
 20
11953.72741857002
 30
0.0
 11
12935.22713553563
 21
11953.72741856979
 31
0.0
  0
LWPOLYLINE
  5
8D0D
330
1F
100
AcDbEntity
  8
WID-S
100
AcDbPolyline
 90
4
 70
1
 10
12553.2271355347
 20
11993.72741856909
 10
12583.2271355347
 20
11993.72741856955
 10
12583.22713553424
 20
11913.72741857002
 10
12553.2271355347
 20
11913.72741856909
1001
INERCAD20
1000
UnNamed
1070
2001
1071
2
  0
LWPOLYLINE
  5
8D0E
330
1F
100
AcDbEntity
  8
WID-S
100
AcDbPolyline
 90
4
 70
1
 10
12556.2271355347
 20
11990.72741856909
 10
12580.2271355347
 20
11990.72741856932
 10
12580.22713553424
 20
11916.72741856979
 10
12556.2271355347
 20
11916.72741856909
1001
INERCAD20
1000
UnNamed
1070
2001
1071
2
  0
LWPOLYLINE
  5
8D0F
330
1F
100
AcDbEntity
  8
WID-S
100
AcDbPolyline
 90
4
 70
1
 10
12553.22713553563
 20
11783.72741856956
 10
12583.22713553563
 20
11783.72741857002
 10
12583.22713553517
 20
11703.72741857049
 10
12553.22713553563
 20
11703.72741856956
1001
INERCAD20
1000
UnNamed
1070
2001
1071
2
  0
LWPOLYLINE
  5
8D10
330
1F
100
AcDbEntity
  8
WID-S
100
AcDbPolyline
 90
4
 70
1
 10
12556.22713553563
 20
11780.72741856955
 10
12580.22713553563
 20
11780.72741857002
 10
12580.22713553517
 20
11706.72741857025
 10
12556.22713553563
 20
11706.72741856956
1001
INERCAD20
1000
UnNamed
1070
2001
1071
2
  0
LINE
  5
8D11
330
1F
100
AcDbEntity
  8
WID
100
AcDbLine
 10
12570.7271355347
 20
11913.72741857025
 30
0.0
 11
12570.72713553563
 21
11783.72741857049
 31
0.0
1001
INERCAD20
1000
UnNamed
1070
2001
1071
1
  0
LWPOLYLINE
  5
8D12
330
1F
100
AcDbEntity
  8
WID-S
100
AcDbPolyline
 90
16
 70
1
 10
12722.22713553563
 20
12196.72741857002
 10
12732.22713553563
 20
12196.72741857002
 10
12732.22713553563
 20
12196.72741857002
 10
12732.22713553563
 20
12196.72741857002
 10
12732.22713553563
 20
12196.72741857002
 10
12732.22713553563
 20
12196.72741857002
 10
12732.22713553563
 20
12240.72741857002
 10
12732.22713553563
 20
12240.72741857002
 10
12732.22713553563
 20
12240.72741857002
 10
12732.22713553563
 20
12240.72741857002
 10
12732.22713553563
 20
12240.72741857002
 10
12638.22713553563
 20
12240.72741857002
 10
12638.22713553563
 20
12196.72741857002
 10
12648.22713553563
 20
12196.72741857002
 10
12648.22713553563
 20
12211.72741857002
 10
12722.22713553563
 20
12211.72741857002
  0
LWPOLYLINE
  5
8D13
330
1F
100
AcDbEntity
  8
WID-S
100
AcDbPolyline
 90
16
 70
1
 10
12719.22713553563
 20
12193.72741857002
 10
12735.22713553563
 20
12193.72741857002
 10
12735.22713553563
 20
12193.72741857002
 10
12735.22713553563
 20
12193.72741857002
 10
12735.22713553563
 20
12193.72741857002
 10
12735.22713553563
 20
12193.72741857002
 10
12735.22713553563
 20
12243.72741857002
 10
12735.22713553563
 20
12243.72741857002
 10
12735.22713553563
 20
12243.72741857002
 10
12735.22713553563
 20
12243.72741857002
 10
12735.22713553563
 20
12243.72741857002
 10
12635.22713553563
 20
12243.72741857002
 10
12635.22713553563
 20
12193.72741857002
 10
12651.22713553563
 20
12193.72741857002
 10
12651.22713553563
 20
12208.72741857002
 10
12719.22713553563
 20
12208.72741857002
  0
LINE
  5
8D14
330
1F
100
AcDbEntity
  8
WID-S
100
AcDbLine
 10
12685.22713553563
 20
12208.72741857002
 30
0.0
 11
12685.22713553563
 21
12193.72741857002
 31
0.0
  0
LWPOLYLINE
  5
8D15
330
1F
100
AcDbEntity
  8
WID-S
100
AcDbPolyline
 90
4
 70
1
 10
12687.22713553517
 20
12123.72741857049
 10
12717.22713553517
 20
12123.72741857002
 10
12717.2271355347
 20
12203.72741856955
 10
12687.22713553517
 20
12203.72741857049
1001
INERCAD20
1000
UnNamed
1070
2001
1071
2
  0
LWPOLYLINE
  5
8D16
330
1F
100
AcDbEntity
  8
WID-S
100
AcDbPolyline
 90
4
 70
1
 10
12690.22713553517
 20
12126.72741857049
 10
12714.22713553517
 20
12126.72741857002
 10
12714.2271355347
 20
12200.72741856955
 10
12690.22713553517
 20
12200.72741857025
1001
INERCAD20
1000
UnNamed
1070
2001
1071
2
  0
LINE
  5
8D17
330
1F
100
AcDbEntity
  8
ELE-2
100
AcDbLine
 10
12651.2271355361
 20
12193.72741857002
 30
0.0
 11
12651.22713553563
 21
11713.72741857002
 31
0.0
1001
INERCAD20
1000
UnNamed
1070
2001
1071
4
  0
LINE
  5
8D18
330
1F
100
AcDbEntity
  8
ELE-2
100
AcDbLine
 10
12719.22713553563
 20
12193.72741857049
 30
0.0
 11
12719.22713553517
 21
11713.72741857002
 31
0.0
1001
INERCAD20
1000
UnNamed
1070
2001
1071
4
  0
LINE
  5
8D19
330
1F
100
AcDbEntity
  8
ELE-2
100
AcDbLine
 10
12685.22713553517
 20
11713.72741857002
 30
0.0
 11
12685.22713553517
 21
12193.72741857049
 31
0.0
1001
INERCAD20
1000
UnNamed
1070
2001
1071
4
  0
LINE
  5
8D1A
330
1F
100
AcDbEntity
  8
ELE-2
100
AcDbLine
 10
12635.22713553563
 20
12193.72741857002
 30
0.0
 11
12635.22713553517
 21
11713.72741857002
 31
0.0
1001
INERCAD20
1000
UnNamed
1070
2001
1071
4
  0
LINE
  5
8D1B
330
1F
100
AcDbEntity
  8
WID
100
AcDbLine
 10
12704.7271355347
 20
11993.72741856979
 30
0.0
 11
12704.72713553517
 21
12123.72741856955
 31
0.0
1001
INERCAD20
1000
UnNamed
1070
2001
1071
1
  0
LWPOLYLINE
  5
8D1C
330
1F
100
AcDbEntity
  8
WID-S
100
AcDbPolyline
 90
16
 70
1
 10
12719.22713553563
 20
11713.72741856979
 10
12735.22713553563
 20
11713.72741856979
 10
12735.22713553563
 20
11713.72741856979
 10
12735.22713553563
 20
11713.72741856979
 10
12735.22713553563
 20
11713.72741856979
 10
12735.22713553563
 20
11713.72741856979
 10
12735.22713553563
 20
11663.72741856979
 10
12735.22713553563
 20
11663.72741856979
 10
12735.22713553563
 20
11663.72741856979
 10
12735.22713553563
 20
11663.72741856979
 10
12735.22713553563
 20
11663.72741856979
 10
12635.22713553563
 20
11663.72741856979
 10
12635.22713553563
 20
11713.72741856979
 10
12651.22713553563
 20
11713.72741856979
 10
12651.22713553563
 20
11698.72741856979
 10
12719.22713553563
 20
11698.72741856979
  0
LINE
  5
8D1D
330
1F
100
AcDbEntity
  8
ELE-2
100
AcDbLine
 10
12735.22713553563
 20
12193.72741857002
 30
0.0
 11
12735.22713553517
 21
11713.72741857002
 31
0.0
1001
INERCAD20
1000
UnNamed
1070
2001
1071
4
  0
LWPOLYLINE
  5
8D1E
330
1F
100
AcDbEntity
  8
WID-S
100
AcDbPolyline
 90
16
 70
1
 10
12722.22713553563
 20
11710.72741856979
 10
12732.22713553563
 20
11710.72741856979
 10
12732.22713553563
 20
11710.72741856979
 10
12732.22713553563
 20
11710.72741856979
 10
12732.22713553563
 20
11710.72741856979
 10
12732.22713553563
 20
11710.72741856979
 10
12732.22713553563
 20
11666.72741856979
 10
12732.22713553563
 20
11666.72741856979
 10
12732.22713553563
 20
11666.72741856979
 10
12732.22713553563
 20
11666.72741856979
 10
12732.22713553563
 20
11666.72741856979
 10
12638.22713553563
 20
11666.72741856979
 10
12638.22713553563
 20
11710.72741856979
 10
12648.22713553563
 20
11710.72741856979
 10
12648.22713553563
 20
11695.72741856979
 10
12722.22713553563
 20
11695.72741856979
  0
LINE
  5
8D1F
330
1F
100
AcDbEntity
  8
WID-S
100
AcDbLine
 10
12685.22713553563
 20
11698.72741856979
 30
0.0
 11
12685.22713553563
 21
11713.72741856979
 31
0.0
  0
LWPOLYLINE
  5
8D20
330
1F
100
AcDbEntity
  8
WID-S
100
AcDbPolyline
 90
4
 70
1
 10
12687.22713553517
 20
11993.72741856932
 10
12717.22713553517
 20
11993.72741856979
 10
12717.2271355347
 20
11913.72741857025
 10
12687.22713553517
 20
11913.72741856932
1001
INERCAD20
1000
UnNamed
1070
2001
1071
2
  0
LWPOLYLINE
  5
8D21
330
1F
100
AcDbEntity
  8
WID-S
100
AcDbPolyline
 90
4
 70
1
 10
12690.22713553517
 20
11990.72741856932
 10
12714.22713553517
 20
11990.72741856956
 10
12714.2271355347
 20
11916.72741857002
 10
12690.22713553517
 20
11916.72741856932
1001
INERCAD20
1000
UnNamed
1070
2001
1071
2
  0
LWPOLYLINE
  5
8D22
330
1F
100
AcDbEntity
  8
WID-S
100
AcDbPolyline
 90
4
 70
1
 10
12653.2271355347
 20
11993.72741856909
 10
12683.2271355347
 20
11993.72741856955
 10
12683.22713553424
 20
11913.72741857002
 10
12653.2271355347
 20
11913.72741856909
1001
INERCAD20
1000
UnNamed
1070
2001
1071
2
  0
LWPOLYLINE
  5
8D23
330
1F
100
AcDbEntity
  8
WID-S
100
AcDbPolyline
 90
4
 70
1
 10
12656.2271355347
 20
11990.72741856909
 10
12680.2271355347
 20
11990.72741856932
 10
12680.22713553424
 20
11916.72741856979
 10
12656.2271355347
 20
11916.72741856909
1001
INERCAD20
1000
UnNamed
1070
2001
1071
2
  0
LWPOLYLINE
  5
8D24
330
1F
100
AcDbEntity
  8
WID-S
100
AcDbPolyline
 90
4
 70
1
 10
12653.22713553563
 20
11783.72741856956
 10
12683.22713553563
 20
11783.72741857002
 10
12683.22713553517
 20
11703.72741857049
 10
12653.22713553563
 20
11703.72741856956
1001
INERCAD20
1000
UnNamed
1070
2001
1071
2
  0
LWPOLYLINE
  5
8D25
330
1F
100
AcDbEntity
  8
WID-S
100
AcDbPolyline
 90
4
 70
1
 10
12656.22713553563
 20
11780.72741856955
 10
12680.22713553563
 20
11780.72741857002
 10
12680.22713553517
 20
11706.72741857025
 10
12656.22713553563
 20
11706.72741856956
1001
INERCAD20
1000
UnNamed
1070
2001
1071
2
  0
LINE
  5
8D26
330
1F
100
AcDbEntity
  8
WID
100
AcDbLine
 10
12670.7271355347
 20
11913.72741857025
 30
0.0
 11
12670.72713553563
 21
11783.72741857049
 31
0.0
1001
INERCAD20
1000
UnNamed
1070
2001
1071
1
  0
LINE
  5
8D27
330
1F
100
AcDbEntity
  8
WID
100
AcDbLine
 10
12599.7271355347
 20
11993.72741856979
 30
0.0
 11
12599.72713553517
 21
12123.72741856955
 31
0.0
1001
INERCAD20
1000
UnNamed
1070
2001
1071
1
  0
LINE
  5
8D28
330
1F
100
AcDbEntity
  8
WID
100
AcDbLine
 10
12565.7271355347
 20
11913.72741857025
 30
0.0
 11
12565.72713553563
 21
11783.72741857049
 31
0.0
1001
INERCAD20
1000
UnNamed
1070
2001
1071
1
  0
LINE
  5
8D29
330
1F
100
AcDbEntity
  8
WID
100
AcDbLine
 10
12699.7271355347
 20
11993.72741856979
 30
0.0
 11
12699.72713553517
 21
12123.72741856955
 31
0.0
1001
INERCAD20
1000
UnNamed
1070
2001
1071
1
  0
LINE
  5
8D2A
330
1F
100
AcDbEntity
  8
WID
100
AcDbLine
 10
12665.7271355347
 20
11913.72741857025
 30
0.0
 11
12665.72713553563
 21
11783.72741857049
 31
0.0
1001
INERCAD20
1000
UnNamed
1070
2001
1071
1
  0
ARC
  5
8D2B
330
1F
100
AcDbEntity
  8
FIN
100
AcDbCircle
 10
12532.56046887145
 20
12248.72741857165
 30
0.0
 40
5.666666664074
100
AcDbArc
 50
298.0724868995107
 51
61.92751310048932
  0
ARC
  5
8D2C
330
1F
100
AcDbEntity
  8
FIN
100
AcDbCircle
 10
12532.41380571046
 20
11658.72741857072
 30
0.0
 40
5.737144297840901
100
AcDbArc
 50
299.3649765615131
 51
60.63502343848693
  0
LWPOLYLINE
  5
8D2D
330
1F
100
AcDbEntity
  8
COL
100
AcDbPolyline
 90
2
 70
0
 10
12535.22713550589
 20
11053.72741856967
 10
12735.22713550589
 20
11053.72741856967
  0
LWPOLYLINE
  5
8D2E
330
1F
100
AcDbEntity
  8
COL
100
AcDbPolyline
 90
2
 70
0
 10
12535.22713550589
 20
10453.72741856967
 10
12735.22713550589
 20
10453.72741856967
  0
LWPOLYLINE
  5
8D2F
330
1F
100
AcDbEntity
  8
WID-S
100
AcDbPolyline
 90
16
 70
1
 10
12622.22713550589
 20
10996.7274185699
 10
12632.22713550589
 20
10996.7274185699
 10
12632.22713550589
 20
10996.7274185699
 10
12632.22713550589
 20
10996.7274185699
 10
12632.22713550589
 20
10996.7274185699
 10
12632.22713550589
 20
10996.7274185699
 10
12632.22713550589
 20
11040.7274185699
 10
12632.22713550589
 20
11040.7274185699
 10
12632.22713550589
 20
11040.7274185699
 10
12632.22713550589
 20
11040.7274185699
 10
12632.22713550589
 20
11040.7274185699
 10
12538.22713550589
 20
11040.7274185699
 10
12538.22713550589
 20
10996.7274185699
 10
12548.22713550589
 20
10996.7274185699
 10
12548.22713550589
 20
11011.7274185699
 10
12622.22713550589
 20
11011.7274185699
  0
LWPOLYLINE
  5
8D30
330
1F
100
AcDbEntity
  8
WID-S
100
AcDbPolyline
 90
16
 70
1
 10
12619.22713550589
 20
10993.7274185699
 10
12635.22713550589
 20
10993.7274185699
 10
12635.22713550589
 20
10993.7274185699
 10
12635.22713550589
 20
10993.7274185699
 10
12635.22713550589
 20
10993.7274185699
 10
12635.22713550589
 20
10993.7274185699
 10
12635.22713550589
 20
11043.7274185699
 10
12635.22713550589
 20
11043.7274185699
 10
12635.22713550589
 20
11043.7274185699
 10
12635.22713550589
 20
11043.7274185699
 10
12635.22713550589
 20
11043.7274185699
 10
12535.22713550589
 20
11043.7274185699
 10
12535.22713550589
 20
10993.7274185699
 10
12551.22713550589
 20
10993.7274185699
 10
12551.22713550589
 20
11008.7274185699
 10
12619.22713550589
 20
11008.7274185699
  0
LINE
  5
8D31
330
1F
100
AcDbEntity
  8
WID-S
100
AcDbLine
 10
12585.22713550589
 20
11008.7274185699
 30
0.0
 11
12585.22713550589
 21
10993.7274185699
 31
0.0
  0
LWPOLYLINE
  5
8D32
330
1F
100
AcDbEntity
  8
WID-S
100
AcDbPolyline
 90
4
 70
1
 10
12587.22713550542
 20
10923.72741857037
 10
12617.22713550542
 20
10923.7274185699
 10
12617.22713550496
 20
11003.72741856944
 10
12587.22713550542
 20
11003.72741857037
1001
INERCAD20
1000
UnNamed
1070
2001
1071
2
  0
LWPOLYLINE
  5
8D33
330
1F
100
AcDbEntity
  8
WID-S
100
AcDbPolyline
 90
4
 70
1
 10
12590.22713550542
 20
10926.72741857037
 10
12614.22713550542
 20
10926.7274185699
 10
12614.22713550496
 20
11000.72741856944
 10
12590.22713550542
 20
11000.72741857014
1001
INERCAD20
1000
UnNamed
1070
2001
1071
2
  0
LINE
  5
8D34
330
1F
100
AcDbEntity
  8
ELE-2
100
AcDbLine
 10
12551.22713550635
 20
10993.7274185699
 30
0.0
 11
12551.22713550589
 21
10513.7274185699
 31
0.0
1001
INERCAD20
1000
UnNamed
1070
2001
1071
4
  0
LINE
  5
8D35
330
1F
100
AcDbEntity
  8
ELE-2
100
AcDbLine
 10
12619.22713550589
 20
10993.72741857037
 30
0.0
 11
12619.22713550542
 21
10513.7274185699
 31
0.0
1001
INERCAD20
1000
UnNamed
1070
2001
1071
4
  0
LINE
  5
8D36
330
1F
100
AcDbEntity
  8
ELE-2
100
AcDbLine
 10
12585.22713550542
 20
10513.7274185699
 30
0.0
 11
12585.22713550542
 21
10993.72741857037
 31
0.0
1001
INERCAD20
1000
UnNamed
1070
2001
1071
4
  0
LINE
  5
8D37
330
1F
100
AcDbEntity
  8
ELE-2
100
AcDbLine
 10
12535.22713550589
 20
10993.7274185699
 30
0.0
 11
12535.22713550542
 21
10513.7274185699
 31
0.0
1001
INERCAD20
1000
UnNamed
1070
2001
1071
4
  0
LINE
  5
8D38
330
1F
100
AcDbEntity
  8
WID
100
AcDbLine
 10
12604.72713550496
 20
10793.72741856967
 30
0.0
 11
12604.72713550542
 21
10923.72741856944
 31
0.0
1001
INERCAD20
1000
UnNamed
1070
2001
1071
1
  0
LWPOLYLINE
  5
8D39
330
1F
100
AcDbEntity
  8
WID-S
100
AcDbPolyline
 90
16
 70
1
 10
12619.22713550589
 20
10513.72741856967
 10
12635.22713550589
 20
10513.72741856967
 10
12635.22713550589
 20
10513.72741856967
 10
12635.22713550589
 20
10513.72741856967
 10
12635.22713550589
 20
10513.72741856967
 10
12635.22713550589
 20
10513.72741856967
 10
12635.22713550589
 20
10463.72741856967
 10
12635.22713550589
 20
10463.72741856967
 10
12635.22713550589
 20
10463.72741856967
 10
12635.22713550589
 20
10463.72741856967
 10
12635.22713550589
 20
10463.72741856967
 10
12535.22713550589
 20
10463.72741856967
 10
12535.22713550589
 20
10513.72741856967
 10
12551.22713550589
 20
10513.72741856967
 10
12551.22713550589
 20
10498.72741856967
 10
12619.22713550589
 20
10498.72741856967
  0
LINE
  5
8D3A
330
1F
100
AcDbEntity
  8
ELE-2
100
AcDbLine
 10
12635.22713550589
 20
10993.7274185699
 30
0.0
 11
12635.22713550542
 21
10513.7274185699
 31
0.0
1001
INERCAD20
1000
UnNamed
1070
2001
1071
4
  0
LWPOLYLINE
  5
8D3B
330
1F
100
AcDbEntity
  8
WID-S
100
AcDbPolyline
 90
16
 70
1
 10
12622.22713550589
 20
10510.72741856967
 10
12632.22713550589
 20
10510.72741856967
 10
12632.22713550589
 20
10510.72741856967
 10
12632.22713550589
 20
10510.72741856967
 10
12632.22713550589
 20
10510.72741856967
 10
12632.22713550589
 20
10510.72741856967
 10
12632.22713550589
 20
10466.72741856967
 10
12632.22713550589
 20
10466.72741856967
 10
12632.22713550589
 20
10466.72741856967
 10
12632.22713550589
 20
10466.72741856967
 10
12632.22713550589
 20
10466.72741856967
 10
12538.22713550589
 20
10466.72741856967
 10
12538.22713550589
 20
10510.72741856967
 10
12548.22713550589
 20
10510.72741856967
 10
12548.22713550589
 20
10495.72741856967
 10
12622.22713550589
 20
10495.72741856967
  0
LINE
  5
8D3C
330
1F
100
AcDbEntity
  8
WID-S
100
AcDbLine
 10
12585.22713550589
 20
10498.72741856967
 30
0.0
 11
12585.22713550589
 21
10513.72741856967
 31
0.0
  0
LWPOLYLINE
  5
8D3D
330
1F
100
AcDbEntity
  8
WID-S
100
AcDbPolyline
 90
4
 70
1
 10
12587.22713550542
 20
10793.72741856921
 10
12617.22713550542
 20
10793.72741856967
 10
12617.22713550496
 20
10713.72741857014
 10
12587.22713550542
 20
10713.7274185692
1001
INERCAD20
1000
UnNamed
1070
2001
1071
2
  0
LWPOLYLINE
  5
8D3E
330
1F
100
AcDbEntity
  8
WID-S
100
AcDbPolyline
 90
4
 70
1
 10
12590.22713550542
 20
10790.72741856921
 10
12614.22713550542
 20
10790.72741856944
 10
12614.22713550496
 20
10716.7274185699
 10
12590.22713550542
 20
10716.7274185692
1001
INERCAD20
1000
UnNamed
1070
2001
1071
2
  0
LINE
  5
8D3F
330
1F
100
AcDbEntity
  8
ELE-2
100
AcDbLine
 10
12335.22713550589
 20
10753.7274185699
 30
0.0
 11
12935.22713550589
 21
10753.72741856967
 31
0.0
  0
LWPOLYLINE
  5
8D40
330
1F
100
AcDbEntity
  8
WID-S
100
AcDbPolyline
 90
4
 70
1
 10
12553.22713550496
 20
10793.72741856897
 10
12583.22713550496
 20
10793.72741856944
 10
12583.22713550449
 20
10713.7274185699
 10
12553.22713550496
 20
10713.72741856897
1001
INERCAD20
1000
UnNamed
1070
2001
1071
2
  0
LWPOLYLINE
  5
8D41
330
1F
100
AcDbEntity
  8
WID-S
100
AcDbPolyline
 90
4
 70
1
 10
12556.22713550496
 20
10790.72741856897
 10
12580.22713550496
 20
10790.72741856921
 10
12580.22713550449
 20
10716.72741856967
 10
12556.22713550496
 20
10716.72741856897
1001
INERCAD20
1000
UnNamed
1070
2001
1071
2
  0
LWPOLYLINE
  5
8D42
330
1F
100
AcDbEntity
  8
WID-S
100
AcDbPolyline
 90
4
 70
1
 10
12553.22713550589
 20
10583.72741856944
 10
12583.22713550589
 20
10583.7274185699
 10
12583.22713550542
 20
10503.72741857037
 10
12553.22713550589
 20
10503.72741856944
1001
INERCAD20
1000
UnNamed
1070
2001
1071
2
  0
LWPOLYLINE
  5
8D43
330
1F
100
AcDbEntity
  8
WID-S
100
AcDbPolyline
 90
4
 70
1
 10
12556.22713550589
 20
10580.72741856944
 10
12580.22713550589
 20
10580.7274185699
 10
12580.22713550542
 20
10506.72741857014
 10
12556.22713550589
 20
10506.72741856944
1001
INERCAD20
1000
UnNamed
1070
2001
1071
2
  0
LINE
  5
8D44
330
1F
100
AcDbEntity
  8
WID
100
AcDbLine
 10
12570.72713550496
 20
10713.72741857014
 30
0.0
 11
12570.72713550589
 21
10583.72741857037
 31
0.0
1001
INERCAD20
1000
UnNamed
1070
2001
1071
1
  0
LWPOLYLINE
  5
8D45
330
1F
100
AcDbEntity
  8
WID-S
100
AcDbPolyline
 90
16
 70
1
 10
12722.22713550589
 20
10996.7274185699
 10
12732.22713550589
 20
10996.7274185699
 10
12732.22713550589
 20
10996.7274185699
 10
12732.22713550589
 20
10996.7274185699
 10
12732.22713550589
 20
10996.7274185699
 10
12732.22713550589
 20
10996.7274185699
 10
12732.22713550589
 20
11040.7274185699
 10
12732.22713550589
 20
11040.7274185699
 10
12732.22713550589
 20
11040.7274185699
 10
12732.22713550589
 20
11040.7274185699
 10
12732.22713550589
 20
11040.7274185699
 10
12638.22713550589
 20
11040.7274185699
 10
12638.22713550589
 20
10996.7274185699
 10
12648.22713550589
 20
10996.7274185699
 10
12648.22713550589
 20
11011.7274185699
 10
12722.22713550589
 20
11011.7274185699
  0
LWPOLYLINE
  5
8D46
330
1F
100
AcDbEntity
  8
WID-S
100
AcDbPolyline
 90
16
 70
1
 10
12719.22713550589
 20
10993.7274185699
 10
12735.22713550589
 20
10993.7274185699
 10
12735.22713550589
 20
10993.7274185699
 10
12735.22713550589
 20
10993.7274185699
 10
12735.22713550589
 20
10993.7274185699
 10
12735.22713550589
 20
10993.7274185699
 10
12735.22713550589
 20
11043.7274185699
 10
12735.22713550589
 20
11043.7274185699
 10
12735.22713550589
 20
11043.7274185699
 10
12735.22713550589
 20
11043.7274185699
 10
12735.22713550589
 20
11043.7274185699
 10
12635.22713550589
 20
11043.7274185699
 10
12635.22713550589
 20
10993.7274185699
 10
12651.22713550589
 20
10993.7274185699
 10
12651.22713550589
 20
11008.7274185699
 10
12719.22713550589
 20
11008.7274185699
  0
LINE
  5
8D47
330
1F
100
AcDbEntity
  8
WID-S
100
AcDbLine
 10
12685.22713550589
 20
11008.7274185699
 30
0.0
 11
12685.22713550589
 21
10993.7274185699
 31
0.0
  0
LWPOLYLINE
  5
8D48
330
1F
100
AcDbEntity
  8
WID-S
100
AcDbPolyline
 90
4
 70
1
 10
12687.22713550542
 20
10923.72741857037
 10
12717.22713550542
 20
10923.7274185699
 10
12717.22713550496
 20
11003.72741856944
 10
12687.22713550542
 20
11003.72741857037
1001
INERCAD20
1000
UnNamed
1070
2001
1071
2
  0
LWPOLYLINE
  5
8D49
330
1F
100
AcDbEntity
  8
WID-S
100
AcDbPolyline
 90
4
 70
1
 10
12690.22713550542
 20
10926.72741857037
 10
12714.22713550542
 20
10926.7274185699
 10
12714.22713550496
 20
11000.72741856944
 10
12690.22713550542
 20
11000.72741857014
1001
INERCAD20
1000
UnNamed
1070
2001
1071
2
  0
LINE
  5
8D4A
330
1F
100
AcDbEntity
  8
ELE-2
100
AcDbLine
 10
12651.22713550635
 20
10993.7274185699
 30
0.0
 11
12651.22713550589
 21
10513.7274185699
 31
0.0
1001
INERCAD20
1000
UnNamed
1070
2001
1071
4
  0
LINE
  5
8D4B
330
1F
100
AcDbEntity
  8
ELE-2
100
AcDbLine
 10
12719.22713550589
 20
10993.72741857037
 30
0.0
 11
12719.22713550542
 21
10513.7274185699
 31
0.0
1001
INERCAD20
1000
UnNamed
1070
2001
1071
4
  0
LINE
  5
8D4C
330
1F
100
AcDbEntity
  8
ELE-2
100
AcDbLine
 10
12685.22713550542
 20
10513.7274185699
 30
0.0
 11
12685.22713550542
 21
10993.72741857037
 31
0.0
1001
INERCAD20
1000
UnNamed
1070
2001
1071
4
  0
LINE
  5
8D4D
330
1F
100
AcDbEntity
  8
ELE-2
100
AcDbLine
 10
12635.22713550589
 20
10993.7274185699
 30
0.0
 11
12635.22713550542
 21
10513.7274185699
 31
0.0
1001
INERCAD20
1000
UnNamed
1070
2001
1071
4
  0
LINE
  5
8D4E
330
1F
100
AcDbEntity
  8
WID
100
AcDbLine
 10
12704.72713550496
 20
10793.72741856967
 30
0.0
 11
12704.72713550542
 21
10923.72741856944
 31
0.0
1001
INERCAD20
1000
UnNamed
1070
2001
1071
1
  0
LWPOLYLINE
  5
8D4F
330
1F
100
AcDbEntity
  8
WID-S
100
AcDbPolyline
 90
16
 70
1
 10
12719.22713550589
 20
10513.72741856967
 10
12735.22713550589
 20
10513.72741856967
 10
12735.22713550589
 20
10513.72741856967
 10
12735.22713550589
 20
10513.72741856967
 10
12735.22713550589
 20
10513.72741856967
 10
12735.22713550589
 20
10513.72741856967
 10
12735.22713550589
 20
10463.72741856967
 10
12735.22713550589
 20
10463.72741856967
 10
12735.22713550589
 20
10463.72741856967
 10
12735.22713550589
 20
10463.72741856967
 10
12735.22713550589
 20
10463.72741856967
 10
12635.22713550589
 20
10463.72741856967
 10
12635.22713550589
 20
10513.72741856967
 10
12651.22713550589
 20
10513.72741856967
 10
12651.22713550589
 20
10498.72741856967
 10
12719.22713550589
 20
10498.72741856967
  0
LINE
  5
8D50
330
1F
100
AcDbEntity
  8
ELE-2
100
AcDbLine
 10
12735.22713550589
 20
10993.7274185699
 30
0.0
 11
12735.22713550542
 21
10513.7274185699
 31
0.0
1001
INERCAD20
1000
UnNamed
1070
2001
1071
4
  0
LWPOLYLINE
  5
8D51
330
1F
100
AcDbEntity
  8
WID-S
100
AcDbPolyline
 90
16
 70
1
 10
12722.22713550589
 20
10510.72741856967
 10
12732.22713550589
 20
10510.72741856967
 10
12732.22713550589
 20
10510.72741856967
 10
12732.22713550589
 20
10510.72741856967
 10
12732.22713550589
 20
10510.72741856967
 10
12732.22713550589
 20
10510.72741856967
 10
12732.22713550589
 20
10466.72741856967
 10
12732.22713550589
 20
10466.72741856967
 10
12732.22713550589
 20
10466.72741856967
 10
12732.22713550589
 20
10466.72741856967
 10
12732.22713550589
 20
10466.72741856967
 10
12638.22713550589
 20
10466.72741856967
 10
12638.22713550589
 20
10510.72741856967
 10
12648.22713550589
 20
10510.72741856967
 10
12648.22713550589
 20
10495.72741856967
 10
12722.22713550589
 20
10495.72741856967
  0
LINE
  5
8D52
330
1F
100
AcDbEntity
  8
WID-S
100
AcDbLine
 10
12685.22713550589
 20
10498.72741856967
 30
0.0
 11
12685.22713550589
 21
10513.72741856967
 31
0.0
  0
LWPOLYLINE
  5
8D53
330
1F
100
AcDbEntity
  8
WID-S
100
AcDbPolyline
 90
4
 70
1
 10
12687.22713550542
 20
10793.72741856921
 10
12717.22713550542
 20
10793.72741856967
 10
12717.22713550496
 20
10713.72741857014
 10
12687.22713550542
 20
10713.7274185692
1001
INERCAD20
1000
UnNamed
1070
2001
1071
2
  0
LWPOLYLINE
  5
8D54
330
1F
100
AcDbEntity
  8
WID-S
100
AcDbPolyline
 90
4
 70
1
 10
12690.22713550542
 20
10790.72741856921
 10
12714.22713550542
 20
10790.72741856944
 10
12714.22713550496
 20
10716.7274185699
 10
12690.22713550542
 20
10716.7274185692
1001
INERCAD20
1000
UnNamed
1070
2001
1071
2
  0
LWPOLYLINE
  5
8D55
330
1F
100
AcDbEntity
  8
WID-S
100
AcDbPolyline
 90
4
 70
1
 10
12653.22713550496
 20
10793.72741856897
 10
12683.22713550496
 20
10793.72741856944
 10
12683.22713550449
 20
10713.7274185699
 10
12653.22713550496
 20
10713.72741856897
1001
INERCAD20
1000
UnNamed
1070
2001
1071
2
  0
LWPOLYLINE
  5
8D56
330
1F
100
AcDbEntity
  8
WID-S
100
AcDbPolyline
 90
4
 70
1
 10
12656.22713550496
 20
10790.72741856897
 10
12680.22713550496
 20
10790.72741856921
 10
12680.22713550449
 20
10716.72741856967
 10
12656.22713550496
 20
10716.72741856897
1001
INERCAD20
1000
UnNamed
1070
2001
1071
2
  0
LWPOLYLINE
  5
8D57
330
1F
100
AcDbEntity
  8
WID-S
100
AcDbPolyline
 90
4
 70
1
 10
12653.22713550589
 20
10583.72741856944
 10
12683.22713550589
 20
10583.7274185699
 10
12683.22713550542
 20
10503.72741857037
 10
12653.22713550589
 20
10503.72741856944
1001
INERCAD20
1000
UnNamed
1070
2001
1071
2
  0
LWPOLYLINE
  5
8D58
330
1F
100
AcDbEntity
  8
WID-S
100
AcDbPolyline
 90
4
 70
1
 10
12656.22713550589
 20
10580.72741856944
 10
12680.22713550589
 20
10580.7274185699
 10
12680.22713550542
 20
10506.72741857014
 10
12656.22713550589
 20
10506.72741856944
1001
INERCAD20
1000
UnNamed
1070
2001
1071
2
  0
LINE
  5
8D59
330
1F
100
AcDbEntity
  8
WID
100
AcDbLine
 10
12670.72713550496
 20
10713.72741857014
 30
0.0
 11
12670.72713550589
 21
10583.72741857037
 31
0.0
1001
INERCAD20
1000
UnNamed
1070
2001
1071
1
  0
LINE
  5
8D5A
330
1F
100
AcDbEntity
  8
WID
100
AcDbLine
 10
12599.72713550496
 20
10793.72741856967
 30
0.0
 11
12599.72713550542
 21
10923.72741856944
 31
0.0
1001
INERCAD20
1000
UnNamed
1070
2001
1071
1
  0
LINE
  5
8D5B
330
1F
100
AcDbEntity
  8
WID
100
AcDbLine
 10
12565.72713550496
 20
10713.72741857014
 30
0.0
 11
12565.72713550589
 21
10583.72741857037
 31
0.0
1001
INERCAD20
1000
UnNamed
1070
2001
1071
1
  0
LINE
  5
8D5C
330
1F
100
AcDbEntity
  8
WID
100
AcDbLine
 10
12699.72713550496
 20
10793.72741856967
 30
0.0
 11
12699.72713550542
 21
10923.72741856944
 31
0.0
1001
INERCAD20
1000
UnNamed
1070
2001
1071
1
  0
LINE
  5
8D5D
330
1F
100
AcDbEntity
  8
WID
100
AcDbLine
 10
12665.72713550496
 20
10713.72741857014
 30
0.0
 11
12665.72713550589
 21
10583.72741857037
 31
0.0
1001
INERCAD20
1000
UnNamed
1070
2001
1071
1
  0
ARC
  5
8D5E
330
1F
100
AcDbEntity
  8
FIN
100
AcDbCircle
 10
12532.56046884171
 20
11048.72741857153
 30
0.0
 40
5.666666664074
100
AcDbArc
 50
298.0724868995107
 51
61.92751310048932
  0
ARC
  5
8D5F
330
1F
100
AcDbEntity
  8
FIN
100
AcDbCircle
 10
12532.41380568071
 20
10458.7274185706
 30
0.0
 40
5.737144297840901
100
AcDbArc
 50
299.3649765615131
 51
60.63502343848693
  0
TEXT
  5
8D60
330
1F
100
AcDbEntity
  8
RXANNOT
 62
3
100
AcDbText
 10
17924.05740555016
 20
23686.45336863591
 30
0.0
 40
200.0
  1
건축한계선
  7
굴림체
 11
17924.05740555016
 21
23786.45336863591
 31
0.0
100
AcDbText
 73
2
  0
DIMENSION
  5
8D61
330
1F
100
AcDbEntity
  8
RXDIM
100
AcDbDimension
280
0
  2
*D40
  3
NDIM 100
 10
14085.22713555455
 20
26418.52151257411
 30
0.0
 11
13060.22713556805
 21
26620.78215087198
 31
0.0
 70
32
 71
5
 42
-1.0
 73
0
 74
0
 75
0
100
AcDbAlignedDimension
 13
12035.22713558156
 23
25118.52151257411
 33
0.0
 14
14085.22713555455
 24
25118.5215124875
 34
0.0
 50
0.0
100
AcDbRotatedDimension
  0
DIMENSION
  5
8D62
330
1F
100
AcDbEntity
  8
RXDIM
100
AcDbDimension
280
0
  2
*D41
  3
NDIM 100
 10
26835.22713564117
 20
3202.53083047882
 30
0.0
 11
19435.2271355606
 21
3405.190404946905
 31
0.0
 70
32
 71
5
 42
-1.0
 73
0
 74
0
 75
0
100
AcDbAlignedDimension
 13
12035.22713548004
 23
5302.530830373115
 33
0.0
 14
26835.22713564117
 24
5302.530830429925
 34
0.0
 50
0.0
100
AcDbRotatedDimension
  0
DIMENSION
  5
8D63
330
1F
100
AcDbEntity
  8
RXDIM
100
AcDbDimension
280
0
  2
*D42
  3
NDIM 100
 10
12635.22713547981
 20
3802.53083047882
 30
0.0
 11
12335.22713548004
 21
4004.791468776692
 31
0.0
 70
32
 71
5
 42
-1.0
 73
0
 74
0
 75
0
100
AcDbAlignedDimension
 13
12035.22713548028
 23
5302.530830373115
 33
0.0
 14
12635.22713547981
 24
5302.53083037032
 34
0.0
 50
0.0
100
AcDbRotatedDimension
  0
DIMENSION
  5
8D64
330
1F
100
AcDbEntity
  8
RXDIM
100
AcDbDimension
280
0
  2
*D43
  3
NDIM 100
 10
21135.22713556061
 20
3802.53083047882
 30
0.0
 11
18285.22713552021
 21
4005.0574262235
 31
0.0
 70
32
 71
5
 42
-1.0
 73
0
 74
0
 75
0
100
AcDbAlignedDimension
 13
15435.22713547981
 23
5302.530830476026
 33
0.0
 14
21135.22713556061
 24
5302.530830355856
 34
0.0
 50
0.0
100
AcDbRotatedDimension
  0
DIMENSION
  5
8D65
330
1F
100
AcDbEntity
  8
RXDIM
100
AcDbDimension
280
0
  2
*D44
  3
NDIM 100
 10
26835.22713564117
 20
3802.53083047882
 30
0.0
 11
23985.22713560089
 21
4005.0574262235
 31
0.0
 70
32
 71
5
 42
-1.0
 73
0
 74
0
 75
0
100
AcDbAlignedDimension
 13
21135.22713556061
 23
5302.530830355856
 33
0.0
 14
26835.22713564117
 24
5302.530830429925
 34
0.0
 50
0.0
100
AcDbRotatedDimension
  0
DIMENSION
  5
8D66
330
1F
100
AcDbEntity
  8
RXDIM
100
AcDbDimension
280
0
  2
*D45
  3
NDIM 100
 10
15435.22713547981
 20
3802.53083047882
 30
0.0
 11
14035.22713547981
 21
4004.791468776692
 31
0.0
 70
32
 71
5
 42
-1.0
 73
0
 74
0
 75
0
100
AcDbAlignedDimension
 13
12635.22713547981
 23
5302.530143801181
 33
0.0
 14
15435.22713547981
 24
5302.530143786746
 34
0.0
 50
0.0
100
AcDbRotatedDimension
  0
LINE
  5
8D67
330
1F
100
AcDbEntity
  8
마감선
100
AcDbLine
 10
27055.22713551063
 20
15293.72741857559
 30
0.0
 11
27055.22713550894
 21
17893.72741856953
 31
0.0
  0
LINE
  5
8D68
330
1F
100
AcDbEntity
  8
마감선
100
AcDbLine
 10
26735.22713550869
 20
17893.7274185699
 30
0.0
 11
26735.22713552871
 21
15293.72741857596
 31
0.0
  0
LINE
  5
8D69
330
1F
100
AcDbEntity
  8
마감선
100
AcDbLine
 10
26195.22713552766
 20
14953.72741857305
 30
0.0
 11
21575.2271355602
 21
14953.72741857308
 31
0.0
  0
LINE
  5
8D6A
330
1F
100
AcDbEntity
  8
마감선
100
AcDbLine
 10
26195.22713552749
 20
14633.72741860247
 30
0.0
 11
21575.22713556002
 21
14633.72741860262
 31
0.0
  0
LINE
  5
8D6B
330
1F
100
AcDbEntity
  8
마감선
100
AcDbLine
 10
20695.22713556084
 20
14953.72741854057
 30
0.0
 11
17895.22713552964
 21
14953.72741854057
 31
0.0
  0
LINE
  5
8D6C
330
1F
100
AcDbEntity
  8
마감선
100
AcDbLine
 10
20695.2271355594
 20
14633.72741861284
 30
0.0
 11
17895.2271355282
 21
14633.72741861284
 31
0.0
  0
LINE
  5
8D6D
330
1F
100
AcDbEntity
  8
마감선
100
AcDbLine
 10
23735.22713555882
 20
21473.72741856883
 30
0.0
 11
21435.22713555882
 21
21473.72741856901
 31
0.0
  0
LINE
  5
8D6E
330
1F
100
AcDbEntity
  8
마감선
100
AcDbLine
 10
23735.22713555944
 20
21153.72741856895
 30
0.0
 11
21435.22713556061
 21
21153.72741856912
 31
0.0
  0
LINE
  5
8D6F
330
1F
100
AcDbEntity
  8
마감선
100
AcDbLine
 10
20835.22713555927
 20
21153.72741856996
 30
0.0
 11
15935.227135562
 21
21153.72741857549
 31
0.0
  0
LINE
  5
8D70
102
{ACAD_REACTORS
330
9A6B
102
}
330
1F
100
AcDbEntity
  8
마감선
100
AcDbLine
 10
20835.22713555927
 20
21473.7274186243
 30
0.0
 11
15935.22713556206
 21
21473.72741862986
 31
0.0
  0
DIMENSION
  5
8D71
330
1F
100
AcDbEntity
  8
RXDIM
100
AcDbDimension
280
0
  2
*D46
  3
NDIM 100
 10
33857.58005879553
 20
9953.727418569906
 30
0.0
 11
33655.05346305085
 21
12403.72741856991
 31
0.0
 70
32
 71
5
 42
-1.0
 73
0
 74
0
 75
0
100
AcDbAlignedDimension
 13
31357.58005879553
 23
14853.7274185699
 33
0.0
 14
31357.58005879553
 24
9953.727418569906
 34
0.0
 50
90.0
100
AcDbRotatedDimension
  0
DIMENSION
  5
8D72
330
1F
100
AcDbEntity
  8
RXDIM
100
AcDbDimension
280
0
  2
*D47
  3
NDIM 100
 10
6685.230238411016
 20
21253.7274185699
 30
0.0
 11
6482.96960011314
 21
19453.72741861368
 31
0.0
 70
32
 71
5
 42
-1.0
 73
0
 74
0
 75
0
100
AcDbAlignedDimension
 13
8185.230238419398
 23
17653.72741865745
 33
0.0
 14
8185.230238419398
 24
21253.7274185699
 34
0.0
 50
90.0
100
AcDbRotatedDimension
  0
LINE
  5
8D73
330
1F
100
AcDbEntity
  8
WAL
100
AcDbLine
 10
12535.22713545641
 20
11653.72741856979
 30
0.0
 11
12415.22713545642
 21
11653.72741857134
 31
0.0
  0
LINE
  5
8D74
330
1F
100
AcDbEntity
  8
WAL
100
AcDbLine
 10
12535.22713545373
 20
11053.72741857054
 30
0.0
 11
12415.22713545373
 21
11053.72741857209
 31
0.0
  0
LINE
  5
8D75
330
1F
100
AcDbEntity
  8
WAL
100
AcDbLine
 10
12535.22713545416
 20
11083.72741857054
 30
0.0
 11
12445.22713545387
 21
11083.72741857167
 31
0.0
  0
LINE
  5
8D76
330
1F
100
AcDbEntity
  8
WAL
100
AcDbLine
 10
12535.22713545106
 20
10453.72741857054
 30
0.0
 11
12415.22713545106
 21
10453.7274185721
 31
0.0
  0
LINE
  5
8D77
330
1F
100
AcDbEntity
  8
ELE-2
100
AcDbLine
 10
12415.22713545373
 20
11053.72741857214
 30
0.0
 11
12415.22713545106
 21
10453.72741857214
 31
0.0
  0
LINE
  5
8D78
330
1F
100
AcDbEntity
  8
WAL
100
AcDbLine
 10
11935.22713548395
 20
17403.72741861554
 30
0.0
 11
11815.227135484
 21
17403.72741861642
 31
0.0
  0
LINE
  5
8D79
330
1F
100
AcDbEntity
  8
WAL
100
AcDbLine
 10
11935.2271354841
 20
17433.72741861554
 30
0.0
 11
11845.22713548416
 21
17433.72741861627
 31
0.0
  0
LINE
  5
8D7A
330
1F
100
AcDbEntity
  8
WAL
100
AcDbLine
 10
11935.22713547751
 20
16373.72741861554
 30
0.0
 11
11845.22713547753
 21
16373.72741861627
 31
0.0
  0
LINE
  5
8D7B
330
1F
100
AcDbEntity
  8
ELE-2
100
AcDbLine
 10
11815.22713548394
 20
17403.72741861642
 30
0.0
 11
11815.22713547766
 21
16403.72741861642
 31
0.0
  0
LINE
  5
8D7C
330
1F
100
AcDbEntity
  8
마감선
100
AcDbLine
 10
16075.22713552863
 20
14633.72741854755
 30
0.0
 11
16775.22713552863
 21
14633.72741858015
 31
0.0
  0
LWPOLYLINE
  5
8D7D
330
1F
100
AcDbEntity
  8
마감선
100
AcDbPolyline
 90
4
 70
1
 10
15305.22713550775
 20
12623.72741857782
 10
12765.22713544954
 20
12623.72741857782
 10
12765.22713544954
 20
10083.72741856059
 10
15305.22713550775
 20
10083.72741856059
  0
LINE
  5
8D7E
330
1F
100
AcDbEntity
  8
마감선
100
AcDbLine
 10
12735.22713545764
 20
12253.72741856941
 30
0.0
 11
12765.22713544954
 21
12253.72741856941
 31
0.0
  0
LINE
  5
8D7F
330
1F
100
AcDbEntity
  8
마감선
100
AcDbLine
 10
12735.22713553563
 20
11653.72741856979
 30
0.0
 11
12765.22713544954
 21
11653.72741856979
 31
0.0
  0
LINE
  5
8D80
330
1F
100
AcDbEntity
  8
마감선
100
AcDbLine
 10
12735.22713545321
 20
11053.72741856967
 30
0.0
 11
12765.22713544954
 21
11053.72741856967
 31
0.0
  0
LINE
  5
8D81
330
1F
100
AcDbEntity
  8
마감선
100
AcDbLine
 10
12735.22713545106
 20
10453.72741856967
 30
0.0
 11
12765.22713544954
 21
10453.72741856967
 31
0.0
  0
INSERT
  5
8D82
330
1F
100
AcDbEntity
  8
HAT
100
AcDbBlockReference
  2
reterye
 10
13155.98919760472
 20
12384.98185048476
 30
0.0
  0
INSERT
  5
8D83
330
1F
100
AcDbEntity
  8
FIX
100
AcDbBlockReference
  2
arrow19
 10
14035.22713555187
 20
21872.97420592257
 30
0.0
 41
341.9745154040866
 42
341.9745154040866
 43
341.9745154042417
 50
270.0
  0
TEXT
  5
8D84
330
1F
100
AcDbEntity
  8
TEXT
  6
ACAD_ISO03W100
 62
3
 48
100.0
100
AcDbText
 10
13486.88753943686
 20
22037.40606463462
 30
0.0
 40
200.0
  1
주출입구
  7
굴림체
 72
1
 11
14031.56839050069
 21
22137.40606463462
 31
0.0
100
AcDbText
 73
2
  0
INSERT
  5
8D85
330
1F
100
AcDbEntity
  8
FIX
100
AcDbBlockReference
  2
arrow19
 10
28829.62738911376
 20
16596.72741857368
 30
0.0
 41
341.9745154040979
 42
341.974515404087
 43
341.9745154042417
 50
180.0
  0
TEXT
  5
8D86
330
1F
100
AcDbEntity
  8
RXANNOT
 62
3
100
AcDbText
 10
28960.84445325034
 20
16503.37290205371
 30
0.0
 40
200.0
  1
주출입구
  7
굴림체
 72
1
 11
29505.52530431417
 21
16603.37290205371
 31
0.0
100
AcDbText
 73
2
  0
LWPOLYLINE
  5
8D87
330
1F
100
AcDbEntity
  8
0
  6
HID
 62
10
100
AcDbPolyline
 90
2
 70
0
 43
20.0
 10
11645.22713547812
 20
16303.72741857098
 10
11645.22713548348
 20
17503.72741861601
  0
LWPOLYLINE
  5
8D88
330
1F
100
AcDbEntity
  8
0
  6
HID
 62
10
100
AcDbPolyline
 90
2
 70
0
 43
20.0
 10
12245.22713545636
 20
11653.72741857241
 10
12245.22713545903
 20
12253.7274185715
  0
LWPOLYLINE
  5
8D89
330
1F
100
AcDbEntity
  8
0
  6
HID
 62
10
100
AcDbPolyline
 90
2
 70
0
 43
20.0
 10
12245.22713534285
 20
10453.72741857229
 10
12245.22713534553
 20
11053.72741857139
  0
LINE
  5
8D8A
330
1F
100
AcDbEntity
  8
0
100
AcDbLine
 10
32237.99809317444
 20
26751.29716737947
 30
0.0
 11
37500.00076200326
 21
26751.29716737947
 31
0.0
  0
LWPOLYLINE
  5
8D8B
330
1F
100
AcDbEntity
  8
0
  6
HID
 62
10
100
AcDbPolyline
 90
2
 70
0
 43
20.0
 10
32476.0319320789
 20
27146.33046982792
 10
33918.68256846316
 20
27146.33046982792
  0
TEXT
  5
8D8C
330
1F
100
AcDbEntity
  8
글씨
100
AcDbText
 10
34300.99605659024
 20
27031.42411667487
 30
0.0
 40
200.0
  1
차면시설(불투명쉬트지)
  7
굴림체
100
AcDbText
  0
LWPOLYLINE
  5
8D8D
330
1F
100
AcDbEntity
  8
0
100
AcDbPolyline
 90
4
 70
1
 10
34124.28607481685
 20
26751.29716737947
 10
37500.00076200279
 20
26751.29716737947
 10
37500.00076200326
 20
27575.64845155395
 10
34124.28607481685
 20
27575.64845155395
  0
LWPOLYLINE
  5
8D8E
330
1F
100
AcDbEntity
  8
0
100
AcDbPolyline
 90
4
 70
1
 10
32237.99809317444
 20
26751.29716737947
 10
34124.28607481685
 20
26751.29716737947
 10
34124.28607481685
 20
27575.64845155395
 10
32237.99809317444
 20
27575.64845155395
  0
LWPOLYLINE
  5
8D8F
330
1F
100
AcDbEntity
  8
0
100
AcDbPolyline
 90
4
 70
1
 10
32237.99809317444
 20
27575.64845155395
 10
37500.00076200326
 20
27575.64845155395
 10
37500.00076200326
 20
28399.99973572831
 10
32237.99809317444
 20
28399.99973572831
  0
TEXT
  5
8D90
330
1F
100
AcDbEntity
  8
글씨
100
AcDbText
 10
34253.68940069959
 20
27870.11383109266
 30
0.0
 40
200.0
  1
범    례
  7
굴림체
100
AcDbText
  0
INSERT
  5
8D91
330
1F
100
AcDbEntity
  8
SYMBOL
100
AcDbBlockReference
  2
RD
 10
12235.22713556246
 20
21523.72741865743
 30
0.0
 41
100.0
 42
100.0
 43
100.0
 50
90.0
  0
INSERT
  5
8D92
330
1F
100
AcDbEntity
  8
SYMBOL
100
AcDbBlockReference
  2
RD
 10
24035.22713555018
 20
21523.72741856793
 30
0.0
 41
100.0
 42
100.0
 43
100.0
 50
90.0
  0
INSERT
  5
8D93
330
1F
100
AcDbEntity
  8
SYMBOL
100
AcDbBlockReference
  2
RD
 10
12315.22713545924
 20
12303.72741857294
 30
0.0
 41
100.0
 42
100.0
 43
100.0
 50
90.0
  0
INSERT
  5
8D94
330
1F
100
AcDbEntity
  8
SYMBOL
100
AcDbBlockReference
  2
RD
 10
12315.2271354497
 20
10153.72741857003
 30
0.0
 41
100.0
 42
100.0
 43
100.0
 50
90.0
  0
LWPOLYLINE
  5
8D95
330
1F
100
AcDbEntity
  8
COL
100
AcDbPolyline
 90
4
 70
0
 10
12535.22713545903
 20
12253.72741857022
 10
12535.22713547585
 20
16053.72741857037
 10
11935.22713547632
 20
16053.72741857037
 10
11935.22713547766
 20
16403.72741861554
  0
LWPOLYLINE
  5
8D96
330
1F
100
AcDbEntity
  8
단열재
100
AcDbPolyline
 90
4
 70
0
 10
12485.22713545916
 20
12283.72741857093
 10
12485.22713547564
 20
16003.72741857037
 10
11885.22713547613
 20
16003.72741857037
 10
11885.22713547754
 20
16373.72741861599
  0
LWPOLYLINE
  5
8D97
330
1F
100
AcDbEntity
  8
WAL
100
AcDbPolyline
 90
5
 70
0
 10
12535.22713545945
 20
12283.72741857022
 10
12445.22713545916
 20
12283.72741857135
 10
12445.2271354755
 20
15963.72741857037
 10
11845.22713547601
 20
15963.72741857037
 10
11845.22713547754
 20
16373.72741861611
  0
LWPOLYLINE
  5
8D98
330
1F
100
AcDbEntity
  8
WAL
100
AcDbPolyline
 90
6
 70
0
 10
12535.22713545903
 20
12253.72741857022
 10
12415.22713545903
 20
12253.72741857071
 10
12415.22713547537
 20
15933.72741857037
 10
11815.2271354759
 20
15933.72741857037
 10
11815.22713547766
 20
16403.72741861642
 10
11935.22713547766
 20
16403.72741861554
  0
INSERT
  5
8D99
330
1F
100
AcDbEntity
  8
RXSYMBOL
100
AcDbBlockReference
  2
*B52
 10
13808.85765833688
 20
10943.37691024499
 30
0.0
1001
XP_RFXLEVEL
1000
EL:+280
1000
SL:+200
1000

1000
RXSBTXT
1000
SIM
1010
13808.85765833688
1020
10943.37691024499
1030
0.0
1071
0
1071
3
1071
100
1040
2.0
1040
0.0
1040
2.0
1013
0.0
1023
0.0
1033
1.0
1013
1.0
1023
0.0
1033
0.0
1013
0.0
1023
1.0
1033
0.0
1001
XP_RFXLEVEL2
1071
1
1071
1
  0
INSERT
  5
8D9A
330
1F
100
AcDbEntity
  8
RXSYMBOL
100
AcDbBlockReference
  2
*B53
 10
21556.32411495842
 20
18519.51178104657
 30
0.0
1001
XP_RFXLEVEL
1000
EL:+300
1000
SL:+200
1000

1000
RXSBTXT
1000
SIM
1010
21556.32411495842
1020
18519.51178104657
1030
0.0
1071
0
1071
3
1071
100
1040
2.0
1040
0.0
1040
2.0
1013
0.0
1023
0.0
1033
1.0
1013
1.0
1023
0.0
1033
0.0
1013
0.0
1023
1.0
1033
0.0
1001
XP_RFXLEVEL2
1071
1
1071
1
  0
LWPOLYLINE
  5
8D9B
330
1F
100
AcDbEntity
  8
RXDIM
100
AcDbPolyline
 90
4
 70
0
 10
14649.92676622865
 20
17791.19888123414
 10
15535.22713554956
 20
17791.19888122954
 10
15535.22713554956
 20
17391.45737578004
 10
16420.52750487052
 20
17391.45737577544
  0
TEXT
  5
8D9C
330
1F
100
AcDbEntity
  8
TEXT
100
AcDbText
 10
14807.97345601171
 20
17868.27869591072
 30
0.0
 40
200.0
  1
±0
  7
굴림체
 72
1
 11
15012.22877516065
 21
17968.27869591072
 31
0.0
100
AcDbText
 73
2
  0
TEXT
  5
8D9D
330
1F
100
AcDbEntity
  8
TEXT
100
AcDbText
 10
15625.18871894725
 20
17468.53719045661
 30
0.0
 40
200.0
  1
-600
  7
굴림체
 72
1
 11
15897.52914447916
 21
17568.53719045661
 31
0.0
100
AcDbText
 73
2
  0
LWPOLYLINE
  5
8D9E
330
1F
100
AcDbEntity
  8
RXDIM
100
AcDbPolyline
 90
4
 70
0
 10
14559.21109879759
 20
13739.02778789116
 10
14559.21109879299
 20
12853.72741857025
 10
13959.21109880219
 20
12853.72741857025
 10
13959.21109879759
 20
11968.42704924929
  0
TEXT
  5
8D9F
330
1F
100
AcDbEntity
  8
TEXT
100
AcDbText
 10
14636.29091347416
 20
13580.9810981081
 30
0.0
 40
200.0
  1
±0
 50
270.0
  7
굴림체
 72
1
 11
14736.29091347416
 21
13376.72577895917
 31
0.0
100
AcDbText
 73
2
  0
TEXT
  5
8DA0
330
1F
100
AcDbEntity
  8
TEXT
100
AcDbText
 10
14036.29091347876
 20
12569.3756645615
 30
0.0
 40
200.0
  1
-600
 50
270.0
  7
굴림체
 72
1
 11
14136.29091347876
 21
12297.03523902959
 31
0.0
100
AcDbText
 73
2
  0
HATCH
  5
8DA1
330
1F
100
AcDbEntity
  8
FIN
 48
5.0
100
AcDbHatch
 10
0.0
 20
0.0
 30
0.0
210
0.0
220
0.0
230
1.0
  2
TILE02
 70
0
 71
0
 91
1
 92
1
 93
4
 72
1
 10
14649.92676622865
 20
17791.19888123414
 11
15535.22713554956
 21
17791.19888122954
 72
1
 10
15535.22713554956
 20
17791.19888122954
 11
15535.22713554852
 21
17591.19888122954
 72
1
 10
15535.22713554851
 20
17591.19888122954
 11
14649.92676622761
 21
17591.19888123414
 72
1
 10
14649.92676622761
 20
17591.19888123414
 11
14649.92676622865
 21
17791.19888123414
 97
0
 75
0
 76
1
 52
44.99999999970239
 41
566.2720000000057
 77
0
 78
8
 53
44.99999999970239
 43
14649.92676622761
 44
17591.19888122954
 45
-200.2073855969964
 46
200.2073855990763
 79
2
 49
566.2720000000057
 49
0.0
 53
44.99999999970239
 43
14399.66753423137
 44
17841.45811322839
 45
2.0798723e-09
 46
400.4147711960727
 79
2
 49
283.1360000000028
 49
-283.1360000000028
 53
44.99999999970239
 43
14349.61568783212
 44
17891.50995962815
 45
2.0798723e-09
 46
400.4147711960727
 79
2
 49
283.1360000000028
 49
-283.1360000000028
 53
44.99999999970239
 43
14299.56384143287
 44
17941.56180602794
 45
2.0798723e-09
 46
400.4147711960727
 79
2
 49
283.1360000000028
 49
-283.1360000000028
 53
134.9999999997024
 43
14649.92676622761
 44
17591.19888122954
 45
-200.2073855990763
 46
-200.2073855969964
 79
2
 49
566.2720000000057
 49
0.0
 53
134.9999999997024
 43
14699.97861262738
 44
17641.25072762878
 45
-400.4147711960726
 46
2.0799007e-09
 79
2
 49
283.1360000000028
 49
-283.1360000000028
 53
134.9999999997024
 43
14750.03045902715
 44
17691.30257402804
 45
-400.4147711960726
 46
2.0799007e-09
 79
2
 49
283.1360000000028
 49
-283.1360000000028
 53
134.9999999997024
 43
14800.08230542693
 44
17741.35442042727
 45
-400.4147711960726
 46
2.0799007e-09
 79
2
 49
283.1360000000028
 49
-283.1360000000028
 98
1
 10
-934.6255192456229
 20
58250.35679651737
1001
ACAD
1010
0.0
1020
-4.5984052e-09
1030
0.0
  0
HATCH
  5
8DA2
330
1F
100
AcDbEntity
  8
FIN
 48
5.0
100
AcDbHatch
 10
0.0
 20
0.0
 30
0.0
210
0.0
220
0.0
230
1.0
  2
TILE02
 70
0
 71
0
 91
1
 92
1
 93
4
 72
1
 10
15535.22713554956
 20
17391.45737578004
 11
16420.52750487052
 21
17391.45737577544
 72
1
 10
16420.52750487052
 20
17391.45737577544
 11
16420.52750486948
 21
17191.45737577544
 72
1
 10
16420.52750486947
 20
17191.45737577544
 11
15535.22713554851
 21
17191.45737578004
 72
1
 10
15535.22713554851
 20
17191.45737578004
 11
15535.22713554955
 21
17391.45737578004
 97
0
 75
0
 76
1
 52
44.99999999970239
 41
566.2719999999977
 77
0
 78
8
 53
44.99999999970239
 43
15535.22713554851
 44
17191.45737577544
 45
-200.2073855969936
 46
200.2073855990734
 79
2
 49
566.2719999999977
 49
0.0
 53
44.99999999970239
 43
15284.96790355227
 44
17441.71660777426
 45
2.0798723e-09
 46
400.414771196067
 79
2
 49
283.1359999999989
 49
-283.1359999999989
 53
44.99999999970239
 43
15234.91605715302
 44
17491.76845417404
 45
2.0798723e-09
 46
400.414771196067
 79
2
 49
283.1359999999989
 49
-283.1359999999989
 53
44.99999999970239
 43
15184.86421075377
 44
17541.8203005738
 45
2.0798723e-09
 46
400.414771196067
 79
2
 49
283.1359999999989
 49
-283.1359999999989
 53
134.9999999997024
 43
15535.22713554851
 44
17191.45737577544
 45
-200.2073855990734
 46
-200.2073855969936
 79
2
 49
566.2719999999977
 49
0.0
 53
134.9999999997024
 43
15585.27898194828
 44
17241.50922217467
 45
-400.414771196067
 46
2.0799007e-09
 79
2
 49
283.1359999999989
 49
-283.1359999999989
 53
134.9999999997024
 43
15635.33082834806
 44
17291.56106857393
 45
-400.414771196067
 46
2.0799007e-09
 79
2
 49
283.1359999999989
 49
-283.1359999999989
 53
134.9999999997024
 43
15685.38267474783
 44
17341.61291497317
 45
-400.414771196067
 46
2.0799007e-09
 79
2
 49
283.1359999999989
 49
-283.1359999999989
 98
1
 10
-934.6255192456229
 20
58350.61529105867
1001
ACAD
1010
0.0
1020
-4.5984052e-09
1030
0.0
  0
HATCH
  5
8DA3
330
1F
100
AcDbEntity
  8
FIN
 48
5.0
100
AcDbHatch
 10
0.0
 20
0.0
 30
0.0
210
0.0
220
0.0
230
1.0
  2
TILE02
 70
0
 71
0
 91
1
 92
1
 93
4
 72
1
 10
14559.21109879759
 20
13739.02778789116
 11
14559.21109879299
 21
12853.72741857025
 72
1
 10
14559.21109879299
 20
12853.72741857025
 11
14359.21109879299
 21
12853.7274185713
 72
1
 10
14359.21109879299
 20
12853.7274185713
 11
14359.21109879759
 21
13739.0277878922
 72
1
 10
14359.21109879759
 20
13739.0277878922
 11
14559.21109879759
 21
13739.02778789116
 97
0
 75
0
 76
1
 52
-45.00000000029761
 41
566.2720000000057
 77
0
 78
8
 53
314.9999999997024
 43
14359.21109879299
 44
13739.0277878922
 45
200.2073855990763
 46
200.2073855969964
 79
2
 49
566.2720000000057
 49
0.0
 53
314.9999999997024
 43
14609.47033079184
 44
13989.28701988843
 45
400.4147711960727
 46
-2.0799458e-09
 79
2
 49
283.1360000000028
 49
-283.1360000000028
 53
314.9999999997024
 43
14659.52217719159
 44
14039.3388662877
 45
400.4147711960727
 46
-2.0799458e-09
 79
2
 49
283.1360000000028
 49
-283.1360000000028
 53
314.9999999997024
 43
14709.57402359137
 44
14089.39071268696
 45
400.4147711960727
 46
-2.0799458e-09
 79
2
 49
283.1360000000028
 49
-283.1360000000028
 53
44.99999999970239
 43
14359.21109879299
 44
13739.0277878922
 45
-200.2073855969964
 46
200.2073855990763
 79
2
 49
566.2720000000057
 49
0.0
 53
44.99999999970239
 43
14409.26294519224
 44
13688.97594149242
 45
2.0799743e-09
 46
400.4147711960726
 79
2
 49
283.1360000000028
 49
-283.1360000000028
 53
44.99999999970239
 43
14459.31479159149
 44
13638.92409509266
 45
2.0799743e-09
 46
400.4147711960726
 79
2
 49
283.1360000000028
 49
-283.1360000000028
 53
44.99999999970239
 43
14509.36663799073
 44
13588.87224869287
 45
2.0799743e-09
 46
400.4147711960726
 79
2
 49
283.1360000000028
 49
-283.1360000000028
 98
1
 10
55018.36901408082
 20
29323.58007336542
1001
ACAD
1010
0.0
1020
-4.5984052e-09
1030
0.0
  0
HATCH
  5
8DA4
330
1F
100
AcDbEntity
  8
FIN
 48
5.0
100
AcDbHatch
 10
0.0
 20
0.0
 30
0.0
210
0.0
220
0.0
230
1.0
  2
TILE02
 70
0
 71
0
 91
1
 92
1
 93
4
 72
1
 10
13959.21109880219
 20
12853.72741857025
 11
13959.21109879759
 21
11968.42704924929
 72
1
 10
13959.21109879759
 20
11968.42704924929
 11
13759.21109879759
 21
11968.42704925034
 72
1
 10
13759.21109879759
 20
11968.42704925034
 11
13759.21109880219
 21
12853.7274185713
 72
1
 10
13759.21109880219
 20
12853.7274185713
 11
13959.21109880219
 21
12853.72741857025
 97
0
 75
0
 76
1
 52
-45.00000000029761
 41
566.2719999999977
 77
0
 78
8
 53
314.9999999997024
 43
13759.21109879759
 44
12853.7274185713
 45
200.2073855990735
 46
200.2073855969936
 79
2
 49
566.2719999999977
 49
0.0
 53
314.9999999997024
 43
14009.47033079642
 44
13103.98665056753
 45
400.414771196067
 46
-2.0799458e-09
 79
2
 49
283.1359999999989
 49
-283.1359999999989
 53
314.9999999997024
 43
14059.52217719619
 44
13154.03849696679
 45
400.414771196067
 46
-2.0799458e-09
 79
2
 49
283.1359999999989
 49
-283.1359999999989
 53
314.9999999997024
 43
14109.57402359596
 44
13204.09034336603
 45
400.414771196067
 46
-2.0799458e-09
 79
2
 49
283.1359999999989
 49
-283.1359999999989
 53
44.99999999970239
 43
13759.21109879759
 44
12853.7274185713
 45
-200.2073855969936
 46
200.2073855990735
 79
2
 49
566.2719999999977
 49
0.0
 53
44.99999999970239
 43
13809.26294519684
 44
12803.67557217154
 45
2.0799743e-09
 46
400.414771196067
 79
2
 49
283.1359999999989
 49
-283.1359999999989
 53
44.99999999970239
 43
13859.31479159608
 44
12753.62372577176
 45
2.0799743e-09
 46
400.414771196067
 79
2
 49
283.1359999999989
 49
-283.1359999999989
 53
44.99999999970239
 43
13909.36663799533
 44
12703.57187937197
 45
2.0799743e-09
 46
400.414771196067
 79
2
 49
283.1359999999989
 49
-283.1359999999989
 98
1
 10
54918.36901408081
 20
29323.58007336542
1001
ACAD
1010
0.0
1020
-4.5984052e-09
1030
0.0
  0
LINE
  5
8DA5
330
1F
100
AcDbEntity
  8
RXDIM
100
AcDbLine
 10
17659.57552153323
 20
14753.7274185805
 30
0.0
 11
17459.57552153323
 21
14753.7274185805
 31
0.0
  0
TEXT
  5
8DA6
330
1F
100
AcDbEntity
  8
TEXT
100
AcDbText
 10
39090.9930788379
 20
2355.040901277535
 30
0.0
 40
200.0
  1
A    12
  7
굴림체
100
AcDbText
  0
INSERT
  5
8DA7
330
1F
100
AcDbEntity
  8
RXLEADER
 62
6
100
AcDbBlockReference
  2
*B54
 10
12235.30009136132
 20
10835.47043119196
 30
0.0
1001
XP_RFXLEADER
1000
차면시설(불투명쉬트지)
1000
RXANNOT
1000
굴림체
1010
12235.30009136132
1020
10835.47043119196
1030
0.0
1010
10790.94155209799
1020
10835.47043119196
1030
0.0
1010
10790.94155209799
1020
10835.47043119196
1030
0.0
1071
2
1071
0
1071
2
1071
3
1071
100
1040
1.0
1040
2.0
1040
14.44358539263332
1040
4.856103263865807
1040
1.5
1013
-1.0
1023
0.0
1033
0.0
1013
-1.0
1023
0.0
1033
0.0
  0
INSERT
  5
8DA8
330
1F
100
AcDbEntity
  8
RXLEADER
 62
6
100
AcDbBlockReference
  2
*B55
 10
12235.30009147482
 20
12035.47043119208
 30
0.0
1001
XP_RFXLEADER
1000
차면시설(불투명쉬트지)
1000
RXANNOT
1000
굴림체
1010
12235.30009147482
1020
12035.47043119208
1030
0.0
1010
10790.94155221149
1020
12035.47043119208
1030
0.0
1010
10790.94155221149
1020
12035.47043119208
1030
0.0
1071
2
1071
0
1071
2
1071
3
1071
100
1040
1.0
1040
2.0
1040
14.44358539263332
1040
4.856103263865807
1040
1.5
1013
-1.0
1023
0.0
1033
0.0
1013
-1.0
1023
0.0
1033
0.0
  0
INSERT
  5
8DA9
330
1F
100
AcDbEntity
  8
RXLEADER
 62
6
100
AcDbBlockReference
  2
*B56
 10
11635.30009149927
 20
16376.91843177436
 30
0.0
1001
XP_RFXLEADER
1000
차면시설(불투명쉬트지)
1000
RXANNOT
1000
굴림체
1010
11635.30009149927
1020
16376.91843177436
1030
0.0
1010
10590.57202026563
1020
16376.91843177436
1030
0.0
1010
10590.57202026563
1020
16376.91843177436
1030
0.0
1071
2
1071
0
1071
2
1071
3
1071
100
1040
1.0
1040
2.0
1040
10.44728071233643
1040
4.856103263865807
1040
1.5
1013
-1.0
1023
0.0
1033
0.0
1013
-1.0
1023
0.0
1033
0.0
  0
LWPOLYLINE
  5
8DAA
330
1F
100
AcDbEntity
  8
0
100
AcDbPolyline
 90
4
 70
1
 10
17127.5708123637
 20
9369.786142303325
 10
15911.0370535721
 20
9369.786142303325
 10
15911.0370535721
 20
6707.644212364415
 10
17127.5708123637
 20
6707.644212364415
  0
TEXT
  5
8DAB
330
1F
100
AcDbEntity
  8
RXANNOT
 62
3
100
AcDbText
 10
16122.05560738314
 20
9085.446394369807
 30
0.0
 40
200.0
  1
가연성
  7
굴림체
 72
1
 11
16530.56624568101
 21
9185.446394369807
 31
0.0
100
AcDbText
 73
2
  0
TEXT
  5
8DAC
330
1F
100
AcDbEntity
  8
RXANNOT
 62
3
100
AcDbText
 10
15958.65135206399
 20
8405.010686556736
 30
0.0
 40
200.0
  1
음식물폐기물
  7
굴림체
 41
0.7
 72
1
 11
16530.56624568101
 21
8505.010686556736
 31
0.0
100
AcDbText
 73
2
  0
TEXT
  5
8DAD
330
1F
100
AcDbEntity
  8
RXANNOT
 62
3
100
AcDbText
 10
15985.88539461718
 20
7746.562746698895
 30
0.0
 40
200.0
  1
재활용품
  7
굴림체
 72
1
 11
16530.56624568101
 21
7846.562746698895
 31
0.0
100
AcDbText
 73
2
  0
TEXT
  5
8DAE
330
1F
100
AcDbEntity
  8
RXANNOT
 62
3
100
AcDbText
 10
15985.88539461718
 20
7077.437427390382
 30
0.0
 40
200.0
  1
생활폐기물
  7
굴림체
 41
0.8
 72
1
 11
16530.56624568101
 21
7177.437427390382
 31
0.0
100
AcDbText
 73
2
  0
TEXT
  5
8DAF
330
1F
100
AcDbEntity
  8
RXANNOT
 62
3
100
AcDbText
 10
15985.88539461718
 20
6777.437427390381
 30
0.0
 40
200.0
  1
보관용기
  7
굴림체
 72
1
 11
16530.56624568101
 21
6877.437427390382
 31
0.0
100
AcDbText
 73
2
  0
TEXT
  5
8DB0
330
1F
100
AcDbEntity
  8
RXANNOT
 62
3
100
AcDbText
 10
15985.88539461718
 20
8785.446394369807
 30
0.0
 40
200.0
  1
보관용기
  7
굴림체
 72
1
 11
16530.56624568101
 21
8885.446394369807
 31
0.0
100
AcDbText
 73
2
  0
TEXT
  5
8DB1
330
1F
100
AcDbEntity
  8
RXANNOT
 62
3
100
AcDbText
 10
15985.88539461718
 20
8105.010686556736
 30
0.0
 40
200.0
  1
보관용기
  7
굴림체
 72
1
 11
16530.56624568101
 21
8205.010686556736
 31
0.0
100
AcDbText
 73
2
  0
TEXT
  5
8DB2
330
1F
100
AcDbEntity
  8
RXANNOT
 62
3
100
AcDbText
 10
15985.88539461718
 20
7446.562746698894
 30
0.0
 40
200.0
  1
보관용기
  7
굴림체
 72
1
 11
16530.56624568101
 21
7546.562746698895
 31
0.0
100
AcDbText
 73
2
  0
LINE
  5
8DB3
330
1F
100
AcDbEntity
  8
0
100
AcDbLine
 10
17127.5708123637
 20
8038.71517733387
 30
0.0
 11
15911.0370535721
 21
8038.71517733387
 31
0.0
  0
LINE
  5
8DB4
330
1F
100
AcDbEntity
  8
0
100
AcDbLine
 10
17127.5708123637
 20
8704.250659818601
 30
0.0
 11
15911.0370535721
 21
8704.250659818601
 31
0.0
  0
LINE
  5
8DB5
330
1F
100
AcDbEntity
  8
0
100
AcDbLine
 10
17127.5708123637
 20
7373.179694849139
 30
0.0
 11
15911.0370535721
 21
7373.179694849139
 31
0.0
  0
LWPOLYLINE
  5
8DB6
330
1F
100
AcDbEntity
  8
COL
100
AcDbPolyline
 90
16
 70
0
 10
12135.22713547754
 20
16403.72741861449
 10
12135.22713547725
 20
16253.72741857037
 10
12735.22713547678
 20
16253.72741857037
 10
12735.22713546008
 20
12853.7274185699
 10
15335.22713551869
 20
12853.7274185699
 10
15335.22713553616
 20
16253.72741857037
 10
15385.22713553616
 20
16253.72741857037
 10
15385.22713556073
 20
20953.72741862549
 10
15335.22713556074
 20
20953.72741862555
 10
15335.22713556177
 20
21153.7274186365
 10
14935.2271355606
 20
21153.72741863929
 10
14935.227135562
 20
21353.72741863836
 10
15935.22713556223
 20
21353.72741863044
 10
15935.22713556177
 20
20953.72741862485
 10
15535.2271355606
 20
20953.72741862533
 10
15535.22713553057
 20
15153.72741855361
  0
DIMENSION
  5
8DB7
330
1F
100
AcDbEntity
  8
RXDIM
100
AcDbDimension
280
0
  2
*D48
  3
NDIM 100
 10
13985.22713555013
 20
19777.45642042057
 30
0.0
 11
13060.22713552184
 21
19980.11599488865
 31
0.0
 70
32
 71
5
 42
-1.0
 73
0
 74
0
 75
0
100
AcDbAlignedDimension
 13
12135.22713549355
 23
19353.72880738234
 33
0.0
 14
13985.22713555013
 24
19353.728807381
 34
0.0
 50
0.0
100
AcDbRotatedDimension
  0
DIMENSION
  5
8DB8
330
1F
100
AcDbEntity
  8
RXDIM
100
AcDbDimension
280
0
  2
*D49
  3
NDIM 100
 10
14185.22713555067
 20
19777.45642042057
 30
0.0
 11
14085.22713555039
 21
19979.71705871844
 31
0.0
 70
32
 71
5
 42
-1.0
 73
0
 74
0
 75
0
100
AcDbAlignedDimension
 13
13985.22713555013
 23
19353.728807381
 33
0.0
 14
14185.22713555067
 24
19353.72880738083
 34
0.0
 50
0.0
100
AcDbRotatedDimension
  0
DIMENSION
  5
8DB9
330
1F
100
AcDbEntity
  8
RXDIM
100
AcDbDimension
280
0
  2
*D50
  3
NDIM 100
 10
15385.22713555237
 20
19777.45642042057
 30
0.0
 11
14785.22713555152
 21
19980.11599488865
 31
0.0
 70
32
 71
5
 42
-1.0
 73
0
 74
0
 75
0
100
AcDbAlignedDimension
 13
14185.22713555067
 23
19353.72880738083
 33
0.0
 14
15385.22713555237
 24
19353.72880737456
 34
0.0
 50
0.0
100
AcDbRotatedDimension
  0
DIMENSION
  5
8DBA
330
1F
100
AcDbEntity
  8
RXDIM
100
AcDbDimension
280
0
  2
*D51
  3
NDIM 100
 10
15535.22713555232
 20
19777.45642042057
 30
0.0
 11
15460.22713555235
 21
19980.11599488865
 31
0.0
 70
32
 71
5
 42
-1.0
 73
0
 74
0
 75
0
100
AcDbAlignedDimension
 13
15385.22713555237
 23
19353.72880737456
 33
0.0
 14
15535.22713555232
 24
19353.72880737379
 34
0.0
 50
0.0
100
AcDbRotatedDimension
  0
LINE
  5
8DBB
330
1F
100
AcDbEntity
  8
WAL
100
AcDbLine
 10
11815.22713550451
 20
21473.7274186603
 30
0.0
 11
11815.227135484
 21
17403.72741861642
 31
0.0
  0
LINE
  5
8DBC
330
1F
100
AcDbEntity
  8
ELE-2
100
AcDbLine
 10
24530.13045564439
 20
20850.74798004131
 30
0.0
 11
25135.76741375461
 21
20245.11102193485
 31
0.0
  0
LINE
  5
8DBD
330
1F
100
AcDbEntity
  8
ELE-2
100
AcDbLine
 10
25167.58721890809
 20
20213.29121678154
 30
0.0
 11
25795.49804060204
 21
19585.38039508818
 31
0.0
  0
LINE
  5
8DBE
330
1F
100
AcDbEntity
  8
ELE-2
100
AcDbLine
 10
25827.31784575552
 20
19553.56058993487
 30
0.0
 11
26432.24769706068
 21
18948.63073863018
 31
0.0
  0
LINE
  5
8DBF
330
1F
100
AcDbEntity
  8
ELE-2
100
AcDbLine
 10
24579.62793032715
 20
20900.24545472466
 30
0.0
 11
25185.26488843754
 21
20294.60849661803
 31
0.0
  0
LINE
  5
8DC0
330
1F
100
AcDbEntity
  8
ELE-2
100
AcDbLine
 10
25217.08469359102
 20
20262.78869146473
 30
0.0
 11
25844.99551528497
 21
19634.87786977137
 31
0.0
  0
LINE
  5
8DC1
330
1F
100
AcDbEntity
  8
ELE-2
100
AcDbLine
 10
25876.81532043845
 20
19603.05806461806
 30
0.0
 11
26481.74517174362
 21
18998.12821331337
 31
0.0
  0
LINE
  5
8DC2
330
1F
100
AcDbEntity
  8
DOOR
100
AcDbLine
 10
24547.80812517378
 20
20889.63885300678
 30
0.0
 11
25174.65828671982
 21
20262.78869146461
 31
0.0
  0
LINE
  5
8DC3
330
1F
100
AcDbEntity
  8
DOOR
100
AcDbLine
 10
25185.26488843765
 20
20252.18208974684
 30
0.0
 11
25834.38891356725
 21
19603.05806461794
 31
0.0
  0
LINE
  5
8DC4
330
1F
100
AcDbEntity
  8
DOOR
100
AcDbLine
 10
25844.99551528507
 20
19592.45146290017
 30
0.0
 11
26471.13857002589
 21
18966.30840815994
 31
0.0
  0
LINE
  5
8DC5
330
1F
100
AcDbEntity
  8
DOOR
100
AcDbLine
 10
24540.73705736194
 20
20882.56778519489
 30
0.0
 11
25167.58721890798
 21
20255.71762365273
 31
0.0
  0
LINE
  5
8DC6
330
1F
100
AcDbEntity
  8
DOOR
100
AcDbLine
 10
25178.1938206258
 20
20245.11102193497
 30
0.0
 11
25827.31784575541
 21
19595.98699680606
 31
0.0
  0
LINE
  5
8DC7
330
1F
100
AcDbEntity
  8
DOOR
100
AcDbLine
 10
25837.92444747323
 20
19585.38039508828
 30
0.0
 11
26464.06750221404
 21
18959.23734034806
 31
0.0
  0
LWPOLYLINE
  5
8DC8
330
1F
100
AcDbEntity
  8
DOOR-S
100
AcDbPolyline
 90
20
 70
1
 10
26465.48171577569
 20
18922.46778772587
 10
26453.46090049539
 20
18910.44697244584
 10
26425.88373602954
 20
18938.0241369122
 10
26449.92536658981
 20
18962.0657674726
 10
26460.53196830764
 20
18951.45916575484
 10
26478.91674461845
 20
18969.84394206574
 10
26468.31014290062
 20
18980.4505437835
 10
26492.35177346107
 20
19004.49217434374
 10
26519.92893792708
 20
18976.91500987721
 10
26507.90812264677
 20
18964.89419459717
 10
26510.02944299034
 20
18962.77287425362
 10
26524.1715786142
 20
18976.91500987722
 10
26492.35177346105
 20
19008.73481503087
 10
26464.06750221367
 20
18980.45054378333
 10
26474.67410393149
 20
18969.84394206556
 10
26460.53196830779
 20
18955.70180644179
 10
26449.92536658981
 20
18966.30840815972
 10
26421.64109534242
 20
18938.02413691219
 10
26453.46090049541
 20
18906.20433175871
 10
26467.60303611925
 20
18920.34646738231
  0
LWPOLYLINE
  5
8DC9
330
1F
100
AcDbEntity
  8
DOOR-S
100
AcDbPolyline
 90
10
 70
0
 10
26466.54237594747
 20
18921.4071275541
 10
26453.46090049539
 20
18908.32565210227
 10
26423.76241568614
 20
18938.02413691203
 10
26449.92536658997
 20
18964.187087816
 10
26460.53196830781
 20
18953.58048609823
 10
26476.79542427488
 20
18969.84394206573
 10
26466.18882255706
 20
18980.4505437835
 10
26492.3517734609
 20
19006.61349468746
 10
26522.05025827065
 20
18976.91500987721
 10
26508.96878281856
 20
18963.8335344254
  0
LWPOLYLINE
  5
8DCA
330
1F
100
AcDbEntity
  8
DOOR-S
100
AcDbPolyline
 90
12
 70
1
 10
25123.74659847512
 20
20233.09020665531
 10
25152.03086972252
 20
20261.37447790284
 10
25162.63747144035
 20
20250.76787618508
 10
25176.77960706404
 20
20264.91001180884
 10
25166.17300534621
 20
20275.51661352661
 10
25194.4572765936
 20
20303.80088477414
 10
25226.27708174708
 20
20271.98107962083
 10
25197.99281049969
 20
20243.6968083733
 10
25187.38620878187
 20
20254.30341009107
 10
25173.24407315817
 20
20240.1612744673
 10
25183.85067487599
 20
20229.55467274953
 10
25155.56640362861
 20
20201.270401502
  0
LWPOLYLINE
  5
8DCB
330
1F
100
AcDbEntity
  8
DOOR-S
100
AcDbPolyline
 90
12
 70
1
 10
25125.86791881869
 20
20233.09020665531
 10
25152.03086972252
 20
20259.25315755929
 10
25162.63747144035
 20
20248.64655584151
 10
25178.90092740759
 20
20264.91001180885
 10
25168.29432568977
 20
20275.51661352662
 10
25194.45727659361
 20
20301.67956443058
 10
25224.15576140352
 20
20271.98107962083
 10
25197.99281049968
 20
20245.81812871685
 10
25187.38620878186
 20
20256.42473043463
 10
25171.12275281461
 20
20240.1612744673
 10
25181.72935453243
 20
20229.55467274953
 10
25155.5664036286
 20
20203.39172184556
  0
LWPOLYLINE
  5
8DCC
330
1F
100
AcDbEntity
  8
DOOR-S
100
AcDbPolyline
 90
12
 70
1
 10
25127.98923916225
 20
20233.09020665532
 10
25152.03086972253
 20
20257.13183721573
 10
25162.63747144036
 20
20246.52523549795
 10
25181.02224775116
 20
20264.91001180886
 10
25170.41564603333
 20
20275.51661352662
 10
25194.45727659361
 20
20299.55824408703
 10
25222.03444105996
 20
20271.98107962083
 10
25197.99281049968
 20
20247.93944906042
 10
25187.38620878186
 20
20258.54605077819
 10
25169.00143247105
 20
20240.16127446729
 10
25179.60803418887
 20
20229.55467274953
 10
25155.5664036286
 20
20205.51304218912
  0
LWPOLYLINE
  5
8DCD
330
1F
100
AcDbEntity
  8
DOOR-S
100
AcDbPolyline
 90
20
 70
1
 10
24503.96750473908
 20
20883.98199875569
 10
24491.9466894591
 20
20871.96118347532
 10
24519.52385392562
 20
20844.38401900961
 10
24543.56548448589
 20
20868.42564957001
 10
24532.95888276807
 20
20879.03225128779
 10
24551.34365907887
 20
20897.41702759869
 10
24561.9502607967
 20
20886.81042588091
 10
24585.99189135682
 20
20910.85205644149
 10
24558.41472689014
 20
20938.42922090735
 10
24546.39391161016
 20
20926.40840562699
 10
24544.2725912666
 20
20928.52972597055
 10
24558.41472689013
 20
20942.67186159448
 10
24590.23453204394
 20
20910.85205644149
 10
24561.95026079655
 20
20882.56778519396
 10
24551.34365907872
 20
20893.17438691173
 10
24537.20152345503
 20
20879.03225128797
 10
24547.80812517301
 20
20868.42564957002
 10
24519.52385392563
 20
20840.14137832249
 10
24487.70404877198
 20
20871.96118347532
 10
24501.84618439551
 20
20886.10331909924
  0
LWPOLYLINE
  5
8DCE
330
1F
100
AcDbEntity
  8
DOOR-S
100
AcDbPolyline
 90
10
 70
0
 10
24502.9068445673
 20
20885.04265892746
 10
24489.82536911554
 20
20871.96118347532
 10
24519.52385392546
 20
20842.26269866622
 10
24545.68680482929
 20
20868.42564957018
 10
24535.08020311147
 20
20879.03225128796
 10
24551.34365907888
 20
20895.29570725512
 10
24561.9502607967
 20
20884.68910553736
 10
24588.11321170054
 20
20910.85205644132
 10
24558.41472689014
 20
20940.55054125091
 10
24545.33325143838
 20
20927.46906579877
  0
LWPOLYLINE
  5
8DCF
330
1F
100
AcDbEntity
  8
DOOR-S
100
AcDbPolyline
 90
12
 70
1
 10
25783.47722532124
 20
19573.35957980732
 10
25811.76149656863
 20
19601.64385105486
 10
25822.36809828645
 20
19591.03724933708
 10
25836.51023391015
 20
19605.17938496085
 10
25825.90363219233
 20
19615.78598667862
 10
25854.18790343971
 20
19644.07025792615
 10
25886.00770859319
 20
19612.25045277284
 10
25857.72343734581
 20
19583.96618152531
 10
25847.11683562797
 20
19594.57278324308
 10
25832.97470000428
 20
19580.43064761931
 10
25843.58130172211
 20
19569.82404590155
 10
25815.29703047472
 20
19541.53977465401
  0
LWPOLYLINE
  5
8DD0
330
1F
100
AcDbEntity
  8
DOOR-S
100
AcDbPolyline
 90
12
 70
1
 10
25785.5985456648
 20
19573.35957980732
 10
25811.76149656863
 20
19599.52253071129
 10
25822.36809828645
 20
19588.91592899353
 10
25838.63155425371
 20
19605.17938496086
 10
25828.02495253588
 20
19615.78598667863
 10
25854.18790343972
 20
19641.94893758259
 10
25883.88638824963
 20
19612.25045277284
 10
25857.72343734579
 20
19586.08750186886
 10
25847.11683562797
 20
19596.69410358665
 10
25830.85337966072
 20
19580.43064761931
 10
25841.45998137854
 20
19569.82404590153
 10
25815.29703047471
 20
19543.66109499757
  0
LWPOLYLINE
  5
8DD1
330
1F
100
AcDbEntity
  8
DOOR-S
100
AcDbPolyline
 90
12
 70
1
 10
25787.71986600836
 20
19573.35957980733
 10
25811.76149656864
 20
19597.40121036774
 10
25822.36809828647
 20
19586.79460864996
 10
25840.75287459727
 20
19605.17938496086
 10
25830.14627287945
 20
19615.78598667864
 10
25854.18790343972
 20
19639.82761723904
 10
25881.76506790607
 20
19612.25045277284
 10
25857.72343734579
 20
19588.20882221244
 10
25847.11683562797
 20
19598.8154239302
 10
25828.73205931716
 20
19580.4306476193
 10
25839.33866103499
 20
19569.82404590153
 10
25815.29703047471
 20
19545.78241534113
  0
LINE
  5
8DD2
330
1F
100
AcDbEntity
  8
마감선
100
AcDbLine
 10
26580.74012110677
 20
19019.34141675077
 30
0.0
 11
24600.84113375729
 21
20999.24040409007
 31
0.0
  0
LINE
  5
8DD3
330
1F
100
AcDbEntity
  8
마감선
100
AcDbLine
 10
24374.56696377126
 20
20772.96623410247
 30
0.0
 11
26354.46595110585
 21
18793.06724679239
 31
0.0
  0
LWPOLYLINE
  5
8DD4
330
1F
100
AcDbEntity
  8
COL
100
AcDbPolyline
 90
2
 70
0
 10
15935.22713556258
 20
21153.72741856991
 10
15935.22713556235
 20
21153.72741856991
  0
LWPOLYLINE
  5
8DD5
330
1F
100
AcDbEntity
  8
DOOR-S
100
AcDbPolyline
 90
20
 70
1
 10
15948.22713556258
 20
21223.72741856711
 10
15948.22713556282
 20
21206.72741856711
 10
15987.22713556258
 20
21206.72741856758
 10
15987.22713556258
 20
21240.72741856758
 10
15972.22713556258
 20
21240.72741856758
 10
15972.22713556258
 20
21266.72741856758
 10
15987.22713556258
 20
21266.72741856758
 10
15987.22713556235
 20
21300.72741856758
 10
15948.22713556235
 20
21300.72741856711
 10
15948.22713556258
 20
21283.72741856711
 10
15945.22713556258
 20
21283.72741856711
 10
15945.22713556235
 20
21303.72741856711
 10
15990.22713556235
 20
21303.72741856758
 10
15990.22713556235
 20
21263.72741856758
 10
15975.22713556235
 20
21263.72741856758
 10
15975.22713556235
 20
21243.72741856758
 10
15990.22713556258
 20
21243.72741856758
 10
15990.22713556258
 20
21203.72741856758
 10
15945.22713556282
 20
21203.72741856711
 10
15945.22713556258
 20
21223.72741856711
  0
LWPOLYLINE
  5
8DD6
330
1F
100
AcDbEntity
  8
DOOR-S
100
AcDbPolyline
 90
10
 70
0
 10
15946.72713556258
 20
21223.72741856711
 10
15946.72713556282
 20
21205.22741856711
 10
15988.72713556235
 20
21205.22741856758
 10
15988.72713556235
 20
21242.22741856758
 10
15973.72713556235
 20
21242.22741856758
 10
15973.72713556258
 20
21265.22741856758
 10
15988.72713556258
 20
21265.22741856758
 10
15988.72713556258
 20
21302.22741856758
 10
15946.72713556235
 20
21302.22741856711
 10
15946.72713556258
 20
21283.72741856711
  0
LWPOLYLINE
  5
8DD7
330
1F
100
AcDbEntity
  8
DOOR-S
100
AcDbPolyline
 90
12
 70
1
 10
16912.72713555921
 20
21203.72741856991
 10
16912.72713555921
 20
21243.72741856991
 10
16927.72713555921
 20
21243.72741856991
 10
16927.72713555921
 20
21263.72741856991
 10
16912.72713555921
 20
21263.72741856991
 10
16912.72713555921
 20
21303.72741856991
 10
16957.72713555921
 20
21303.72741856991
 10
16957.72713555921
 20
21263.72741856991
 10
16942.72713555921
 20
21263.72741856991
 10
16942.72713555921
 20
21243.72741856991
 10
16957.72713555921
 20
21243.72741856991
 10
16957.72713555921
 20
21203.72741856991
  0
LWPOLYLINE
  5
8DD8
330
1F
100
AcDbEntity
  8
DOOR-S
100
AcDbPolyline
 90
12
 70
1
 10
16914.22713555921
 20
21205.22741856991
 10
16914.22713555921
 20
21242.22741856991
 10
16929.22713555921
 20
21242.22741856991
 10
16929.22713555921
 20
21265.2274185699
 10
16914.22713555921
 20
21265.2274185699
 10
16914.22713555921
 20
21302.22741856991
 10
16956.22713555921
 20
21302.22741856991
 10
16956.22713555921
 20
21265.2274185699
 10
16941.22713555921
 20
21265.2274185699
 10
16941.22713555921
 20
21242.22741856991
 10
16956.22713555921
 20
21242.22741856991
 10
16956.22713555921
 20
21205.22741856991
  0
LWPOLYLINE
  5
8DD9
330
1F
100
AcDbEntity
  8
DOOR-S
100
AcDbPolyline
 90
12
 70
1
 10
16915.72713555921
 20
21206.72741856991
 10
16915.72713555921
 20
21240.72741856991
 10
16930.72713555921
 20
21240.72741856991
 10
16930.72713555921
 20
21266.72741856991
 10
16915.72713555921
 20
21266.72741856991
 10
16915.72713555921
 20
21300.72741856991
 10
16954.72713555921
 20
21300.72741856991
 10
16954.72713555921
 20
21266.72741856991
 10
16939.72713555921
 20
21266.72741856991
 10
16939.72713555921
 20
21240.72741856991
 10
16954.72713555921
 20
21240.72741856991
 10
16954.72713555921
 20
21206.72741856991
  0
LWPOLYLINE
  5
8DDA
330
1F
100
AcDbEntity
  8
COL
100
AcDbPolyline
 90
5
 70
0
 10
17895.22713552941
 20
14953.72741855733
 10
16775.2271355294
 20
14953.72741855733
 10
16775.2271355294
 20
14753.72741858015
 10
17895.22713552941
 20
14753.72741858015
 10
17895.22713552964
 20
14953.72741854057
  0
LWPOLYLINE
  5
8DDB
330
1F
100
AcDbEntity
  8
단열재
100
AcDbPolyline
 90
2
 70
0
 10
16805.22713552914
 20
14703.72741858015
 10
17865.22713552907
 20
14703.72741858015
  0
LWPOLYLINE
  5
8DDC
330
1F
100
AcDbEntity
  8
0
100
AcDbPolyline
 90
4
 70
1
 10
12365.22713547094
 20
14939.19046986294
 10
12050.20272447785
 20
14939.19046986294
 10
12050.20272447785
 20
13487.1920977708
 10
12365.22713547094
 20
13487.1920977708
  0
INSERT
  5
8DDD
330
1F
100
AcDbEntity
  8
RXLEADER
 62
6
100
AcDbBlockReference
  2
*B57
 10
12050.20272447785
 20
14213.19128381687
 30
0.0
1001
XP_RFXLEADER
1000
도시가스 계량기
1000
RXANNOT
1000
굴림체
1010
12050.20272447785
1020
14213.19128381687
1030
0.0
1010
10605.84418521452
1020
14213.19128381687
1030
0.0
1010
10605.84418521452
1020
14213.19128381687
1030
0.0
1071
2
1071
0
1071
2
1071
3
1071
100
1040
1.0
1040
2.0
1040
14.44358539263332
1040
4.856103263865807
1040
1.5
1013
-1.0
1023
0.0
1033
0.0
1013
-1.0
1023
0.0
1033
0.0
  0
INSERT
  5
8DDE
330
1F
100
AcDbEntity
  8
COL
100
AcDbBlockReference
  2
dsfsdfdfssxcv
 10
-64249.99923799169
 20
0.0003854857350234
 30
0.0
  0
LINE
  5
8DDF
330
1F
100
AcDbEntity
  8
단열재
100
AcDbLine
 10
14965.22713556176
 20
21403.72741865207
 30
0.0
 11
15905.22713556199
 21
21403.72741865207
 31
0.0
  0
LINE
  5
8DE0
330
1F
100
AcDbEntity
  8
단열재
100
AcDbLine
 10
20865.2271355585
 20
21403.72741865207
 30
0.0
 11
21405.22713555937
 21
21403.72741865207
 31
0.0
  0
INSERT
  5
8DE1
330
1F
100
AcDbEntity
  8
단열재
100
AcDbBlockReference
  2
etertet
 10
-22199.99923799676
 20
0.0003852689405903
 30
0.0
  0
LINE
  5
8DE2
330
1F
100
AcDbEntity
  8
WAL
100
AcDbLine
 10
11845.22713550435
 20
21443.7274186603
 30
0.0
 11
13105.22713556161
 21
21443.72741865175
 31
0.0
  0
LINE
  5
8DE3
330
1F
100
AcDbEntity
  8
ELE-2
100
AcDbLine
 10
12415.2271354591
 20
12253.72741857076
 30
0.0
 11
12415.22713545642
 21
11653.72741857076
 31
0.0
  0
INSERT
  5
8DE4
330
1F
100
AcDbEntity
  8
RXLEADER
 62
6
100
AcDbBlockReference
  2
*B58
 10
11825.2271354727
 20
9733.727418569904
 30
0.0
1001
XP_RFXLEADER
1000
옹벽설치
1000
RXANNOT
1000
굴림체
1010
11825.2271354727
1020
9733.727418569904
1030
0.0
1010
11825.2271354727
1020
8996.130490891983
1030
0.0
1010
10399.14310890785
1020
8996.130490891983
1030
0.0
1071
3
1071
0
1071
2
1071
3
1071
100
1040
1.0
1040
2.0
1040
7.375969276779215
1040
14.26084026564844
1040
1.5
1013
0.0
1023
-1.0
1033
0.0
1013
-1.0
1023
0.0
1033
0.0
  0
INSERT
  5
8DE5
330
1F
100
AcDbEntity
  8
SYMBOL
100
AcDbBlockReference
  2
RD
 10
26155.22713552684
 20
11853.72741859994
 30
0.0
 41
100.0
 42
100.0
 43
100.0
 50
90.0
  0
INSERT
  5
8DE6
330
1F
100
AcDbEntity
  8
RXSYMBOL
100
AcDbBlockReference
  2
*B59
 10
11235.22713556842
 20
22653.72741856992
 30
0.0
1001
XP_RFXLEVEL
1000
GL:25.44
1000
+1120
1000

1000
RXSBTXT
1000
SIM
1010
11235.22713556842
1020
22653.72741856992
1030
0.0
1071
0
1071
3
1071
100
1040
2.0
1040
0.0
1040
2.0
1013
0.0
1023
0.0
1033
1.0
1013
-1.0
1023
0.0
1033
0.0
1013
0.0
1023
1.0
1033
0.0
1001
XP_RFXLEVEL2
1071
1
1071
1
  0
INSERT
  5
8DE7
330
1F
100
AcDbEntity
  8
RXSYMBOL
100
AcDbBlockReference
  2
*B60
 10
17613.13364883826
 20
22653.72916995672
 30
0.0
1001
XP_RFXLEVEL
1000
GL:25.26
1000
+940
1000

1000
RXSBTXT
1000
SIM
1010
17613.13364883826
1020
22653.72916995672
1030
0.0
1071
0
1071
3
1071
100
1040
2.0
1040
0.0
1040
2.0
1013
0.0
1023
0.0
1033
1.0
1013
1.0
1023
0.0
1033
0.0
1013
0.0
1023
1.0
1033
0.0
1001
XP_RFXLEVEL2
1071
1
1071
1
  0
INSERT
  5
8DE8
330
1F
100
AcDbEntity
  8
RXSYMBOL
100
AcDbBlockReference
  2
*B61
 10
28235.22713561326
 20
10372.98388590295
 30
0.0
1001
XP_RFXLEVEL
1000
GL:24.46
1000
+140
1000

1000
RXSBTXT
1000
SIM
1010
28235.22713561326
1020
10372.98388590295
1030
0.0
1071
0
1071
3
1071
100
1040
2.0
1040
0.0
1040
2.0
1013
0.0
1023
0.0
1033
1.0
1013
1.0
1023
0.0
1033
0.0
1013
0.0
1023
1.0
1033
0.0
1001
XP_RFXLEVEL2
1071
1
1071
1
  0
INSERT
  5
8DE9
330
1F
100
AcDbEntity
  8
RXSYMBOL
100
AcDbBlockReference
  2
*B62
 10
26467.46178846278
 20
20885.96255695546
 30
0.0
1001
XP_RFXLEVEL
1000
GL:24.93
1000
+610
1000

1000
RXSBTXT
1000
SIM
1010
26467.46178846278
1020
20885.96255695546
1030
0.0
1071
0
1071
3
1071
100
1040
2.0
1040
0.0
1040
2.0
1013
0.0
1023
0.0
1033
1.0
1013
1.0
1023
0.0
1033
0.0
1013
0.0
1023
1.0
1033
0.0
1001
XP_RFXLEVEL2
1071
1
1071
1
  0
INSERT
  5
8DEA
330
1F
100
AcDbEntity
  8
RXSYMBOL
100
AcDbBlockReference
  2
*B63
 10
28235.22713556538
 20
19118.19769534102
 30
0.0
1001
XP_RFXLEVEL
1000
GL:24.79
1000
+470
1000

1000
RXSBTXT
1000
SIM
1010
28235.22713556538
1020
19118.19769534102
1030
0.0
1071
0
1071
3
1071
100
1040
2.0
1040
0.0
1040
2.0
1013
0.0
1023
0.0
1033
1.0
1013
1.0
1023
0.0
1033
0.0
1013
0.0
1023
1.0
1033
0.0
1001
XP_RFXLEVEL2
1071
1
1071
1
  0
INSERT
  5
8DEB
330
1F
100
AcDbEntity
  8
RXSYMBOL
100
AcDbBlockReference
  2
*B64
 10
24699.6964413603
 20
22653.72741856992
 30
0.0
1001
XP_RFXLEVEL
1000
GL:25.06
1000
+740
1000

1000
RXSBTXT
1000
SIM
1010
24699.6964413603
1020
22653.72741856992
1030
0.0
1071
0
1071
3
1071
100
1040
2.0
1040
0.0
1040
2.0
1013
0.0
1023
0.0
1033
1.0
1013
1.0
1023
0.0
1033
0.0
1013
0.0
1023
1.0
1033
0.0
1001
XP_RFXLEVEL2
1071
1
1071
1
  0
INSERT
  5
8DEC
330
1F
100
AcDbEntity
  8
RXSYMBOL
100
AcDbBlockReference
  2
*B65
 10
28235.22713563441
 20
6570.717009645014
 30
0.0
1001
XP_RFXLEVEL
1000
GL:24.32
1000
±0
1000

1000
RXSBTXT
1000
SIM
1010
28235.22713563441
1020
6570.717009645014
1030
0.0
1071
0
1071
3
1071
100
1040
2.0
1040
0.0
1040
2.0
1013
0.0
1023
0.0
1033
1.0
1013
1.0
1023
0.0
1033
0.0
1013
0.0
1023
1.0
1033
0.0
1001
XP_RFXLEVEL2
1071
1
1071
1
  0
INSERT
  5
8DED
330
1F
100
AcDbEntity
  8
RXSYMBOL
100
AcDbBlockReference
  2
*B66
 10
11135.22713549658
 20
6570.717009645028
 30
0.0
1001
XP_RFXLEVEL
1000
GL:25.64
1000
+1320
1000

1000
RXSBTXT
1000
SIM
1010
11135.22713549658
1020
6570.717009645028
1030
0.0
1071
0
1071
3
1071
100
1040
2.0
1040
0.0
1040
2.0
1013
0.0
1023
0.0
1033
1.0
1013
-1.0
1023
0.0
1033
0.0
1013
0.0
1023
1.0
1033
0.0
1001
XP_RFXLEVEL2
1071
1
1071
1
  0
INSERT
  5
8DEE
330
1F
100
AcDbEntity
  8
RXSYMBOL
100
AcDbBlockReference
  2
*B67
 10
28235.22713561381
 20
14175.25075855168
 30
0.0
1001
XP_RFXLEVEL
1000
GL:24.60
1000
+280
1000

1000
RXSBTXT
1000
SIM
1010
28235.22713561381
1020
14175.25075855168
1030
0.0
1071
0
1071
3
1071
100
1040
2.0
1040
0.0
1040
2.0
1013
0.0
1023
0.0
1033
1.0
1013
1.0
1023
0.0
1033
0.0
1013
0.0
1023
1.0
1033
0.0
1001
XP_RFXLEVEL2
1071
1
1071
1
  0
INSERT
  5
8DEF
330
1F
100
AcDbEntity
  8
RXSYMBOL
100
AcDbBlockReference
  2
*B68
 10
11235.22713551082
 20
9875.445134978043
 30
0.0
1001
XP_RFXLEVEL
1000
GL:25.64
1000
+1320
1000

1000
RXSBTXT
1000
SIM
1010
11235.22713551082
1020
9875.445134978043
1030
0.0
1071
0
1071
3
1071
100
1040
2.0
1040
0.0
1040
2.0
1013
0.0
1023
0.0
1033
1.0
1013
-1.0
1023
0.0
1033
0.0
1013
0.0
1023
1.0
1033
0.0
1001
XP_RFXLEVEL2
1071
1
1071
1
  0
INSERT
  5
8DF0
102
{ACAD_REACTORS
330
9A6B
102
}
330
1F
100
AcDbEntity
  8
RXSYMBOL
100
AcDbBlockReference
  2
*B69
 10
14032.22713556187
 20
22653.72741856992
 30
0.0
1001
XP_RFXLEVEL
1000
GL:25.36
1000
+1040
1000

1000
RXSBTXT
1000
SIM
1010
14032.22713556187
1020
22653.72741856992
1030
0.0
1071
0
1071
3
1071
100
1040
2.0
1040
0.0
1040
2.0
1013
0.0
1023
0.0
1033
1.0
1013
1.0
1023
0.0
1033
0.0
1013
0.0
1023
1.0
1033
0.0
1001
XP_RFXLEVEL2
1071
1
1071
1
  0
INSERT
  5
8DF1
330
1F
100
AcDbEntity
  8
RXSYMBOL
100
AcDbBlockReference
  2
*B70
 10
11461.23994352382
 20
6570.717009645014
 30
0.0
1001
XP_RFXLEVEL
1000
GL:24.32
1000
±0
1000

1000
RXSBTXT
1000
SIM
1010
11461.23994352382
1020
6570.717009645014
1030
0.0
1071
0
1071
3
1071
100
1040
2.0
1040
0.0
1040
2.0
1013
0.0
1023
0.0
1033
1.0
1013
1.0
1023
0.0
1033
0.0
1013
0.0
1023
1.0
1033
0.0
1001
XP_RFXLEVEL2
1071
1
1071
1
  0
INSERT
  5
8DF2
330
1F
100
AcDbEntity
  8
2SEC
100
AcDbBlockReference
  2
eksdua
 10
14835.22713554483
 20
17953.72741867281
 30
0.0
  0
LINE
  5
8DF3
330
1F
100
AcDbEntity
  8
0
100
AcDbLine
 10
12985.22713556184
 20
21473.72741865128
 30
0.0
 11
12985.22713556184
 21
22653.72741856991
 31
0.0
  0
LINE
  5
8DF4
102
{ACAD_REACTORS
330
9A6B
102
}
330
1F
100
AcDbEntity
  8
0
100
AcDbLine
 10
14935.22713556268
 20
21473.72741863778
 30
0.0
 11
14935.22713556268
 21
22653.7274185564
 31
0.0
  0
TEXT
  5
8DF7
330
1F
100
AcDbEntity
  8
TEXT
  6
ACAD_ISO03W100
 62
3
 48
100.0
100
AcDbText
 10
10851.27870518004
 20
21984.78804556815
 30
0.0
 40
200.0
  1
DN
  7
굴림체
 72
1
 11
10987.448917946
 21
22084.78804556815
 31
0.0
100
AcDbText
 73
2
  0
LWPOLYLINE
  5
8DF8
330
1F
100
AcDbEntity
  8
0
100
AcDbPolyline
 90
2
 70
1
 43
50.0
 10
11210.22713556483
 20
22063.72741861867
 42
1.0
 10
11260.22713556483
 20
22063.72741861867
 42
1.0
  0
LINE
  5
8DF9
330
1F
100
AcDbEntity
  8
0
100
AcDbLine
 10
11235.22713556483
 20
22063.72741861059
 30
0.0
 11
12985.22713556184
 21
22063.72741861059
 31
0.0
  0
LINE
  5
8DFA
330
1F
100
AcDbEntity
  8
0
100
AcDbLine
 10
12985.22713556184
 20
22063.72741861059
 30
0.0
 11
12885.22713556186
 21
22163.72741861059
 31
0.0
  0
LINE
  5
8DFB
330
1F
100
AcDbEntity
  8
0
100
AcDbLine
 10
12985.22713556184
 20
22063.72741861059
 30
0.0
 11
12885.22713556184
 21
21963.72741861059
 31
0.0
  0
TEXT
  5
8DFC
330
1F
100
AcDbEntity
  8
TEXT
  6
ACAD_ISO03W100
 62
3
 48
100.0
100
AcDbText
 10
16851.62237445812
 20
21984.78804556007
 30
0.0
 40
200.0
  1
DN
  7
굴림체
 72
1
 11
16987.79258722408
 21
22084.78804556007
 31
0.0
100
AcDbText
 73
2
  0
LWPOLYLINE
  5
8DFD
102
{ACAD_REACTORS
330
9A6B
102
}
330
1F
100
AcDbEntity
  8
0
100
AcDbPolyline
 90
2
 70
1
 43
50.0
 10
16760.22713556269
 20
22063.72741861059
 42
-1.0
 10
16710.22713556268
 20
22063.72741861059
 42
-1.0
  0
LINE
  5
8DFE
102
{ACAD_REACTORS
330
9A6B
102
}
330
1F
100
AcDbEntity
  8
0
100
AcDbLine
 10
16735.22713556268
 20
22063.72741861059
 30
0.0
 11
14935.22713556268
 21
22063.72741861059
 31
0.0
  0
LINE
  5
8DFF
330
1F
100
AcDbEntity
  8
0
100
AcDbLine
 10
14935.22713556268
 20
22063.72741861059
 30
0.0
 11
15035.22713556267
 21
22163.72741861059
 31
0.0
  0
LINE
  5
8E00
330
1F
100
AcDbEntity
  8
0
100
AcDbLine
 10
14935.22713556268
 20
22063.72741861059
 30
0.0
 11
15035.22713556268
 21
21963.72741861059
 31
0.0
  0
LINE
  5
8E01
330
1F
100
AcDbEntity
  8
0
100
AcDbLine
 10
11235.22713549663
 20
9933.121342417757
 30
0.0
 11
12415.22713544876
 21
9933.121342417757
 31
0.0
  0
LINE
  5
8E02
330
1F
100
AcDbEntity
  8
0
100
AcDbLine
 10
11235.22713549663
 20
9733.121342417755
 30
0.0
 11
12415.22713544789
 21
9733.727418569904
 31
0.0
  0
INSERT
  5
8E03
330
1F
100
AcDbEntity
  8
RXSYMBOL
100
AcDbBlockReference
  2
*B71
 10
13392.9478482033
 20
20550.70538535166
 30
0.0
1001
XP_RFXSLEVEL
1000
EL:+860
1000
SL:+800
1000

1000
RXSBTXT
1000
SIM
1010
13392.9478482033
1020
20550.70538535166
1030
0.0
1071
1
1071
3
1071
100
1040
2.0
1040
0.0
1040
2.0
1013
0.0
1023
0.0
1033
1.0
1013
1.0
1023
0.0
1033
0.0
1013
0.0
1023
1.0
1033
0.0
1001
XP_RFXSLEVEL2
1071
4
1071
1
1071
1
1040
837.6017803130673
  0
HATCH
  5
8E04
330
1F
100
AcDbEntity
  8
가는선
100
AcDbHatch
 10
0.0
 20
0.0
 30
0.0
210
0.0
220
0.0
230
1.0
  2
LINE-V
 70
0
 71
1
 91
1
 92
1
 93
4
 72
1
 10
14935.22713556268
 20
21593.72741863836
 11
13135.22713556269
 21
21593.72741863836
 72
1
 10
13135.22713556269
 20
21593.72741863836
 11
13135.22713556269
 21
21443.7274186436
 72
1
 10
13135.22713556269
 20
21443.7274186436
 11
14935.22713556268
 21
21443.7274186436
 72
1
 10
14935.22713556268
 20
21443.7274186436
 11
14935.22713556268
 21
21593.72741863836
 97
1
330
8E05
 75
0
 76
1
 52
0.0
 41
40.0
 77
0
 78
1
 53
90.0
 43
13135.22713556269
 44
21443.7274186436
 45
-40.0
 46
2.4e-15
 79
0
 98
1
 10
-22199.99923799676
 20
0.0003852689405903
1001
ACAD
1010
35335.22637355946
1020
21443.72703337466
1030
0.0
1001
AcDbBlockRepETag
1070
1
1071
0
1005
0
  0
LWPOLYLINE
  5
8E05
102
{ACAD_REACTORS
330
8E04
102
}
330
1F
100
AcDbEntity
  8
가는선
100
AcDbPolyline
 90
4
 70
1
 10
14935.22713556268
 20
21593.72741863836
 10
13135.22713556269
 20
21593.72741863836
 10
13135.22713556269
 20
21443.7274186436
 10
14935.22713556268
 20
21443.7274186436
1001
AcDbBlockRepETag
1070
1
1071
1
1005
0
  0
TEXT
  5
8E06
330
1F
100
AcDbEntity
  8
TEXT
100
AcDbText
 10
19024.59062533778
 20
18441.07944299798
 30
0.0
 40
200.0
  1
(소매점)
  7
굴림체
 72
1
 11
19569.27147640161
 21
18541.07944299799
 31
0.0
100
AcDbText
 73
2
  0
LWPOLYLINE
  5
8E07
330
1F
100
AcDbEntity
  8
0
100
AcDbPolyline
 90
4
 70
1
 10
18311.82466789098
 20
18329.96393250447
 10
18311.82466789098
 20
19013.93817108503
 10
20757.11757879856
 20
19013.93817108503
 10
20757.11757879856
 20
18329.96393250447
  0
LINE
  5
99F9
102
{ACAD_REACTORS
330
9A6B
102
}
330
1F
100
AcDbEntity
  8
0
100
AcDbLine
 10
16735.22713556268
 20
21473.72741863778
 30
0.0
 11
16735.22713556268
 21
22653.7274185564
 31
0.0
  0
LINE
  5
99FA
330
1F
100
AcDbEntity
  8
RXDIM
100
AcDbLine
 10
11815.22713550451
 20
21473.7274186603
 30
0.0
 11
11235.22713556161
 21
21473.7274186603
 31
0.0
  0
TEXT
  5
99FB
330
1F
100
AcDbEntity
  8
TEXT
  6
ACAD_ISO03W100
 62
3
 48
100.0
100
AcDbText
 10
11719.6217411584
 20
22128.68745134749
 30
0.0
 40
200.0
  1
SLOPE
  7
굴림체
 72
1
 11
12060.04727307329
 21
22228.68745134749
 31
0.0
100
AcDbText
 73
2
  0
TEXT
  5
99FC
102
{ACAD_REACTORS
330
9A6B
102
}
330
1F
100
AcDbEntity
  8
TEXT
  6
ACAD_ISO03W100
 62
3
 48
100.0
100
AcDbText
 10
15532.57359549855
 20
22128.68745134749
 30
0.0
 40
200.0
  1
SLOPE
  7
굴림체
 72
1
 11
15872.99912741344
 21
22228.68745134749
 31
0.0
100
AcDbText
 73
2
  0
HATCH
  5
9A6B
330
1F
100
AcDbEntity
  8
HAT
100
AcDbHatch
 10
0.0
 20
0.0
 30
0.0
210
0.0
220
0.0
230
1.0
  2
LINE-V
 70
0
 71
1
 91
5
 92
7
 72
1
 73
1
 93
5
 10
14935.22713556268
 20
22653.72741856991
 42
0.0
 10
14935.22713556268
 20
22063.72741861059
 42
0.0
 10
16710.22713556268
 20
22063.72741861059
 42
-0.4142135623730951
 10
16735.22713556268
 20
22088.7274186106
 42
0.0
 10
16735.22713556268
 20
22653.72741856991
 42
0.0
 97
5
330
8C47
330
8DF4
330
8DFE
330
8DFD
330
99F9
 92
7
 72
1
 73
1
 93
5
 10
14935.22713556268
 20
22063.72741861059
 42
0.0
 10
14935.22713556269
 20
21653.72843467181
 42
0.0
 10
16735.22713556268
 20
21653.72892894
 42
0.0
 10
16735.22713556268
 20
22038.72741861059
 42
-0.4142135623730951
 10
16710.22713556268
 20
22063.72741861059
 42
0.0
 97
5
330
8DFD
330
8DFE
330
8DF4
330
8C47
330
99F9
 92
7
 72
0
 73
1
 93
5
 10
14935.22713556268
 20
21653.72843467182
 10
14935.22713556269
 20
21473.72741863777
 10
15935.22713556208
 20
21473.72741862986
 10
16735.22713556268
 20
21473.72741862895
 10
16735.22713556268
 20
21653.72892894001
 97
5
330
8C47
330
8DF4
330
8C36
330
8D70
330
99F9
 92
33
 93
19
 72
1
 10
13832.22713556187
 20
22653.72741856992
 11
15465.64923942339
 21
22653.72741856992
 72
1
 10
14032.22713556187
 20
22853.72741856992
 11
14032.22713556187
 21
22453.72741856992
 72
2
 10
14032.22713556187
 20
22653.72741856992
 40
100.0
 50
0.0
 51
360.0
 73
1
 72
1
 10
14032.22713556187
 20
22653.72741856992
 11
14032.22713556187
 21
22753.72741856992
 72
1
 10
14032.22713556187
 20
22753.72741856992
 11
13961.51645744322
 21
22724.43809668858
 72
1
 10
13961.51645744322
 20
22724.43809668858
 11
13932.22713556187
 21
22653.72741856992
 72
1
 10
13932.22713556187
 20
22653.72741856992
 11
14032.22713556187
 21
22653.72741856992
 72
1
 10
14032.22713556187
 20
22653.72741856992
 11
14032.22713556187
 21
22553.72741856992
 72
1
 10
14032.22713556187
 20
22553.72741856992
 11
14102.93781368052
 21
22583.01674045127
 72
1
 10
14102.93781368052
 20
22583.01674045127
 11
14132.22713556187
 21
22653.72741856992
 72
1
 10
14132.22713556187
 20
22653.72741856992
 11
14032.22713556187
 21
22653.72741856992
 72
1
 10
14180.96215553524
 20
22717.66883002132
 11
15449.93685593471
 21
22717.66883002132
 72
1
 10
15449.93685593471
 20
22717.66883002132
 11
15449.93685593471
 21
23025.25871018111
 72
1
 10
15449.93685593471
 20
23025.25871018111
 11
14180.96215553524
 21
23025.25871018111
 72
1
 10
14180.96215553524
 20
23025.25871018111
 11
14180.96215553524
 21
22717.66883002132
 72
1
 10
14180.82899974296
 20
22311.67681936886
 11
15080.42953236613
 21
22311.67681936886
 72
1
 10
15080.42953236613
 20
22311.67681936886
 11
15080.42953236613
 21
22620.0656342823
 72
1
 10
15080.42953236613
 20
22620.0656342823
 11
14180.82899974296
 21
22620.0656342823
 72
1
 10
14180.82899974296
 20
22620.0656342823
 11
14180.82899974296
 21
22311.67681936886
 97
1
330
8DF0
 92
24
 93
4
 72
1
 10
15481.37678698791
 20
22072.7034087943
 11
16264.62146783897
 21
22072.7034087943
 72
1
 10
16264.62146783897
 20
22072.7034087943
 11
16264.62146783897
 21
22379.88425985813
 72
1
 10
16264.62146783897
 20
22379.88425985813
 11
15481.37678698791
 21
22379.88425985813
 72
1
 10
15481.37678698791
 20
22379.88425985813
 11
15481.37678698791
 21
22072.7034087943
 97
1
330
99FC
 75
0
 76
1
 52
0.0
 41
100.0
 77
0
 78
1
 53
90.0
 43
14180.82899974296
 44
21473.72741862895
 45
-100.0
 46
6.1e-15
 79
0
 47
4.89782352199167
 98
3
 10
15756.40886836278
 20
22396.86705347754
 10
15785.82114458675
 20
21867.90208760574
 10
15722.09442263201
 20
21603.41967439946
1001
ACAD
1010
14180.82899974296
1020
21473.72741862895
1030
0.0
  0
HATCH
  5
9AD9
330
1F
100
AcDbEntity
  8
HAT
100
AcDbHatch
 10
0.0
 20
0.0
 30
0.0
210
0.0
220
0.0
230
1.0
  2
LINE-V
 70
0
 71
0
 91
5
 92
7
 72
1
 73
1
 93
6
 10
12985.22713556184
 20
22063.72741861059
 42
0.0
 10
12985.22713556184
 20
22653.72741856991
 42
0.0
 10
11335.22713556842
 20
22653.72741856991
 42
-0.4142135623757163
 10
11235.22713556751
 20
22553.72741856992
 42
0.0
 10
11235.22713556497
 20
22088.72741861867
 42
-0.414213562466138
 10
11260.22713556483
 20
22063.72741861059
 42
0.0
 97
0
 92
7
 72
1
 73
1
 93
5
 10
11260.22713556483
 20
22063.72741861059
 42
-0.4142135623273834
 10
11235.2271355647
 20
22038.72741861463
 42
0.0
 10
11235.22713556259
 20
21653.72741867608
 42
0.0
 10
12985.22713556184
 20
21653.7278992146
 42
0.0
 10
12985.22713556184
 20
22063.72741861059
 42
0.0
 97
0
 92
7
 72
1
 73
1
 93
9
 10
12985.22713556184
 20
21473.7274186523
 42
0.0
 10
12985.22713556184
 20
21653.7278992146
 42
0.0
 10
11735.22713556247
 20
21653.7275559728
 42
0.0
 10
11735.22713556148
 20
21473.7274186603
 42
0.0
 10
11815.22713550451
 20
21473.7274186603
 42
0.0
 10
12235.22713556212
 20
21473.72741865743
 42
-0.4142135623710706
 10
12185.22713556246
 20
21523.72741865743
 42
-1.0
 10
12285.22713556246
 20
21523.72741865743
 42
-0.414213562375077
 10
12235.22713556212
 20
21473.72741865743
 42
0.0
 97
0
 92
7
 72
0
 73
1
 93
4
 10
11235.22713556259
 20
21653.72741867607
 10
11235.22713556161
 20
21473.7274186603
 10
11735.22713556148
 20
21473.7274186603
 10
11735.22713556247
 20
21653.7275559728
 97
0
 92
24
 93
4
 72
1
 10
11668.42493264776
 20
22072.7034087943
 11
12451.66961349883
 21
22072.7034087943
 72
1
 10
12451.66961349883
 20
22072.7034087943
 11
12451.66961349883
 21
22379.88425985813
 72
1
 10
12451.66961349883
 20
22379.88425985813
 11
11668.42493264776
 21
22379.88425985813
 72
1
 10
11668.42493264776
 20
22379.88425985813
 11
11668.42493264776
 21
22072.7034087943
 97
0
 75
0
 76
1
 52
0.0
 41
100.0
 77
0
 78
1
 53
90.0
 43
11235.22713556161
 44
21473.72741865231
 45
-100.0
 46
6.1e-15
 79
0
 47
3.784884855398377
 98
4
 10
12672.22954565487
 20
22261.25194451548
 10
12706.3230427959
 20
21909.25760747501
 10
12668.44137930585
 20
21561.04819401786
 10
11520.63012402889
 20
21579.97260274573
1001
ACAD
1010
14180.82899974296
1020
21473.72741862895
1030
0.0
  0
ENDSEC
  0
SECTION
  2
OBJECTS
  0
DICTIONARY
  5
C
330
0
100
AcDbDictionary
281
1
  3
ACAD_CIP_PREVIOUS_PRODUCT_INFO
350
A127
  3
ACAD_COLOR
350
6B
  3
ACAD_DETAILVIEWSTYLE
350
A11A
  3
ACAD_GROUP
350
D
  3
ACAD_LAYOUT
350
1A
  3
ACAD_MATERIAL
350
6A
  3
ACAD_MLEADERSTYLE
350
A116
  3
ACAD_MLINESTYLE
350
17
  3
ACAD_PLOTSETTINGS
350
19
  3
ACAD_PLOTSTYLENAME
350
E
  3
ACAD_SCALELIST
350
A104
  3
ACAD_SECTIONVIEWSTYLE
350
A118
  3
ACAD_TABLESTYLE
350
7E
  3
ACAD_VISUALSTYLE
350
EF
  3
ACAD_WIPEOUT_VARS
350
49D9
  3
ACDB_RECOMPOSE_DATA
350
A133
  3
AcDbVariableDictionary
350
5E
  3
AEC_CLASSIFICATION_SYSTEM_DEFS
350
F25
  3
AEC_PROPERTY_SET_DEFS
350
1E60
  3
ASE_INDEX_DICTIONARY
350
5BD0
  3
INERCAD_DICT
350
116
  3
EZDXF_META
350
A1AF
  0
DICTIONARY
  5
76A4
330
8
100
AcDbDictionary
280
1
281
1
  0
DICTIONARY
  5
B7F
330
2
100
AcDbDictionary
280
1
281
1
  3
ACAD_LAYERSTATES
360
B80
  0
DICTIONARY
  5
B30
330
B2F
100
AcDbDictionary
280
1
281
1
  3
ADSK_XREC_LAYER_RECONCILED
360
B31
  0
DICTIONARY
  5
6701
330
6700
100
AcDbDictionary
280
1
281
1
  3
ADSK_XREC_LAYER_RECONCILED
360
6702
  0
DICTIONARY
  5
6704
330
6703
100
AcDbDictionary
280
1
281
1
  3
ADSK_XREC_LAYER_RECONCILED
360
6705
  0
DICTIONARY
  5
6707
330
6706
100
AcDbDictionary
280
1
281
1
  3
ADSK_XREC_LAYER_RECONCILED
360
6708
  0
DICTIONARY
  5
670A
330
6709
100
AcDbDictionary
280
1
281
1
  3
ADSK_XREC_LAYER_RECONCILED
360
670B
  0
DICTIONARY
  5
670D
330
670C
100
AcDbDictionary
280
1
281
1
  3
ADSK_XREC_LAYER_RECONCILED
360
670E
  0
DICTIONARY
  5
6710
330
670F
100
AcDbDictionary
280
1
281
1
  3
ADSK_XREC_LAYER_RECONCILED
360
6711
  0
DICTIONARY
  5
6713
330
6712
100
AcDbDictionary
280
1
281
1
  3
ADSK_XREC_LAYER_RECONCILED
360
6714
  0
DICTIONARY
  5
6716
330
6715
100
AcDbDictionary
280
1
281
1
  3
ADSK_XREC_LAYER_RECONCILED
360
6717
  0
DICTIONARY
  5
6719
330
6718
100
AcDbDictionary
280
1
281
1
  3
ADSK_XREC_LAYER_RECONCILED
360
671A
  0
DICTIONARY
  5
671F
330
671E
100
AcDbDictionary
280
1
281
1
  3
ADSK_XREC_LAYER_RECONCILED
360
6720
  0
DICTIONARY
  5
6722
330
6721
100
AcDbDictionary
280
1
281
1
  3
ADSK_XREC_LAYER_RECONCILED
360
6723
  0
DICTIONARY
  5
6725
330
6724
100
AcDbDictionary
280
1
281
1
  3
ADSK_XREC_LAYER_RECONCILED
360
6726
  0
DICTIONARY
  5
6728
330
6727
100
AcDbDictionary
280
1
281
1
  3
ADSK_XREC_LAYER_RECONCILED
360
6729
  0
DICTIONARY
  5
672F
330
672E
100
AcDbDictionary
280
1
281
1
  3
ADSK_XREC_LAYER_RECONCILED
360
6730
  0
DICTIONARY
  5
673A
330
6739
100
AcDbDictionary
280
1
281
1
  3
ADSK_XREC_LAYER_RECONCILED
360
673B
  0
DICTIONARY
  5
6742
330
6741
100
AcDbDictionary
280
1
281
1
  3
ADSK_XREC_LAYER_RECONCILED
360
6743
  0
DICTIONARY
  5
3CE7
330
1F
100
AcDbDictionary
280
1
281
1
  3
ACAD_LAYOUTSELFREF
360
A093
  3
ACAD_SORTENTS
360
3CE8
  0
DICTIONARY
  5
7654
330
D2
100
AcDbDictionary
280
1
281
1
  3
ACAD_LAYOUTSELFREF
360
A09C
  0
DICTIONARY
  5
7656
330
D6
100
AcDbDictionary
280
1
281
1
  3
ACAD_LAYOUTSELFREF
360
A09F
  0
DICTIONARY
  5
5D15
330
5D14
100
AcDbDictionary
280
1
281
1
  3
ACAD_ENHANCEDBLOCK
360
5D16
  3
ACAD_SORTENTS
360
5D17
  3
AcDbDynamicBlockRoundTripPurgePreventer
360
5D18
  0
DICTIONARY
  5
6381
330
6380
100
AcDbDictionary
280
1
281
1
  3
ACAD_SORTENTS
360
6382
  0
DICTIONARY
  5
63C3
330
63C2
100
AcDbDictionary
280
1
281
1
  3
ACAD_SORTENTS
360
63C4
  0
DICTIONARY
  5
63CC
330
63CB
100
AcDbDictionary
280
1
281
1
  3
ACAD_SORTENTS
360
63CD
  0
DICTIONARY
  5
63E7
330
63E6
100
AcDbDictionary
280
1
281
1
  3
ACAD_SORTENTS
360
63E8
  0
DICTIONARY
  5
6456
330
6455
100
AcDbDictionary
280
1
281
1
  3
ACAD_SORTENTS
360
6457
  0
DICTIONARY
  5
6475
330
6474
100
AcDbDictionary
280
1
281
1
  3
ACAD_SORTENTS
360
6476
  0
DICTIONARY
  5
7981
330
7980
100
AcDbDictionary
280
1
281
1
  0
DICTIONARY
  5
8B12
330
8B11
100
AcDbDictionary
280
1
281
1
  0
XRECORD
  5
A127
102
{ACAD_REACTORS
330
C
102
}
330
C
100
AcDbXrecord
280
1
300
ACD
300
2024
300

  0
DICTIONARY
  5
6B
102
{ACAD_REACTORS
330
C
102
}
330
C
100
AcDbDictionary
281
1
  0
DICTIONARY
  5
A11A
102
{ACAD_REACTORS
330
C
102
}
330
C
100
AcDbDictionary
281
1
  3
Metric50
350
A11B
  0
DICTIONARY
  5
D
102
{ACAD_REACTORS
330
C
102
}
330
C
100
AcDbDictionary
281
1
  0
DICTIONARY
  5
1A
102
{ACAD_REACTORS
330
C
102
}
330
C
100
AcDbDictionary
281
1
  3
Model
350
22
  3
배치1
350
D3
  3
배치2
350
D7
  0
DICTIONARY
  5
6A
102
{ACAD_REACTORS
330
C
102
}
330
C
100
AcDbDictionary
281
1
  3
ByBlock
350
ED
  3
ByLayer
350
EC
  3
Global
350
EE
  0
DICTIONARY
  5
A116
102
{ACAD_REACTORS
330
C
102
}
330
C
100
AcDbDictionary
281
1
  3
Standard
350
A117
  0
DICTIONARY
  5
17
102
{ACAD_REACTORS
330
C
102
}
330
C
100
AcDbDictionary
281
1
  3
Standard
350
18
  0
DICTIONARY
  5
19
102
{ACAD_REACTORS
330
C
102
}
330
C
100
AcDbDictionary
281
1
  0
ACDBDICTIONARYWDFLT
  5
E
102
{ACAD_REACTORS
330
C
102
}
330
C
100
AcDbDictionary
281
1
  3
Normal
350
F
100
AcDbDictionaryWithDefault
340
F
  0
DICTIONARY
  5
A104
102
{ACAD_REACTORS
330
C
102
}
330
C
100
AcDbDictionary
281
1
  3
A0
350
A105
  3
A1
350
A106
  3
A2
350
A107
  3
A3
350
A108
  3
A4
350
A109
  3
A5
350
A10A
  3
A6
350
A10B
  3
A7
350
A10C
  3
A8
350
A10D
  3
A9
350
A10E
  3
B0
350
A10F
  3
B1
350
A110
  3
B2
350
A111
  3
B3
350
A112
  3
B4
350
A113
  3
B5
350
A114
  3
B6
350
A115
  0
DICTIONARY
  5
A118
102
{ACAD_REACTORS
330
C
102
}
330
C
100
AcDbDictionary
281
1
  3
Metric50
350
A119
  0
DICTIONARY
  5
7E
102
{ACAD_REACTORS
330
C
102
}
330
C
100
AcDbDictionary
281
1
  3
Standard
350
7F
  0
DICTIONARY
  5
EF
102
{ACAD_REACTORS
330
C
102
}
330
C
100
AcDbDictionary
281
1
  3
2dWireframe
350
F5
  3
3D Hidden
350
F7
  3
3dWireframe
350
F6
  3
Basic
350
F4
  3
Brighten
350
FB
  3
ColorChange
350
FF
  3
Conceptual
350
F8
  3
Dim
350
FA
  3
EdgeColorOff
350
A103
  3
Facepattern
350
FE
  3
Flat
350
F0
  3
FlatWithEdges
350
F1
  3
Gouraud
350
F2
  3
GouraudWithEdges
350
F3
  3
Hidden
350
A0FB
  3
JitterOff
350
A101
  3
Linepattern
350
FD
  3
OverhangOff
350
A102
  3
Realistic
350
F9
  3
Shaded
350
A100
  3
Shaded with edges
350
A0FF
  3
Shades of Gray
350
A0FC
  3
Sketchy
350
A0FD
  3
Thicken
350
FC
  3
Wireframe
350
A0FA
  3
X-Ray
350
A0FE
  0
WIPEOUTVARIABLES
  5
49D9
102
{ACAD_REACTORS
330
C
102
}
330
C
100
AcDbWipeoutVariables
 70
1
  0
XRECORD
  5
A133
102
{ACAD_REACTORS
330
C
102
}
330
C
100
AcDbXrecord
280
1
 90
1
330
7F
  0
DICTIONARY
  5
5E
102
{ACAD_REACTORS
330
C
102
}
330
C
100
AcDbDictionary
281
1
  3
CANNOSCALE
350
A12C
  3
CMLEADERSTYLE
350
A128
  3
CTABLESTYLE
350
84
  3
CVIEWDETAILSTYLE
350
A129
  3
CVIEWSECTIONSTYLE
350
A12A
  3
DIMASSOC
350
5F
  3
HIDETEXT
350
63
  3
INDEXCTL
350
7712
  3
LAYEREVAL
350
A12E
  3
LAYERNOTIFY
350
A12F
  3
LIGHTINGUNITS
350
A12D
  3
MSLTSCALE
350
A12B
  3
SORTENTS
350
7711
  0
DICTIONARY
  5
F25
102
{ACAD_REACTORS
330
C
102
}
330
C
100
AcDbDictionary
281
1
  0
DICTIONARY
  5
1E60
102
{ACAD_REACTORS
330
C
102
}
330
C
100
AcDbDictionary
281
1
  0
DICTIONARY
  5
5BD0
102
{ACAD_REACTORS
330
C
102
}
330
C
100
AcDbDictionary
281
1
  3
ASEBlockHierarchyIndexRecord
350
5BD1
1001
DCO15
1040
1985243841.955
  0
DICTIONARY
  5
116
102
{ACAD_REACTORS
330
C
102
}
330
C
100
AcDbDictionary
281
1
  3
RFXINFO_OBJ
350
117
  0
DICTIONARY
  5
B80
102
{ACAD_REACTORS
330
B7F
102
}
330
B7F
100
AcDbDictionary
281
1
  0
XRECORD
  5
B31
102
{ACAD_REACTORS
330
B30
102
}
330
B30
100
AcDbXrecord
280
1
290
1
  0
XRECORD
  5
6702
102
{ACAD_REACTORS
330
6701
102
}
330
6701
100
AcDbXrecord
280
1
290
1
  0
XRECORD
  5
6705
102
{ACAD_REACTORS
330
6704
102
}
330
6704
100
AcDbXrecord
280
1
290
1
  0
XRECORD
  5
6708
102
{ACAD_REACTORS
330
6707
102
}
330
6707
100
AcDbXrecord
280
1
290
1
  0
XRECORD
  5
670B
102
{ACAD_REACTORS
330
670A
102
}
330
670A
100
AcDbXrecord
280
1
290
1
  0
XRECORD
  5
670E
102
{ACAD_REACTORS
330
670D
102
}
330
670D
100
AcDbXrecord
280
1
290
1
  0
XRECORD
  5
6711
102
{ACAD_REACTORS
330
6710
102
}
330
6710
100
AcDbXrecord
280
1
290
1
  0
XRECORD
  5
6714
102
{ACAD_REACTORS
330
6713
102
}
330
6713
100
AcDbXrecord
280
1
290
1
  0
XRECORD
  5
6717
102
{ACAD_REACTORS
330
6716
102
}
330
6716
100
AcDbXrecord
280
1
290
1
  0
XRECORD
  5
671A
102
{ACAD_REACTORS
330
6719
102
}
330
6719
100
AcDbXrecord
280
1
290
1
  0
XRECORD
  5
6720
102
{ACAD_REACTORS
330
671F
102
}
330
671F
100
AcDbXrecord
280
1
290
1
  0
XRECORD
  5
6723
102
{ACAD_REACTORS
330
6722
102
}
330
6722
100
AcDbXrecord
280
1
290
1
  0
XRECORD
  5
6726
102
{ACAD_REACTORS
330
6725
102
}
330
6725
100
AcDbXrecord
280
1
290
1
  0
XRECORD
  5
6729
102
{ACAD_REACTORS
330
6728
102
}
330
6728
100
AcDbXrecord
280
1
290
1
  0
XRECORD
  5
6730
102
{ACAD_REACTORS
330
672F
102
}
330
672F
100
AcDbXrecord
280
1
290
1
  0
XRECORD
  5
673B
102
{ACAD_REACTORS
330
673A
102
}
330
673A
100
AcDbXrecord
280
1
290
1
  0
XRECORD
  5
6743
102
{ACAD_REACTORS
330
6742
102
}
330
6742
100
AcDbXrecord
280
1
290
1
  0
XRECORD
  5
A093
102
{ACAD_REACTORS
330
3CE7
102
}
330
3CE7
100
AcDbXrecord
280
1
340
1F
  0
SORTENTSTABLE
  5
3CE8
102
{ACAD_REACTORS
330
3CE7
102
}
330
3CE7
100
AcDbSortentsTable
330
1F
331
13C
  5
1E64
331
8C23
  5
8C24
331
8C24
  5
8C25
331
8C25
  5
8C26
331
8C26
  5
8C27
331
8C27
  5
8C28
331
8C28
  5
8C29
331
8C29
  5
8C2A
331
8C2A
  5
8C2B
331
8C2B
  5
8C2C
331
8C2C
  5
8C2D
331
8C2D
  5
8C2E
331
8C2E
  5
8C2F
331
8C2F
  5
8C30
331
8C30
  5
8C31
331
8C31
  5
8C32
331
8C32
  5
8C33
331
8C33
  5
8C34
331
8C34
  5
8C35
331
8C35
  5
8C36
331
8C36
  5
8C38
331
8C37
  5
8C39
331
8C38
  5
8C3A
331
8C39
  5
8C3B
331
8C3A
  5
8C3C
331
8C3B
  5
8C3D
331
8C3C
  5
8C3E
331
8C3D
  5
8C3F
331
8C3E
  5
8C40
331
8C3F
  5
8C41
331
8C40
  5
8C42
331
8C41
  5
8C43
331
8C42
  5
8C44
331
8C43
  5
8C45
331
8C44
  5
8C46
331
8C45
  5
8C47
331
8C46
  5
8C48
331
8C47
  5
8C49
331
8C48
  5
8C4A
331
8C49
  5
8C4B
331
8C4A
  5
8C4C
331
8C4B
  5
8C4D
331
8C4C
  5
8C4E
331
8C4D
  5
8C4F
331
8C4E
  5
8C50
331
8C4F
  5
8C51
331
8C50
  5
8C52
331
8C51
  5
8C53
331
8C52
  5
8C54
331
8C53
  5
8C55
331
8C54
  5
8C56
331
8C55
  5
8C57
331
8C56
  5
8C58
331
8C57
  5
8C59
331
8C58
  5
8C5A
331
8C59
  5
8C5B
331
8C5A
  5
8C5C
331
8C5B
  5
8C5D
331
8C5C
  5
8C5E
331
8C5D
  5
8C5F
331
8C5E
  5
8C60
331
8C5F
  5
8C61
331
8C60
  5
8C62
331
8C61
  5
8C63
331
8C62
  5
8C64
331
8C63
  5
8C65
331
8C64
  5
8C66
331
8C65
  5
8C67
331
8C66
  5
8C68
331
8C67
  5
8C69
331
8C68
  5
8C6A
331
8C69
  5
8C6B
331
8C6A
  5
8C6C
331
8C6B
  5
8C6D
331
8C6C
  5
8C6E
331
8C6D
  5
8C6F
331
8C6E
  5
8C70
331
8C6F
  5
8C71
331
8C70
  5
8C72
331
8C71
  5
8C73
331
8C72
  5
8C74
331
8C73
  5
8C75
331
8C74
  5
8C76
331
8C75
  5
8C77
331
8C76
  5
8C78
331
8C77
  5
8C79
331
8C78
  5
8C7A
331
8C79
  5
8C7B
331
8C7A
  5
8C7C
331
8C7B
  5
8C7D
331
8C7C
  5
8C7E
331
8C7D
  5
8C7F
331
8C7E
  5
8C80
331
8C7F
  5
8C81
331
8C80
  5
8C82
331
8C81
  5
8C83
331
8C82
  5
8C84
331
8C83
  5
8C85
331
8C84
  5
8C86
331
8C85
  5
8C87
331
8C86
  5
8C88
331
8C87
  5
8C89
331
8C88
  5
8C8A
331
8C89
  5
8C8B
331
8C8A
  5
8C8C
331
8C8B
  5
8C8D
331
8C8C
  5
8C8E
331
8C8D
  5
8C8F
331
8C8E
  5
8C90
331
8C8F
  5
8C91
331
8C90
  5
8C92
331
8C91
  5
8C93
331
8C92
  5
8C94
331
8C93
  5
8C95
331
8C94
  5
8C96
331
8C95
  5
8C97
331
8C96
  5
8C98
331
8C97
  5
8C99
331
8C98
  5
8C9A
331
8C99
  5
8C9B
331
8C9A
  5
8C9C
331
8C9B
  5
8C9D
331
8C9C
  5
8C9E
331
8C9D
  5
8C9F
331
8C9E
  5
8CA0
331
8C9F
  5
8CA1
331
8CA0
  5
8CA2
331
8CA1
  5
8CA3
331
8CA2
  5
8CA4
331
8CA3
  5
8CA5
331
8CA4
  5
8CA6
331
8CA5
  5
8CA7
331
8CA6
  5
8CA8
331
8CA7
  5
8CA9
331
8CA8
  5
8CAA
331
8CA9
  5
8CAB
331
8CAA
  5
8CAC
331
8CAB
  5
8CAD
331
8CAC
  5
8CAE
331
8CAD
  5
8CAF
331
8CAE
  5
8CB0
331
8CAF
  5
8CB1
331
8CB0
  5
8CB2
331
8CB1
  5
8CB3
331
8CB2
  5
8CB4
331
8CB3
  5
8CB5
331
8CB4
  5
8CB6
331
8CB5
  5
8CB7
331
8CB6
  5
8CB8
331
8CB7
  5
8CB9
331
8CB8
  5
8CBA
331
8CB9
  5
8CBB
331
8CBA
  5
8CBC
331
8CBB
  5
8CBD
331
8CBC
  5
8CBE
331
8CBD
  5
8CBF
331
8CBE
  5
8CC0
331
8CBF
  5
8CC1
331
8CC0
  5
8CC2
331
8CC1
  5
8CC3
331
8CC2
  5
8CC4
331
8CC3
  5
8CC5
331
8CC4
  5
8CC6
331
8CC5
  5
8CC7
331
8CC6
  5
8CC8
331
8CC7
  5
8CC9
331
8CC8
  5
8CCA
331
8CC9
  5
8CCB
331
8CCA
  5
8CCC
331
8CCB
  5
8CCD
331
8CCC
  5
8CCE
331
8CCD
  5
8CCF
331
8CCE
  5
8CD0
331
8CCF
  5
8CD1
331
8CD0
  5
8CD2
331
8CD1
  5
8CD3
331
8CD2
  5
8CD4
331
8CD3
  5
8CD5
331
8CD4
  5
8CD6
331
8CD5
  5
8CD7
331
8CD6
  5
8CD8
331
8CD7
  5
8CD9
331
8CD8
  5
8CDA
331
8CD9
  5
8CDB
331
8CDA
  5
8CDC
331
8CDB
  5
8CDD
331
8CDC
  5
8CDE
331
8CDD
  5
8CDF
331
8CDE
  5
8CE0
331
8CDF
  5
8CE1
331
8CE0
  5
8CE2
331
8CE1
  5
8CE3
331
8CE2
  5
8CE4
331
8CE3
  5
8CE5
331
8CE4
  5
8CE6
331
8CE5
  5
8CE7
331
8CE6
  5
8CE8
331
8CE7
  5
8CE9
331
8CE8
  5
8CEA
331
8CE9
  5
8CEB
331
8CEA
  5
8CEC
331
8CEB
  5
8CED
331
8CEC
  5
8CEE
331
8CED
  5
8CEF
331
8CEE
  5
8CF0
331
8CEF
  5
8CF1
331
8CF0
  5
8CF2
331
8CF1
  5
8CF3
331
8CF2
  5
8CF4
331
8CF3
  5
8CF5
331
8CF4
  5
8CF6
331
8CF5
  5
8CF7
331
8CF6
  5
8CF8
331
8CF7
  5
8CF9
331
8CF8
  5
8CFA
331
8CF9
  5
8CFB
331
8CFA
  5
8CFC
331
8CFB
  5
8CFD
331
8CFC
  5
8CFE
331
8CFD
  5
8CFF
331
8CFE
  5
8D00
331
8CFF
  5
8D01
331
8D00
  5
8D02
331
8D01
  5
8D03
331
8D02
  5
8D04
331
8D03
  5
8D05
331
8D04
  5
8D06
331
8D05
  5
8D07
331
8D06
  5
8D08
331
8D07
  5
8D09
331
8D08
  5
8D0A
331
8D09
  5
8D0B
331
8D0A
  5
8D0C
331
8D0B
  5
8D0D
331
8D0C
  5
8D0E
331
8D0D
  5
8D0F
331
8D0E
  5
8D10
331
8D0F
  5
8D11
331
8D10
  5
8D12
331
8D11
  5
8D13
331
8D12
  5
8D14
331
8D13
  5
8D15
331
8D14
  5
8D16
331
8D15
  5
8D17
331
8D16
  5
8D18
331
8D17
  5
8D19
331
8D18
  5
8D1A
331
8D19
  5
8D1B
331
8D1A
  5
8D1C
331
8D1B
  5
8D1D
331
8D1C
  5
8D1E
331
8D1D
  5
8D1F
331
8D1E
  5
8D20
331
8D1F
  5
8D21
331
8D20
  5
8D22
331
8D21
  5
8D23
331
8D22
  5
8D24
331
8D23
  5
8D25
331
8D24
  5
8D26
331
8D25
  5
8D27
331
8D26
  5
8D28
331
8D27
  5
8D29
331
8D28
  5
8D2A
331
8D29
  5
8D2B
331
8D2A
  5
8D2C
331
8D2B
  5
8D2D
331
8D2C
  5
8D2E
331
8D2D
  5
8D2F
331
8D2E
  5
8D30
331
8D2F
  5
8D31
331
8D30
  5
8D32
331
8D31
  5
8D33
331
8D32
  5
8D34
331
8D33
  5
8D35
331
8D34
  5
8D36
331
8D35
  5
8D37
331
8D36
  5
8D38
331
8D37
  5
8D39
331
8D38
  5
8D3A
331
8D39
  5
8D3B
331
8D3A
  5
8D3C
331
8D3B
  5
8D3D
331
8D3C
  5
8D3E
331
8D3D
  5
8D3F
331
8D3E
  5
8D40
331
8D3F
  5
8D41
331
8D40
  5
8D42
331
8D41
  5
8D43
331
8D42
  5
8D44
331
8D43
  5
8D45
331
8D44
  5
8D46
331
8D45
  5
8D47
331
8D46
  5
8D48
331
8D47
  5
8D49
331
8D48
  5
8D4A
331
8D49
  5
8D4B
331
8D4A
  5
8D4C
331
8D4B
  5
8D4D
331
8D4C
  5
8D4E
331
8D4D
  5
8D4F
331
8D4E
  5
8D50
331
8D4F
  5
8D51
331
8D50
  5
8D52
331
8D51
  5
8D53
331
8D52
  5
8D54
331
8D53
  5
8D55
331
8D54
  5
8D56
331
8D55
  5
8D57
331
8D56
  5
8D58
331
8D57
  5
8D59
331
8D58
  5
8D5A
331
8D59
  5
8D5B
331
8D5A
  5
8D5C
331
8D5B
  5
8D5D
331
8D5C
  5
8D5E
331
8D5D
  5
8D5F
331
8D5E
  5
8D60
331
8D5F
  5
8D61
331
8D60
  5
8D62
331
8D61
  5
8D63
331
8D62
  5
8D64
331
8D63
  5
8D65
331
8D64
  5
8D66
331
8D65
  5
8D67
331
8D66
  5
8D68
331
8D67
  5
8D69
331
8D68
  5
8D6A
331
8D69
  5
8D6B
331
8D6A
  5
8D6C
331
8D6B
  5
8D6D
331
8D6C
  5
8D6E
331
8D6D
  5
8D6F
331
8D6E
  5
8D70
331
8D6F
  5
8D71
331
8D70
  5
8D72
331
8D71
  5
8D73
331
8D72
  5
8D74
331
8D73
  5
8D75
331
8D74
  5
8D76
331
8D75
  5
8D77
331
8D76
  5
8D78
331
8D77
  5
8D79
331
8D78
  5
8D7A
331
8D79
  5
8D7B
331
8D7A
  5
8D7C
331
8D7B
  5
8D7D
331
8D7C
  5
8D7E
331
8D7D
  5
8D7F
331
8D7E
  5
8D80
331
8D7F
  5
8D81
331
8D80
  5
8D82
331
8D81
  5
8D83
331
8D82
  5
8D84
331
8D83
  5
8D85
331
8D84
  5
8D86
331
8D85
  5
8D87
331
8D86
  5
8D88
331
8D87
  5
8D89
331
8D88
  5
8D8A
331
8D89
  5
8D8B
331
8D8A
  5
8D8C
331
8D8B
  5
8D8D
331
8D8C
  5
8D8E
331
8D8D
  5
8D8F
331
8D8E
  5
8D90
331
8D8F
  5
8D91
331
8D90
  5
8D92
331
8D91
  5
8D93
331
8D92
  5
8D94
331
8D93
  5
8D95
331
8D94
  5
8D96
331
8D95
  5
8D97
331
8D96
  5
8D98
331
8D97
  5
8D99
331
8D98
  5
8D9A
331
8D99
  5
8D9B
331
8D9A
  5
8D9C
331
8D9B
  5
8D9D
331
8D9C
  5
8D9E
331
8D9D
  5
8D9F
331
8D9E
  5
8DA0
331
8D9F
  5
8DA1
331
8DA0
  5
8DA2
331
8DA1
  5
8DA3
331
8DA2
  5
8DA4
331
8DA3
  5
8DA5
331
8DA4
  5
8DA6
331
8DA5
  5
8DA7
331
8DA6
  5
8DA8
331
8DA7
  5
8DA9
331
8DA8
  5
8DAA
331
8DA9
  5
8DAB
331
8DAA
  5
8DAC
331
8DAB
  5
8DAD
331
8DAC
  5
8DAE
331
8DAD
  5
8DAF
331
8DAE
  5
8DB0
331
8DAF
  5
8DB1
331
8DB0
  5
8DB2
331
8DB1
  5
8DB3
331
8DB2
  5
8DB4
331
8DB3
  5
8DB5
331
8DB4
  5
8DB6
331
8DB5
  5
8DB7
331
8DB6
  5
8DB8
331
8DB7
  5
8DB9
331
8DB8
  5
8DBA
331
8DB9
  5
8DBB
331
8DBA
  5
8DBC
331
8DBB
  5
8DBD
331
8DBC
  5
8DBE
331
8DBD
  5
8DBF
331
8DBE
  5
8DC0
331
8DBF
  5
8DC1
331
8DC0
  5
8DC2
331
8DC1
  5
8DC3
331
8DC2
  5
8DC4
331
8DC3
  5
8DC5
331
8DC4
  5
8DC6
331
8DC5
  5
8DC7
331
8DC6
  5
8DC8
331
8DC7
  5
8DC9
331
8DC8
  5
8DCA
331
8DC9
  5
8DCB
331
8DCA
  5
8DCC
331
8DCB
  5
8DCD
331
8DCC
  5
8DCE
331
8DCD
  5
8DCF
331
8DCE
  5
8DD0
331
8DCF
  5
8DD1
331
8DD0
  5
8DD2
331
8DD1
  5
8DD3
331
8DD2
  5
8DD4
331
8DD3
  5
8DD5
331
8DD4
  5
8DD6
331
8DD5
  5
8DD7
331
8DD6
  5
8DD8
331
8DD7
  5
8DD9
331
8DD8
  5
8DDA
331
8DD9
  5
8DDB
331
8DDA
  5
8DDC
331
8DDB
  5
8DDD
331
8DDC
  5
8DDE
331
8DDD
  5
8DDF
331
8DDE
  5
8DE0
331
8DDF
  5
8DE1
331
8DE0
  5
8DE2
331
8DE1
  5
8DE3
331
8DE2
  5
8DE4
331
8DE3
  5
8DE5
331
8DE4
  5
8DE6
331
8DE5
  5
8DE7
331
8DE6
  5
8DE8
331
8DE7
  5
8DE9
331
8DE8
  5
8DEA
331
8DE9
  5
8DEB
331
8DEA
  5
8DEC
331
8DEB
  5
8DED
331
8DEC
  5
8DEE
331
8DED
  5
8DEF
331
8DEE
  5
8DF0
331
8DEF
  5
8DF1
331
8DF0
  5
8DF2
331
8DF1
  5
8DF3
331
8DF2
  5
8DF4
331
8DF3
  5
8DF5
331
8DF4
  5
8DF8
331
8DF7
  5
8DFA
331
8DF8
  5
8DFB
331
8DF9
  5
8DFC
331
8DFA
  5
8DFD
331
8DFB
  5
8DFE
331
8DFC
  5
8DFF
331
8DFD
  5
8E00
331
8DFE
  5
8E01
331
8DFF
  5
8E02
331
8E00
  5
8E03
331
8E01
  5
8E04
331
8E02
  5
8E05
331
8E03
  5
8E06
331
8E04
  5
8E07
331
8E05
  5
99F9
331
8E06
  5
99FA
331
8E07
  5
99FB
331
99F9
  5
8DF9
331
99FA
  5
99FC
331
99FB
  5
99FD
331
99FC
  5
9A6C
331
9A6B
  5
8C37
331
9AD9
  5
8C23
  0
XRECORD
  5
A09C
102
{ACAD_REACTORS
330
7654
102
}
330
7654
100
AcDbXrecord
280
1
340
D2
  0
XRECORD
  5
A09F
102
{ACAD_REACTORS
330
7656
102
}
330
7656
100
AcDbXrecord
280
1
340
D6
  0
ACAD_EVALUATION_GRAPH
  5
5D16
102
{ACAD_REACTORS
330
5D15
102
}
330
5D15
100
AcDbEvalGraph
 96
0
 97
0
  0
SORTENTSTABLE
  5
5D17
102
{ACAD_REACTORS
330
5D15
102
}
330
5D15
100
AcDbSortentsTable
330
5D14
  0
ACDB_DYNAMICBLOCKPURGEPREVENTER_VERSION
  5
5D18
102
{ACAD_REACTORS
330
5D15
102
}
330
5D15
100
AcDbDynamicBlockPurgePreventer
 70
1
  0
SORTENTSTABLE
  5
6382
102
{ACAD_REACTORS
330
6381
102
}
330
6381
100
AcDbSortentsTable
330
6380
  0
SORTENTSTABLE
  5
63C4
102
{ACAD_REACTORS
330
63C3
102
}
330
63C3
100
AcDbSortentsTable
330
63C2
  0
SORTENTSTABLE
  5
63CD
102
{ACAD_REACTORS
330
63CC
102
}
330
63CC
100
AcDbSortentsTable
330
63CB
  0
SORTENTSTABLE
  5
63E8
102
{ACAD_REACTORS
330
63E7
102
}
330
63E7
100
AcDbSortentsTable
330
63E6
  0
SORTENTSTABLE
  5
6457
102
{ACAD_REACTORS
330
6456
102
}
330
6456
100
AcDbSortentsTable
330
6455
  0
SORTENTSTABLE
  5
6476
102
{ACAD_REACTORS
330
6475
102
}
330
6475
100
AcDbSortentsTable
330
6474
  0
ACDBDETAILVIEWSTYLE
  5
A11B
102
{ACAD_XDICTIONARY
360
A136
102
}
102
{ACAD_REACTORS
330
A11A
102
}
330
A11A
100
AcDbModelDocViewStyle
 70
0
  3
Metric50
290
0
100
AcDbDetailViewStyle
 70
0
 71
0
 90
3
 71
1
340
11
 62
256
 40
5.0
340
0
 62
256
 40
5.0
300

 40
0.0
280
1
 71
2
340
16
 90
25
 62
256
 71
3
340
11
 62
256
 40
5.0
 90
0
 40
15.0
 90
1
300
%<\AcVar ViewDetailId>% (%<\AcVar ViewScale \f "%sn">%)
 71
4
340
16
 90
25
 62
256
340
16
 90
25
 62
256
280
0
  0
LAYOUT
  5
22
102
{ACAD_REACTORS
330
1A
102
}
330
1A
100
AcDbPlotSettings
  1

  2
SINDOH D411 PCL
  4
A3
  6

 40
5.027082920074462
 41
5.027085781097412
 42
5.027099609375
 43
5.027069091796875
 44
296.9259948730469
 45
419.9466552734374
 46
-5.064093828201322
 47
-5.303749799728393
 48
-0.0007437824797307
 49
0.0006909792973602
140
42049.99925621751
141
29700.0006909793
142
1.0
143
100.0
 70
3748
 72
1
 73
1
 74
4
  7
1팀.ctb
 75
0
 76
1
 77
2
 78
300
147
0.0096589835805925
148
0.0007437824797307
149
-0.0006909792973602
100
AcDbLayout
  1
Model
 70
1
 71
0
 10
0.0
 20
0.0
 11
12.0
 21
9.0
 12
0.0
 22
0.0
 32
0.0
 14
0.0
 24
0.0
 34
0.0
 15
0.0
 25
0.0
 35
0.0
146
0.0
 13
0.0
 23
0.0
 33
0.0
 16
1.0
 26
0.0
 36
0.0
 17
0.0
 27
1.0
 37
0.0
 76
0
330
1F
331
EA
1001
ACAD_PSEXT
1000
SINDOH D411 PCL
1000
SINDOH D410 Series PCL
1000
IP_192.168.0.100
1000

1070
0
  0
LAYOUT
  5
D3
102
{ACAD_REACTORS
330
1A
102
}
330
1A
100
AcDbPlotSettings
  1

  2
C:\Documents and Settings\user\Application Data\Autodesk\AutoCAD 2005\R16.1\enu\plotters\Default Windows System Printer.pc3
  4

  6

 40
0.0
 41
0.0
 42
0.0
 43
0.0
 44
0.0
 45
0.0
 46
0.0
 47
0.0
 48
0.0
 49
0.0
140
0.0
141
0.0
142
1.0
143
1.0
 70
688
 72
0
 73
0
 74
5
  7

 75
16
 76
0
 77
2
 78
300
147
1.0
148
0.0
149
0.0
100
AcDbLayout
  1
배치1
 70
1
 71
1
 10
0.0
 20
0.0
 11
12.0
 21
9.0
 12
0.0
 22
0.0
 32
0.0
 14
0.0
 24
0.0
 34
0.0
 15
0.0
 25
0.0
 35
0.0
146
0.0
 13
0.0
 23
0.0
 33
0.0
 16
1.0
 26
0.0
 36
0.0
 17
0.0
 27
1.0
 37
0.0
 76
0
330
D2
  0
LAYOUT
  5
D7
102
{ACAD_REACTORS
330
1A
102
}
330
1A
100
AcDbPlotSettings
  1

  2
C:\Documents and Settings\user\Application Data\Autodesk\AutoCAD 2005\R16.1\enu\plotters\Default Windows System Printer.pc3
  4

  6

 40
0.0
 41
0.0
 42
0.0
 43
0.0
 44
0.0
 45
0.0
 46
0.0
 47
0.0
 48
0.0
 49
0.0
140
0.0
141
0.0
142
1.0
143
1.0
 70
688
 72
0
 73
0
 74
5
  7

 75
16
 76
0
 77
2
 78
300
147
1.0
148
0.0
149
0.0
100
AcDbLayout
  1
배치2
 70
1
 71
2
 10
0.0
 20
0.0
 11
12.0
 21
9.0
 12
0.0
 22
0.0
 32
0.0
 14
0.0
 24
0.0
 34
0.0
 15
0.0
 25
0.0
 35
0.0
146
0.0
 13
0.0
 23
0.0
 33
0.0
 16
1.0
 26
0.0
 36
0.0
 17
0.0
 27
1.0
 37
0.0
 76
0
330
D6
  0
MATERIAL
  5
ED
102
{ACAD_REACTORS
330
6A
102
}
330
6A
100
AcDbMaterial
  1
BYBLOCK
  2

 70
0
 40
1.0
 71
0
 41
1.0
 91
-1023410177
 42
1.0
 72
1
  3

 73
1
 74
1
 75
1
 44
0.5
 73
0
 45
1.0
 46
1.0
 77
1
  4

 78
1
 79
1
170
1
 48
1.0
171
1
  6

172
1
173
1
174
1
140
1.0
141
1.0
175
1
  7

176
1
177
1
178
1
143
1.0
179
1
  8

270
1
271
1
272
1
145
1.0
146
1.0
273
1
  9

274
1
275
1
276
1
 42
1.0
 72
1
  3

 73
1
 74
1
 75
1
 94
63
  0
MATERIAL
  5
EC
102
{ACAD_REACTORS
330
6A
102
}
330
6A
100
AcDbMaterial
  1
BYLAYER
  2

 70
0
 40
1.0
 71
0
 41
1.0
 91
-1023410177
 42
1.0
 72
1
  3

 73
1
 74
1
 75
1
 44
0.5
 73
0
 45
1.0
 46
1.0
 77
1
  4

 78
1
 79
1
170
1
 48
1.0
171
1
  6

172
1
173
1
174
1
140
1.0
141
1.0
175
1
  7

176
1
177
1
178
1
143
1.0
179
1
  8

270
1
271
1
272
1
145
1.0
146
1.0
273
1
  9

274
1
275
1
276
1
 42
1.0
 72
1
  3

 73
1
 74
1
 75
1
 94
63
  0
MATERIAL
  5
EE
102
{ACAD_REACTORS
330
6A
102
}
330
6A
100
AcDbMaterial
  1
GLOBAL
  2

 70
0
 40
1.0
 71
0
 41
1.0
 91
-1023410177
 42
1.0
 72
1
  3

 73
1
 74
1
 75
1
 44
0.5
 73
0
 45
1.0
 46
1.0
 77
1
  4

 78
1
 79
1
170
1
 48
1.0
171
1
  6

172
1
173
1
174
1
140
1.0
141
1.0
175
1
  7

176
1
177
1
178
1
143
1.0
179
1
  8

270
1
271
1
272
1
145
1.0
146
1.0
273
1
  9

274
1
275
1
276
1
 42
1.0
 72
1
  3

 73
1
 74
1
 75
1
 94
63
  0
MLEADERSTYLE
  5
A117
102
{ACAD_REACTORS
330
A116
102
}
330
A116
100
AcDbMLeaderStyle
179
2
170
2
171
1
172
0
 90
2
 40
0.0
 41
0.0
173
1
 91
-1056964608
340
14
 92
-2
290
1
 42
2.0
291
1
 43
0.36
  3
Standard
 44
4.0
300

342
11
174
1
175
1
176
0
178
6
 93
-1056964608
 45
4.0
292
0
297
0
 46
4.0
293
1
 94
-1056964608
 47
1.0
 49
1.0
140
1.0
294
1
141
0.0
177
0
142
1.0
295
0
296
0
143
0.125
271
0
272
9
273
9
298
1
  0
MLINESTYLE
  5
18
102
{ACAD_REACTORS
330
17
102
}
330
17
100
AcDbMlineStyle
  2
STANDARD
 70
0
  3

 62
256
 51
90.0
 52
90.0
 71
2
 49
0.5
 62
256
  6
BYLAYER
 49
-0.5
 62
256
  6
BYLAYER
  0
ACDBPLACEHOLDER
  5
F
102
{ACAD_REACTORS
330
E
102
}
330
E
  0
SCALE
  5
A105
102
{ACAD_REACTORS
330
A104
102
}
330
A104
100
AcDbScale
 70
0
300
1:1
140
1.0
141
1.0
290
1
  0
SCALE
  5
A106
102
{ACAD_REACTORS
330
A104
102
}
330
A104
100
AcDbScale
 70
0
300
1:2
140
1.0
141
2.0
290
0
  0
SCALE
  5
A107
102
{ACAD_REACTORS
330
A104
102
}
330
A104
100
AcDbScale
 70
0
300
1:4
140
1.0
141
4.0
290
0
  0
SCALE
  5
A108
102
{ACAD_REACTORS
330
A104
102
}
330
A104
100
AcDbScale
 70
0
300
1:5
140
1.0
141
5.0
290
0
  0
SCALE
  5
A109
102
{ACAD_REACTORS
330
A104
102
}
330
A104
100
AcDbScale
 70
0
300
1:8
140
1.0
141
8.0
290
0
  0
SCALE
  5
A10A
102
{ACAD_REACTORS
330
A104
102
}
330
A104
100
AcDbScale
 70
0
300
1:10
140
1.0
141
10.0
290
0
  0
SCALE
  5
A10B
102
{ACAD_REACTORS
330
A104
102
}
330
A104
100
AcDbScale
 70
0
300
1:16
140
1.0
141
16.0
290
0
  0
SCALE
  5
A10C
102
{ACAD_REACTORS
330
A104
102
}
330
A104
100
AcDbScale
 70
0
300
1:20
140
1.0
141
20.0
290
0
  0
SCALE
  5
A10D
102
{ACAD_REACTORS
330
A104
102
}
330
A104
100
AcDbScale
 70
0
300
1:30
140
1.0
141
30.0
290
0
  0
SCALE
  5
A10E
102
{ACAD_REACTORS
330
A104
102
}
330
A104
100
AcDbScale
 70
0
300
1:40
140
1.0
141
40.0
290
0
  0
SCALE
  5
A10F
102
{ACAD_REACTORS
330
A104
102
}
330
A104
100
AcDbScale
 70
0
300
1:50
140
1.0
141
50.0
290
0
  0
SCALE
  5
A110
102
{ACAD_REACTORS
330
A104
102
}
330
A104
100
AcDbScale
 70
0
300
1:100
140
1.0
141
100.0
290
0
  0
SCALE
  5
A111
102
{ACAD_REACTORS
330
A104
102
}
330
A104
100
AcDbScale
 70
0
300
2:1
140
2.0
141
1.0
290
0
  0
SCALE
  5
A112
102
{ACAD_REACTORS
330
A104
102
}
330
A104
100
AcDbScale
 70
0
300
4:1
140
4.0
141
1.0
290
0
  0
SCALE
  5
A113
102
{ACAD_REACTORS
330
A104
102
}
330
A104
100
AcDbScale
 70
0
300
8:1
140
8.0
141
1.0
290
0
  0
SCALE
  5
A114
102
{ACAD_REACTORS
330
A104
102
}
330
A104
100
AcDbScale
 70
0
300
10:1
140
10.0
141
1.0
290
0
  0
SCALE
  5
A115
102
{ACAD_REACTORS
330
A104
102
}
330
A104
100
AcDbScale
 70
0
300
100:1
140
100.0
141
1.0
290
0
  0
ACDBSECTIONVIEWSTYLE
  5
A119
102
{ACAD_XDICTIONARY
360
A134
102
}
102
{ACAD_REACTORS
330
A118
102
}
330
A118
100
AcDbModelDocViewStyle
 70
0
  3
Metric50
290
0
100
AcDbSectionViewStyle
 70
0
 71
0
 90
102
 71
1
340
11
 62
256
 40
5.0
340
0
340
0
 62
256
 40
5.0
300
I, O, Q, S, X, Z
 40
10.0
 90
0
 40
2.5
 90
0
 71
2
340
16
 90
25
 62
256
340
16
 90
50
 62
256
 40
5.0
 40
2.5
 40
5.0
 71
3
340
11
 62
256
 40
5.0
 90
0
 40
15.0
 90
1
300
%<\AcVar ViewSectionStartId>%-%<\AcVar ViewSectionEndId>% (%<\AcVar ViewScale \f "%sn">%)
 71
4
 62
256
 62
257
300
ANSI31
 40
1.0
 90
0
290
0
290
0
 90
6
 40
0.0
 40
1.570796326794896
 40
0.2617993877991494
 40
1.308996938995747
 40
-0.2617993877991494
 40
1.832595714594046
  0
TABLESTYLE
  5
7F
102
{ACAD_XDICTIONARY
360
A131
102
}
102
{ACAD_REACTORS
330
7E
102
}
330
7E
100
AcDbTableStyle
280
0
  3
Standard
 70
0
 71
0
 40
1.5
 41
1.5
280
0
281
0
  7
Standard
140
4.5
170
2
 62
0
 63
7
283
0
 90
512
 91
0
  1

274
-2
284
1
 64
0
275
-2
285
1
 65
0
276
-2
286
1
 66
0
277
-2
287
1
 67
0
278
-2
288
1
 68
0
279
-2
289
1
 69
0
  7
Standard
140
6.0
170
5
 62
0
 63
7
283
0
 90
512
 91
0
  1

274
-2
284
1
 64
0
275
-2
285
1
 65
0
276
-2
286
1
 66
0
277
-2
287
1
 67
0
278
-2
288
1
 68
0
279
-2
289
1
 69
0
  7
Standard
140
4.5
170
5
 62
0
 63
7
283
0
 90
512
 91
0
  1

274
-2
284
1
 64
0
275
-2
285
1
 65
0
276
-2
286
1
 66
0
277
-2
287
1
 67
0
278
-2
288
1
 68
0
279
-2
289
1
 69
0
  0
VISUALSTYLE
  5
F5
102
{ACAD_REACTORS
330
EF
102
}
330
EF
100
AcDbVisualStyle
  2
2dWireframe
 70
4
177
3
291
0
 70
58
 90
0
176
1
 90
2
176
1
 90
1
176
1
 90
0
176
1
 40
0.6
176
1
 40
30.0
176
1
 62
7
176
1
 90
1
176
1
 90
4
176
1
 62
7
176
1
 62
257
176
1
 90
1
176
1
 90
1
176
1
 40
1.0
176
1
 90
0
176
1
 62
257
176
1
 40
1.0
176
1
 90
1
176
1
 90
6
176
1
 90
2
176
1
 62
7
176
1
 90
5
176
1
 90
0
176
1
 90
0
176
1
290
0
176
1
 90
1
176
1
 40
0.0
176
1
 90
0
176
1
290
1
176
1
290
1
176
1
290
0
176
1
290
0
176
1
290
0
176
1
290
0
176
1
290
0
176
1
290
0
176
1
290
0
176
1
 90
50
176
1
 40
0.0
176
1
 40
1.0
176
1
 90
0
176
1
 62
18
420
0
176
1
 90
50
176
1
 90
3
176
1
 62
5
420
255
176
1
290
0
176
1
 90
50
176
1
 90
50
176
1
 90
50
176
1
290
0
176
1
 90
50
176
1
 62
256
176
0
 40
1.0
176
0
 90
2
176
1
  1
strokes_ogs.tif
176
1
290
0
176
1
 40
1.0
176
1
 40
1.0
176
1
1001
ACAD
1000
AcDbSavedByObjectVersion
1070
0
  0
VISUALSTYLE
  5
F7
102
{ACAD_REACTORS
330
EF
102
}
330
EF
100
AcDbVisualStyle
  2
3D Hidden
 70
6
177
3
291
0
 70
58
 90
1
176
1
 90
2
176
1
 90
2
176
1
 90
0
176
1
 40
0.6
176
1
 40
30.0
176
1
 62
7
176
1
 90
2
176
1
 90
2
176
1
 62
7
176
1
 62
257
176
1
 90
2
176
1
 90
1
176
1
 40
40.0
176
1
 90
0
176
1
 62
257
176
1
 40
1.0
176
1
 90
1
176
1
 90
6
176
1
 90
2
176
1
 62
7
176
1
 90
3
176
1
 90
0
176
1
 90
0
176
1
290
0
176
1
 90
1
176
1
 40
0.0
176
1
 90
0
176
1
290
0
176
1
290
1
176
1
290
1
176
1
290
0
176
1
290
0
176
1
290
0
176
1
290
0
176
1
290
0
176
1
290
0
176
1
 90
50
176
1
 40
0.0
176
1
 40
1.0
176
1
 90
0
176
1
 62
18
420
0
176
1
 90
50
176
1
 90
3
176
1
 62
5
420
255
176
1
290
0
176
1
 90
50
176
1
 90
50
176
1
 90
50
176
1
290
0
176
1
 90
50
176
1
 62
256
176
0
 40
1.0
176
0
 90
2
176
1
  1
strokes_ogs.tif
176
1
290
0
176
1
 40
1.0
176
1
 40
1.0
176
1
1001
ACAD
1000
AcDbSavedByObjectVersion
1070
0
  0
VISUALSTYLE
  5
F6
102
{ACAD_REACTORS
330
EF
102
}
330
EF
100
AcDbVisualStyle
  2
3dWireframe
 70
5
177
3
291
0
 70
58
 90
0
176
1
 90
2
176
1
 90
1
176
1
 90
0
176
1
 40
0.6
176
1
 40
30.0
176
1
 62
7
176
1
 90
1
176
1
 90
4
176
1
 62
7
176
1
 62
257
176
1
 90
1
176
1
 90
1
176
1
 40
1.0
176
1
 90
0
176
1
 62
257
176
1
 40
1.0
176
1
 90
1
176
1
 90
6
176
1
 90
2
176
1
 62
7
176
1
 90
5
176
1
 90
0
176
1
 90
0
176
1
290
0
176
1
 90
1
176
1
 40
0.0
176
1
 90
0
176
1
290
0
176
1
290
1
176
1
290
1
176
1
290
0
176
1
290
0
176
1
290
0
176
1
290
0
176
1
290
0
176
1
290
0
176
1
 90
50
176
1
 40
0.0
176
1
 40
1.0
176
1
 90
0
176
1
 62
18
420
0
176
1
 90
50
176
1
 90
3
176
1
 62
5
420
255
176
1
290
0
176
1
 90
50
176
1
 90
50
176
1
 90
50
176
1
290
0
176
1
 90
50
176
1
 62
256
176
0
 40
1.0
176
0
 90
2
176
1
  1
strokes_ogs.tif
176
1
290
0
176
1
 40
1.0
176
1
 40
1.0
176
1
1001
ACAD
1000
AcDbSavedByObjectVersion
1070
0
  0
VISUALSTYLE
  5
F4
102
{ACAD_REACTORS
330
EF
102
}
330
EF
100
AcDbVisualStyle
  2
Basic
 70
7
177
3
291
1
 70
58
 90
1
176
1
 90
0
176
1
 90
1
176
1
 90
0
176
1
 40
0.6
176
1
 40
30.0
176
1
 62
7
176
1
 90
0
176
1
 90
4
176
1
 62
7
176
1
 62
257
176
1
 90
1
176
1
 90
1
176
1
 40
1.0
176
1
 90
8
176
1
 62
7
176
1
 40
1.0
176
1
 90
1
176
1
 90
6
176
1
 90
2
176
1
 62
7
176
1
 90
5
176
1
 90
0
176
1
 90
0
176
1
290
0
176
1
 90
1
176
1
 40
0.0
176
1
 90
0
176
1
290
0
176
1
290
1
176
1
290
1
176
1
290
0
176
1
290
0
176
1
290
0
176
1
290
0
176
1
290
0
176
1
290
0
176
1
 90
50
176
1
 40
0.0
176
1
 40
1.0
176
1
 90
0
176
1
 62
18
420
0
176
1
 90
50
176
1
 90
3
176
1
 62
5
420
255
176
1
290
0
176
1
 90
50
176
1
 90
50
176
1
 90
50
176
1
290
0
176
1
 90
50
176
1
 62
256
176
0
 40
1.0
176
0
 90
2
176
1
  1
strokes_ogs.tif
176
1
290
0
176
1
 40
1.0
176
1
 40
1.0
176
1
1001
ACAD
1000
AcDbSavedByObjectVersion
1070
0
  0
VISUALSTYLE
  5
FB
102
{ACAD_REACTORS
330
EF
102
}
330
EF
100
AcDbVisualStyle
  2
Brighten
 70
12
177
3
291
1
 70
58
 90
2
176
1
 90
2
176
1
 90
1
176
1
 90
0
176
1
 40
0.6
176
1
 40
30.0
176
1
 62
7
176
1
 90
1
176
1
 90
4
176
1
 62
7
176
1
 62
257
176
1
 90
1
176
1
 90
1
176
1
 40
1.0
176
1
 90
8
176
1
 62
7
176
1
 40
1.0
176
1
 90
1
176
1
 90
6
176
1
 90
2
176
1
 62
7
176
1
 90
5
176
1
 90
0
176
1
 90
0
176
1
290
0
176
1
 90
1
176
1
 40
50.0
176
1
 90
0
176
1
290
0
176
1
290
1
176
1
290
1
176
1
290
0
176
1
290
0
176
1
290
0
176
1
290
0
176
1
290
0
176
1
290
0
176
1
 90
50
176
1
 40
0.0
176
1
 40
1.0
176
1
 90
0
176
1
 62
18
420
0
176
1
 90
50
176
1
 90
3
176
1
 62
5
420
255
176
1
290
0
176
1
 90
50
176
1
 90
50
176
1
 90
50
176
1
290
0
176
1
 90
50
176
1
 62
256
176
0
 40
1.0
176
0
 90
2
176
1
  1
strokes_ogs.tif
176
1
290
0
176
1
 40
1.0
176
1
 40
1.0
176
1
1001
ACAD
1000
AcDbSavedByObjectVersion
1070
0
  0
VISUALSTYLE
  5
FF
102
{ACAD_REACTORS
330
EF
102
}
330
EF
100
AcDbVisualStyle
  2
ColorChange
 70
16
177
3
291
1
 70
58
 90
2
176
1
 90
2
176
1
 90
3
176
1
 90
0
176
1
 40
0.6
176
1
 40
30.0
176
1
 62
8
176
1
 90
1
176
1
 90
4
176
1
 62
7
176
1
 62
257
176
1
 90
1
176
1
 90
1
176
1
 40
1.0
176
1
 90
8
176
1
 62
8
176
1
 40
1.0
176
1
 90
1
176
1
 90
6
176
1
 90
2
176
1
 62
7
176
1
 90
5
176
1
 90
0
176
1
 90
0
176
1
290
0
176
1
 90
1
176
1
 40
0.0
176
1
 90
0
176
1
290
0
176
1
290
1
176
1
290
1
176
1
290
0
176
1
290
0
176
1
290
0
176
1
290
0
176
1
290
0
176
1
290
0
176
1
 90
50
176
1
 40
0.0
176
1
 40
1.0
176
1
 90
0
176
1
 62
18
420
0
176
1
 90
50
176
1
 90
3
176
1
 62
5
420
255
176
1
290
0
176
1
 90
50
176
1
 90
50
176
1
 90
50
176
1
290
0
176
1
 90
50
176
1
 62
256
176
0
 40
1.0
176
0
 90
2
176
1
  1
strokes_ogs.tif
176
1
290
0
176
1
 40
1.0
176
1
 40
1.0
176
1
1001
ACAD
1000
AcDbSavedByObjectVersion
1070
0
  0
VISUALSTYLE
  5
F8
102
{ACAD_REACTORS
330
EF
102
}
330
EF
100
AcDbVisualStyle
  2
Conceptual
 70
9
177
3
291
0
 70
58
 90
3
176
1
 90
2
176
1
 90
1
176
1
 90
0
176
1
 40
0.6
176
1
 40
30.0
176
1
 62
7
176
1
 90
2
176
1
 90
2
176
1
 62
7
176
1
 62
257
176
1
 90
1
176
1
 90
1
176
1
 40
40.0
176
1
 90
8
176
1
 62
7
176
1
 40
1.0
176
1
 90
1
176
1
 90
6
176
1
 90
2
176
1
 62
7
176
1
 90
3
176
1
 90
0
176
1
 90
0
176
1
290
0
176
1
 90
1
176
1
 40
0.0
176
1
 90
0
176
1
290
0
176
1
290
1
176
1
290
1
176
1
290
0
176
1
290
0
176
1
290
0
176
1
290
0
176
1
290
0
176
1
290
0
176
1
 90
50
176
1
 40
0.0
176
1
 40
1.0
176
1
 90
0
176
1
 62
18
420
0
176
1
 90
50
176
1
 90
3
176
1
 62
5
420
255
176
1
290
0
176
1
 90
50
176
1
 90
50
176
1
 90
50
176
1
290
0
176
1
 90
50
176
1
 62
256
176
0
 40
1.0
176
0
 90
2
176
1
  1
strokes_ogs.tif
176
1
290
0
176
1
 40
1.0
176
1
 40
1.0
176
1
1001
ACAD
1000
AcDbSavedByObjectVersion
1070
0
  0
VISUALSTYLE
  5
FA
102
{ACAD_REACTORS
330
EF
102
}
330
EF
100
AcDbVisualStyle
  2
Dim
 70
11
177
3
291
1
 70
58
 90
2
176
1
 90
2
176
1
 90
1
176
1
 90
0
176
1
 40
0.6
176
1
 40
30.0
176
1
 62
7
176
1
 90
1
176
1
 90
4
176
1
 62
7
176
1
 62
257
176
1
 90
1
176
1
 90
1
176
1
 40
1.0
176
1
 90
8
176
1
 62
7
176
1
 40
1.0
176
1
 90
1
176
1
 90
6
176
1
 90
2
176
1
 62
7
176
1
 90
5
176
1
 90
0
176
1
 90
0
176
1
290
0
176
1
 90
1
176
1
 40
-50.0
176
1
 90
0
176
1
290
0
176
1
290
1
176
1
290
1
176
1
290
0
176
1
290
0
176
1
290
0
176
1
290
0
176
1
290
0
176
1
290
0
176
1
 90
50
176
1
 40
0.0
176
1
 40
1.0
176
1
 90
0
176
1
 62
18
420
0
176
1
 90
50
176
1
 90
3
176
1
 62
5
420
255
176
1
290
0
176
1
 90
50
176
1
 90
50
176
1
 90
50
176
1
290
0
176
1
 90
50
176
1
 62
256
176
0
 40
1.0
176
0
 90
2
176
1
  1
strokes_ogs.tif
176
1
290
0
176
1
 40
1.0
176
1
 40
1.0
176
1
1001
ACAD
1000
AcDbSavedByObjectVersion
1070
0
  0
VISUALSTYLE
  5
A103
102
{ACAD_REACTORS
330
EF
102
}
330
EF
100
AcDbVisualStyle
  2
EdgeColorOff
 70
22
177
3
291
1
 70
58
 90
2
176
0
 90
2
176
0
 90
0
176
0
 90
0
176
0
 40
0.6
176
0
 40
30.0
176
0
 62
7
420
16777215
176
0
 90
1
176
0
 90
4
176
0
 62
7
176
0
 62
257
176
0
 90
1
176
0
 90
1
176
0
 40
1.0
176
0
 90
8
176
2
 62
7
176
0
 40
1.0
176
0
 90
1
176
0
 90
6
176
0
 90
2
176
0
 62
7
176
0
 90
5
176
0
 90
0
176
0
 90
0
176
0
290
0
176
0
 90
1
176
0
 40
0.0
176
0
 90
0
176
0
290
0
176
0
290
1
176
0
290
1
176
0
290
0
176
0
290
0
176
0
290
0
176
0
290
0
176
0
290
0
176
0
290
0
176
0
 90
50
176
0
 40
0.0
176
0
 40
1.0
176
0
 90
0
176
0
 62
18
420
0
176
0
 90
50
176
0
 90
3
176
0
 62
5
420
255
176
0
290
0
176
0
 90
50
176
0
 90
50
176
0
 90
50
176
0
290
0
176
0
 90
50
176
0
 62
256
176
0
 40
1.0
176
0
 90
2
176
0
  1
strokes_ogs.tif
176
0
290
0
176
0
 40
1.0
176
0
 40
1.0
176
0
1001
ACAD
1000
AcDbSavedByObjectVersion
1070
0
  0
VISUALSTYLE
  5
FE
102
{ACAD_REACTORS
330
EF
102
}
330
EF
100
AcDbVisualStyle
  2
Facepattern
 70
15
177
3
291
1
 70
58
 90
2
176
1
 90
2
176
1
 90
1
176
1
 90
0
176
1
 40
0.6
176
1
 40
30.0
176
1
 62
7
176
1
 90
1
176
1
 90
4
176
1
 62
7
176
1
 62
257
176
1
 90
1
176
1
 90
1
176
1
 40
1.0
176
1
 90
8
176
1
 62
7
176
1
 40
1.0
176
1
 90
1
176
1
 90
6
176
1
 90
2
176
1
 62
7
176
1
 90
5
176
1
 90
0
176
1
 90
0
176
1
290
0
176
1
 90
1
176
1
 40
0.0
176
1
 90
0
176
1
290
0
176
1
290
1
176
1
290
1
176
1
290
0
176
1
290
0
176
1
290
0
176
1
290
0
176
1
290
0
176
1
290
0
176
1
 90
50
176
1
 40
0.0
176
1
 40
1.0
176
1
 90
0
176
1
 62
18
420
0
176
1
 90
50
176
1
 90
3
176
1
 62
5
420
255
176
1
290
0
176
1
 90
50
176
1
 90
50
176
1
 90
50
176
1
290
0
176
1
 90
50
176
1
 62
256
176
0
 40
1.0
176
0
 90
2
176
1
  1
strokes_ogs.tif
176
1
290
0
176
1
 40
1.0
176
1
 40
1.0
176
1
1001
ACAD
1000
AcDbSavedByObjectVersion
1070
0
  0
VISUALSTYLE
  5
F0
102
{ACAD_REACTORS
330
EF
102
}
330
EF
100
AcDbVisualStyle
  2
Flat
 70
0
177
3
291
1
 70
58
 90
2
176
1
 90
1
176
1
 90
1
176
1
 90
2
176
1
 40
0.6
176
1
 40
30.0
176
1
 62
7
176
1
 90
0
176
1
 90
4
176
1
 62
7
176
1
 62
257
176
1
 90
1
176
1
 90
1
176
1
 40
1.0
176
1
 90
8
176
1
 62
7
176
1
 40
1.0
176
1
 90
1
176
1
 90
6
176
1
 90
2
176
1
 62
7
176
1
 90
5
176
1
 90
0
176
1
 90
0
176
1
290
0
176
1
 90
1
176
1
 40
0.0
176
1
 90
0
176
1
290
0
176
1
290
1
176
1
290
1
176
1
290
0
176
1
290
0
176
1
290
0
176
1
290
0
176
1
290
0
176
1
290
0
176
1
 90
50
176
1
 40
0.0
176
1
 40
1.0
176
1
 90
0
176
1
 62
18
420
0
176
1
 90
50
176
1
 90
3
176
1
 62
5
420
255
176
1
290
0
176
1
 90
50
176
1
 90
50
176
1
 90
50
176
1
290
0
176
1
 90
50
176
1
 62
256
176
0
 40
1.0
176
0
 90
2
176
1
  1
strokes_ogs.tif
176
1
290
0
176
1
 40
1.0
176
1
 40
1.0
176
1
1001
ACAD
1000
AcDbSavedByObjectVersion
1070
0
  0
VISUALSTYLE
  5
F1
102
{ACAD_REACTORS
330
EF
102
}
330
EF
100
AcDbVisualStyle
  2
FlatWithEdges
 70
1
177
3
291
1
 70
58
 90
2
176
1
 90
1
176
1
 90
1
176
1
 90
2
176
1
 40
0.6
176
1
 40
30.0
176
1
 62
7
176
1
 90
1
176
1
 90
4
176
1
 62
7
176
1
 62
257
176
1
 90
1
176
1
 90
1
176
1
 40
1.0
176
1
 90
0
176
1
 62
257
176
1
 40
1.0
176
1
 90
1
176
1
 90
6
176
1
 90
2
176
1
 62
7
176
1
 90
5
176
1
 90
0
176
1
 90
0
176
1
290
0
176
1
 90
1
176
1
 40
0.0
176
1
 90
0
176
1
290
0
176
1
290
1
176
1
290
1
176
1
290
0
176
1
290
0
176
1
290
0
176
1
290
0
176
1
290
0
176
1
290
0
176
1
 90
50
176
1
 40
0.0
176
1
 40
1.0
176
1
 90
0
176
1
 62
18
420
0
176
1
 90
50
176
1
 90
3
176
1
 62
5
420
255
176
1
290
0
176
1
 90
50
176
1
 90
50
176
1
 90
50
176
1
290
0
176
1
 90
50
176
1
 62
256
176
0
 40
1.0
176
0
 90
2
176
1
  1
strokes_ogs.tif
176
1
290
0
176
1
 40
1.0
176
1
 40
1.0
176
1
1001
ACAD
1000
AcDbSavedByObjectVersion
1070
0
  0
VISUALSTYLE
  5
F2
102
{ACAD_REACTORS
330
EF
102
}
330
EF
100
AcDbVisualStyle
  2
Gouraud
 70
2
177
3
291
1
 70
58
 90
2
176
1
 90
2
176
1
 90
1
176
1
 90
2
176
1
 40
0.6
176
1
 40
30.0
176
1
 62
7
176
1
 90
0
176
1
 90
4
176
1
 62
7
176
1
 62
257
176
1
 90
1
176
1
 90
1
176
1
 40
1.0
176
1
 90
0
176
1
 62
7
176
1
 40
1.0
176
1
 90
1
176
1
 90
6
176
1
 90
2
176
1
 62
7
176
1
 90
5
176
1
 90
0
176
1
 90
0
176
1
290
0
176
1
 90
1
176
1
 40
0.0
176
1
 90
0
176
1
290
0
176
1
290
1
176
1
290
1
176
1
290
0
176
1
290
0
176
1
290
0
176
1
290
0
176
1
290
0
176
1
290
0
176
1
 90
50
176
1
 40
0.0
176
1
 40
1.0
176
1
 90
0
176
1
 62
18
420
0
176
1
 90
50
176
1
 90
3
176
1
 62
5
420
255
176
1
290
0
176
1
 90
50
176
1
 90
50
176
1
 90
50
176
1
290
0
176
1
 90
50
176
1
 62
256
176
0
 40
1.0
176
0
 90
2
176
1
  1
strokes_ogs.tif
176
1
290
0
176
1
 40
1.0
176
1
 40
1.0
176
1
1001
ACAD
1000
AcDbSavedByObjectVersion
1070
0
  0
VISUALSTYLE
  5
F3
102
{ACAD_REACTORS
330
EF
102
}
330
EF
100
AcDbVisualStyle
  2
GouraudWithEdges
 70
3
177
3
291
1
 70
58
 90
2
176
1
 90
2
176
1
 90
1
176
1
 90
2
176
1
 40
0.6
176
1
 40
30.0
176
1
 62
7
176
1
 90
1
176
1
 90
4
176
1
 62
7
176
1
 62
257
176
1
 90
1
176
1
 90
1
176
1
 40
1.0
176
1
 90
0
176
1
 62
257
176
1
 40
1.0
176
1
 90
1
176
1
 90
6
176
1
 90
2
176
1
 62
7
176
1
 90
5
176
1
 90
0
176
1
 90
0
176
1
290
0
176
1
 90
1
176
1
 40
0.0
176
1
 90
0
176
1
290
0
176
1
290
1
176
1
290
1
176
1
290
0
176
1
290
0
176
1
290
0
176
1
290
0
176
1
290
0
176
1
290
0
176
1
 90
50
176
1
 40
0.0
176
1
 40
1.0
176
1
 90
0
176
1
 62
18
420
0
176
1
 90
50
176
1
 90
3
176
1
 62
5
420
255
176
1
290
0
176
1
 90
50
176
1
 90
50
176
1
 90
50
176
1
290
0
176
1
 90
50
176
1
 62
256
176
0
 40
1.0
176
0
 90
2
176
1
  1
strokes_ogs.tif
176
1
290
0
176
1
 40
1.0
176
1
 40
1.0
176
1
1001
ACAD
1000
AcDbSavedByObjectVersion
1070
0
  0
VISUALSTYLE
  5
A0FB
102
{ACAD_REACTORS
330
EF
102
}
330
EF
100
AcDbVisualStyle
  2
Hidden
 70
6
177
3
291
0
 70
58
 90
1
176
1
 90
2
176
1
 90
2
176
1
 90
0
176
1
 40
0.6
176
1
 40
30.0
176
1
 62
7
420
16777215
176
1
 90
2
176
1
 90
2
176
1
 62
7
176
1
 62
257
176
1
 90
2
176
1
 90
1
176
1
 40
40.0
176
1
 90
0
176
1
 62
257
176
1
 40
1.0
176
1
 90
1
176
1
 90
6
176
1
 90
2
176
1
 62
7
176
1
 90
3
176
1
 90
0
176
1
 90
0
176
1
290
0
176
1
 90
1
176
1
 40
0.0
176
1
 90
0
176
1
290
0
176
1
290
1
176
1
290
1
176
1
290
0
176
1
290
0
176
1
290
0
176
1
290
0
176
1
290
0
176
1
290
0
176
1
 90
50
176
1
 40
0.0
176
1
 40
1.0
176
1
 90
0
176
1
 62
18
420
0
176
1
 90
50
176
1
 90
3
176
1
 62
5
420
255
176
1
290
0
176
1
 90
50
176
1
 90
50
176
1
 90
50
176
1
290
0
176
1
 90
50
176
1
 62
256
176
0
 40
1.0
176
0
 90
2
176
1
  1
strokes_ogs.tif
176
1
290
0
176
1
 40
1.0
176
1
 40
1.0
176
1
1001
ACAD
1000
AcDbSavedByObjectVersion
1070
0
  0
VISUALSTYLE
  5
A101
102
{ACAD_REACTORS
330
EF
102
}
330
EF
100
AcDbVisualStyle
  2
JitterOff
 70
20
177
3
291
1
 70
58
 90
2
176
0
 90
2
176
0
 90
0
176
0
 90
0
176
0
 40
0.6
176
0
 40
30.0
176
0
 62
7
420
16777215
176
0
 90
1
176
0
 90
4
176
0
 62
7
176
0
 62
257
176
0
 90
1
176
0
 90
1
176
0
 40
1.0
176
0
 90
10
176
2
 62
7
176
0
 40
1.0
176
0
 90
1
176
0
 90
6
176
0
 90
2
176
0
 62
7
176
0
 90
5
176
0
 90
0
176
0
 90
0
176
0
290
0
176
0
 90
1
176
0
 40
0.0
176
0
 90
0
176
0
290
0
176
0
290
1
176
0
290
1
176
0
290
0
176
0
290
0
176
0
290
0
176
0
290
0
176
0
290
0
176
0
290
0
176
0
 90
50
176
0
 40
0.0
176
0
 40
1.0
176
0
 90
0
176
0
 62
18
420
0
176
0
 90
50
176
0
 90
3
176
0
 62
5
420
255
176
0
290
0
176
0
 90
50
176
0
 90
50
176
0
 90
50
176
0
290
0
176
0
 90
50
176
0
 62
256
176
0
 40
1.0
176
0
 90
2
176
0
  1
strokes_ogs.tif
176
0
290
0
176
0
 40
1.0
176
0
 40
1.0
176
0
1001
ACAD
1000
AcDbSavedByObjectVersion
1070
0
  0
VISUALSTYLE
  5
FD
102
{ACAD_REACTORS
330
EF
102
}
330
EF
100
AcDbVisualStyle
  2
Linepattern
 70
14
177
3
291
1
 70
58
 90
2
176
1
 90
2
176
1
 90
1
176
1
 90
0
176
1
 40
0.6
176
1
 40
30.0
176
1
 62
7
176
1
 90
1
176
1
 90
4
176
1
 62
7
176
1
 62
257
176
1
 90
7
176
1
 90
7
176
1
 40
1.0
176
1
 90
8
176
1
 62
7
176
1
 40
1.0
176
1
 90
1
176
1
 90
6
176
1
 90
2
176
1
 62
7
176
1
 90
5
176
1
 90
0
176
1
 90
0
176
1
290
0
176
1
 90
1
176
1
 40
0.0
176
1
 90
0
176
1
290
0
176
1
290
1
176
1
290
1
176
1
290
0
176
1
290
0
176
1
290
0
176
1
290
0
176
1
290
0
176
1
290
0
176
1
 90
50
176
1
 40
0.0
176
1
 40
1.0
176
1
 90
0
176
1
 62
18
420
0
176
1
 90
50
176
1
 90
3
176
1
 62
5
420
255
176
1
290
0
176
1
 90
50
176
1
 90
50
176
1
 90
50
176
1
290
0
176
1
 90
50
176
1
 62
256
176
0
 40
1.0
176
0
 90
2
176
1
  1
strokes_ogs.tif
176
1
290
0
176
1
 40
1.0
176
1
 40
1.0
176
1
1001
ACAD
1000
AcDbSavedByObjectVersion
1070
0
  0
VISUALSTYLE
  5
A102
102
{ACAD_REACTORS
330
EF
102
}
330
EF
100
AcDbVisualStyle
  2
OverhangOff
 70
21
177
3
291
1
 70
58
 90
2
176
0
 90
2
176
0
 90
0
176
0
 90
0
176
0
 40
0.6
176
0
 40
30.0
176
0
 62
7
420
16777215
176
0
 90
1
176
0
 90
4
176
0
 62
7
176
0
 62
257
176
0
 90
1
176
0
 90
1
176
0
 40
1.0
176
0
 90
9
176
2
 62
7
176
0
 40
1.0
176
0
 90
1
176
0
 90
6
176
0
 90
2
176
0
 62
7
176
0
 90
5
176
0
 90
0
176
0
 90
0
176
0
290
0
176
0
 90
1
176
0
 40
0.0
176
0
 90
0
176
0
290
0
176
0
290
1
176
0
290
1
176
0
290
0
176
0
290
0
176
0
290
0
176
0
290
0
176
0
290
0
176
0
290
0
176
0
 90
50
176
0
 40
0.0
176
0
 40
1.0
176
0
 90
0
176
0
 62
18
420
0
176
0
 90
50
176
0
 90
3
176
0
 62
5
420
255
176
0
290
0
176
0
 90
50
176
0
 90
50
176
0
 90
50
176
0
290
0
176
0
 90
50
176
0
 62
256
176
0
 40
1.0
176
0
 90
2
176
0
  1
strokes_ogs.tif
176
0
290
0
176
0
 40
1.0
176
0
 40
1.0
176
0
1001
ACAD
1000
AcDbSavedByObjectVersion
1070
0
  0
VISUALSTYLE
  5
F9
102
{ACAD_REACTORS
330
EF
102
}
330
EF
100
AcDbVisualStyle
  2
Realistic
 70
8
177
3
291
0
 70
58
 90
2
176
1
 90
2
176
1
 90
1
176
1
 90
0
176
1
 40
0.6
176
1
 40
30.0
176
1
 62
7
176
1
 90
1
176
1
 90
0
176
1
 62
7
176
1
 62
257
176
1
 90
1
176
1
 90
1
176
1
 40
1.0
176
1
 90
8
176
1
 62
8
176
1
 40
1.0
176
1
 90
1
176
1
 90
6
176
1
 90
2
176
1
 62
7
176
1
 90
5
176
1
 90
0
176
1
 90
0
176
1
290
0
176
1
 90
13
176
1
 40
0.0
176
1
 90
0
176
1
290
0
176
1
290
1
176
1
290
1
176
1
290
0
176
1
290
0
176
1
290
0
176
1
290
0
176
1
290
0
176
1
290
0
176
1
 90
50
176
1
 40
0.0
176
1
 40
1.0
176
1
 90
0
176
1
 62
18
420
0
176
1
 90
50
176
1
 90
3
176
1
 62
5
420
255
176
1
290
0
176
1
 90
50
176
1
 90
50
176
1
 90
50
176
1
290
0
176
1
 90
50
176
1
 62
256
176
0
 40
1.0
176
0
 90
2
176
1
  1
strokes_ogs.tif
176
1
290
0
176
1
 40
1.0
176
1
 40
1.0
176
1
1001
ACAD
1000
AcDbSavedByObjectVersion
1070
0
  0
VISUALSTYLE
  5
A100
102
{ACAD_REACTORS
330
EF
102
}
330
EF
100
AcDbVisualStyle
  2
Shaded
 70
27
177
3
291
0
 70
58
 90
2
176
1
 90
2
176
1
 90
1
176
1
 90
2
176
1
 40
0.6
176
1
 40
30.0
176
1
 62
7
420
16777215
176
1
 90
0
176
1
 90
4
176
1
 62
7
176
1
 62
257
176
1
 90
1
176
1
 90
1
176
1
 40
1.0
176
1
 90
8
176
1
 62
257
176
1
 40
1.0
176
1
 90
1
176
1
 90
6
176
1
 90
2
176
1
 62
8
420
7895160
176
1
 90
3
176
1
 90
0
176
1
 90
0
176
1
290
0
176
1
 90
5
176
1
 40
0.0
176
1
 90
0
176
1
290
0
176
1
290
1
176
1
290
1
176
1
290
0
176
1
290
0
176
1
290
0
176
1
290
0
176
1
290
0
176
1
290
0
176
1
 90
50
176
1
 40
0.0
176
1
 40
1.0
176
1
 90
0
176
1
 62
18
420
0
176
1
 90
50
176
1
 90
3
176
1
 62
5
420
255
176
1
290
0
176
1
 90
50
176
1
 90
50
176
1
 90
50
176
1
290
0
176
1
 90
50
176
1
 62
256
176
0
 40
1.0
176
0
 90
2
176
1
  1
strokes_ogs.tif
176
1
290
0
176
1
 40
1.0
176
1
 40
1.0
176
1
1001
ACAD
1000
AcDbSavedByObjectVersion
1070
0
  0
VISUALSTYLE
  5
A0FF
102
{ACAD_REACTORS
330
EF
102
}
330
EF
100
AcDbVisualStyle
  2
Shaded with edges
 70
26
177
3
291
0
 70
58
 90
2
176
1
 90
2
176
1
 90
1
176
1
 90
2
176
1
 40
0.6
176
1
 40
30.0
176
1
 62
7
420
16777215
176
1
 90
1
176
1
 90
2
176
1
 62
7
176
1
 62
257
176
1
 90
2
176
1
 90
1
176
1
 40
1.0
176
1
 90
8
176
1
 62
257
176
1
 40
1.0
176
1
 90
1
176
1
 90
6
176
1
 90
2
176
1
 62
7
176
1
 90
3
176
1
 90
0
176
1
 90
0
176
1
290
0
176
1
 90
5
176
1
 40
0.0
176
1
 90
0
176
1
290
0
176
1
290
1
176
1
290
1
176
1
290
0
176
1
290
0
176
1
290
0
176
1
290
0
176
1
290
0
176
1
290
0
176
1
 90
50
176
1
 40
0.0
176
1
 40
1.0
176
1
 90
0
176
1
 62
18
420
0
176
1
 90
50
176
1
 90
3
176
1
 62
5
420
255
176
1
290
0
176
1
 90
50
176
1
 90
50
176
1
 90
50
176
1
290
0
176
1
 90
50
176
1
 62
256
176
0
 40
1.0
176
0
 90
2
176
1
  1
strokes_ogs.tif
176
1
290
0
176
1
 40
1.0
176
1
 40
1.0
176
1
1001
ACAD
1000
AcDbSavedByObjectVersion
1070
0
  0
VISUALSTYLE
  5
A0FC
102
{ACAD_REACTORS
330
EF
102
}
330
EF
100
AcDbVisualStyle
  2
Shades of Gray
 70
23
177
3
291
0
 70
58
 90
2
176
1
 90
2
176
1
 90
3
176
1
 90
0
176
1
 40
0.6
176
1
 40
30.0
176
1
 62
7
420
16777215
176
1
 90
2
176
1
 90
2
176
1
 62
7
176
1
 62
7
176
1
 90
1
176
1
 90
1
176
1
 40
40.0
176
1
 90
8
176
1
 62
7
176
1
 40
1.0
176
1
 90
1
176
1
 90
6
176
1
 90
2
176
1
 62
7
176
1
 90
3
176
1
 90
0
176
1
 90
0
176
1
290
0
176
1
 90
1
176
1
 40
0.0
176
1
 90
0
176
1
290
0
176
1
290
1
176
1
290
1
176
1
290
0
176
1
290
0
176
1
290
0
176
1
290
0
176
1
290
0
176
1
290
0
176
1
 90
50
176
1
 40
0.0
176
1
 40
1.0
176
1
 90
0
176
1
 62
18
420
0
176
1
 90
50
176
1
 90
3
176
1
 62
5
420
255
176
1
290
0
176
1
 90
50
176
1
 90
50
176
1
 90
50
176
1
290
0
176
1
 90
50
176
1
 62
256
176
0
 40
1.0
176
0
 90
2
176
1
  1
strokes_ogs.tif
176
1
290
0
176
1
 40
1.0
176
1
 40
1.0
176
1
1001
ACAD
1000
AcDbSavedByObjectVersion
1070
0
  0
VISUALSTYLE
  5
A0FD
102
{ACAD_REACTORS
330
EF
102
}
330
EF
100
AcDbVisualStyle
  2
Sketchy
 70
24
177
3
291
0
 70
58
 90
1
176
1
 90
2
176
1
 90
2
176
1
 90
0
176
1
 40
0.6
176
1
 40
30.0
176
1
 62
7
420
16777215
176
1
 90
2
176
1
 90
2
176
1
 62
7
176
1
 62
7
176
1
 90
1
176
1
 90
1
176
1
 40
40.0
176
1
 90
11
176
1
 62
7
176
1
 40
1.0
176
1
 90
1
176
1
 90
6
176
1
 90
2
176
1
 62
7
176
1
 90
6
176
1
 90
0
176
1
 90
0
176
1
290
0
176
1
 90
1
176
1
 40
0.0
176
1
 90
0
176
1
290
0
176
1
290
1
176
1
290
1
176
1
290
0
176
1
290
0
176
1
290
0
176
1
290
0
176
1
290
0
176
1
290
0
176
1
 90
50
176
1
 40
0.0
176
1
 40
1.0
176
1
 90
0
176
1
 62
18
420
0
176
1
 90
50
176
1
 90
3
176
1
 62
5
420
255
176
1
290
0
176
1
 90
50
176
1
 90
50
176
1
 90
50
176
1
290
0
176
1
 90
50
176
1
 62
256
176
0
 40
1.0
176
0
 90
2
176
1
  1
strokes_ogs.tif
176
1
290
0
176
1
 40
1.0
176
1
 40
1.0
176
1
1001
ACAD
1000
AcDbSavedByObjectVersion
1070
0
  0
VISUALSTYLE
  5
FC
102
{ACAD_REACTORS
330
EF
102
}
330
EF
100
AcDbVisualStyle
  2
Thicken
 70
13
177
3
291
1
 70
58
 90
2
176
1
 90
2
176
1
 90
1
176
1
 90
0
176
1
 40
0.6
176
1
 40
30.0
176
1
 62
7
176
1
 90
1
176
1
 90
4
176
1
 62
7
176
1
 62
257
176
1
 90
1
176
1
 90
1
176
1
 40
1.0
176
1
 90
12
176
1
 62
7
176
1
 40
1.0
176
1
 90
1
176
1
 90
6
176
1
 90
2
176
1
 62
7
176
1
 90
5
176
1
 90
0
176
1
 90
0
176
1
290
0
176
1
 90
1
176
1
 40
0.0
176
1
 90
0
176
1
290
0
176
1
290
1
176
1
290
1
176
1
290
0
176
1
290
0
176
1
290
0
176
1
290
0
176
1
290
0
176
1
290
0
176
1
 90
50
176
1
 40
0.0
176
1
 40
1.0
176
1
 90
0
176
1
 62
18
420
0
176
1
 90
50
176
1
 90
3
176
1
 62
5
420
255
176
1
290
0
176
1
 90
50
176
1
 90
50
176
1
 90
50
176
1
290
0
176
1
 90
50
176
1
 62
256
176
0
 40
1.0
176
0
 90
2
176
1
  1
strokes_ogs.tif
176
1
290
0
176
1
 40
1.0
176
1
 40
1.0
176
1
1001
ACAD
1000
AcDbSavedByObjectVersion
1070
0
  0
VISUALSTYLE
  5
A0FA
102
{ACAD_REACTORS
330
EF
102
}
330
EF
100
AcDbVisualStyle
  2
Wireframe
 70
5
177
3
291
0
 70
58
 90
0
176
1
 90
2
176
1
 90
0
176
1
 90
0
176
1
 40
0.6
176
1
 40
30.0
176
1
 62
7
420
16777215
176
1
 90
1
176
1
 90
4
176
1
 62
7
176
1
 62
257
176
1
 90
1
176
1
 90
1
176
1
 40
1.0
176
1
 90
0
176
1
 62
257
176
1
 40
1.0
176
1
 90
1
176
1
 90
6
176
1
 90
2
176
1
 62
7
176
1
 90
3
176
1
 90
0
176
1
 90
0
176
1
290
0
176
1
 90
1
176
1
 40
0.0
176
1
 90
0
176
1
290
0
176
1
290
1
176
1
290
1
176
1
290
0
176
1
290
0
176
1
290
0
176
1
290
0
176
1
290
0
176
1
290
0
176
1
 90
50
176
1
 40
0.0
176
1
 40
1.0
176
1
 90
0
176
1
 62
18
420
0
176
1
 90
50
176
1
 90
3
176
1
 62
5
420
255
176
1
290
0
176
1
 90
50
176
1
 90
50
176
1
 90
50
176
1
290
0
176
1
 90
50
176
1
 62
256
176
0
 40
1.0
176
0
 90
2
176
1
  1
strokes_ogs.tif
176
1
290
0
176
1
 40
1.0
176
1
 40
1.0
176
1
1001
ACAD
1000
AcDbSavedByObjectVersion
1070
0
  0
VISUALSTYLE
  5
A0FE
102
{ACAD_REACTORS
330
EF
102
}
330
EF
100
AcDbVisualStyle
  2
X-Ray
 70
25
177
3
291
0
 70
58
 90
2
176
1
 90
2
176
1
 90
1
176
1
 90
1
176
1
 40
0.5
176
1
 40
30.0
176
1
 62
7
420
16777215
176
1
 90
1
176
1
 90
0
176
1
 62
7
176
1
 62
257
176
1
 90
1
176
1
 90
1
176
1
 40
1.0
176
1
 90
8
176
1
 62
7
176
1
 40
1.0
176
1
 90
1
176
1
 90
6
176
1
 90
2
176
1
 62
7
176
1
 90
3
176
1
 90
0
176
1
 90
0
176
1
290
0
176
1
 90
13
176
1
 40
0.0
176
1
 90
0
176
1
290
0
176
1
290
1
176
1
290
1
176
1
290
0
176
1
290
0
176
1
290
0
176
1
290
0
176
1
290
0
176
1
290
0
176
1
 90
50
176
1
 40
0.0
176
1
 40
1.0
176
1
 90
0
176
1
 62
18
420
0
176
1
 90
50
176
1
 90
3
176
1
 62
5
420
255
176
1
290
0
176
1
 90
50
176
1
 90
50
176
1
 90
50
176
1
290
0
176
1
 90
50
176
1
 62
256
176
0
 40
1.0
176
0
 90
2
176
1
  1
strokes_ogs.tif
176
1
290
0
176
1
 40
1.0
176
1
 40
1.0
176
1
1001
ACAD
1000
AcDbSavedByObjectVersion
1070
0
  0
DICTIONARYVAR
  5
A12C
102
{ACAD_REACTORS
330
5E
102
}
330
5E
100
DictionaryVariables
280
0
  1
1:1
  0
DICTIONARYVAR
  5
A128
102
{ACAD_REACTORS
330
5E
102
}
330
5E
100
DictionaryVariables
280
0
  1
STANDARD
  0
DICTIONARYVAR
  5
84
102
{ACAD_REACTORS
330
5E
102
}
330
5E
100
DictionaryVariables
280
0
  1
STANDARD
  0
DICTIONARYVAR
  5
A129
102
{ACAD_REACTORS
330
5E
102
}
330
5E
100
DictionaryVariables
280
0
  1
Metric50
  0
DICTIONARYVAR
  5
A12A
102
{ACAD_REACTORS
330
5E
102
}
330
5E
100
DictionaryVariables
280
0
  1
Metric50
  0
DICTIONARYVAR
  5
5F
102
{ACAD_REACTORS
330
5E
102
}
330
5E
100
DictionaryVariables
280
0
  1
1
  0
DICTIONARYVAR
  5
63
102
{ACAD_REACTORS
330
5E
102
}
330
5E
100
DictionaryVariables
280
0
  1
1
  0
DICTIONARYVAR
  5
7712
102
{ACAD_REACTORS
330
5E
102
}
330
5E
100
DictionaryVariables
280
0
  1
0
  0
DICTIONARYVAR
  5
A12E
102
{ACAD_REACTORS
330
5E
102
}
330
5E
100
DictionaryVariables
280
0
  1
1
  0
DICTIONARYVAR
  5
A12F
102
{ACAD_REACTORS
330
5E
102
}
330
5E
100
DictionaryVariables
280
0
  1
15
  0
DICTIONARYVAR
  5
A12D
102
{ACAD_REACTORS
330
5E
102
}
330
5E
100
DictionaryVariables
280
0
  1
0
  0
DICTIONARYVAR
  5
A12B
102
{ACAD_REACTORS
330
5E
102
}
330
5E
100
DictionaryVariables
280
0
  1
0
  0
DICTIONARYVAR
  5
7711
102
{ACAD_REACTORS
330
5E
102
}
330
5E
100
DictionaryVariables
280
0
  1
127
  0
XRECORD
  5
5BD1
102
{ACAD_REACTORS
330
5BD0
102
}
330
5BD0
100
AcDbXrecord
280
1
330
13C
330
0
330
0
330
0
330
0
330
0
330
0
330
0
330
0
330
0
330
0
330
0
330
0
330
0
330
0
330
0
330
0
330
0
330
0
330
0
330
0
330
0
330
0
330
0
330
0
330
0
330
0
330
0
330
0
330
0
330
0
330
0
330
0
330
0
330
0
330
0
330
0
330
0
330
0
330
0
330
0
330
0
330
0
330
0
330
0
330
0
330
0
330
0
330
0
330
0
330
0
330
0
330
0
330
0
330
0
330
0
330
0
330
0
330
0
330
0
330
0
330
0
330
0
330
0
330
0
330
0
330
0
330
0
330
0
330
0
330
0
330
0
330
0
330
0
330
0
330
0
330
0
330
0
330
0
330
0
330
0
330
0
330
0
330
0
330
0
330
0
330
0
330
0
330
0
330
0
330
0
330
0
330
0
330
0
330
0
330
0
330
0
330
0
330
0
330
0
330
0
330
0
330
0
330
0
330
0
330
0
330
0
330
0
330
0
330
0
330
0
330
0
330
0
330
0
330
0
330
0
330
0
330
0
330
0
330
0
330
0
330
0
330
0
  0
ACAD_PROXY_OBJECT
  5
117
102
{ACAD_REACTORS
330
116
102
}
330
116
100
AcDbProxyObject
 90
499
 91
507
 95
655381
 70
0
161
90
310
412A4090402AA408C402590C
 94
0
1001
AcadCodePageInfo
1000
CodePage
1070
40
  0
DICTIONARY
  5
A136
330
A11B
100
AcDbDictionary
280
1
281
1
  3
ACAD_XREC_ROUNDTRIP
360
A137
  0
DICTIONARY
  5
A134
330
A119
100
AcDbDictionary
280
1
281
1
  3
ACAD_XREC_ROUNDTRIP
360
A135
  0
DICTIONARY
  5
A131
330
7F
100
AcDbDictionary
280
1
281
1
  3
ACAD_ROUNDTRIP_2008_TABLESTYLE_CELLSTYLEMAP
360
A132
  0
XRECORD
  5
A137
102
{ACAD_REACTORS
330
A136
102
}
330
A136
100
AcDbXrecord
280
1
102
DISPLAYNAME
  1
Metric50
102
FLAGS
 90
0
  0
XRECORD
  5
A135
102
{ACAD_REACTORS
330
A134
102
}
330
A134
100
AcDbXrecord
280
1
102
DISPLAYNAME
  1
Metric50
102
FLAGS
 90
0
  0
CELLSTYLEMAP
  5
A132
102
{ACAD_REACTORS
330
A131
102
}
330
A131
100
AcDbCellStyleMap
 90
3
300
CELLSTYLE
  1
TABLEFORMAT_BEGIN
 90
5
170
1
 91
0
 92
32768
 62
257
 93
1
300
CONTENTFORMAT
  1
CONTENTFORMAT_BEGIN
 90
0
 91
0
 92
512
 93
0
300

 40
0.0
140
1.0
 94
5
 62
0
340
11
144
6.0
309
CONTENTFORMAT_END
171
1
301
MARGIN
  1
CELLMARGIN_BEGIN
 40
1.5
 40
1.5
 40
1.5
 40
1.5
 40
0.18
 40
0.18
309
CELLMARGIN_END
 94
6
 95
1
302
GRIDFORMAT
  1
GRIDFORMAT_BEGIN
 90
0
 91
1
 62
0
 92
-2
340
0
 93
0
 40
0.045
309
GRIDFORMAT_END
 95
2
302
GRIDFORMAT
  1
GRIDFORMAT_BEGIN
 90
0
 91
1
 62
0
 92
-2
340
0
 93
0
 40
0.045
309
GRIDFORMAT_END
 95
4
302
GRIDFORMAT
  1
GRIDFORMAT_BEGIN
 90
0
 91
1
 62
0
 92
-2
340
0
 93
0
 40
0.045
309
GRIDFORMAT_END
 95
8
302
GRIDFORMAT
  1
GRIDFORMAT_BEGIN
 90
0
 91
1
 62
0
 92
-2
340
0
 93
0
 40
0.045
309
GRIDFORMAT_END
 95
16
302
GRIDFORMAT
  1
GRIDFORMAT_BEGIN
 90
0
 91
1
 62
0
 92
-2
340
0
 93
0
 40
0.045
309
GRIDFORMAT_END
 95
32
302
GRIDFORMAT
  1
GRIDFORMAT_BEGIN
 90
0
 91
1
 62
0
 92
-2
340
0
 93
0
 40
0.045
309
GRIDFORMAT_END
309
TABLEFORMAT_END
  1
CELLSTYLE_BEGIN
 90
1
 91
1
300
_TITLE
309
CELLSTYLE_END
300
CELLSTYLE
  1
TABLEFORMAT_BEGIN
 90
5
170
1
 91
0
 92
0
 62
257
 93
1
300
CONTENTFORMAT
  1
CONTENTFORMAT_BEGIN
 90
0
 91
0
 92
512
 93
0
300

 40
0.0
140
1.0
 94
5
 62
0
340
11
144
4.5
309
CONTENTFORMAT_END
171
1
301
MARGIN
  1
CELLMARGIN_BEGIN
 40
1.5
 40
1.5
 40
1.5
 40
1.5
 40
0.18
 40
0.18
309
CELLMARGIN_END
 94
6
 95
1
302
GRIDFORMAT
  1
GRIDFORMAT_BEGIN
 90
0
 91
1
 62
0
 92
-2
340
0
 93
0
 40
0.045
309
GRIDFORMAT_END
 95
2
302
GRIDFORMAT
  1
GRIDFORMAT_BEGIN
 90
0
 91
1
 62
0
 92
-2
340
0
 93
0
 40
0.045
309
GRIDFORMAT_END
 95
4
302
GRIDFORMAT
  1
GRIDFORMAT_BEGIN
 90
0
 91
1
 62
0
 92
-2
340
0
 93
0
 40
0.045
309
GRIDFORMAT_END
 95
8
302
GRIDFORMAT
  1
GRIDFORMAT_BEGIN
 90
0
 91
1
 62
0
 92
-2
340
0
 93
0
 40
0.045
309
GRIDFORMAT_END
 95
16
302
GRIDFORMAT
  1
GRIDFORMAT_BEGIN
 90
0
 91
1
 62
0
 92
-2
340
0
 93
0
 40
0.045
309
GRIDFORMAT_END
 95
32
302
GRIDFORMAT
  1
GRIDFORMAT_BEGIN
 90
0
 91
1
 62
0
 92
-2
340
0
 93
0
 40
0.045
309
GRIDFORMAT_END
309
TABLEFORMAT_END
  1
CELLSTYLE_BEGIN
 90
2
 91
1
300
_HEADER
309
CELLSTYLE_END
300
CELLSTYLE
  1
TABLEFORMAT_BEGIN
 90
5
170
1
 91
0
 92
0
 62
257
 93
1
300
CONTENTFORMAT
  1
CONTENTFORMAT_BEGIN
 90
0
 91
0
 92
512
 93
0
300

 40
0.0
140
1.0
 94
2
 62
0
340
11
144
4.5
309
CONTENTFORMAT_END
171
1
301
MARGIN
  1
CELLMARGIN_BEGIN
 40
1.5
 40
1.5
 40
1.5
 40
1.5
 40
0.18
 40
0.18
309
CELLMARGIN_END
 94
6
 95
1
302
GRIDFORMAT
  1
GRIDFORMAT_BEGIN
 90
0
 91
1
 62
0
 92
-2
340
0
 93
0
 40
0.045
309
GRIDFORMAT_END
 95
2
302
GRIDFORMAT
  1
GRIDFORMAT_BEGIN
 90
0
 91
1
 62
0
 92
-2
340
0
 93
0
 40
0.045
309
GRIDFORMAT_END
 95
4
302
GRIDFORMAT
  1
GRIDFORMAT_BEGIN
 90
0
 91
1
 62
0
 92
-2
340
0
 93
0
 40
0.045
309
GRIDFORMAT_END
 95
8
302
GRIDFORMAT
  1
GRIDFORMAT_BEGIN
 90
0
 91
1
 62
0
 92
-2
340
0
 93
0
 40
0.045
309
GRIDFORMAT_END
 95
16
302
GRIDFORMAT
  1
GRIDFORMAT_BEGIN
 90
0
 91
1
 62
0
 92
-2
340
0
 93
0
 40
0.045
309
GRIDFORMAT_END
 95
32
302
GRIDFORMAT
  1
GRIDFORMAT_BEGIN
 90
0
 91
1
 62
0
 92
-2
340
0
 93
0
 40
0.045
309
GRIDFORMAT_END
309
TABLEFORMAT_END
  1
CELLSTYLE_BEGIN
 90
3
 91
2
300
_DATA
309
CELLSTYLE_END
  0
DICTIONARY
  5
A1AF
330
C
100
AcDbDictionary
280
1
281
1
  3
WRITTEN_BY_EZDXF
350
A1B0
  0
DICTIONARYVAR
  5
A1B0
330
A1AF
100
DictionaryVariables
280
0
  1
1.4.3 @ 2026-09-29T15:32:20.539620+00:00
  0
ENDSEC
  0
EOF
