  0
SECTION
  2
HEADER
  9
$ACADVER
  1
AC1027
  9
$ACADMAINTVER
 70
105
  9
$DWGCODEPAGE
  3
ANSI_949
  9
$LASTSAVEDBY
  1

  9
$REQUIREDVERSIONS
160
0
  9
$INSBASE
 10
0.0
 20
0.0
 30
0.0
  9
$EXTMIN
 10
-0.0004177424316367
 20
-0.0001625354070711
 30
-69.99999999999999
  9
$EXTMAX
 10
42049.99958225756
 20
29699.99983746459
 30
40.00000000000001
  9
$LIMMIN
 10
0.0
 20
0.0
  9
$LIMMAX
 10
12.0
 20
9.0
  9
$ORTHOMODE
 70
1
  9
$REGENMODE
 70
1
  9
$FILLMODE
 70
1
  9
$QTEXTMODE
 70
0
  9
$MIRRTEXT
 70
0
  9
$LTSCALE
 40
100.0
  9
$ATTMODE
 70
1
  9
$TEXTSIZE
 40
2.5
  9
$TRACEWID
 40
1.0
  9
$TEXTSTYLE
  7
RXHS
  9
$CLAYER
  8
0
  9
$CELTYPE
  6
ByLayer
  9
$CECOLOR
 62
256
  9
$CELTSCALE
 40
1.0
  9
$DISPSILH
 70
0
  9
$DIMSCALE
 40
100.0
  9
$DIMASZ
 40
1.5
  9
$DIMEXO
 40
2.0
  9
$DIMDLI
 40
8.0
  9
$DIMRND
 40
0.0
  9
$DIMDLE
 40
3.0
  9
$DIMEXE
 40
4.0
  9
$DIMTP
 40
0.0
  9
$DIMTM
 40
0.0
  9
$DIMTXT
 40
3.0
  9
$DIMCEN
 40
3.0
  9
$DIMTSZ
 40
0.0
  9
$DIMTOL
 70
0
  9
$DIMLIM
 70
0
  9
$DIMTIH
 70
0
  9
$DIMTOH
 70
0
  9
$DIMSE1
 70
0
  9
$DIMSE2
 70
0
  9
$DIMTAD
 70
1
  9
$DIMZIN
 70
8
  9
$DIMBLK
  1

  9
$DIMASO
 70
1
  9
$DIMSHO
 70
1
  9
$DIMPOST
  1

  9
$DIMAPOST
  1

  9
$DIMALT
 70
0
  9
$DIMALTD
 70
2
  9
$DIMALTF
 40
25.4
  9
$DIMLFAC
 40
1.0
  9
$DIMTOFL
 70
1
  9
$DIMTVP
 40
0.0
  9
$DIMTIX
 70
1
  9
$DIMSOXD
 70
0
  9
$DIMSAH
 70
1
  9
$DIMBLK1
  1
_RXDOT
  9
$DIMBLK2
  1
_RXDOT
  9
$DIMSTYLE
  2
NDIM
  9
$DIMCLRD
 70
256
  9
$DIMCLRE
 70
256
  9
$DIMCLRT
 70
6
  9
$DIMTFAC
 40
1.0
  9
$DIMGAP
 40
1.0
  9
$DIMJUST
 70
0
  9
$DIMSD1
 70
0
  9
$DIMSD2
 70
0
  9
$DIMTOLJ
 70
1
  9
$DIMTZIN
 70
0
  9
$DIMALTZ
 70
0
  9
$DIMALTTZ
 70
0
  9
$DIMUPT
 70
0
  9
$DIMDEC
 70
4
  9
$DIMTDEC
 70
4
  9
$DIMALTU
 70
2
  9
$DIMALTTD
 70
2
  9
$DIMTXSTY
  7
RXHS
  9
$DIMAUNIT
 70
0
  9
$DIMADEC
 70
0
  9
$DIMALTRND
 40
0.0
  9
$DIMAZIN
 70
0
  9
$DIMDSEP
 70
46
  9
$DIMATFIT
 70
3
  9
$DIMFRAC
 70
0
  9
$DIMLDRBLK
  1

  9
$DIMLUNIT
 70
6
  9
$DIMLWD
 70
-2
  9
$DIMLWE
 70
-2
  9
$DIMTMOVE
 70
2
  9
$DIMFXL
 40
1.0
  9
$DIMFXLON
 70
0
  9
$DIMJOGANG
 40
0.7853981633974483
  9
$DIMTFILL
 70
0
  9
$DIMTFILLCLR
 70
0
  9
$DIMARCSYM
 70
0
  9
$DIMLTYPE
  6

  9
$DIMLTEX1
  6

  9
$DIMLTEX2
  6

  9
$DIMTXTDIRECTION
 70
0
  9
$LUNITS
 70
2
  9
$LUPREC
 70
4
  9
$SKETCHINC
 40
1.0
  9
$FILLETRAD
 40
0.0
  9
$AUNITS
 70
0
  9
$AUPREC
 70
0
  9
$MENU
  1
.
  9
$ELEVATION
 40
0.0
  9
$PELEVATION
 40
0.0
  9
$THICKNESS
 40
0.0
  9
$LIMCHECK
 70
0
  9
$CHAMFERA
 40
0.0
  9
$CHAMFERB
 40
0.0
  9
$CHAMFERC
 40
0.0
  9
$CHAMFERD
 40
0.0
  9
$SKPOLY
 70
0
  9
$TDCREATE
 40
2461314.022476852
  9
$TDUCREATE
 40
2458736.114135024
  9
$TDUPDATE
 40
2461314.022476852
  9
$TDUUPDATE
 40
2459251.24279838
  9
$TDINDWG
 40
0.328371713
  9
$TDUSRTIMER
 40
0.3283716782
  9
$USRTIMER
 70
1
  9
$ANGBASE
 50
0.0
  9
$ANGDIR
 70
0
  9
$PDMODE
 70
0
  9
$PDSIZE
 40
0.0
  9
$PLINEWID
 40
0.0
  9
$SPLFRAME
 70
0
  9
$SPLINETYPE
 70
6
  9
$SPLINESEGS
 70
8
  9
$HANDSEED
  5
8A03
  9
$SURFTAB1
 70
6
  9
$SURFTAB2
 70
6
  9
$SURFTYPE
 70
6
  9
$SURFU
 70
6
  9
$SURFV
 70
6
  9
$UCSBASE
  2

  9
$UCSNAME
  2

  9
$UCSORG
 10
0.0
 20
0.0
 30
0.0
  9
$UCSXDIR
 10
1.0
 20
0.0
 30
0.0
  9
$UCSYDIR
 10
0.0
 20
1.0
 30
0.0
  9
$UCSORTHOREF
  2

  9
$UCSORTHOVIEW
 70
0
  9
$UCSORGTOP
 10
0.0
 20
0.0
 30
0.0
  9
$UCSORGBOTTOM
 10
0.0
 20
0.0
 30
0.0
  9
$UCSORGLEFT
 10
0.0
 20
0.0
 30
0.0
  9
$UCSORGRIGHT
 10
0.0
 20
0.0
 30
0.0
  9
$UCSORGFRONT
 10
0.0
 20
0.0
 30
0.0
  9
$UCSORGBACK
 10
0.0
 20
0.0
 30
0.0
  9
$PUCSBASE
  2

  9
$PUCSNAME
  2

  9
$PUCSORG
 10
0.0
 20
0.0
 30
0.0
  9
$PUCSXDIR
 10
1.0
 20
0.0
 30
0.0
  9
$PUCSYDIR
 10
0.0
 20
1.0
 30
0.0
  9
$PUCSORTHOREF
  2

  9
$PUCSORTHOVIEW
 70
0
  9
$PUCSORGTOP
 10
0.0
 20
0.0
 30
0.0
  9
$PUCSORGBOTTOM
 10
0.0
 20
0.0
 30
0.0
  9
$PUCSORGLEFT
 10
0.0
 20
0.0
 30
0.0
  9
$PUCSORGRIGHT
 10
0.0
 20
0.0
 30
0.0
  9
$PUCSORGFRONT
 10
0.0
 20
0.0
 30
0.0
  9
$PUCSORGBACK
 10
0.0
 20
0.0
 30
0.0
  9
$USERI1
 70
0
  9
$USERI2
 70
0
  9
$USERI3
 70
0
  9
$USERI4
 70
0
  9
$USERI5
 70
0
  9
$USERR1
 40
0.0
  9
$USERR2
 40
0.0
  9
$USERR3
 40
0.0
  9
$USERR4
 40
0.0
  9
$USERR5
 40
0.0
  9
$WORLDVIEW
 70
1
  9
$SHADEDGE
 70
3
  9
$SHADEDIF
 70
70
  9
$TILEMODE
 70
1
  9
$MAXACTVP
 70
48
  9
$PINSBASE
 10
0.0
 20
0.0
 30
0.0
  9
$PLIMCHECK
 70
0
  9
$PEXTMIN
 10
0.0
 20
0.0
 30
0.0
  9
$PEXTMAX
 10
0.0
 20
0.0
 30
0.0
  9
$PLIMMIN
 10
0.0
 20
0.0
  9
$PLIMMAX
 10
12.0
 20
9.0
  9
$UNITMODE
 70
0
  9
$VISRETAIN
 70
1
  9
$PLINEGEN
 70
0
  9
$PSLTSCALE
 70
1
  9
$TREEDEPTH
 70
3020
  9
$CMLSTYLE
  2
Standard
  9
$CMLJUST
 70
0
  9
$CMLSCALE
 40
20.0
  9
$PROXYGRAPHICS
 70
1
  9
$MEASUREMENT
 70
1
  9
$CELWEIGHT
370
-1
  9
$ENDCAPS
280
0
  9
$JOINSTYLE
280
0
  9
$LWDISPLAY
290
0
  9
$INSUNITS
 70
4
  9
$HYPERLINKBASE
  1

  9
$STYLESHEET
  1
1팀.ctb
  9
$XEDIT
290
1
  9
$CEPSNTYPE
380
0
  9
$PSTYLEMODE
290
1
  9
$FINGERPRINTGUID
  2
{25CD9808-4AE2-4108-8F44-341E2DD1FD90}
  9
$VERSIONGUID
  2
{7BFFDBA8-69CB-4EC2-8EEC-F01020DF9029}
  9
$EXTNAMES
290
1
  9
$PSVPSCALE
 40
0.0
  9
$OLESTARTUP
290
0
  9
$SORTENTS
280
127
  9
$INDEXCTL
280
0
  9
$HIDETEXT
280
1
  9
$XCLIPFRAME
280
0
  9
$HALOGAP
280
0
  9
$OBSCOLOR
 70
257
  9
$OBSLTYPE
280
0
  9
$INTERSECTIONDISPLAY
280
0
  9
$INTERSECTIONCOLOR
 70
257
  9
$DIMASSOC
280
1
  9
$PROJECTNAME
  1

  9
$CAMERADISPLAY
290
0
  9
$LENSLENGTH
 40
50.0
  9
$CAMERAHEIGHT
 40
0.0
  9
$STEPSPERSEC
 40
2.0
  9
$STEPSIZE
 40
6.0
  9
$3DDWFPREC
 40
2.0
  9
$PSOLWIDTH
 40
5.0
  9
$PSOLHEIGHT
 40
80.0
  9
$LOFTANG1
 40
1.570796326794896
  9
$LOFTANG2
 40
1.570796326794896
  9
$LOFTMAG1
 40
0.0
  9
$LOFTMAG2
 40
0.0
  9
$LOFTPARAM
 70
7
  9
$LOFTNORMALS
280
1
  9
$LATITUDE
 40
37.795
  9
$LONGITUDE
 40
-122.394
  9
$NORTHDIRECTION
 40
0.0
  9
$TIMEZONE
 70
-8000
  9
$LIGHTGLYPHDISPLAY
280
1
  9
$TILEMODELIGHTSYNCH
280
1
  9
$CMATERIAL
347
EC
  9
$SOLIDHIST
280
1
  9
$SHOWHIST
280
1
  9
$DWFFRAME
280
2
  9
$DGNFRAME
280
0
  9
$REALWORLDSCALE
290
1
  9
$INTERFERECOLOR
 62
1
  9
$INTERFEREOBJVS
345
F9
  9
$INTERFEREVPVS
346
F6
  9
$CSHADOW
280
0
  9
$SHADOWPLANELOCATION
 40
0.0
  0
ENDSEC
  0
SECTION
  2
CLASSES
  0
CLASS
  1
ACDBDICTIONARYWDFLT
  2
AcDbDictionaryWithDefault
  3
ObjectDBX Classes
 90
0
 91
1
280
0
281
0
  0
CLASS
  1
ACDBPLACEHOLDER
  2
AcDbPlaceHolder
  3
ObjectDBX Classes
 90
0
 91
1
280
0
281
0
  0
CLASS
  1
LAYOUT
  2
AcDbLayout
  3
ObjectDBX Classes
 90
0
 91
3
280
0
281
0
  0
CLASS
  1
DICTIONARYVAR
  2
AcDbDictionaryVar
  3
ObjectDBX Classes
 90
0
 91
13
280
0
281
0
  0
CLASS
  1
TABLESTYLE
  2
AcDbTableStyle
  3
ObjectDBX Classes
 90
4095
 91
1
280
0
281
0
  0
CLASS
  1
MATERIAL
  2
AcDbMaterial
  3
ObjectDBX Classes
 90
1153
 91
3
280
0
281
0
  0
CLASS
  1
VISUALSTYLE
  2
AcDbVisualStyle
  3
ObjectDBX Classes
 90
4095
 91
26
280
0
281
0
  0
CLASS
  1
RFXINFO
  2
RfxInfo
  3
"RfxInfo|ArchiOffice Enabler를 설치하면 블록이 활성객체로 변환 됩니다.|Company:          한국건축정보기술(주)|WEB Address:      www.ArchiOffice.co.kr"
 90
129
 91
1
280
0
281
0
  0
CLASS
  1
RFXDWGINFO
  2
RfxDwgInfo
  3
"RfxDwgInfo|Product Desc:     InerCAD ARX App For Drawing Information Object|Company:          한국건축정보기술(주)|WEB Address:      www.ArchiOffice.co.kr"
 90
3071
 91
0
280
0
281
1
  0
CLASS
  1
ACAD_EVALUATION_GRAPH
  2
AcDbEvalGraph
  3
ObjectDBX Classes
 90
1153
 91
1
280
0
281
0
  0
CLASS
  1
SORTENTSTABLE
  2
AcDbSortentsTable
  3
ObjectDBX Classes
 90
0
 91
12
280
0
281
0
  0
CLASS
  1
ACDB_DYNAMICBLOCKPURGEPREVENTER_VERSION
  2
AcDbDynamicBlockPurgePreventer
  3
ObjectDBX Classes
 90
1153
 91
1
280
0
281
0
  0
CLASS
  1
RFXLEADER
  2
RfxLeader
  3
"RfxLeader|Product Desc:     InerCAD ARX App For LeaderLine Enabler|Company:          한국건축정보기술(주)|WEB Address:      www.ArchiOffice.co.kr"
 90
3071
 91
0
280
0
281
1
  0
CLASS
  1
ACAECUSTOBJ
  2
AcAeEditorObj
  3
AcAeEditorObj
 90
1024
 91
0
280
0
281
0
  0
CLASS
  1
LWPOLYLINE
  2
AcDbPolyline
  3
ObjectDBX Classes
 90
0
 91
542
280
0
281
1
  0
CLASS
  1
HATCH
  2
AcDbHatch
  3
ObjectDBX Classes
 90
0
 91
12
280
0
281
1
  0
CLASS
  1
XRECORD
  2
AcDbXrecord
  3
ObjectDBX Classes
 90
0
 91
25
280
0
281
0
  0
CLASS
  1
SCALE
  2
AcDbScale
  3
ObjectDBX Classes
 90
1153
 91
17
280
0
281
0
  0
CLASS
  1
MLEADERSTYLE
  2
AcDbMLeaderStyle
  3
ACDB_MLEADERSTYLE_CLASS
 90
4095
 91
1
280
0
281
0
  0
CLASS
  1
ACDBSECTIONVIEWSTYLE
  2
AcDbSectionViewStyle
  3
ObjectDBX Classes
 90
1025
 91
1
280
0
281
0
  0
CLASS
  1
ACDBDETAILVIEWSTYLE
  2
AcDbDetailViewStyle
  3
ObjectDBX Classes
 90
1025
 91
1
280
0
281
0
  0
CLASS
  1
CELLSTYLEMAP
  2
AcDbCellStyleMap
  3
ObjectDBX Classes
 90
1152
 91
1
280
0
281
0
  0
CLASS
  1
SUN
  2
AcDbSun
  3
SCENEOE
 90
1153
 91
0
280
0
281
0
  0
CLASS
  1
MENTALRAYRENDERSETTINGS
  2
AcDbMentalRayRenderSettings
  3
SCENEOE
 90
1024
 91
0
280
0
281
0
  0
CLASS
  1
RASTERVARIABLES
  2
AcDbRasterVariables
  3
ISM
 90
0
 91
0
280
0
281
0
  0
ENDSEC
  0
SECTION
  2
TABLES
  0
TABLE
  2
VPORT
  5
8
102
{ACAD_XDICTIONARY
360
59A2
102
}
330
0
100
AcDbSymbolTable
 70
1
  0
VPORT
  5
EA
330
8
100
AcDbSymbolTableRecord
100
AcDbViewportTableRecord
  2
*Active
 70
0
 10
0.0
 20
0.0
 11
1.0
 21
1.0
 12
-2798.753763962246
 22
39419.17372307349
 13
0.0
 23
0.0
 14
10.0
 24
10.0
 15
10.0
 25
10.0
 16
0.0
 26
0.0
 36
1.0
 17
0.0
 27
0.0
 37
0.0
 40
89402.70185038436
 41
1.423019431988041
 42
50.0
 43
0.0
 44
0.0
 50
0.0
 51
0.0
 71
0
 72
1000
 73
1
 74
3
 75
0
 76
1
 77
0
 78
0
281
0
 65
1
110
0.0
120
0.0
130
0.0
111
1.0
121
0.0
131
0.0
112
0.0
122
1.0
132
0.0
 79
0
146
0.0
 60
2
 61
5
348
F5
292
1
282
1
141
0.0
142
0.0
 63
250
421
3355443
1001
ACAD_NAV_VCDISPLAY
1070
3
  0
ENDTAB
  0
TABLE
  2
LTYPE
  5
5
330
0
100
AcDbSymbolTable
 70
8
  0
LTYPE
  5
14
330
5
100
AcDbSymbolTableRecord
100
AcDbLinetypeTableRecord
  2
ByBlock
 70
0
  3

 72
65
 73
0
 40
0.0
  0
LTYPE
  5
15
330
5
100
AcDbSymbolTableRecord
100
AcDbLinetypeTableRecord
  2
ByLayer
 70
0
  3

 72
65
 73
0
 40
0.0
  0
LTYPE
  5
16
330
5
100
AcDbSymbolTableRecord
100
AcDbLinetypeTableRecord
  2
Continuous
 70
0
  3
Solid line
 72
65
 73
0
 40
0.0
  0
LTYPE
  5
663D
330
5
100
AcDbSymbolTableRecord
100
AcDbLinetypeTableRecord
  2
CEN
 70
0
  3
Center line for all scale
 72
65
 73
4
 40
52.3
 49
50.0
 74
0
 49
-1.0
 74
0
 49
0.3
 74
0
 49
-1.0
 74
0
  0
LTYPE
  5
663E
330
5
100
AcDbSymbolTableRecord
100
AcDbLinetypeTableRecord
  2
HID
 70
0
  3
Hidden line for all scale
 72
65
 73
2
 40
2.0
 49
1.0
 74
0
 49
-1.0
 74
0
  0
LTYPE
  5
663F
330
5
100
AcDbSymbolTableRecord
100
AcDbLinetypeTableRecord
  2
DIV
 70
0
  3
Divide line for all scale
 72
65
 73
6
 40
44.0
 49
40.0
 74
0
 49
-1.0
 74
0
 49
0.5
 74
0
 49
-1.0
 74
0
 49
0.5
 74
0
 49
-1.0
 74
0
  0
LTYPE
  5
6640
330
5
100
AcDbSymbolTableRecord
100
AcDbLinetypeTableRecord
  2
HIDDEN
 70
0
  3
__ __ __ __ __ __ __ __ __ __ __ __ __ __ __ __
 72
65
 73
2
 40
2.0
 49
1.0
 74
0
 49
-1.0
 74
0
  0
LTYPE
  5
6641
330
5
100
AcDbSymbolTableRecord
100
AcDbLinetypeTableRecord
  2
HIDDEN2
 70
0
  3
Hidden (.5x) _ _ _ _ _ _ _ _ _ _ _ _ _ _ _ _ _
 72
65
 73
2
 40
4.762499999999999
 49
3.174999999999999
 74
0
 49
-1.587499999999999
 74
0
  0
ENDTAB
  0
TABLE
  2
LAYER
  5
2
102
{ACAD_XDICTIONARY
360
C9A
102
}
330
0
100
AcDbSymbolTable
 70
40
  0
LAYER
  5
10
330
2
100
AcDbSymbolTableRecord
100
AcDbLayerTableRecord
  2
0
 70
0
 62
7
  6
Continuous
370
-3
390
F
347
EE
348
0
  0
LAYER
  5
13B
330
2
100
AcDbSymbolTableRecord
100
AcDbLayerTableRecord
  2
RXINFO
 70
0
 62
7
  6
Continuous
370
-3
390
F
347
EE
348
0
  0
LAYER
  5
C45
330
2
100
AcDbSymbolTableRecord
100
AcDbLayerTableRecord
  2
DEFPOINTS
 70
0
 62
7
  6
Continuous
290
0
370
-3
390
F
347
EE
348
0
  0
LAYER
  5
6642
102
{ACAD_XDICTIONARY
360
6643
102
}
330
2
100
AcDbSymbolTableRecord
100
AcDbLayerTableRecord
  2
COL
 70
0
 62
2
  6
Continuous
370
-3
390
F
347
EE
348
0
  0
LAYER
  5
6645
102
{ACAD_XDICTIONARY
360
6646
102
}
330
2
100
AcDbSymbolTableRecord
100
AcDbLayerTableRecord
  2
CEN
 70
0
 62
1
  6
CEN
370
-3
390
F
347
EE
348
0
  0
LAYER
  5
6648
102
{ACAD_XDICTIONARY
360
6649
102
}
330
2
100
AcDbSymbolTableRecord
100
AcDbLayerTableRecord
  2
HAT
 70
0
 62
8
  6
Continuous
370
-3
390
F
347
EE
348
0
  0
LAYER
  5
664B
102
{ACAD_XDICTIONARY
360
664C
102
}
330
2
100
AcDbSymbolTableRecord
100
AcDbLayerTableRecord
  2
FIN
 70
0
 62
6
  6
Continuous
370
-3
390
F
347
EE
348
0
  0
LAYER
  5
664E
102
{ACAD_XDICTIONARY
360
664F
102
}
330
2
100
AcDbSymbolTableRecord
100
AcDbLayerTableRecord
  2
WID
 70
0
 62
4
  6
Continuous
370
-3
390
F
347
EE
348
0
  0
LAYER
  5
6651
102
{ACAD_XDICTIONARY
360
6652
102
}
330
2
100
AcDbSymbolTableRecord
100
AcDbLayerTableRecord
  2
RXDIM
 70
0
 62
7
  6
Continuous
370
-3
390
F
347
EE
348
0
  0
LAYER
  5
6654
102
{ACAD_XDICTIONARY
360
6655
102
}
330
2
100
AcDbSymbolTableRecord
100
AcDbLayerTableRecord
  2
COR
 70
0
 62
4
  6
Continuous
370
-3
390
F
347
EE
348
0
  0
LAYER
  5
6657
102
{ACAD_XDICTIONARY
360
6658
102
}
330
2
100
AcDbSymbolTableRecord
100
AcDbLayerTableRecord
  2
RXANNOT
 70
0
 62
6
  6
Continuous
370
-3
390
F
347
EE
348
0
  0
LAYER
  5
665A
102
{ACAD_XDICTIONARY
360
665B
102
}
330
2
100
AcDbSymbolTableRecord
100
AcDbLayerTableRecord
  2
RXSYMBOL
 70
0
 62
7
  6
Continuous
370
-3
390
F
347
EE
348
0
  0
LAYER
  5
665D
102
{ACAD_XDICTIONARY
360
665E
102
}
330
2
100
AcDbSymbolTableRecord
100
AcDbLayerTableRecord
  2
RXSBTXT
 70
0
 62
6
  6
Continuous
370
-3
390
F
347
EE
348
0
  0
LAYER
  5
6660
102
{ACAD_XDICTIONARY
360
6661
102
}
330
2
100
AcDbSymbolTableRecord
100
AcDbLayerTableRecord
  2
FUR
 70
0
 62
4
  6
Continuous
370
-3
390
F
347
EE
348
0
  0
LAYER
  5
6663
102
{ACAD_XDICTIONARY
360
6664
102
}
330
2
100
AcDbSymbolTableRecord
100
AcDbLayerTableRecord
  2
HID
 70
0
 62
6
  6
HID
370
-3
390
F
347
EE
348
0
  0
LAYER
  5
6666
102
{ACAD_XDICTIONARY
360
6667
102
}
330
2
100
AcDbSymbolTableRecord
100
AcDbLayerTableRecord
  2
LAND
 70
0
 62
2
  6
DIV
370
-3
390
F
347
EE
348
0
  0
LAYER
  5
6669
102
{ACAD_XDICTIONARY
360
666A
102
}
330
2
100
AcDbSymbolTableRecord
100
AcDbLayerTableRecord
  2
ETC
 70
0
 62
6
  6
Continuous
370
-3
390
F
347
EE
348
0
  0
LAYER
  5
666C
102
{ACAD_XDICTIONARY
360
666D
102
}
330
2
100
AcDbSymbolTableRecord
100
AcDbLayerTableRecord
  2
RXDWGTITLE
 70
0
 62
1
  6
Continuous
370
-3
390
F
347
EE
348
0
  0
LAYER
  5
666F
330
2
100
AcDbSymbolTableRecord
100
AcDbLayerTableRecord
  2
TEXT
 70
0
 62
3
  6
Continuous
370
-3
390
F
347
EE
348
0
  0
LAYER
  5
6670
330
2
100
AcDbSymbolTableRecord
100
AcDbLayerTableRecord
  2
ELE-2
 70
0
 62
8
  6
Continuous
370
-3
390
F
347
EE
348
0
1001
RAK
1000
{ACET-LAYISO
1070
0
1070
8
1000
Continuous
1071
-3
1071
1
1005
F
1000
ACET-LAYISO}
  0
LAYER
  5
6671
330
2
100
AcDbSymbolTableRecord
100
AcDbLayerTableRecord
  2
TOILET
 70
0
 62
6
  6
Continuous
370
-3
390
F
347
EE
348
0
  0
LAYER
  5
6672
330
2
100
AcDbSymbolTableRecord
100
AcDbLayerTableRecord
  2
ELE-1
 70
0
 62
4
  6
Continuous
370
-3
390
F
347
EE
348
0
  0
LAYER
  5
6673
330
2
100
AcDbSymbolTableRecord
100
AcDbLayerTableRecord
  2
RXDOOR
 70
0
 62
6
  6
Continuous
370
-3
390
F
347
EE
348
0
  0
LAYER
  5
6674
102
{ACAD_XDICTIONARY
360
6675
102
}
330
2
100
AcDbSymbolTableRecord
100
AcDbLayerTableRecord
  2
WAL
 70
0
 62
3
  6
Continuous
370
-3
390
F
347
EE
348
0
  0
LAYER
  5
6677
330
2
100
AcDbSymbolTableRecord
100
AcDbLayerTableRecord
  2
WID-S
 70
0
 62
3
  6
Continuous
370
-3
390
F
347
EE
348
0
  0
LAYER
  5
6678
330
2
100
AcDbSymbolTableRecord
100
AcDbLayerTableRecord
  2
글씨
 70
0
 62
3
  6
Continuous
370
-3
390
F
347
EE
348
0
  0
LAYER
  5
6679
102
{ACAD_XDICTIONARY
360
667A
102
}
330
2
100
AcDbSymbolTableRecord
100
AcDbLayerTableRecord
  2
DEFPOINT
 70
0
 62
171
  6
Continuous
290
0
370
-3
390
F
347
EE
348
0
  0
LAYER
  5
667C
330
2
100
AcDbSymbolTableRecord
100
AcDbLayerTableRecord
  2
ms_sb-건축한계선
 70
0
 62
5
  6
HIDDEN
370
-3
390
F
347
EE
348
0
1001
AcAecLayerStandard
1000

1000

1001
RAK
1000
{ACET-LAYISO
1070
0
1070
5
1000
HIDDEN
1071
-3
1071
1
1005
F
1000
ACET-LAYISO}
  0
LAYER
  5
667D
330
2
100
AcDbSymbolTableRecord
100
AcDbLayerTableRecord
  2
해치-1
 70
0
 62
8
  6
Continuous
370
-3
390
F
347
EE
348
0
  0
LAYER
  5
667E
330
2
100
AcDbSymbolTableRecord
100
AcDbLayerTableRecord
  2
1-세부분할
 70
0
 62
6
  6
Continuous
370
-3
390
F
347
EE
348
0
  0
LAYER
  5
667F
330
2
100
AcDbSymbolTableRecord
100
AcDbLayerTableRecord
  2
_ELEV
 70
0
 62
4
  6
Continuous
370
0
390
F
347
EE
348
0
  0
LAYER
  5
6680
102
{ACAD_XDICTIONARY
360
6681
102
}
330
2
100
AcDbSymbolTableRecord
100
AcDbLayerTableRecord
  2
AA-DWXM-DOOR
 70
0
 62
7
  6
Continuous
370
-3
390
F
347
EE
348
0
1001
AcAecLayerStandard
1000

1000

  0
LAYER
  5
6683
330
2
100
AcDbSymbolTableRecord
100
AcDbLayerTableRecord
  2
마감선
 70
0
 62
8
  6
Continuous
370
-3
390
F
347
EE
348
0
1001
AcAecLayerStandard
1000

1000

  0
LAYER
  5
6684
330
2
100
AcDbSymbolTableRecord
100
AcDbLayerTableRecord
  2
SYMBOL
 70
0
 62
7
  6
Continuous
370
-3
390
F
347
EE
348
0
  0
LAYER
  5
6685
330
2
100
AcDbSymbolTableRecord
100
AcDbLayerTableRecord
  2
COCN
 70
0
 62
4
  6
CEN
370
-3
390
F
347
EE
348
0
  0
LAYER
  5
6686
330
2
100
AcDbSymbolTableRecord
100
AcDbLayerTableRecord
  2
감지기
 70
0
 62
2
  6
Continuous
370
-3
390
F
347
EE
348
0
1001
AcAecLayerStandard
1000

1000

  0
LAYER
  5
6687
330
2
100
AcDbSymbolTableRecord
100
AcDbLayerTableRecord
  2
RXLEADER
 70
0
 62
7
  6
Continuous
370
-3
390
F
347
EE
348
0
  0
LAYER
  5
6688
330
2
100
AcDbSymbolTableRecord
100
AcDbLayerTableRecord
  2
창문
 70
0
 62
170
  6
Continuous
370
-3
390
F
347
EE
348
0
1001
AcAecLayerStandard
1000

1000

  0
LAYER
  5
6689
330
2
100
AcDbSymbolTableRecord
100
AcDbLayerTableRecord
  2
단열재
 70
0
 62
8
  6
Continuous
370
-3
390
F
347
EE
348
0
1001
AcAecLayerStandard
1000

1000

  0
LAYER
  5
78C0
330
2
100
AcDbSymbolTableRecord
100
AcDbLayerTableRecord
  2
2SEC
 70
0
 62
2
  6
Continuous
370
-3
390
F
347
EE
348
0
  0
ENDTAB
  0
TABLE
  2
STYLE
  5
3
330
0
100
AcDbSymbolTable
 70
5
  0
STYLE
  5
11
330
3
100
AcDbSymbolTableRecord
100
AcDbTextStyleTableRecord
  2
Standard
 70
0
 40
0.0
 41
1.0
 50
0.0
 71
0
 42
2.5
  3
txt.shx
  4
whgtxt.shx
  0
STYLE
  5
11D
330
3
100
AcDbSymbolTableRecord
100
AcDbTextStyleTableRecord
  2
RXHS
 70
0
 40
0.0
 41
1.0
 50
0.0
 71
0
 42
2.5
  3

  4

1001
ACAD
1000
Gulim
1071
33074
  0
STYLE
  5
668A
330
3
100
AcDbSymbolTableRecord
100
AcDbTextStyleTableRecord
  2
울릉도L
 70
0
 40
0.0
 41
1.0
 50
0.0
 71
0
 42
600.0
  3

  4

1001
ACAD
1000
hy울릉도l
1071
33042
  0
STYLE
  5
668B
330
3
100
AcDbSymbolTableRecord
100
AcDbTextStyleTableRecord
  2
RXHG
 70
0
 40
0.0
 41
1.0
 50
0.0
 71
0
 42
153.2272058531139
  3
H2GTRE.TTF
  4

1001
ACAD
1000
hy견고딕
1071
33042
  0
STYLE
  5
668C
330
3
100
AcDbSymbolTableRecord
100
AcDbTextStyleTableRecord
  2
굴림체
 70
0
 40
0.0
 41
1.0
 50
0.0
 71
0
 42
946.8576542900681
  3

  4

1001
ACAD
1000
GulimChe
1071
33073
  0
ENDTAB
  0
TABLE
  2
VIEW
  5
6
330
0
100
AcDbSymbolTable
 70
0
  0
ENDTAB
  0
TABLE
  2
UCS
  5
7
330
0
100
AcDbSymbolTable
 70
0
  0
ENDTAB
  0
TABLE
  2
APPID
  5
9
330
0
100
AcDbSymbolTable
 70
17
  0
APPID
  5
12
330
9
100
AcDbSymbolTableRecord
100
AcDbRegAppTableRecord
  2
ACAD
 70
0
  0
APPID
  5
9E
330
9
100
AcDbSymbolTableRecord
100
AcDbRegAppTableRecord
  2
ACAD_PSEXT
 70
0
  0
APPID
  5
C93
330
9
100
AcDbSymbolTableRecord
100
AcDbRegAppTableRecord
  2
INERCAD20
 70
0
  0
APPID
  5
C94
330
9
100
AcDbSymbolTableRecord
100
AcDbRegAppTableRecord
  2
XP_RFXOPEN
 70
0
  0
APPID
  5
C95
330
9
100
AcDbSymbolTableRecord
100
AcDbRegAppTableRecord
  2
AcDbDynamicBlockTrueName
 70
0
  0
APPID
  5
C96
330
9
100
AcDbSymbolTableRecord
100
AcDbRegAppTableRecord
  2
AcDbDynamicBlockGUID
 70
0
  0
APPID
  5
C97
330
9
100
AcDbSymbolTableRecord
100
AcDbRegAppTableRecord
  2
AcDbBlockRepETag
 70
0
  0
APPID
  5
C98
330
9
100
AcDbSymbolTableRecord
100
AcDbRegAppTableRecord
  2
AcAecLayerStandard
 70
0
  0
APPID
  5
C99
330
9
100
AcDbSymbolTableRecord
100
AcDbRegAppTableRecord
  2
RAK
 70
0
  0
APPID
  5
364E
330
9
100
AcDbSymbolTableRecord
100
AcDbRegAppTableRecord
  2
ACAD_EXEMPT_FROM_CAD_STANDARDS
 70
0
  0
APPID
  5
4FDC
330
9
100
AcDbSymbolTableRecord
100
AcDbRegAppTableRecord
  2
XP_RFXLEADER
 70
0
  0
APPID
  5
5944
330
9
100
AcDbSymbolTableRecord
100
AcDbRegAppTableRecord
  2
ACAUTHENVIRON
 70
0
  0
APPID
  5
59C7
330
9
100
AcDbSymbolTableRecord
100
AcDbRegAppTableRecord
  2
CONTENTBLOCKICON
 70
0
  0
APPID
  5
59D6
330
9
100
AcDbSymbolTableRecord
100
AcDbRegAppTableRecord
  2
CONTENTBLOCKDESCRIPTION
 70
0
  0
APPID
  5
896E
330
9
100
AcDbSymbolTableRecord
100
AcDbRegAppTableRecord
  2
ACAD_NAV_VCDISPLAY
 70
0
  0
APPID
  5
89FF
330
9
100
AcDbSymbolTableRecord
100
AcDbRegAppTableRecord
  2
HATCHBACKGROUNDCOLOR
 70
0
  0
APPID
  5
8A00
330
9
100
AcDbSymbolTableRecord
100
AcDbRegAppTableRecord
  2
EZDXF
 70
0
  0
ENDTAB
  0
TABLE
  2
DIMSTYLE
  5
A
330
0
100
AcDbSymbolTable
 70
3
100
AcDbDimStyleTable
  0
DIMSTYLE
105
11E
330
A
100
AcDbSymbolTableRecord
100
AcDbDimStyleTableRecord
  2
NDIM
 70
0
 40
100.0
 41
1.5
 42
2.0
 43
8.0
 44
4.0
 45
0.0
 46
3.0
 47
0.0
 48
0.0
 49
2.5
140
3.0
141
3.0
142
0.0
143
0.03937007874
144
1.0
145
0.0
146
1.0
147
1.0
148
0.0
 69
0
 70
0
 71
0
 72
0
 73
0
 74
0
 75
0
 76
0
 77
1
 78
8
 79
3
170
0
171
3
172
1
173
1
174
1
175
0
176
256
177
256
178
6
179
2
271
2
272
2
273
2
274
3
275
0
276
0
277
6
278
44
279
2
280
0
281
0
282
0
283
0
284
8
285
0
286
0
288
0
289
3
290
0
340
11D
341
118
343
118
344
118
371
-2
372
-2
  0
DIMSTYLE
105
668D
102
{ACAD_REACTORS
330
7D48
330
7D49
330
7D4A
330
7D4B
330
7D4C
330
7D4D
330
7D4E
330
7D4F
330
7D50
330
7D51
330
7D52
330
7D53
330
7D54
330
7D55
330
7D56
330
7D57
330
7D58
330
7D59
330
7D5A
330
7D5B
330
7D5C
330
7D5D
330
7D64
330
7D65
330
7D66
330
7D67
330
7D69
330
7D6C
330
7D6D
330
7D70
330
7D71
330
7D72
330
7D73
330
7D74
330
7D75
330
7D76
330
7D77
330
7DFF
330
7E00
330
7E64
330
8003
102
}
330
A
100
AcDbSymbolTableRecord
100
AcDbDimStyleTableRecord
  2
NDIM 100
 70
0
 40
100.0
 41
1.0
 42
1.5
 43
6.0
 44
1.5
 45
0.0
 46
0.0
 47
0.0
 48
0.0
 49
2.5
140
2.0
141
3.0
142
0.0
143
0.03937007874
144
1.0
145
0.0
146
1.0
147
1.0
148
0.0
 69
0
 70
0
 71
0
 72
0
 73
0
 74
0
 75
0
 76
0
 77
1
 78
8
 79
3
170
0
171
3
172
1
173
1
174
1
175
0
176
6
177
6
178
3
179
2
271
0
272
0
273
2
274
3
275
0
276
0
277
2
278
44
279
2
280
0
281
0
282
0
283
0
284
8
285
0
286
0
288
0
289
3
290
0
340
668C
341
118
343
118
344
118
371
-2
372
-2
  0
DIMSTYLE
105
89FE
330
A
100
AcDbSymbolTableRecord
100
AcDbDimStyleTableRecord
  2
Standard
 70
0
 40
1.0
 41
2.5
 42
0.625
 43
3.75
 44
1.25
 45
0.0
 46
0.0
 47
0.0
 48
0.0
 49
2.5
140
2.5
141
2.5
142
0.0
143
0.03937007874
144
1.0
145
0.0
146
1.0
147
0.625
148
0.0
 69
0
 70
0
 71
0
 72
0
 73
0
 74
0
 75
0
 76
0
 77
1
 78
8
 79
3
170
0
171
3
172
1
173
0
174
0
175
0
176
0
177
0
178
0
179
2
271
2
272
2
273
2
274
3
275
0
276
0
277
2
278
44
279
0
280
0
281
0
282
0
283
0
284
8
285
0
286
0
288
0
289
3
290
0
371
-2
372
-2
  0
ENDTAB
  0
TABLE
  2
BLOCK_RECORD
  5
1
330
0
100
AcDbSymbolTable
 70
74
  0
BLOCK_RECORD
  5
1F
102
{ACAD_XDICTIONARY
360
3619
102
}
330
1
100
AcDbSymbolTableRecord
100
AcDbBlockTableRecord
  2
*Model_Space
340
22
 70
0
280
1
281
0
  0
BLOCK_RECORD
  5
D2
102
{ACAD_XDICTIONARY
360
595C
102
}
330
1
100
AcDbSymbolTableRecord
100
AcDbBlockTableRecord
  2
*Paper_Space
340
D3
 70
0
280
1
281
0
  0
BLOCK_RECORD
  5
D6
102
{ACAD_XDICTIONARY
360
595E
102
}
330
1
100
AcDbSymbolTableRecord
100
AcDbBlockTableRecord
  2
*Paper_Space0
340
D7
 70
0
280
1
281
0
  0
BLOCK_RECORD
  5
118
330
1
100
AcDbSymbolTableRecord
100
AcDbBlockTableRecord
  2
_RXDOT
340
0
 70
0
280
1
281
0
  0
BLOCK_RECORD
  5
13F
330
1
100
AcDbSymbolTableRecord
100
AcDbBlockTableRecord
  2
*B2
340
0
 70
0
280
1
281
0
  0
BLOCK_RECORD
  5
5AE4
102
{ACAD_XDICTIONARY
360
5AE5
102
}
330
1
100
AcDbSymbolTableRecord
100
AcDbBlockTableRecord
  2
A$C171C7090
340
0
 70
4
280
1
281
0
1001
AcDbDynamicBlockTrueName
1000
A$C171C7090
1001
AcDbDynamicBlockGUID
1000
{D9DB0ED1-ADAA-432E-A134-A386249237E2}
  0
BLOCK_RECORD
  5
6150
102
{ACAD_XDICTIONARY
360
6151
102
}
330
1
100
AcDbSymbolTableRecord
100
AcDbBlockTableRecord
  2
A$C4838202B
340
0
 70
4
280
1
281
0
1001
AcDbDynamicBlockGUID
1000
{DD409146-9C3B-4B79-9593-EEE47538384B}
1001
AcDbBlockRepETag
1070
1
1071
59
  0
BLOCK_RECORD
  5
6192
102
{ACAD_XDICTIONARY
360
6193
102
}
330
1
100
AcDbSymbolTableRecord
100
AcDbBlockTableRecord
  2
A$C641937F6
340
0
 70
4
280
1
281
0
  0
BLOCK_RECORD
  5
619B
102
{ACAD_XDICTIONARY
360
619C
102
}
330
1
100
AcDbSymbolTableRecord
100
AcDbBlockTableRecord
  2
A$C3AEE33D6
340
0
 70
4
280
1
281
0
  0
BLOCK_RECORD
  5
61B6
102
{ACAD_XDICTIONARY
360
61B7
102
}
330
1
100
AcDbSymbolTableRecord
100
AcDbBlockTableRecord
  2
COK3
340
0
 70
0
280
1
281
0
1001
AcDbDynamicBlockGUID
1000
{9C89363C-934B-4F32-9920-9536BB63242E}
1001
AcDbBlockRepETag
1070
1
1071
38
  0
BLOCK_RECORD
  5
61E0
102
{ACAD_XDICTIONARY
360
61E1
102
}
330
1
100
AcDbSymbolTableRecord
100
AcDbBlockTableRecord
  2
A$C50B84BD0
340
0
 70
4
280
1
281
0
  0
BLOCK_RECORD
  5
61F0
102
{ACAD_XDICTIONARY
360
61F1
102
}
330
1
100
AcDbSymbolTableRecord
100
AcDbBlockTableRecord
  2
A$C4B5353AF
340
0
 70
4
280
1
281
0
  0
BLOCK_RECORD
  5
61FB
102
{ACAD_XDICTIONARY
360
61FC
102
}
330
1
100
AcDbSymbolTableRecord
100
AcDbBlockTableRecord
  2
A$C4DDB60C8
340
0
 70
4
280
1
281
0
  0
BLOCK_RECORD
  5
6248
330
1
100
AcDbSymbolTableRecord
100
AcDbBlockTableRecord
  2
*B11
340
0
 70
0
280
1
281
0
  0
BLOCK_RECORD
  5
624D
102
{ACAD_XDICTIONARY
360
624E
102
}
330
1
100
AcDbSymbolTableRecord
100
AcDbBlockTableRecord
  2
1000문WELKJWLT
340
0
 70
6
280
1
281
0
  0
BLOCK_RECORD
  5
6258
102
{ACAD_XDICTIONARY
360
6259
102
}
330
1
100
AcDbSymbolTableRecord
100
AcDbBlockTableRecord
  2
샤워기1
340
0
 70
4
280
1
281
0
1001
AcDbDynamicBlockGUID
1000
{2EBB858D-8B26-4073-AF05-6D61807EC7AD}
1001
AcDbBlockRepETag
1070
1
1071
44
  0
BLOCK_RECORD
  5
6288
102
{ACAD_XDICTIONARY
360
6289
102
}
330
1
100
AcDbSymbolTableRecord
100
AcDbBlockTableRecord
  2
ertkjelrky
340
0
 70
6
280
1
281
0
  0
BLOCK_RECORD
  5
6290
102
{ACAD_XDICTIONARY
360
6291
102
}
330
1
100
AcDbSymbolTableRecord
100
AcDbBlockTableRecord
  2
3000RTREJY
340
0
 70
6
280
1
281
0
  0
BLOCK_RECORD
  5
62D2
330
1
100
AcDbSymbolTableRecord
100
AcDbBlockTableRecord
  2
l-209
340
0
 70
0
280
1
281
0
1001
AcDbDynamicBlockGUID
1000
{EB5B03ED-09E9-4C80-8C81-B9D8FF50D37C}
1001
AcDbBlockRepETag
1070
1
1071
90
  0
BLOCK_RECORD
  5
632F
330
1
100
AcDbSymbolTableRecord
100
AcDbBlockTableRecord
  2
2800RKEJTRLY
340
0
 70
6
280
1
281
0
  0
BLOCK_RECORD
  5
636F
330
1
100
AcDbSymbolTableRecord
100
AcDbBlockTableRecord
  2
2000ertjhery
340
0
 70
4
280
1
281
0
  0
BLOCK_RECORD
  5
63A3
330
1
100
AcDbSymbolTableRecord
100
AcDbBlockTableRecord
  2
RD
340
0
 70
0
280
1
281
0
  0
BLOCK_RECORD
  5
63AD
102
{ACAD_XDICTIONARY
360
63AE
102
}
330
1
100
AcDbSymbolTableRecord
100
AcDbBlockTableRecord
  2
rekjrltert
340
0
 70
4
280
1
281
0
  0
BLOCK_RECORD
  5
63B6
330
1
100
AcDbSymbolTableRecord
100
AcDbBlockTableRecord
  2
etertertert
340
0
 70
4
280
1
281
0
  0
BLOCK_RECORD
  5
63E8
330
1
100
AcDbSymbolTableRecord
100
AcDbBlockTableRecord
  2
sdfsfxvc
340
0
 70
4
280
1
281
0
  0
BLOCK_RECORD
  5
641C
330
1
100
AcDbSymbolTableRecord
100
AcDbBlockTableRecord
  2
dsfsdfdfssxcv
340
0
 70
4
280
1
281
0
  0
BLOCK_RECORD
  5
76BA
102
{ACAD_XDICTIONARY
360
76BB
102
}
330
1
100
AcDbSymbolTableRecord
100
AcDbBlockTableRecord
  2
단면표시
340
0
 70
4
280
1
281
0
1001
AcDbDynamicBlockGUID
1000
{9D5DE45E-AEA8-4FA9-8AD4-A53192B8AD13}
1001
AcDbBlockRepETag
1070
1
1071
6
  0
BLOCK_RECORD
  5
76C4
330
1
100
AcDbSymbolTableRecord
100
AcDbBlockTableRecord
  2
eksdua
340
0
 70
4
280
1
281
0
  0
BLOCK_RECORD
  5
803B
330
1
100
AcDbSymbolTableRecord
100
AcDbBlockTableRecord
  2
*D26
340
0
 70
0
280
1
281
0
  0
BLOCK_RECORD
  5
8047
330
1
100
AcDbSymbolTableRecord
100
AcDbBlockTableRecord
  2
*D27
340
0
 70
0
280
1
281
0
  0
BLOCK_RECORD
  5
8053
330
1
100
AcDbSymbolTableRecord
100
AcDbBlockTableRecord
  2
*D28
340
0
 70
0
280
1
281
0
  0
BLOCK_RECORD
  5
805F
330
1
100
AcDbSymbolTableRecord
100
AcDbBlockTableRecord
  2
*D29
340
0
 70
0
280
1
281
0
  0
BLOCK_RECORD
  5
806B
330
1
100
AcDbSymbolTableRecord
100
AcDbBlockTableRecord
  2
*D30
340
0
 70
0
280
1
281
0
  0
BLOCK_RECORD
  5
8077
330
1
100
AcDbSymbolTableRecord
100
AcDbBlockTableRecord
  2
*D31
340
0
 70
0
280
1
281
0
  0
BLOCK_RECORD
  5
8083
330
1
100
AcDbSymbolTableRecord
100
AcDbBlockTableRecord
  2
*D32
340
0
 70
0
280
1
281
0
  0
BLOCK_RECORD
  5
808F
330
1
100
AcDbSymbolTableRecord
100
AcDbBlockTableRecord
  2
*D33
340
0
 70
0
280
1
281
0
  0
BLOCK_RECORD
  5
809B
330
1
100
AcDbSymbolTableRecord
100
AcDbBlockTableRecord
  2
*D34
340
0
 70
0
280
1
281
0
  0
BLOCK_RECORD
  5
80A7
330
1
100
AcDbSymbolTableRecord
100
AcDbBlockTableRecord
  2
*D35
340
0
 70
0
280
1
281
0
  0
BLOCK_RECORD
  5
80B3
330
1
100
AcDbSymbolTableRecord
100
AcDbBlockTableRecord
  2
*D36
340
0
 70
0
280
1
281
0
  0
BLOCK_RECORD
  5
80BF
330
1
100
AcDbSymbolTableRecord
100
AcDbBlockTableRecord
  2
*D37
340
0
 70
0
280
1
281
0
  0
BLOCK_RECORD
  5
80CB
330
1
100
AcDbSymbolTableRecord
100
AcDbBlockTableRecord
  2
*D38
340
0
 70
0
280
1
281
0
  0
BLOCK_RECORD
  5
80D7
330
1
100
AcDbSymbolTableRecord
100
AcDbBlockTableRecord
  2
*D39
340
0
 70
0
280
1
281
0
  0
BLOCK_RECORD
  5
80E3
330
1
100
AcDbSymbolTableRecord
100
AcDbBlockTableRecord
  2
*D40
340
0
 70
0
280
1
281
0
  0
BLOCK_RECORD
  5
80EF
330
1
100
AcDbSymbolTableRecord
100
AcDbBlockTableRecord
  2
*D41
340
0
 70
0
280
1
281
0
  0
BLOCK_RECORD
  5
80FB
330
1
100
AcDbSymbolTableRecord
100
AcDbBlockTableRecord
  2
*D42
340
0
 70
0
280
1
281
0
  0
BLOCK_RECORD
  5
8107
330
1
100
AcDbSymbolTableRecord
100
AcDbBlockTableRecord
  2
*D43
340
0
 70
0
280
1
281
0
  0
BLOCK_RECORD
  5
8113
330
1
100
AcDbSymbolTableRecord
100
AcDbBlockTableRecord
  2
*D44
340
0
 70
0
280
1
281
0
  0
BLOCK_RECORD
  5
811F
330
1
100
AcDbSymbolTableRecord
100
AcDbBlockTableRecord
  2
*D45
340
0
 70
0
280
1
281
0
  0
BLOCK_RECORD
  5
812B
330
1
100
AcDbSymbolTableRecord
100
AcDbBlockTableRecord
  2
*D46
340
0
 70
0
280
1
281
0
  0
BLOCK_RECORD
  5
8137
330
1
100
AcDbSymbolTableRecord
100
AcDbBlockTableRecord
  2
*D47
340
0
 70
0
280
1
281
0
  0
BLOCK_RECORD
  5
8143
330
1
100
AcDbSymbolTableRecord
100
AcDbBlockTableRecord
  2
*D48
340
0
 70
0
280
1
281
0
  0
BLOCK_RECORD
  5
814F
330
1
100
AcDbSymbolTableRecord
100
AcDbBlockTableRecord
  2
*D49
340
0
 70
0
280
1
281
0
  0
BLOCK_RECORD
  5
815B
330
1
100
AcDbSymbolTableRecord
100
AcDbBlockTableRecord
  2
*D50
340
0
 70
0
280
1
281
0
  0
BLOCK_RECORD
  5
8167
330
1
100
AcDbSymbolTableRecord
100
AcDbBlockTableRecord
  2
*D51
340
0
 70
0
280
1
281
0
  0
BLOCK_RECORD
  5
8173
330
1
100
AcDbSymbolTableRecord
100
AcDbBlockTableRecord
  2
*D52
340
0
 70
0
280
1
281
0
  0
BLOCK_RECORD
  5
817F
330
1
100
AcDbSymbolTableRecord
100
AcDbBlockTableRecord
  2
*D53
340
0
 70
0
280
1
281
0
  0
BLOCK_RECORD
  5
818B
330
1
100
AcDbSymbolTableRecord
100
AcDbBlockTableRecord
  2
*D54
340
0
 70
0
280
1
281
0
  0
BLOCK_RECORD
  5
8197
330
1
100
AcDbSymbolTableRecord
100
AcDbBlockTableRecord
  2
*D55
340
0
 70
0
280
1
281
0
  0
BLOCK_RECORD
  5
81A3
330
1
100
AcDbSymbolTableRecord
100
AcDbBlockTableRecord
  2
*D56
340
0
 70
0
280
1
281
0
  0
BLOCK_RECORD
  5
81AF
330
1
100
AcDbSymbolTableRecord
100
AcDbBlockTableRecord
  2
*D57
340
0
 70
0
280
1
281
0
  0
BLOCK_RECORD
  5
81BB
330
1
100
AcDbSymbolTableRecord
100
AcDbBlockTableRecord
  2
*D58
340
0
 70
0
280
1
281
0
  0
BLOCK_RECORD
  5
81C7
330
1
100
AcDbSymbolTableRecord
100
AcDbBlockTableRecord
  2
*D59
340
0
 70
0
280
1
281
0
  0
BLOCK_RECORD
  5
81D3
330
1
100
AcDbSymbolTableRecord
100
AcDbBlockTableRecord
  2
*D60
340
0
 70
0
280
1
281
0
  0
BLOCK_RECORD
  5
81DE
330
1
100
AcDbSymbolTableRecord
100
AcDbBlockTableRecord
  2
*D61
340
0
 70
0
280
1
281
0
  0
BLOCK_RECORD
  5
81E9
330
1
100
AcDbSymbolTableRecord
100
AcDbBlockTableRecord
  2
*D62
340
0
 70
0
280
1
281
0
  0
BLOCK_RECORD
  5
81F5
330
1
100
AcDbSymbolTableRecord
100
AcDbBlockTableRecord
  2
*D63
340
0
 70
0
280
1
281
0
  0
BLOCK_RECORD
  5
8201
330
1
100
AcDbSymbolTableRecord
100
AcDbBlockTableRecord
  2
*D64
340
0
 70
0
280
1
281
0
  0
BLOCK_RECORD
  5
820D
330
1
100
AcDbSymbolTableRecord
100
AcDbBlockTableRecord
  2
*D65
340
0
 70
0
280
1
281
0
  0
BLOCK_RECORD
  5
8219
330
1
100
AcDbSymbolTableRecord
100
AcDbBlockTableRecord
  2
*D66
340
0
 70
0
280
1
281
0
  0
BLOCK_RECORD
  5
891C
330
1
100
AcDbSymbolTableRecord
100
AcDbBlockTableRecord
  2
*B67
340
0
 70
0
280
1
281
0
  0
BLOCK_RECORD
  5
8922
330
1
100
AcDbSymbolTableRecord
100
AcDbBlockTableRecord
  2
*B68
340
0
 70
0
280
1
281
0
  0
BLOCK_RECORD
  5
8928
330
1
100
AcDbSymbolTableRecord
100
AcDbBlockTableRecord
  2
*B69
340
0
 70
0
280
1
281
0
  0
BLOCK_RECORD
  5
892E
330
1
100
AcDbSymbolTableRecord
100
AcDbBlockTableRecord
  2
*B70
340
0
 70
0
280
1
281
0
  0
BLOCK_RECORD
  5
8934
330
1
100
AcDbSymbolTableRecord
100
AcDbBlockTableRecord
  2
*B71
340
0
 70
0
280
1
281
0
  0
ENDTAB
  0
ENDSEC
  0
SECTION
  2
BLOCKS
  0
BLOCK
  5
20
330
1F
100
AcDbEntity
  8
0
100
AcDbBlockBegin
  2
*Model_Space
 70
0
 10
0.0
 20
0.0
 30
0.0
  3
*Model_Space
  1

  0
ENDBLK
  5
21
330
1F
100
AcDbEntity
  8
0
100
AcDbBlockEnd
  0
BLOCK
  5
D4
330
D2
100
AcDbEntity
 67
1
  8
0
100
AcDbBlockBegin
  2
*Paper_Space
 70
0
 10
0.0
 20
0.0
 30
0.0
  3
*Paper_Space
  1

  0
ENDBLK
  5
D5
330
D2
100
AcDbEntity
 67
1
  8
0
100
AcDbBlockEnd
  0
BLOCK
  5
D8
330
D6
100
AcDbEntity
 67
1
  8
0
100
AcDbBlockBegin
  2
*Paper_Space0
 70
0
 10
0.0
 20
0.0
 30
0.0
  3
*Paper_Space0
  1

  0
ENDBLK
  5
D9
330
D6
100
AcDbEntity
 67
1
  8
0
100
AcDbBlockEnd
  0
BLOCK
  5
11B
330
118
100
AcDbEntity
  8
0
100
AcDbBlockBegin
  2
_RXDOT
 70
0
 10
0.0
 20
0.0
 30
0.0
  3
_RXDOT
  1

  0
LWPOLYLINE
  5
119
330
118
100
AcDbEntity
  8
0
  6
ByBlock
 62
0
100
AcDbPolyline
 90
2
 70
1
 43
0.5
 10
-0.25
 20
0.0
 42
1.0
 10
0.25
 20
0.0
 42
1.0
  0
LINE
  5
11A
330
118
100
AcDbEntity
  8
0
  6
ByBlock
 62
0
100
AcDbLine
 10
-1.0
 20
0.0
 30
0.0
 11
2.0
 21
0.0
 31
0.0
  0
ENDBLK
  5
11C
330
118
100
AcDbEntity
  8
0
100
AcDbBlockEnd
  0
BLOCK
  5
143
330
13F
100
AcDbEntity
  8
0
100
AcDbBlockBegin
  2
*B2
 70
1
 10
0.0
 20
0.0
 30
0.0
  3
*B2
  1

  0
TEXT
  5
140
330
13F
100
AcDbEntity
  8
RXINFO
100
AcDbText
 10
0.0
 20
0.0
 30
0.0
 40
200.0
  1

  7
RXHS
100
AcDbText
  0
TEXT
  5
141
330
13F
100
AcDbEntity
  8
RXINFO
100
AcDbText
 10
0.0
 20
0.0
 30
0.0
 40
200.0
  1

  7
RXHS
100
AcDbText
  0
TEXT
  5
142
330
13F
100
AcDbEntity
  8
RXINFO
100
AcDbText
 10
0.0
 20
0.0
 30
0.0
 40
200.0
  1

  7
RXHS
100
AcDbText
  0
ENDBLK
  5
144
330
13F
100
AcDbEntity
  8
0
100
AcDbBlockEnd
  0
BLOCK
  5
5AE9
330
5AE4
100
AcDbEntity
  8
0
100
AcDbBlockBegin
  2
A$C171C7090
 70
0
 10
0.0
 20
0.0
 30
0.0
  3
A$C171C7090
  1

  0
ENDBLK
  5
614F
330
5AE4
100
AcDbEntity
  8
0
100
AcDbBlockEnd
  0
BLOCK
  5
6153
330
6150
100
AcDbEntity
  8
0
100
AcDbBlockBegin
  2
A$C4838202B
 70
0
 10
0.0
 20
0.0
 30
0.0
  3
A$C4838202B
  1

  0
LWPOLYLINE
  5
6154
330
6150
100
AcDbEntity
  8
DEFPOINTS
100
AcDbPolyline
 90
4
 70
1
 10
3.612526598e-07
 20
-3.693648978e-07
 10
841.0000003612527
 20
-3.693648978e-07
 10
841.0000003612527
 20
593.9999996306351
 10
3.612526598e-07
 20
593.9999996306351
1001
AcDbBlockRepETag
1070
1
1071
0
1005
6154
  0
LWPOLYLINE
  5
6155
330
6150
100
AcDbEntity
  8
0
 62
2
100
AcDbPolyline
 90
4
 70
1
 43
2.0
 10
32.00000036125266
 20
25.9999996306351
 10
810.0000003612525
 20
25.9999996306351
 10
810.0000003612525
 20
567.999999630635
 10
32.00000036125266
 20
567.999999630635
1001
AcDbBlockRepETag
1070
1
1071
1
1005
6155
  0
LWPOLYLINE
  5
6156
330
6150
100
AcDbEntity
  8
0
 62
2
100
AcDbPolyline
 90
2
 70
0
 43
0.7000000000000001
 10
750.0000003612527
 20
567.999999630635
 10
750.0000003612527
 20
25.9999996306351
1001
AcDbBlockRepETag
1070
1
1071
2
1005
6156
  0
LINE
  5
6157
330
6150
100
AcDbEntity
  8
0
 62
3
100
AcDbLine
 10
750.0000003612527
 20
509.999999630635
 30
0.0
 11
810.0000003612525
 21
509.999999630635
 31
0.0
1001
AcDbBlockRepETag
1070
1
1071
3
1005
6157
  0
LINE
  5
6158
330
6150
100
AcDbEntity
  8
0
 62
4
100
AcDbLine
 10
750.0000003612527
 20
290.1999996306351
 30
0.0
 11
810.0000003612525
 21
290.1999996306351
 31
0.0
1001
AcDbBlockRepETag
1070
1
1071
4
1005
6158
  0
LINE
  5
6159
330
6150
100
AcDbEntity
  8
0
 62
4
100
AcDbLine
 10
750.0000003612527
 20
282.1999996306351
 30
0.0
 11
810.0000003612525
 21
282.1999996306351
 31
0.0
1001
AcDbBlockRepETag
1070
1
1071
5
1005
6159
  0
LINE
  5
615A
330
6150
100
AcDbEntity
  8
0
 62
4
100
AcDbLine
 10
750.0000003612527
 20
274.1999996306351
 30
0.0
 11
810.0000003612525
 21
274.1999996306351
 31
0.0
1001
AcDbBlockRepETag
1070
1
1071
6
1005
615A
  0
LINE
  5
615B
330
6150
100
AcDbEntity
  8
0
 62
4
100
AcDbLine
 10
750.0000003612527
 20
266.1999996306351
 30
0.0
 11
810.0000003612525
 21
266.1999996306351
 31
0.0
1001
AcDbBlockRepETag
1070
1
1071
7
1005
615B
  0
LINE
  5
615C
330
6150
100
AcDbEntity
  8
0
 62
4
100
AcDbLine
 10
750.0000003612527
 20
258.1999996306351
 30
0.0
 11
810.0000003612525
 21
258.1999996306351
 31
0.0
1001
AcDbBlockRepETag
1070
1
1071
8
1005
615C
  0
LINE
  5
615D
330
6150
100
AcDbEntity
  8
0
 62
4
100
AcDbLine
 10
750.0000003612527
 20
250.1999996306351
 30
0.0
 11
810.0000003612525
 21
250.1999996306351
 31
0.0
1001
AcDbBlockRepETag
1070
1
1071
9
1005
615D
  0
LINE
  5
615E
330
6150
100
AcDbEntity
  8
0
 62
4
100
AcDbLine
 10
750.3500003612527
 20
242.1999996306351
 30
0.0
 11
810.0000003612525
 21
242.1999996306351
 31
0.0
1001
AcDbBlockRepETag
1070
1
1071
10
1005
615E
  0
LINE
  5
615F
330
6150
100
AcDbEntity
  8
0
 62
3
100
AcDbLine
 10
750.0000003612528
 20
234.1999996306351
 30
0.0
 11
810.0000003612525
 21
234.1999996306351
 31
0.0
1001
AcDbBlockRepETag
1070
1
1071
11
1005
615F
  0
LINE
  5
6160
330
6150
100
AcDbEntity
  8
0
 62
3
100
AcDbLine
 10
750.0000003612528
 20
184.1999996306351
 30
0.0
 11
810.0000003612525
 21
184.1999996306351
 31
0.0
1001
AcDbBlockRepETag
1070
1
1071
12
1005
6160
  0
LINE
  5
6161
330
6150
100
AcDbEntity
  8
0
 62
4
100
AcDbLine
 10
750.0000003612528
 20
169.7999996306351
 30
0.0
 11
810.0000003612525
 21
169.7999996306351
 31
0.0
1001
AcDbBlockRepETag
1070
1
1071
13
1005
6161
  0
LINE
  5
6162
330
6150
100
AcDbEntity
  8
0
 62
4
100
AcDbLine
 10
750.0000003612528
 20
155.3999996306351
 30
0.0
 11
810.0000003612525
 21
155.3999996306351
 31
0.0
1001
AcDbBlockRepETag
1070
1
1071
14
1005
6162
  0
LINE
  5
6163
330
6150
100
AcDbEntity
  8
0
 62
3
100
AcDbLine
 10
750.0000003612528
 20
140.9999996306351
 30
0.0
 11
810.0000003612525
 21
140.9999996306351
 31
0.0
1001
AcDbBlockRepETag
1070
1
1071
15
1005
6163
  0
LINE
  5
6164
330
6150
100
AcDbEntity
  8
0
 62
3
100
AcDbLine
 10
750.0000003612528
 20
98.9999996306351
 30
0.0
 11
810.0000003612525
 21
98.9999996306351
 31
0.0
1001
AcDbBlockRepETag
1070
1
1071
16
1005
6164
  0
LINE
  5
6165
330
6150
100
AcDbEntity
  8
0
 62
4
100
AcDbLine
 10
750.0000003612528
 20
84.59999963063511
 30
0.0
 11
810.0000003612525
 21
84.59999963063511
 31
0.0
1001
AcDbBlockRepETag
1070
1
1071
17
1005
6165
  0
LINE
  5
6166
330
6150
100
AcDbEntity
  8
0
 62
4
100
AcDbLine
 10
750.0000003612528
 20
70.1999996306351
 30
0.0
 11
810.0000003612525
 21
70.1999996306351
 31
0.0
1001
AcDbBlockRepETag
1070
1
1071
18
1005
6166
  0
LINE
  5
6167
330
6150
100
AcDbEntity
  8
0
 62
4
100
AcDbLine
 10
750.0000003612528
 20
55.7999996306351
 30
0.0
 11
810.0000003612525
 21
55.7999996306351
 31
0.0
1001
AcDbBlockRepETag
1070
1
1071
19
1005
6167
  0
LINE
  5
6168
330
6150
100
AcDbEntity
  8
0
 62
4
100
AcDbLine
 10
750.0000003612528
 20
41.3999996306351
 30
0.0
 11
810.0000003612525
 21
41.3999996306351
 31
0.0
1001
AcDbBlockRepETag
1070
1
1071
20
1005
6168
  0
LINE
  5
6169
330
6150
100
AcDbEntity
  8
0
 62
4
100
AcDbLine
 10
761.9000003612524
 20
242.1999996306352
 30
0.0
 11
761.9000003612528
 21
290.1999996306351
 31
0.0
1001
AcDbBlockRepETag
1070
1
1071
21
1005
6169
  0
LINE
  5
616A
330
6150
100
AcDbEntity
  8
0
 62
4
100
AcDbLine
 10
797.9000003612529
 20
242.1999996306352
 30
0.0
 11
797.9000003612524
 21
290.1999996306351
 31
0.0
1001
AcDbBlockRepETag
1070
1
1071
22
1005
616A
  0
LINE
  5
616B
330
6150
100
AcDbEntity
  8
0
 62
4
100
AcDbLine
 10
797.9000003612524
 20
282.1999996306351
 30
0.0
 11
809.0000003612527
 21
290.1999996306351
 31
0.0
1001
AcDbBlockRepETag
1070
1
1071
23
1005
616B
  0
LINE
  5
616C
330
6150
100
AcDbEntity
  8
0
 62
4
100
AcDbLine
 10
797.9000003612524
 20
274.1999996306351
 30
0.0
 11
809.0000003612527
 21
282.1999996306351
 31
0.0
1001
AcDbBlockRepETag
1070
1
1071
24
1005
616C
  0
LINE
  5
616D
330
6150
100
AcDbEntity
  8
0
 62
4
100
AcDbLine
 10
797.9000003612524
 20
266.1999996306351
 30
0.0
 11
809.0000003612527
 21
274.1999996306351
 31
0.0
1001
AcDbBlockRepETag
1070
1
1071
25
1005
616D
  0
LINE
  5
616E
330
6150
100
AcDbEntity
  8
0
 62
4
100
AcDbLine
 10
797.9000003612524
 20
258.1999996306351
 30
0.0
 11
809.0000003612527
 21
266.1999996306351
 31
0.0
1001
AcDbBlockRepETag
1070
1
1071
26
1005
616E
  0
LINE
  5
616F
330
6150
100
AcDbEntity
  8
0
 62
4
100
AcDbLine
 10
797.9000003612526
 20
250.1999996306353
 30
0.0
 11
809.0000003612528
 21
258.1999996306353
 31
0.0
1001
AcDbBlockRepETag
1070
1
1071
27
1005
616F
  0
TEXT
  5
6170
330
6150
100
AcDbEntity
  8
0
 62
6
100
AcDbText
 10
799.7416670279193
 20
245.1999996306351
 30
0.0
 40
2.0
  1
일  자
  7
울릉도L
 72
1
 11
803.4500003612526
 21
246.1999996306351
 31
0.0
100
AcDbText
 73
2
1001
AcDbBlockRepETag
1070
1
1071
28
1005
6170
  0
TEXT
  5
6171
330
6150
100
AcDbEntity
  8
0
 62
6
100
AcDbText
 10
752.4583336945859
 20
245.1999996306351
 30
0.0
 40
2.0
  1
번  호
  7
울릉도L
 72
1
 11
756.1250003612525
 21
246.1999996306352
 31
0.0
100
AcDbText
 73
2
1001
AcDbBlockRepETag
1070
1
1071
29
1005
6171
  0
TEXT
  5
6172
330
6150
100
AcDbEntity
  8
0
 62
6
100
AcDbText
 10
774.2958336945857
 20
245.1999996306351
 30
0.0
 40
2.0
  1
내     용
  7
울릉도L
 72
1
 11
779.9000003612523
 21
246.1999996306351
 31
0.0
100
AcDbText
 73
2
1001
AcDbBlockRepETag
1070
1
1071
30
1005
6172
  0
TEXT
  5
6173
330
6150
100
AcDbEntity
  8
0
 62
3
100
AcDbText
 10
752.0000003612525
 20
504.999999630635
 30
0.0
 40
2.0
  1
NOTE
  7
울릉도L
 11
752.0000003612525
 21
505.9999996306351
 31
0.0
100
AcDbText
 73
2
1001
AcDbBlockRepETag
1070
1
1071
31
1005
6173
  0
TEXT
  5
6174
330
6150
100
AcDbEntity
  8
0
 62
6
100
AcDbText
 10
752.0000003612525
 20
499.7999996306351
 30
0.0
 40
2.399999999999999
  1
주  기
  7
울릉도L
 11
752.0000003612525
 21
500.999999630635
 31
0.0
100
AcDbText
 73
2
1001
AcDbBlockRepETag
1070
1
1071
32
1005
6174
  0
TEXT
  5
6175
330
6150
100
AcDbEntity
  8
0
 62
3
100
AcDbText
 10
754.0000003612525
 20
236.9999996306351
 30
0.0
 40
2.399999999999999
  1
REVISION
  7
울릉도L
 11
754.0000003612525
 21
238.1999996306351
 31
0.0
100
AcDbText
 73
2
1001
AcDbBlockRepETag
1070
1
1071
33
1005
6175
  0
TEXT
  5
6176
330
6150
100
AcDbEntity
  8
0
 62
3
100
AcDbText
 10
752.0000003612529
 20
179.1999996306351
 30
0.0
 40
2.0
  1
APPROVED
  7
울릉도L
 11
752.0000003612529
 21
180.1999996306351
 31
0.0
100
AcDbText
 73
2
1001
AcDbBlockRepETag
1070
1
1071
34
1005
6176
  0
TEXT
  5
6177
330
6150
100
AcDbEntity
  8
0
 62
6
100
AcDbText
 10
752.0000003612529
 20
173.9999996306351
 30
0.0
 40
2.399999999999999
  1
승   인
  7
울릉도L
 11
752.0000003612529
 21
175.1999996306351
 31
0.0
100
AcDbText
 73
2
1001
AcDbBlockRepETag
1070
1
1071
35
1005
6177
  0
TEXT
  5
6178
330
6150
100
AcDbEntity
  8
0
 62
3
100
AcDbText
 10
752.0000003612529
 20
164.7999996306351
 30
0.0
 40
2.0
  1
CHECKED
  7
울릉도L
 11
752.0000003612529
 21
165.7999996306351
 31
0.0
100
AcDbText
 73
2
1001
AcDbBlockRepETag
1070
1
1071
36
1005
6178
  0
TEXT
  5
6179
330
6150
100
AcDbEntity
  8
0
 62
6
100
AcDbText
 10
752.0000003612529
 20
159.5999996306351
 30
0.0
 40
2.399999999999999
  1
검   토
  7
울릉도L
 11
752.0000003612529
 21
160.7999996306351
 31
0.0
100
AcDbText
 73
2
1001
AcDbBlockRepETag
1070
1
1071
37
1005
6179
  0
TEXT
  5
617A
330
6150
100
AcDbEntity
  8
0
 62
3
100
AcDbText
 10
752.0000003612529
 20
150.3999996306351
 30
0.0
 40
2.0
  1
DRAWN
  7
울릉도L
 11
752.0000003612529
 21
151.3999996306351
 31
0.0
100
AcDbText
 73
2
1001
AcDbBlockRepETag
1070
1
1071
38
1005
617A
  0
TEXT
  5
617B
330
6150
100
AcDbEntity
  8
0
 62
6
100
AcDbText
 10
752.0000003612529
 20
145.1999996306351
 30
0.0
 40
2.399999999999999
  1
제   도
  7
울릉도L
 11
752.0000003612529
 21
146.3999996306351
 31
0.0
100
AcDbText
 73
2
1001
AcDbBlockRepETag
1070
1
1071
39
1005
617B
  0
TEXT
  5
617C
330
6150
100
AcDbEntity
  8
0
 62
3
100
AcDbText
 10
752.0000003612529
 20
135.9999996306351
 30
0.0
 40
2.0
  1
TITLE
  7
울릉도L
 11
752.0000003612529
 21
136.9999996306351
 31
0.0
100
AcDbText
 73
2
1001
AcDbBlockRepETag
1070
1
1071
40
1005
617C
  0
TEXT
  5
617D
330
6150
100
AcDbEntity
  8
0
 62
6
100
AcDbText
 10
752.0000003612529
 20
130.7999996306351
 30
0.0
 40
2.399999999999999
  1
도 면 명
  7
울릉도L
 11
752.0000003612529
 21
131.9999996306351
 31
0.0
100
AcDbText
 73
2
1001
AcDbBlockRepETag
1070
1
1071
41
1005
617D
  0
TEXT
  5
617E
330
6150
100
AcDbEntity
  8
0
 62
3
100
AcDbText
 10
752.0000003612529
 20
93.9999996306351
 30
0.0
 40
2.0
  1
FILE NAME
  7
울릉도L
 11
752.0000003612529
 21
94.9999996306351
 31
0.0
100
AcDbText
 73
2
1001
AcDbBlockRepETag
1070
1
1071
42
1005
617E
  0
TEXT
  5
617F
330
6150
100
AcDbEntity
  8
0
 62
6
100
AcDbText
 10
752.0000003612529
 20
88.79999963063509
 30
0.0
 40
2.399999999999999
  1
화 일 명
  7
울릉도L
 11
752.0000003612529
 21
89.9999996306351
 31
0.0
100
AcDbText
 73
2
1001
AcDbBlockRepETag
1070
1
1071
43
1005
617F
  0
TEXT
  5
6180
330
6150
100
AcDbEntity
  8
0
 62
3
100
AcDbText
 10
752.0000003612529
 20
79.59999963063511
 30
0.0
 40
2.0
  1
SCALE
  7
울릉도L
 11
752.0000003612529
 21
80.59999963063511
 31
0.0
100
AcDbText
 73
2
1001
AcDbBlockRepETag
1070
1
1071
44
1005
6180
  0
TEXT
  5
6181
330
6150
100
AcDbEntity
  8
0
 62
6
100
AcDbText
 10
752.0000003612529
 20
74.3999996306351
 30
0.0
 40
2.399999999999999
  1
축   척
  7
울릉도L
 11
752.0000003612529
 21
75.5999996306351
 31
0.0
100
AcDbText
 73
2
1001
AcDbBlockRepETag
1070
1
1071
45
1005
6181
  0
TEXT
  5
6182
330
6150
100
AcDbEntity
  8
0
 62
3
100
AcDbText
 10
752.0000003612529
 20
65.1999996306351
 30
0.0
 40
2.0
  1
DATE
  7
울릉도L
 11
752.0000003612529
 21
66.1999996306351
 31
0.0
100
AcDbText
 73
2
1001
AcDbBlockRepETag
1070
1
1071
46
1005
6182
  0
TEXT
  5
6183
330
6150
100
AcDbEntity
  8
0
 62
6
100
AcDbText
 10
752.0000003612529
 20
59.99999963063509
 30
0.0
 40
2.399999999999999
  1
날   짜
  7
울릉도L
 11
752.0000003612529
 21
61.19999963063509
 31
0.0
100
AcDbText
 73
2
1001
AcDbBlockRepETag
1070
1
1071
47
1005
6183
  0
TEXT
  5
6184
330
6150
100
AcDbEntity
  8
0
 62
3
100
AcDbText
 10
752.0000003612529
 20
50.7999996306351
 30
0.0
 40
2.0
  1
DRWG.NO
  7
울릉도L
 11
752.0000003612529
 21
51.79999963063511
 31
0.0
100
AcDbText
 73
2
1001
AcDbBlockRepETag
1070
1
1071
48
1005
6184
  0
TEXT
  5
6185
330
6150
100
AcDbEntity
  8
0
 62
6
100
AcDbText
 10
752.0000003612529
 20
45.5999996306351
 30
0.0
 40
2.399999999999999
  1
도면번호
  7
울릉도L
 11
752.0000003612529
 21
46.7999996306351
 31
0.0
100
AcDbText
 73
2
1001
AcDbBlockRepETag
1070
1
1071
49
1005
6185
  0
TEXT
  5
6186
330
6150
100
AcDbEntity
  8
0
 62
3
100
AcDbText
 10
752.0000003612529
 20
36.3999996306351
 30
0.0
 40
2.0
  1
SHEET.NO
  7
울릉도L
 11
752.0000003612529
 21
37.3999996306351
 31
0.0
100
AcDbText
 73
2
1001
AcDbBlockRepETag
1070
1
1071
50
1005
6186
  0
TEXT
  5
6187
330
6150
100
AcDbEntity
  8
0
 62
6
100
AcDbText
 10
752.0000003612529
 20
31.1999996306351
 30
0.0
 40
2.399999999999999
  1
일련번호
  7
울릉도L
 11
752.0000003612529
 21
32.3999996306351
 31
0.0
100
AcDbText
 73
2
1001
AcDbBlockRepETag
1070
1
1071
51
1005
6187
  0
LINE
  5
6188
330
6150
100
AcDbEntity
  8
0
 62
4
100
AcDbLine
 10
792.2000003612526
 20
48.5999996306351
 30
0.0
 11
789.2000003612527
 21
48.5999996306351
 31
0.0
1001
AcDbBlockRepETag
1070
1
1071
52
1005
6188
  0
LINE
  5
6189
330
6150
100
AcDbEntity
  8
0
 62
4
100
AcDbLine
 10
792.2000003612526
 20
34.1999996306351
 30
0.0
 11
789.2000003612527
 21
34.1999996306351
 31
0.0
1001
AcDbBlockRepETag
1070
1
1071
53
1005
6189
  0
TEXT
  5
618A
330
6150
100
AcDbEntity
  8
0
 62
4
100
AcDbText
 10
752.5000003612525
 20
187.1999996306351
 30
0.0
 40
2.0
  1

  7
울릉도L
 11
752.5000003612525
 21
188.1999996306351
 31
0.0
100
AcDbText
 73
2
1001
AcDbBlockRepETag
1070
1
1071
54
1005
618A
  0
TEXT
  5
618B
330
6150
100
AcDbEntity
  8
0
 62
4
100
AcDbText
 10
752.5000003612525
 20
191.1999996306351
 30
0.0
 40
2.0
  1

  7
울릉도L
 41
0.7900000000000001
 11
752.5000003612525
 21
192.1999996306351
 31
0.0
100
AcDbText
 73
2
1001
AcDbBlockRepETag
1070
1
1071
55
1005
618B
  0
TEXT
  5
618C
330
6150
100
AcDbEntity
  8
0
 62
251
100
AcDbText
 10
759.384115364028
 20
212.1999996306351
 30
0.0
 40
2.000000000085128
  1

  7
RXHG
 41
1.282159659132664
 72
5
 11
800.0636930350056
 21
212.1999996306351
 31
0.0
100
AcDbText
1001
AcDbBlockRepETag
1070
1
1071
56
1005
618C
  0
INSERT
  5
618E
330
6150
100
AcDbEntity
  8
0
100
AcDbBlockReference
  2
A$C171C7090
 10
753.5000003612529
 20
198.1999996306351
 30
0.0
 41
0.0039999999999054
 42
0.0039999999999054
 43
0.0039999999999054
1001
AcDbBlockRepETag
1070
1
1071
58
1005
618E
  0
TEXT
  5
618F
330
6150
100
AcDbEntity
  8
0
 62
3
100
AcDbText
 10
752.0000003612525
 20
562.999999630635
 30
0.0
 40
2.0
  1
PROJECT
  7
울릉도L
 11
752.0000003612525
 21
563.999999630635
 31
0.0
100
AcDbText
 73
2
1001
AcDbBlockRepETag
1070
1
1071
70
1005
618F
  0
TEXT
  5
6190
330
6150
100
AcDbEntity
  8
0
 62
6
100
AcDbText
 10
752.0000003612525
 20
557.799999630635
 30
0.0
 40
2.399999999999999
  1
공 사 명
  7
울릉도L
 11
752.0000003612525
 21
558.999999630635
 31
0.0
100
AcDbText
 73
2
1001
AcDbBlockRepETag
1070
1
1071
71
1005
6190
  0
ENDBLK
  5
6191
330
6150
100
AcDbEntity
  8
0
100
AcDbBlockEnd
  0
BLOCK
  5
6195
330
6192
100
AcDbEntity
  8
0
100
AcDbBlockBegin
  2
A$C641937F6
 70
0
 10
0.0
 20
0.0
 30
0.0
  3
A$C641937F6
  1

  0
HATCH
  5
6196
330
6192
100
AcDbEntity
  8
0
100
AcDbHatch
 10
0.0
 20
0.0
 30
0.0
210
0.0
220
0.0
230
1.0
  2
SOLID
 70
1
 71
1
 91
3
 92
1
 93
10
 72
1
 10
17.12477241683518
 20
41.8457686631591
 11
19.62477241671877
 21
37.00007912615547
 72
1
 10
19.62477241671877
 20
37.00007912615547
 11
22.12477241683519
 21
37.00007912615547
 72
1
 10
22.12477241683519
 20
37.00007912615547
 11
22.12477241683519
 21
42.50007912615546
 72
1
 10
22.12477241683519
 20
42.50007912615546
 11
19.62477241683518
 21
42.50007912615546
 72
1
 10
19.62477241683518
 20
42.50007912615546
 11
19.62477241683518
 21
37.65438958941377
 72
1
 10
19.62477241683518
 20
37.65438958941377
 11
17.12477241689339
 21
42.50007912615546
 72
1
 10
17.12477241689339
 20
42.50007912615546
 11
14.62477241683518
 21
42.50007912615546
 72
1
 10
14.62477241683518
 20
42.50007912615546
 11
14.62477241683518
 21
37.00007912615547
 72
1
 10
14.62477241683518
 20
37.00007912615547
 11
17.12477241683518
 21
37.00007912615547
 72
1
 10
17.12477241683518
 20
37.00007912615547
 11
17.12477241683518
 21
41.8457686631591
 97
1
330
6199
 92
1
 93
6
 72
1
 10
18.74977241689339
 20
7.91261263657e-05
 11
19.94977241684683
 21
7.91261263657e-05
 72
1
 10
19.94977241684683
 20
7.91261263657e-05
 11
19.94977241690503
 21
25.43611809535651
 72
1
 10
19.94977241690503
 20
25.43611809535651
 11
33.56779190152884
 21
11.8180986107036
 72
1
 10
33.56779190152884
 20
11.8180986107036
 11
36.74977241689339
 21
15.00007912603905
 72
1
 10
36.74977241689339
 20
15.00007912603905
 11
18.74977241689339
 21
33.00007912615547
 72
1
 10
18.74977241689339
 20
33.00007912615547
 11
18.74977241689339
 21
7.91261554696e-05
 97
1
330
6198
 92
1
 93
6
 72
1
 10
17.99977241689339
 20
7.91261554696e-05
 11
17.99977241689339
 21
33.00007912615547
 72
1
 10
17.99977241689339
 20
33.00007912615547
 11
-0.0002275831066072
 21
15.00007912603905
 72
1
 10
-0.0002275831066072
 20
15.00007912603905
 11
3.18175293225795
 21
11.8180986107036
 72
1
 10
3.18175293225795
 20
11.8180986107036
 11
16.79977241688175
 21
25.43611809535651
 72
1
 10
16.79977241688175
 20
25.43611809535651
 11
16.79977241693996
 21
7.91261554696e-05
 72
1
 10
16.79977241693996
 20
7.91261554696e-05
 11
17.99977241689339
 21
7.91261554696e-05
 97
1
330
6197
 75
0
 76
1
 98
1
 10
-405174.931778857
 20
-253853.9880572737
450
0
451
0
460
0.0
461
0.0
452
0
462
0.0
453
0
470

1001
ACAD
1010
0.0
1020
0.0
1030
0.0
  0
LWPOLYLINE
  5
6197
102
{ACAD_REACTORS
330
6196
102
}
330
6192
100
AcDbEntity
  8
0
100
AcDbPolyline
 90
7
 70
1
 10
17.99977241689339
 20
7.91261554696e-05
 10
17.99977241689339
 20
33.00007912615547
 10
-0.0002275831066072
 20
15.00007912603905
 10
3.18175293225795
 20
11.8180986107036
 10
16.79977241688175
 20
25.43611809535651
 10
16.79977241693996
 20
7.91261554696e-05
 10
17.99977241689339
 20
7.91261554696e-05
  0
LWPOLYLINE
  5
6198
102
{ACAD_REACTORS
330
6196
102
}
330
6192
100
AcDbEntity
  8
0
100
AcDbPolyline
 90
7
 70
1
 10
18.74977241689339
 20
7.91261263657e-05
 10
19.94977241684683
 20
7.91261263657e-05
 10
19.94977241690503
 20
25.43611809535651
 10
33.56779190152884
 20
11.8180986107036
 10
36.74977241689339
 20
15.00007912603905
 10
18.74977241689339
 20
33.00007912615547
 10
18.74977241689339
 20
7.91261554696e-05
  0
LWPOLYLINE
  5
6199
102
{ACAD_REACTORS
330
6196
102
}
330
6192
100
AcDbEntity
  8
0
100
AcDbPolyline
 90
10
 70
1
 10
17.12477241683518
 20
41.8457686631591
 10
19.62477241671877
 20
37.00007912615547
 10
22.12477241683519
 20
37.00007912615547
 10
22.12477241683519
 20
42.50007912615546
 10
19.62477241683518
 20
42.50007912615546
 10
19.62477241683518
 20
37.65438958941377
 10
17.12477241689339
 20
42.50007912615546
 10
14.62477241683518
 20
42.50007912615546
 10
14.62477241683518
 20
37.00007912615547
 10
17.12477241683518
 20
37.00007912615547
  0
ENDBLK
  5
619A
330
6192
100
AcDbEntity
  8
0
100
AcDbBlockEnd
  0
BLOCK
  5
619E
330
619B
100
AcDbEntity
  8
0
100
AcDbBlockBegin
  2
A$C3AEE33D6
 70
0
 10
0.0
 20
0.0
 30
0.0
  3
A$C3AEE33D6
  1

  0
LWPOLYLINE
  5
619F
330
619B
100
AcDbEntity
  8
TOILET
100
AcDbPolyline
 90
7
 70
0
 10
12.50000783251016
 20
666.4999513561447
 10
12.50000783251016
 20
726.9999513561447
 42
-0.414213562373084
 10
15.50000783251016
 20
729.9999513561447
 10
399.5000078325102
 20
729.9999513561447
 42
-0.4142135623730951
 10
402.5000078325101
 20
726.9999513561447
 10
402.5000078325101
 20
552.9999513561447
 10
394.8215804927895
 20
273.9774993477709
  0
LWPOLYLINE
  5
61A0
330
619B
100
AcDbEntity
  8
TOILET
100
AcDbPolyline
 90
3
 70
0
 10
20.1784351722381
 20
273.9774993477709
 10
12.50000783251016
 20
552.9999513561447
 10
12.50000783251016
 20
623.4999513561447
  0
LWPOLYLINE
  5
61A1
330
619B
100
AcDbEntity
  8
TOILET
100
AcDbPolyline
 90
9
 70
0
 10
368.7570030783827
 20
496.5183469895705
 10
362.368539269024
 20
257.4514284191114
 42
-0.046703748431707
 10
352.3219797884303
 20
174.1714512000267
 42
-0.1618784708791761
 10
281.6236448845448
 20
54.7081790086354
 42
-0.1807960586450699
 10
207.5000078325102
 20
26.99995135614518
 42
-0.1807960586450699
 10
133.3763707804828
 20
54.70817900863585
 42
-0.1618784708791761
 10
62.67803587659727
 20
174.1714512000271
 42
-0.046703748431707
 10
52.63147639600356
 20
257.4514284191114
 10
46.24301258663763
 20
496.5183469895705
  0
LWPOLYLINE
  5
61A2
330
619B
100
AcDbEntity
  8
TOILET
100
AcDbPolyline
 90
12
 70
1
 10
207.5000078325102
 20
-4.86438548251e-05
 42
-0.1795036793517873
 10
116.1956600064295
 20
33.87023794819834
 42
-0.1542758597450063
 10
35.30613028148946
 20
164.5665342890688
 42
-0.0553953832027982
 10
20.1784351722381
 20
273.9774993477709
 10
14.53303250008321
 20
485.2378369179891
 42
-0.4076657083409154
 10
24.03842604177771
 20
495.4929032895729
 42
-0.012281503845309
 10
207.5000078325102
 20
499.9999513561447
 42
-0.012281503845309
 10
390.9615896232499
 20
495.4929032895729
 42
-0.4076657083409154
 10
400.4669831649444
 20
485.2378369179891
 10
394.8215804927895
 20
273.9774993477709
 42
-0.0553953832027982
 10
379.6938853835309
 20
164.5665342890684
 42
-0.1542758597450063
 10
298.8043556585981
 20
33.87023794819788
 42
-0.1795036793517873
  0
LWPOLYLINE
  5
61A3
330
619B
100
AcDbEntity
  8
TOILET
100
AcDbPolyline
 90
2
 70
0
 10
379.121328176072
 20
605.8786310125865
 10
401.621328176072
 20
555.8786310125856
  0
ARC
  5
61A4
330
619B
100
AcDbEntity
  8
TOILET
100
AcDbCircle
 10
374.5000078325102
 20
552.9999513561465
 30
0.0
 40
2.0
100
AcDbArc
 50
90.0
 51
180.0
  0
ARC
  5
61A5
330
619B
100
AcDbEntity
  8
TOILET
100
AcDbCircle
 10
369.5000078325102
 20
552.9999513561465
 30
0.0
 40
3.0
100
AcDbArc
 50
270.0
 51
0.0
  0
LWPOLYLINE
  5
61A6
330
619B
100
AcDbEntity
  8
TOILET
100
AcDbPolyline
 90
3
 70
0
 10
371.621328176072
 20
550.8786310125865
 10
349.121328176072
 20
600.8786310125865
 10
349.121328176072
 20
726.9999513561438
  0
LWPOLYLINE
  5
61A7
330
619B
100
AcDbEntity
  8
TOILET
100
AcDbPolyline
 90
4
 70
0
 10
12.50000783251016
 20
552.9999513561447
 42
0.4142135623730951
 10
15.50000783251016
 20
549.9999513561447
 10
399.5000078325102
 20
549.9999513561447
 42
0.4142135623730951
 10
402.5000078325101
 20
552.9999513561447
  0
LWPOLYLINE
  5
61A8
330
619B
100
AcDbEntity
  8
TOILET
100
AcDbPolyline
 90
12
 70
0
 10
352.0000078325101
 20
726.9999513561438
 10
352.0000078325101
 20
604.9999513561465
 10
377.0000078325101
 20
604.9999513561465
 42
0.4142135623730951
 10
380.0000078325102
 20
607.9999513561465
 10
380.0000078325102
 20
723.9999513561447
 42
0.4142135623730951
 10
377.0000078325101
 20
726.9999513561447
 10
38.00000783251017
 20
726.9999513561447
 42
0.4142135623730951
 10
35.00000783251016
 20
723.9999513561447
 10
35.00000783251016
 20
607.9999513561465
 42
0.4142135623730951
 10
38.00000783251017
 20
604.9999513561465
 10
63.00000783251016
 20
604.9999513561465
 10
63.00000783251744
 20
726.9999513561438
  0
LWPOLYLINE
  5
61A9
330
619B
100
AcDbEntity
  8
TOILET
100
AcDbPolyline
 90
3
 70
0
 10
12.50000783251016
 20
557.9999513561447
 42
0.4142135623730951
 10
15.50000783251016
 20
554.9999513561447
 10
40.50000783251016
 20
554.9999513561456
  0
LWPOLYLINE
  5
61AA
330
619B
100
AcDbEntity
  8
TOILET
100
AcDbPolyline
 90
2
 70
0
 10
35.87868748895562
 20
605.8786310125865
 10
13.37868748895562
 20
555.8786310125856
  0
LWPOLYLINE
  5
61AB
330
619B
100
AcDbEntity
  8
TOILET
100
AcDbPolyline
 90
12
 70
0
 10
45.50000783251016
 20
549.9999513561465
 42
-0.4142135623730951
 10
42.50000783251016
 20
552.9999513561465
 42
0.4142135623731617
 10
40.50000783251016
 20
554.9999513561456
 10
63.00000783251016
 20
604.9999513561465
 42
-0.4142135623730951
 10
65.00000783251016
 20
602.9999513561465
 42
0.4142135623730951
 10
68.00000783251016
 20
599.9999513561465
 10
347.0000078325102
 20
599.9999513561465
 42
0.4142135623730951
 10
350.0000078325101
 20
602.9999513561465
 42
-0.4142135623730951
 10
352.0000078325101
 20
604.9999513561465
 10
374.5000078325102
 20
554.9999513561456
 10
399.5000078325102
 20
554.9999513561447
 42
0.4142135623730951
 10
402.5000078325101
 20
557.9999513561447
  0
LWPOLYLINE
  5
61AC
330
619B
100
AcDbEntity
  8
TOILET
100
AcDbPolyline
 90
3
 70
0
 10
43.37868748895561
 20
550.8786310125865
 10
65.87868748895562
 20
600.8786310125865
 10
65.87868748895562
 20
726.9999513561438
  0
LWPOLYLINE
  5
61AD
330
619B
100
AcDbEntity
  8
TOILET
100
AcDbPolyline
 90
6
 70
1
 10
10.50000783251016
 20
666.4999513561447
 42
0.4142135623730951
 10
7.500007832510164
 20
663.4999513561447
 10
7.500007832510164
 20
626.4999513561447
 42
0.4142135623730951
 10
10.50000783251016
 20
623.4999513561447
 10
22.50000783251016
 20
623.4999513561447
 10
22.50000783251016
 20
666.4999513561447
  0
LWPOLYLINE
  5
61AE
330
619B
100
AcDbEntity
  8
TOILET
100
AcDbPolyline
 90
6
 70
0
 10
22.50000783251016
 20
623.4999513561447
 42
0.4142135623730951
 10
24.00000783251016
 20
621.9999513561447
 10
29.96269439967728
 20
621.9999513561447
 42
0.0671641791044573
 10
29.96269439967728
 20
667.9999513561447
 10
24.00000783251016
 20
667.9999513561447
 42
0.4142135623730951
 10
22.50000783251016
 20
666.4999513561447
  0
LWPOLYLINE
  5
61AF
330
619B
100
AcDbEntity
  8
TOILET
100
AcDbPolyline
 90
6
 70
0
 10
7.500007832510164
 20
660.9999513561447
 10
3.000007832510164
 20
660.9999513561447
 42
0.4142135623730951
 10
7.832510164e-06
 20
657.9999513561447
 10
7.832510164e-06
 20
631.9999513561447
 42
0.4142135623730951
 10
3.000007832510164
 20
628.9999513561447
 10
7.500007832510164
 20
628.9999513561447
  0
LINE
  5
61B0
330
619B
100
AcDbEntity
  8
TOILET
100
AcDbLine
 10
47.25000783251016
 20
732.9999513561447
 30
0.0
 11
47.25000783251016
 21
729.9999513561447
 31
0.0
  0
LINE
  5
61B1
330
619B
100
AcDbEntity
  8
TOILET
100
AcDbLine
 10
67.75000783251016
 20
732.9999513561447
 30
0.0
 11
67.75000783251016
 21
729.9999513561447
 31
0.0
  0
CIRCLE
  5
61B2
330
619B
100
AcDbEntity
  8
TOILET
100
AcDbCircle
 10
277.5000078325102
 20
469.9999513561447
 30
0.0
 40
10.0
  0
CIRCLE
  5
61B3
330
619B
100
AcDbEntity
  8
TOILET
100
AcDbCircle
 10
137.5000078325101
 20
469.9999513561447
 30
0.0
 40
10.0
  0
LWPOLYLINE
  5
61B4
330
619B
100
AcDbEntity
  8
TOILET
100
AcDbPolyline
 90
6
 70
1
 10
87.50000783251016
 20
749.9999513561447
 10
27.50000783251016
 20
749.9999513561447
 10
27.50000783251016
 20
743.9999513561446
 42
0.4142135623730951
 10
38.50000783251017
 20
732.9999513561447
 10
76.50000783251016
 20
732.9999513561447
 42
0.4142135623730951
 10
87.50000783251016
 20
743.9999513561446
  0
ENDBLK
  5
61B5
330
619B
100
AcDbEntity
  8
0
100
AcDbBlockEnd
  0
BLOCK
  5
61B8
330
61B6
100
AcDbEntity
  8
0
100
AcDbBlockBegin
  2
COK3
 70
0
 10
0.0
 20
0.0
 30
0.0
  3
COK3
  1

  0
3DFACE
  5
61B9
330
61B6
100
AcDbEntity
  8
FUR
100
AcDbFace
 10
8.876688537672633
 20
13.93094726295385
 30
1.42e-14
 11
15.7367294645519
 21
3.569700899221061
 31
1.42e-14
 12
49.08907812376992
 22
25.65183935802906
 32
30.00000000000002
 13
42.22903719689066
 23
36.01308572176185
 33
30.00000000000002
1001
AcDbBlockRepETag
1070
1
1071
0
1005
61B9
  0
LINE
  5
61BA
330
61B6
100
AcDbEntity
  8
FUR
100
AcDbLine
 10
15.7367294645519
 20
3.569700899221061
 30
0.0
 11
49.08907812376992
 21
25.65183935802906
 31
0.0
1001
AcDbBlockRepETag
1070
1
1071
1
1005
61BA
  0
3DFACE
  5
61BB
330
61B6
100
AcDbEntity
  8
FUR
100
AcDbFace
 10
15.7367294645519
 20
3.569700899221061
 30
1.42e-14
 11
49.08907812376992
 21
25.65183935802906
 31
30.00000000000002
 12
15.7367294645519
 22
3.569700899221061
 32
10.00000000000001
 13
15.7367294645519
 23
3.569700899221061
 33
10.00000000000001
1001
AcDbBlockRepETag
1070
1
1071
2
1005
61BB
  0
3DFACE
  5
61BC
330
61B6
100
AcDbEntity
  8
FUR
100
AcDbFace
 10
49.08907812376992
 20
25.65183935802906
 30
30.00000000000002
 11
42.22903719689066
 21
36.01308572176185
 31
30.00000000000002
 12
8.876688537672633
 22
13.93094726295385
 32
10.00000000000001
 13
15.7367294645519
 23
3.569700899221061
 33
10.00000000000001
1001
AcDbBlockRepETag
1070
1
1071
3
1005
61BC
  0
3DFACE
  5
61BD
330
61B6
100
AcDbEntity
  8
FUR
100
AcDbFace
 10
42.22903719689066
 20
36.01308572176185
 30
30.00000000000002
 11
8.876688537672633
 21
13.93094726295385
 31
1.42e-14
 12
8.876688537672633
 22
13.93094726295385
 32
10.00000000000001
 13
42.22903719689066
 23
36.01308572176185
 33
30.00000000000002
1001
AcDbBlockRepETag
1070
1
1071
4
1005
61BD
  0
3DFACE
  5
61BE
330
61B6
100
AcDbEntity
  8
FUR
100
AcDbFace
 10
4.966542820883205
 20
-26.09239652537599
 30
-69.99999999999999
 11
2.899756994092058
 21
-15.46762905161176
 31
1.42e-14
 12
-9.277532029861504
 22
-12.99190294488471
 32
1.42e-14
 13
-15.32893888570652
 23
-21.96618634749757
 33
-69.99999999999999
1001
AcDbBlockRepETag
1070
1
1071
5
1005
61BE
  0
3DFACE
  5
61BF
330
61B6
100
AcDbEntity
  8
FUR
100
AcDbFace
 10
-15.32893888570652
 20
-21.96618634749757
 30
-69.99999999999999
 11
-26.76234043050499
 21
-4.697442407942617
 31
-69.99999999999999
 12
-16.13757295674077
 22
-2.630656581151924
 32
1.42e-14
 13
-9.277532029861504
 23
-12.99190294488471
 33
1.42e-14
1001
AcDbBlockRepETag
1070
1
1071
6
1005
61BF
  0
3DFACE
  5
61C0
330
61B6
100
AcDbEntity
  8
FUR
100
AcDbFace
 10
-26.76234043050499
 20
-4.697442407942617
 30
-69.99999999999999
 11
-16.13757295674077
 21
-2.630656581151924
 31
1.42e-14
 12
-13.66184685001371
 22
9.546632442801638
 32
1.42e-14
 13
-22.63613025262657
 23
15.59803929864665
 33
-69.99999999999999
1001
AcDbBlockRepETag
1070
1
1071
7
1005
61C0
  0
3DFACE
  5
61C1
330
61B6
100
AcDbEntity
  8
FUR
100
AcDbFace
 10
22.2352867604377
 20
-14.65899498057751
 30
-69.99999999999999
 11
13.26100335782484
 21
-8.607588124732501
 31
1.42e-14
 12
2.899756994092058
 22
-15.46762905161176
 32
1.42e-14
 13
4.966542820883205
 23
-26.09239652537599
 33
-69.99999999999999
1001
AcDbBlockRepETag
1070
1
1071
8
1005
61C1
  0
3DFACE
  5
61C2
330
61B6
100
AcDbEntity
  8
FUR
100
AcDbFace
 10
-22.63613025262657
 20
15.59803929864665
 30
-69.99999999999999
 11
-13.66184685001371
 21
9.546632442801638
 31
1.42e-14
 12
-3.300600486280927
 22
16.4066733696809
 32
1.42e-14
 13
-5.367386313072074
 23
27.03144084344513
 33
-69.99999999999999
1001
AcDbBlockRepETag
1070
1
1071
9
1005
61C2
  0
3DFACE
  5
61C3
330
61B6
100
AcDbEntity
  8
FUR
100
AcDbFace
 10
22.2352867604377
 20
-14.65899498057751
 30
-69.99999999999999
 11
26.36149693831612
 21
5.636486726011753
 31
-69.99999999999999
 12
15.7367294645519
 22
3.569700899221061
 32
1.42e-14
 13
13.26100335782484
 23
-8.607588124732501
 33
1.42e-14
1001
AcDbBlockRepETag
1070
1
1071
10
1005
61C3
  0
3DFACE
  5
61C4
330
61B6
100
AcDbEntity
  8
FUR
100
AcDbFace
 10
26.36149693831612
 20
5.636486726011753
 30
-69.99999999999999
 11
15.7367294645519
 21
3.569700899221061
 31
1.42e-14
 12
8.876688537672633
 22
13.93094726295385
 32
1.42e-14
 13
14.92809539351765
 23
22.90523066556671
 33
-69.99999999999999
1001
AcDbBlockRepETag
1070
1
1071
11
1005
61C4
  0
3DFACE
  5
61C5
330
61B6
100
AcDbEntity
  8
FUR
100
AcDbFace
 10
14.92809539351765
 20
22.90523066556671
 30
-69.99999999999999
 11
-5.367386313072074
 21
27.03144084344513
 31
-69.99999999999999
 12
-3.300600486280927
 22
16.4066733696809
 32
1.42e-14
 13
8.876688537672633
 23
13.93094726295385
 33
1.42e-14
1001
AcDbBlockRepETag
1070
1
1071
12
1005
61C5
  0
3DFACE
  5
61C6
330
61B6
100
AcDbEntity
  8
FUR
100
AcDbFace
 10
34.69958410312074
 20
11.15702134071398
 30
-49.99999999999999
 11
26.36149693831612
 21
5.636486726011753
 31
-69.99999999999999
 12
15.7367294645519
 22
3.569700899221061
 32
1.42e-14
 13
34.69958410312074
 23
11.15702134071398
 33
-29.99999999999999
1001
AcDbBlockRepETag
1070
1
1071
13
1005
61C6
  0
3DFACE
  5
61C7
330
61B6
100
AcDbEntity
  8
FUR
100
AcDbFace
 10
14.92809539351765
 20
22.90523066556671
 30
-69.99999999999999
 11
23.26618255832227
 21
28.42576528026894
 31
-49.99999999999999
 12
23.26618255832227
 22
28.42576528026894
 32
-29.99999999999999
 13
8.876688537672633
 23
13.93094726295385
 33
1.42e-14
1001
AcDbBlockRepETag
1070
1
1071
14
1005
61C7
  0
3DFACE
  5
61C8
330
61B6
100
AcDbEntity
  8
FUR
100
AcDbFace
 10
115.2221053649659
 20
70.6795534726225
 30
20.00000000000001
 11
115.2221053649659
 21
70.6795534726225
 31
1.42e-14
 12
34.69958410312074
 22
11.15702134071398
 32
-49.99999999999999
 13
34.69958410312074
 23
11.15702134071398
 33
-29.99999999999999
1001
AcDbBlockRepETag
1070
1
1071
15
1005
61C8
  0
3DFACE
  5
61C9
330
61B6
100
AcDbEntity
  8
FUR
100
AcDbFace
 10
34.69958410312074
 20
11.15702134071398
 30
-49.99999999999999
 11
23.26618255832227
 21
28.42576528026894
 31
-49.99999999999999
 12
109.5054045925667
 22
79.31392544239952
 32
1.42e-14
 13
115.2221053649659
 23
70.6795534726225
 33
1.42e-14
1001
AcDbBlockRepETag
1070
1
1071
16
1005
61C9
  0
3DFACE
  5
61CA
330
61B6
100
AcDbEntity
  8
FUR
100
AcDbFace
 10
109.5054045925667
 20
79.31392544239952
 30
1.42e-14
 11
109.5054045925667
 21
79.31392544239952
 31
20.00000000000001
 12
23.26618255832227
 22
28.42576528026894
 32
-29.99999999999999
 13
23.26618255832227
 23
28.42576528026894
 33
-49.99999999999999
1001
AcDbBlockRepETag
1070
1
1071
17
1005
61CA
  0
LWPOLYLINE
  5
61CB
330
61B6
100
AcDbEntity
  8
FUR
100
AcDbPolyline
 90
8
 70
1
 39
10.0
 10
-15.32893888570652
 20
-21.96618634749757
 10
4.966542820883205
 20
-26.09239652537599
 10
22.2352867604377
 20
-14.65899498057751
 10
26.36149693831612
 20
5.636486726011753
 10
14.92809539351765
 20
22.90523066556671
 10
-5.367386313072074
 20
27.03144084344513
 10
-22.63613025262657
 20
15.59803929864665
 10
-26.76234043050499
 20
-4.697442407942617
1001
AcDbBlockRepETag
1070
1
1071
18
1005
61CB
  0
3DFACE
  5
61CC
330
61B6
100
AcDbEntity
  8
FUR
100
AcDbFace
 10
14.92809539351765
 20
22.90523066556671
 30
-69.99999999999999
 11
23.26618255832227
 21
28.42576528026894
 31
-49.99999999999999
 12
34.69958410312074
 22
11.15702134071398
 32
-49.99999999999999
 13
26.36149693831612
 23
5.636486726011753
 33
-69.99999999999999
1001
AcDbBlockRepETag
1070
1
1071
19
1005
61CC
  0
3DFACE
  5
61CD
330
61B6
100
AcDbEntity
  8
FUR
100
AcDbFace
 10
23.26618255832227
 20
28.42576528026894
 30
-29.99999999999999
 11
8.876688537672633
 21
13.93094726295385
 31
1.42e-14
 12
15.7367294645519
 22
3.569700899221061
 32
1.42e-14
 13
34.69958410312074
 23
11.15702134071398
 33
-29.99999999999999
1001
AcDbBlockRepETag
1070
1
1071
20
1005
61CD
  0
3DFACE
  5
61CE
330
61B6
100
AcDbEntity
  8
FUR
100
AcDbFace
 10
109.5054045925667
 20
79.31392544239952
 30
20.00000000000001
 11
23.26618255832227
 21
28.42576528026894
 31
-29.99999999999999
 12
34.69958410312074
 22
11.15702134071398
 32
-29.99999999999999
 13
115.2221053649659
 23
70.6795534726225
 33
20.00000000000001
1001
AcDbBlockRepETag
1070
1
1071
21
1005
61CE
  0
LWPOLYLINE
  5
61CF
330
61B6
100
AcDbEntity
  8
FUR
100
AcDbPolyline
 90
8
 70
1
 39
-10.0
 10
-9.277532029861504
 20
-12.99190294488471
 10
2.899756994092058
 20
-15.46762905161176
 10
13.26100335782484
 20
-8.607588124732501
 10
15.7367294645519
 20
3.569700899221061
 10
8.876688537672633
 20
13.93094726295385
 10
-3.300600486280927
 20
16.4066733696809
 10
-13.66184685001371
 20
9.546632442801638
 10
-16.13757295674077
 20
-2.630656581151924
1001
AcDbBlockRepETag
1070
1
1071
22
1005
61CF
  0
LWPOLYLINE
  5
61D0
330
61B6
100
AcDbEntity
  8
FUR
100
AcDbPolyline
 90
8
 70
1
 10
-9.277532029861504
 20
-12.99190294488471
 10
2.899756994092058
 20
-15.46762905161176
 10
13.26100335782484
 20
-8.607588124732501
 10
15.7367294645519
 20
3.569700899221061
 10
8.876688537672633
 20
13.93094726295385
 10
-3.300600486280927
 20
16.4066733696809
 10
-13.66184685001371
 20
9.546632442801638
 10
-16.13757295674077
 20
-2.630656581151924
1001
AcDbBlockRepETag
1070
1
1071
23
1005
61D0
  0
3DFACE
  5
61D1
330
61B6
100
AcDbEntity
  8
FUR
100
AcDbFace
 10
15.7367294645519
 20
3.569700899221061
 30
10.00000000000001
 11
13.26100335782484
 21
-8.607588124732501
 31
10.00000000000001
 12
2.899756994092058
 22
-15.46762905161176
 32
10.00000000000001
 13
-9.277532029861504
 23
-12.99190294488471
 33
10.00000000000001
 70
8
1001
AcDbBlockRepETag
1070
1
1071
24
1005
61D1
  0
3DFACE
  5
61D2
330
61B6
100
AcDbEntity
  8
FUR
100
AcDbFace
 10
-9.277532029861504
 20
-12.99190294488471
 30
10.00000000000001
 11
-16.13757295674077
 21
-2.630656581151924
 31
10.00000000000001
 12
8.876688537672633
 22
13.93094726295385
 32
10.00000000000001
 13
15.7367294645519
 23
3.569700899221061
 33
10.00000000000001
 70
10
1001
AcDbBlockRepETag
1070
1
1071
25
1005
61D2
  0
3DFACE
  5
61D3
330
61B6
100
AcDbEntity
  8
FUR
100
AcDbFace
 10
-16.13757295674077
 20
-2.630656581151924
 30
10.00000000000001
 11
-13.66184685001371
 21
9.546632442801638
 31
10.00000000000001
 12
-3.300600486280927
 22
16.4066733696809
 32
10.00000000000001
 13
8.876688537672633
 23
13.93094726295385
 33
10.00000000000001
 70
8
1001
AcDbBlockRepETag
1070
1
1071
26
1005
61D3
  0
3DFACE
  5
61D4
330
61B6
100
AcDbEntity
  8
FUR
100
AcDbFace
 10
113.8222737789879
 20
80.10253019057107
 30
40.00000000000001
 11
109.5054045925667
 21
79.31392544239952
 31
20.00000000000001
 12
115.2221053649659
 22
70.6795534726225
 32
20.00000000000001
 13
117.6212366988452
 23
74.352021160591
 33
40.00000000000001
1001
AcDbBlockRepETag
1070
1
1071
27
1005
61D4
  0
3DFACE
  5
61D5
330
61B6
100
AcDbEntity
  8
FUR
100
AcDbFace
 10
116.9028792237136
 20
86.26778310219288
 30
40.00000000000001
 11
114.3702372771413
 21
90.10145578884566
 31
-9.999999999999986
 12
109.2358948692654
 22
79.82603426947571
 32
-9.999999999999986
 13
109.5054045925667
 23
79.31392544239952
 33
1.42e-14
 70
8
1001
AcDbBlockRepETag
1070
1
1071
28
1005
61D5
  0
3DFACE
  5
61D6
330
61B6
100
AcDbEntity
  8
FUR
100
AcDbFace
 10
109.5054045925667
 20
79.31392544239952
 30
1.42e-14
 11
109.5054045925667
 21
79.31392544239952
 31
20.00000000000001
 12
113.8222737789879
 22
80.10253019057107
 32
40.00000000000001
 13
116.9028792237136
 23
86.26778310219288
 33
40.00000000000001
 70
8
1001
AcDbBlockRepETag
1070
1
1071
29
1005
61D6
  0
3DFACE
  5
61D7
330
61B6
100
AcDbEntity
  8
FUR
100
AcDbFace
 10
114.3702372771413
 20
90.10145578884566
 30
-9.999999999999986
 11
116.9028792237136
 21
86.26778310219288
 31
40.00000000000001
 12
123.7824475882967
 22
86.68252698383458
 32
40.00000000000001
 13
125.8361845514468
 23
90.79269559158276
 33
-9.999999999999986
1001
AcDbBlockRepETag
1070
1
1071
30
1005
61D7
  0
3DFACE
  5
61D8
330
61B6
100
AcDbEntity
  8
FUR
100
AcDbFace
 10
125.8361845514468
 20
90.79269559158276
 30
-9.999999999999986
 11
132.167789417876
 21
81.20851387494984
 31
-9.999999999999986
 12
127.5814105081535
 22
80.93201795385448
 32
40.00000000000001
 13
123.7824475882967
 23
86.68252698383458
 33
40.00000000000001
1001
AcDbBlockRepETag
1070
1
1071
31
1005
61D8
  0
3DFACE
  5
61D9
330
61B6
100
AcDbEntity
  8
FUR
100
AcDbFace
 10
127.0334470100001
 20
70.9330923555799
 30
-9.999999999999986
 11
124.5008050634283
 21
74.76676504223269
 31
40.00000000000001
 12
127.5814105081535
 22
80.93201795385448
 32
40.00000000000001
 13
132.167789417876
 23
81.20851387494984
 33
-9.999999999999986
1001
AcDbBlockRepETag
1070
1
1071
32
1005
61D9
  0
3DFACE
  5
61DA
330
61B6
100
AcDbEntity
  8
FUR
100
AcDbFace
 10
117.6212366988452
 20
74.352021160591
 30
40.00000000000001
 11
124.5008050634283
 21
74.76676504223269
 31
40.00000000000001
 12
127.0334470100001
 22
70.9330923555799
 32
-9.999999999999986
 13
115.567499735695
 23
70.24185255284283
 33
-9.999999999999986
 70
8
1001
AcDbBlockRepETag
1070
1
1071
33
1005
61DA
  0
3DFACE
  5
61DB
330
61B6
100
AcDbEntity
  8
FUR
100
AcDbFace
 10
115.567499735695
 20
70.24185255284283
 30
-9.999999999999986
 11
115.2221053649659
 21
70.6795534726225
 31
1.42e-14
 12
115.2221053649659
 22
70.6795534726225
 32
20.00000000000001
 13
117.6212366988452
 23
74.352021160591
 33
40.00000000000001
 70
8
1001
AcDbBlockRepETag
1070
1
1071
34
1005
61DB
  0
3DFACE
  5
61DC
330
61B6
100
AcDbEntity
  8
FUR
100
AcDbFace
 10
109.5054045925667
 20
79.31392544239952
 30
1.42e-14
 11
109.2358948692654
 21
79.82603426947571
 31
-9.999999999999986
 12
115.567499735695
 22
70.24185255284283
 32
-9.999999999999986
 13
115.2221053649659
 23
70.6795534726225
 33
1.42e-14
1001
AcDbBlockRepETag
1070
1
1071
35
1005
61DC
  0
3DFACE
  5
61DD
330
61B6
100
AcDbEntity
  8
FUR
100
AcDbFace
 10
116.9028792237136
 20
86.26778310219288
 30
40.00000000000001
 11
123.7824475882967
 21
86.68252698383458
 31
40.00000000000001
 12
127.5814105081535
 22
80.93201795385448
 32
40.00000000000001
 13
124.5008050634283
 23
74.76676504223269
 33
40.00000000000001
 70
8
1001
AcDbBlockRepETag
1070
1
1071
36
1005
61DD
  0
3DFACE
  5
61DE
330
61B6
100
AcDbEntity
  8
FUR
100
AcDbFace
 10
124.5008050634283
 20
74.76676504223269
 30
40.00000000000001
 11
117.6212366988452
 21
74.352021160591
 31
40.00000000000001
 12
113.8222737789879
 22
80.10253019057107
 32
40.00000000000001
 13
116.9028792237136
 23
86.26778310219288
 33
40.00000000000001
 70
8
1001
AcDbBlockRepETag
1070
1
1071
37
1005
61DE
  0
ENDBLK
  5
61DF
330
61B6
100
AcDbEntity
  8
0
100
AcDbBlockEnd
  0
BLOCK
  5
61E3
330
61E0
100
AcDbEntity
  8
0
100
AcDbBlockBegin
  2
A$C50B84BD0
 70
0
 10
0.0
 20
0.0
 30
0.0
  3
A$C50B84BD0
  1

  0
LWPOLYLINE
  5
61E4
330
61E0
100
AcDbEntity
  8
HID
100
AcDbPolyline
 90
4
 70
1
 10
889.9999533197405
 20
129.9999635233471
 10
889.9999533197405
 20
789.9999635233471
 10
-4.66802594019e-05
 20
789.9999635233471
 10
-4.66802594019e-05
 20
129.9999635233471
  0
LWPOLYLINE
  5
61E5
330
61E0
100
AcDbEntity
  8
HID
100
AcDbPolyline
 90
4
 70
1
 10
389.9999533197406
 20
49.99996352334711
 10
389.9999533197406
 20
119.9999635233471
 10
-4.66802594019e-05
 20
119.9999635233471
 10
-4.66802594019e-05
 20
49.99996352334711
  0
LWPOLYLINE
  5
61E6
330
61E0
100
AcDbEntity
  8
HID
100
AcDbPolyline
 90
4
 70
1
 10
889.9999533197405
 20
49.99996352334711
 10
889.9999533197405
 20
119.9999635233471
 10
399.9999533197406
 20
119.9999635233471
 10
399.9999533197406
 20
49.99996352334711
  0
LWPOLYLINE
  5
61E7
330
61E0
100
AcDbEntity
  8
HID
100
AcDbPolyline
 90
2
 70
0
 10
19.9999533197406
 20
129.9999635233471
 10
19.9999533197406
 20
119.9999635233471
  0
LWPOLYLINE
  5
61E8
330
61E0
100
AcDbEntity
  8
HID
100
AcDbPolyline
 90
2
 70
0
 10
369.9999533197406
 20
119.9999635233471
 10
369.9999533197406
 20
129.9999635233471
  0
LWPOLYLINE
  5
61E9
330
61E0
100
AcDbEntity
  8
HID
100
AcDbPolyline
 90
2
 70
0
 10
419.9999533197406
 20
119.9999635233471
 10
419.9999533197406
 20
129.9999635233471
  0
LWPOLYLINE
  5
61EA
330
61E0
100
AcDbEntity
  8
HID
100
AcDbPolyline
 90
2
 70
0
 10
869.9999533197406
 20
119.9999635233471
 10
869.9999533197406
 20
129.9999635233471
  0
LWPOLYLINE
  5
61EB
330
61E0
100
AcDbEntity
  8
HID
100
AcDbPolyline
 90
6
 70
0
 10
379.9999533197406
 20
49.99996352334711
 10
379.9999533197406
 20
9.999963523347105
 42
-0.4142135623730951
 10
369.9999533197406
 20
-3.64766528946e-05
 10
349.9999533197406
 20
-3.64766528946e-05
 42
-0.4142135623730951
 10
339.9999533197406
 20
9.999963523347105
 10
339.9999533197406
 20
49.99996352334711
  0
LWPOLYLINE
  5
61EC
330
61E0
100
AcDbEntity
  8
HID
100
AcDbPolyline
 90
6
 70
0
 10
409.9999533197405
 20
49.99996352334711
 10
409.9999533197405
 20
9.999963523347105
 42
0.414213562373095
 10
419.9999533197406
 20
-3.64766528946e-05
 10
439.9999533197406
 20
-3.64766528946e-05
 42
0.4142135623730951
 10
449.9999533197406
 20
9.999963523347105
 10
449.9999533197406
 20
49.99996352334711
  0
LWPOLYLINE
  5
61ED
330
61E0
100
AcDbEntity
  8
HID
100
AcDbPolyline
 90
6
 70
0
 10
844.9999533197406
 20
789.9999635233471
 10
808.6956527295406
 20
819.0434039955
 42
0.1703036214138019
 10
777.4609003518271
 20
829.999963523347
 10
112.5390062876467
 20
829.999963523347
 42
0.170303621413833
 10
81.30425390992605
 20
819.0434039955
 10
44.99995331974059
 20
789.9999635233471
  0
INSERT
  5
61EE
330
61E0
100
AcDbEntity
  8
HID
100
AcDbBlockReference
  2
*B11
 10
-4.66802594019e-05
 20
129.9999635233471
 30
0.0
1001
XP_RFXOPEN
1071
0
1010
-4.66802594019e-05
1020
129.9999635233471
1030
0.0
1013
890.0
1023
660.0
1033
0.0
1013
1e-16
1023
1.0
1033
0.0
  0
ENDBLK
  5
61EF
330
61E0
100
AcDbEntity
  8
0
100
AcDbBlockEnd
  0
BLOCK
  5
61F3
330
61F0
100
AcDbEntity
  8
0
100
AcDbBlockBegin
  2
A$C4B5353AF
 70
0
 10
0.0
 20
0.0
 30
0.0
  3
A$C4B5353AF
  1

  0
INSERT
  5
61F4
330
61F0
100
AcDbEntity
  8
FUR
100
AcDbBlockReference
  2
COK3
 10
439.5272721365181
 20
499.8073662012302
 30
0.0
 50
269.0506758369222
1001
AcDbBlockRepETag
1070
1
1071
126
1005
0
  0
LWPOLYLINE
  5
61F5
330
61F0
100
AcDbEntity
  8
FUR
100
AcDbPolyline
 90
8
 70
1
 10
810.0000504513372
 20
529.9999813594586
 42
-0.4142135623730951
 10
880.0000504513155
 20
459.9999813594658
 10
880.0000504513301
 20
69.99998135946225
 42
-0.4142135623730959
 10
810.00005045133
 20
-1.86405377463e-05
 10
70.00005045130818
 20
-1.86405522982e-05
 42
-0.4142135623730951
 10
5.04513227497e-05
 20
69.9999813594568
 10
5.04513154738e-05
 20
459.9999813594441
 42
-0.4142135623730951
 10
70.00005045131547
 20
529.9999813594604
1001
AcDbBlockRepETag
1070
1
1071
127
1005
0
  0
CIRCLE
  5
61F6
330
61F0
100
AcDbEntity
  8
FUR
100
AcDbCircle
 10
440.0000504513299
 20
299.9999813594595
 30
0.0
 40
78.5
1001
AcDbBlockRepETag
1070
1
1071
128
1005
0
  0
CIRCLE
  5
61F7
330
61F0
100
AcDbEntity
  8
FUR
100
AcDbCircle
 10
440.0000504513299
 20
299.9999813594595
 30
0.0
 40
68.5
1001
AcDbBlockRepETag
1070
1
1071
129
1005
0
  0
LWPOLYLINE
  5
61F8
330
61F0
100
AcDbEntity
  8
FUR
100
AcDbPolyline
 90
8
 70
1
 10
130.00005045133
 20
29.99998135945862
 42
-0.4142135623730951
 10
30.0000504513082
 20
129.9999813594495
 10
30.0000504513082
 20
359.9999813594459
 42
-0.4142135623730951
 10
130.0000504513155
 20
459.9999813594531
 10
750.0000504513154
 20
459.9999813594585
 42
-0.4142135623730934
 10
850.0000504513081
 20
359.9999813594623
 10
850.0000504513081
 20
129.9999813594659
 42
-0.4142135623730951
 10
750.00005045133
 20
29.99998135946407
1001
AcDbBlockRepETag
1070
1
1071
130
1005
0
  0
LWPOLYLINE
  5
61F9
330
61F0
100
AcDbEntity
  8
FUR
100
AcDbPolyline
 90
16
 70
1
 10
810.0000504513372
 20
9.999981359465892
 10
70.00005045132275
 20
9.99998135945134
 42
-0.4142135623730951
 10
10.0000504513373
 20
69.99998135945862
 10
10.00005045133002
 20
459.9999813594477
 42
-0.4142135623730951
 10
70.00005045130092
 20
519.9999813594549
 10
285.0000504513009
 20
519.999981359453
 42
-0.3027756377319953
 10
312.6923581436422
 20
501.5384428979123
 10
318.1410760923463
 20
488.4615198209957
 42
0.3027756377319938
 10
345.8333837846658
 20
469.999981359464
 10
534.1667171179942
 20
469.9999813594677
 42
0.3027756377319953
 10
561.8590248102846
 20
488.4615198209957
 10
567.3077427590105
 20
501.5384428979104
 42
-0.3027756377319953
 10
595.0000504513009
 20
519.999981359453
 10
810.0000504513154
 20
519.9999813594713
 42
-0.4142135623730928
 10
870.000050451301
 20
459.9999813594622
 10
870.0000504513154
 20
69.99998135945862
 42
-0.4142135623730906
1001
AcDbBlockRepETag
1070
1
1071
131
1005
0
  0
ENDBLK
  5
61FA
330
61F0
100
AcDbEntity
  8
0
100
AcDbBlockEnd
  0
BLOCK
  5
61FE
330
61FB
100
AcDbEntity
  8
0
100
AcDbBlockBegin
  2
A$C4DDB60C8
 70
0
 10
0.0
 20
0.0
 30
0.0
  3
A$C4DDB60C8
  1

  0
LWPOLYLINE
  5
61FF
330
61FB
100
AcDbEntity
  8
FUR
100
AcDbPolyline
 90
8
 70
1
 10
4.999946455514873
 20
3.30256880261e-05
 10
574.9999464555148
 20
3.30256880261e-05
 42
0.4142135623730951
 10
579.9999464555148
 20
5.000033025688026
 10
579.9999464555148
 20
505.000033025688
 42
0.4142135623730951
 10
574.9999464555148
 20
510.000033025688
 10
4.999946455514873
 20
510.0000330256875
 42
0.4142135623730951
 10
-5.35444851266e-05
 20
505.0000330256875
 10
-5.35444851266e-05
 20
5.000033025688026
 42
0.4142135623730956
  0
LWPOLYLINE
  5
6200
330
61FB
100
AcDbEntity
  8
FUR
100
AcDbPolyline
 90
10
 70
1
 10
541.5948589636973
 20
50.00003302568803
 10
559.9999464555148
 20
50.00003302568803
 42
0.4142135623730956
 10
569.9999464555149
 20
60.00003302568803
 10
569.9999464555149
 20
490.0000330256879
 42
0.4142135623730951
 10
559.9999464555148
 20
500.000033025688
 10
19.99994645551487
 20
500.000033025688
 42
0.4142135623730951
 10
9.999946455514873
 20
490.0000330256879
 10
9.999946455514873
 20
60.00003302568803
 42
0.4142135623730946
 10
19.99994645551487
 20
50.00003302568803
 10
38.40503394733242
 20
50.00003302568803
 42
-0.0794928633517162
  0
LWPOLYLINE
  5
6201
330
61FB
100
AcDbEntity
  8
FUR
100
AcDbPolyline
 90
10
 70
1
 10
542.0713649067184
 20
56.00003302568802
 10
559.9999464555148
 20
56.00003302568802
 42
0.4142135623730951
 10
563.9999464555148
 20
60.00003302568803
 10
563.9999464555148
 20
490.0000330256879
 42
0.4142135623730951
 10
559.9999464555148
 20
494.000033025688
 10
19.99994645551487
 20
494.000033025688
 42
0.4142135623730951
 10
15.99994645551487
 20
490.0000330256879
 10
15.99994645551487
 20
60.00003302568803
 42
0.4142135623730951
 10
19.99994645551487
 20
56.00003302568802
 10
37.92852800431138
 20
56.00003302568802
 42
-0.0793425931542966
  0
LWPOLYLINE
  5
6202
330
61FB
100
AcDbEntity
  8
FUR
100
AcDbPolyline
 90
4
 70
0
 10
564.9999464555003
 20
5.00003302568939
 10
539.9999464555003
 20
30.00003302568939
 42
0.0799999999999967
 10
39.99994645552215
 20
30.00003302568939
 10
14.99994645552215
 20
5.00003302568939
  0
LWPOLYLINE
  5
6203
330
61FB
100
AcDbEntity
  8
FUR
100
AcDbPolyline
 90
3
 70
0
 10
292.9999464555148
 20
494.000033025688
 10
292.9999464555148
 20
316.000033025688
 10
563.9999464555148
 20
316.0000330256876
  0
LWPOLYLINE
  5
6204
330
61FB
100
AcDbEntity
  8
FUR
100
AcDbPolyline
 90
3
 70
0
 10
15.99994645551487
 20
310.0000330256876
 10
286.9999464555149
 20
310.0000330256876
 10
286.9999464555149
 20
75.99721788401621
  0
LWPOLYLINE
  5
6205
330
61FB
100
AcDbEntity
  8
FUR
100
AcDbPolyline
 90
3
 70
0
 10
292.9999464555148
 20
75.99721788401621
 10
292.9999464555148
 20
310.0000330256876
 10
563.9999464555148
 20
310.0000330256876
  0
LWPOLYLINE
  5
6206
330
61FB
100
AcDbEntity
  8
FUR
100
AcDbPolyline
 90
3
 70
0
 10
15.99994645551487
 20
316.0000330256876
 10
286.9999464555149
 20
316.000033025688
 10
286.9999464555149
 20
494.000033025688
  0
LWPOLYLINE
  5
6207
330
61FB
100
AcDbEntity
  8
FUR
100
AcDbPolyline
 90
4
 70
0
 10
15.99994645551487
 20
196.0000330256871
 10
134.4999464555149
 20
196.0000330256871
 42
0.4142135623730951
 10
148.4999464555149
 20
210.0000330256871
 10
148.4999464555149
 20
310.0000330256876
  0
LWPOLYLINE
  5
6208
330
61FB
100
AcDbEntity
  8
FUR
100
AcDbPolyline
 90
4
 70
0
 10
148.4999464555149
 20
69.72489151772879
 10
148.4999464555149
 20
176.0000330256871
 42
-0.4142135623730951
 10
168.4999464555148
 20
196.0000330256871
 10
286.9999464555149
 20
196.0000330256871
  0
LWPOLYLINE
  5
6209
330
61FB
100
AcDbEntity
  8
FUR
100
AcDbPolyline
 90
4
 70
0
 10
431.4999464555149
 20
310.0000330256876
 10
431.4999464555149
 20
210.0000330256871
 42
0.414213562373093
 10
445.4999464555148
 20
196.0000330256876
 10
563.9999464555148
 20
196.0000330256871
  0
ARC
  5
620A
330
61FB
100
AcDbEntity
  8
FUR
100
AcDbCircle
 10
151.4999464555149
 20
405.000033025688
 30
0.0
 40
37.5
100
AcDbArc
 50
94.5885657358868
 51
175.4114342642576
  0
ARC
  5
620B
330
61FB
100
AcDbEntity
  8
FUR
100
AcDbCircle
 10
151.4999464555149
 20
405.000033025688
 30
0.0
 40
37.5
100
AcDbArc
 50
184.5885657357424
 51
265.4114342641132
  0
ARC
  5
620C
330
61FB
100
AcDbEntity
  8
FUR
100
AcDbCircle
 10
151.4999464555149
 20
405.000033025688
 30
0.0
 40
37.5
100
AcDbArc
 50
274.5885657358869
 51
355.4114342642577
  0
ARC
  5
620D
330
61FB
100
AcDbEntity
  8
FUR
100
AcDbCircle
 10
151.4999464555149
 20
405.000033025688
 30
0.0
 40
37.5
100
AcDbArc
 50
4.588565735742376
 51
85.41143426411315
  0
ARC
  5
620E
330
61FB
100
AcDbEntity
  8
FUR
100
AcDbCircle
 10
151.4999464555149
 20
405.000033025688
 30
0.0
 40
42.5
100
AcDbArc
 50
94.04777419670548
 51
175.9522258031887
  0
ARC
  5
620F
330
61FB
100
AcDbEntity
  8
FUR
100
AcDbCircle
 10
151.4999464555149
 20
405.000033025688
 30
0.0
 40
42.5
100
AcDbArc
 50
184.0477741968113
 51
265.9522258032946
  0
ARC
  5
6210
330
61FB
100
AcDbEntity
  8
FUR
100
AcDbCircle
 10
151.4999464555149
 20
405.000033025688
 30
0.0
 40
42.5
100
AcDbArc
 50
274.0477741967055
 51
355.9522258031888
  0
ARC
  5
6211
330
61FB
100
AcDbEntity
  8
FUR
100
AcDbCircle
 10
151.4999464555149
 20
405.000033025688
 30
0.0
 40
42.5
100
AcDbArc
 50
4.047774196811277
 51
85.95222580329452
  0
ARC
  5
6212
330
61FB
100
AcDbEntity
  8
FUR
100
AcDbCircle
 10
428.4999464555149
 20
405.000033025688
 30
0.0
 40
37.5
100
AcDbArc
 50
4.588565735742376
 51
85.41143426411315
  0
ARC
  5
6213
330
61FB
100
AcDbEntity
  8
FUR
100
AcDbCircle
 10
428.4999464555149
 20
405.000033025688
 30
0.0
 40
37.5
100
AcDbArc
 50
94.5885657358868
 51
175.4114342642576
  0
ARC
  5
6214
330
61FB
100
AcDbEntity
  8
FUR
100
AcDbCircle
 10
428.4999464555149
 20
405.000033025688
 30
0.0
 40
37.5
100
AcDbArc
 50
184.5885657357424
 51
265.4114342641132
  0
ARC
  5
6215
330
61FB
100
AcDbEntity
  8
FUR
100
AcDbCircle
 10
428.4999464555149
 20
405.000033025688
 30
0.0
 40
37.5
100
AcDbArc
 50
274.5885657358869
 51
355.4114342642577
  0
ARC
  5
6216
330
61FB
100
AcDbEntity
  8
FUR
100
AcDbCircle
 10
428.4999464555149
 20
405.000033025688
 30
0.0
 40
42.5
100
AcDbArc
 50
4.047774196811277
 51
85.95222580329452
  0
ARC
  5
6217
330
61FB
100
AcDbEntity
  8
FUR
100
AcDbCircle
 10
428.4999464555149
 20
405.000033025688
 30
0.0
 40
42.5
100
AcDbArc
 50
94.04777419670548
 51
175.9522258031887
  0
ARC
  5
6218
330
61FB
100
AcDbEntity
  8
FUR
100
AcDbCircle
 10
428.4999464555149
 20
405.000033025688
 30
0.0
 40
42.5
100
AcDbArc
 50
184.0477741968113
 51
265.9522258032946
  0
ARC
  5
6219
330
61FB
100
AcDbEntity
  8
FUR
100
AcDbCircle
 10
428.4999464555149
 20
405.000033025688
 30
0.0
 40
42.5
100
AcDbArc
 50
274.0477741967055
 51
355.9522258031888
  0
LWPOLYLINE
  5
621A
330
61FB
100
AcDbEntity
  8
FUR
100
AcDbPolyline
 90
4
 70
0
 10
431.4999464555149
 20
494.000033025688
 10
431.4999464555149
 20
422.000033025688
 42
-0.4142135623730951
 10
411.4999464555149
 20
402.000033025688
 10
292.9999464555148
 20
402.000033025688
  0
LWPOLYLINE
  5
621B
330
61FB
100
AcDbEntity
  8
FUR
100
AcDbPolyline
 90
4
 70
0
 10
292.9999464555148
 20
196.0000330256871
 10
411.4999464555149
 20
196.0000330256871
 42
-0.4142135623730948
 10
431.4999464555149
 20
176.0000330256871
 10
431.4999464555149
 20
69.72489151772925
  0
ARC
  5
621C
330
61FB
100
AcDbEntity
  8
FUR
100
AcDbCircle
 10
151.4999464555149
 20
193.0000330256875
 30
0.0
 40
63.0
100
AcDbArc
 50
2.729402636787864
 51
87.27059736326046
  0
ARC
  5
621D
330
61FB
100
AcDbEntity
  8
FUR
100
AcDbCircle
 10
151.4999464555149
 20
193.0000330256875
 30
0.0
 40
63.0
100
AcDbArc
 50
92.72940263673952
 51
177.2705973632121
  0
ARC
  5
621E
330
61FB
100
AcDbEntity
  8
FUR
100
AcDbCircle
 10
151.4999464555149
 20
193.0000330256875
 30
0.0
 40
63.0
100
AcDbArc
 50
182.7294026367618
 51
267.2705973632605
  0
ARC
  5
621F
330
61FB
100
AcDbEntity
  8
FUR
100
AcDbCircle
 10
151.4999464555149
 20
193.0000330256875
 30
0.0
 40
63.0
100
AcDbArc
 50
272.7294026367395
 51
357.2705973632121
  0
ARC
  5
6220
330
61FB
100
AcDbEntity
  8
FUR
100
AcDbCircle
 10
151.4999464555149
 20
193.0000330256875
 30
0.0
 40
73.0
100
AcDbArc
 50
2.355284355769059
 51
87.64471564426019
  0
ARC
  5
6221
330
61FB
100
AcDbEntity
  8
FUR
100
AcDbCircle
 10
151.4999464555149
 20
193.0000330256875
 30
0.0
 40
73.0
100
AcDbArc
 50
92.3552843557398
 51
177.6447156442309
  0
ARC
  5
6222
330
61FB
100
AcDbEntity
  8
FUR
100
AcDbCircle
 10
151.4999464555149
 20
193.0000330256875
 30
0.0
 40
73.0
100
AcDbArc
 50
182.355284355769
 51
267.6447156442602
  0
ARC
  5
6223
330
61FB
100
AcDbEntity
  8
FUR
100
AcDbCircle
 10
151.4999464555149
 20
193.0000330256875
 30
0.0
 40
73.0
100
AcDbArc
 50
272.3552843557399
 51
357.6447156442309
  0
ARC
  5
6224
330
61FB
100
AcDbEntity
  8
FUR
100
AcDbCircle
 10
428.4999464555149
 20
193.0000330256875
 30
0.0
 40
43.0
100
AcDbArc
 50
184.0006299615506
 51
265.9993700383122
  0
ARC
  5
6225
330
61FB
100
AcDbEntity
  8
FUR
100
AcDbCircle
 10
428.4999464555149
 20
193.0000330256875
 30
0.0
 40
43.0
100
AcDbArc
 50
274.0006299616879
 51
355.9993700384234
  0
ARC
  5
6226
330
61FB
100
AcDbEntity
  8
FUR
100
AcDbCircle
 10
428.4999464555149
 20
193.0000330256875
 30
0.0
 40
43.0
100
AcDbArc
 50
4.00062996157659
 51
85.99937003831216
  0
ARC
  5
6227
330
61FB
100
AcDbEntity
  8
FUR
100
AcDbCircle
 10
428.4999464555149
 20
193.0000330256875
 30
0.0
 40
43.0
100
AcDbArc
 50
94.00062996168784
 51
175.9993700384234
  0
ARC
  5
6228
330
61FB
100
AcDbEntity
  8
FUR
100
AcDbCircle
 10
428.4999464555149
 20
193.0000330256875
 30
0.0
 40
53.0
100
AcDbArc
 50
183.2448916717302
 51
266.7551083282869
  0
ARC
  5
6229
330
61FB
100
AcDbEntity
  8
FUR
100
AcDbCircle
 10
428.4999464555149
 20
193.0000330256875
 30
0.0
 40
53.0
100
AcDbArc
 50
273.244891671713
 51
356.7551083282698
  0
ARC
  5
622A
330
61FB
100
AcDbEntity
  8
FUR
100
AcDbCircle
 10
428.4999464555149
 20
193.0000330256875
 30
0.0
 40
53.0
100
AcDbArc
 50
3.244891671730196
 51
86.75510832828697
  0
ARC
  5
622B
330
61FB
100
AcDbEntity
  8
FUR
100
AcDbCircle
 10
428.4999464555149
 20
193.0000330256875
 30
0.0
 40
53.0
100
AcDbArc
 50
93.24489167171303
 51
176.7551083282698
  0
LWPOLYLINE
  5
622C
330
61FB
100
AcDbEntity
  8
FUR
100
AcDbPolyline
 90
4
 70
0
 10
15.99994645551487
 20
408.000033025688
 10
134.4999464555149
 20
408.000033025688
 42
-0.4142135623730964
 10
154.4999464555148
 20
388.000033025688
 10
154.4999464555148
 20
316.000033025688
  0
LWPOLYLINE
  5
622D
330
61FB
100
AcDbEntity
  8
FUR
100
AcDbPolyline
 90
4
 70
0
 10
154.4999464555148
 20
494.000033025688
 10
154.4999464555148
 20
422.000033025688
 42
0.4142135623730951
 10
168.4999464555148
 20
408.000033025688
 10
286.9999464555149
 20
408.000033025688
  0
LWPOLYLINE
  5
622E
330
61FB
100
AcDbEntity
  8
FUR
100
AcDbPolyline
 90
4
 70
0
 10
425.4999464555148
 20
316.0000330256871
 10
425.4999464555148
 20
388.000033025688
 42
-0.4142135623730938
 10
445.4999464555148
 20
408.000033025688
 10
563.9999464555148
 20
408.000033025688
  0
LWPOLYLINE
  5
622F
330
61FB
100
AcDbEntity
  8
FUR
100
AcDbPolyline
 90
4
 70
0
 10
425.4999464555148
 20
494.000033025688
 10
425.4999464555148
 20
422.000033025688
 42
-0.4142135623730951
 10
411.4999464555149
 20
408.000033025688
 10
292.9999464555148
 20
408.000033025688
  0
LWPOLYLINE
  5
6230
330
61FB
100
AcDbEntity
  8
FUR
100
AcDbPolyline
 90
4
 70
0
 10
292.9999464555148
 20
190.0000330256871
 10
411.4999464555149
 20
190.0000330256871
 42
-0.4142135623730951
 10
425.4999464555148
 20
176.0000330256871
 10
425.4999464555148
 20
70.24671721624054
  0
LWPOLYLINE
  5
6231
330
61FB
100
AcDbEntity
  8
FUR
100
AcDbPolyline
 90
4
 70
0
 10
15.99994645551487
 20
190.0000330256876
 10
134.4999464555149
 20
190.0000330256876
 42
0.4142135623730938
 10
154.4999464555148
 20
210.0000330256876
 10
154.4999464555148
 20
310.0000330256876
  0
LWPOLYLINE
  5
6232
330
61FB
100
AcDbEntity
  8
FUR
100
AcDbPolyline
 90
4
 70
0
 10
154.4999464555148
 20
70.24671721624054
 10
154.4999464555148
 20
176.000033025688
 42
-0.4142135623730953
 10
168.4999464555148
 20
190.000033025688
 10
286.9999464555149
 20
190.0000330256871
  0
LWPOLYLINE
  5
6233
330
61FB
100
AcDbEntity
  8
FUR
100
AcDbPolyline
 90
4
 70
0
 10
425.4999464555148
 20
310.0000330256876
 10
425.4999464555148
 20
210.000033025688
 42
0.4142135623730951
 10
445.4999464555148
 20
190.000033025688
 10
563.9999464555148
 20
190.0000330256876
  0
LWPOLYLINE
  5
6234
330
61FB
100
AcDbEntity
  8
FUR
100
AcDbPolyline
 90
4
 70
0
 10
15.99994645551487
 20
402.000033025688
 10
134.4999464555149
 20
402.0000330256875
 42
-0.4142135623730951
 10
148.4999464555149
 20
388.0000330256876
 10
148.4999464555149
 20
316.000033025688
  0
LWPOLYLINE
  5
6235
330
61FB
100
AcDbEntity
  8
FUR
100
AcDbPolyline
 90
4
 70
0
 10
148.4999464555149
 20
494.000033025688
 10
148.4999464555149
 20
422.000033025688
 42
0.4142135623730953
 10
168.4999464555148
 20
402.000033025688
 10
286.9999464555149
 20
402.000033025688
  0
LWPOLYLINE
  5
6236
330
61FB
100
AcDbEntity
  8
FUR
100
AcDbPolyline
 90
4
 70
0
 10
431.4999464555149
 20
316.0000330256876
 10
431.4999464555149
 20
388.000033025688
 42
-0.4142135623730962
 10
445.4999464555148
 20
402.000033025688
 10
563.9999464555148
 20
402.000033025688
  0
LWPOLYLINE
  5
6237
330
61FB
100
AcDbEntity
  8
FUR
100
AcDbPolyline
 90
4
 70
1
 10
367.4688575422697
 20
10.29555035378325
 10
373.5310353687601
 20
6.795550353783255
 10
392.5310353687601
 20
39.70451569759189
 10
386.4688575422697
 20
43.20451569759188
  0
ARC
  5
6238
330
61FB
100
AcDbEntity
  8
FUR
100
AcDbCircle
 10
379.9999464555149
 20
25.00003302568803
 30
0.0
 40
12.4
100
AcDbArc
 50
76.39501939165929
 51
223.6049806085585
  0
ARC
  5
6239
330
61FB
100
AcDbEntity
  8
FUR
100
AcDbCircle
 10
379.9999464555149
 20
25.00003302568803
 30
0.0
 40
12.4
100
AcDbArc
 50
256.3950193916593
 51
43.60498060855852
  0
CIRCLE
  5
623A
330
61FB
100
AcDbEntity
  8
FUR
100
AcDbCircle
 10
379.9999464555149
 20
25.00003302568803
 30
0.0
 40
19.6
  0
LWPOLYLINE
  5
623B
330
61FB
100
AcDbEntity
  8
FUR
100
AcDbPolyline
 90
4
 70
1
 10
307.4688575422697
 20
10.29555035378325
 10
313.5310353687601
 20
6.795550353783255
 10
332.53103536876
 20
39.70451569759189
 10
326.4688575422697
 20
43.20451569759188
  0
ARC
  5
623C
330
61FB
100
AcDbEntity
  8
FUR
100
AcDbCircle
 10
319.9999464555149
 20
25.00003302568803
 30
0.0
 40
12.4
100
AcDbArc
 50
76.39501939165929
 51
223.6049806085585
  0
ARC
  5
623D
330
61FB
100
AcDbEntity
  8
FUR
100
AcDbCircle
 10
319.9999464555149
 20
25.00003302568803
 30
0.0
 40
12.4
100
AcDbArc
 50
256.3950193916593
 51
43.60498060855852
  0
CIRCLE
  5
623E
330
61FB
100
AcDbEntity
  8
FUR
100
AcDbCircle
 10
319.9999464555149
 20
25.00003302568803
 30
0.0
 40
19.6
  0
LWPOLYLINE
  5
623F
330
61FB
100
AcDbEntity
  8
FUR
100
AcDbPolyline
 90
4
 70
1
 10
247.4688575422697
 20
10.29555035378325
 10
253.53103536876
 20
6.795550353783255
 10
272.53103536876
 20
39.70451569759189
 10
266.4688575422697
 20
43.20451569759188
  0
ARC
  5
6240
330
61FB
100
AcDbEntity
  8
FUR
100
AcDbCircle
 10
259.9999464555149
 20
25.00003302568803
 30
0.0
 40
12.4
100
AcDbArc
 50
76.39501939165929
 51
223.6049806085585
  0
ARC
  5
6241
330
61FB
100
AcDbEntity
  8
FUR
100
AcDbCircle
 10
259.9999464555149
 20
25.00003302568803
 30
0.0
 40
12.4
100
AcDbArc
 50
256.3950193916593
 51
43.60498060855852
  0
CIRCLE
  5
6242
330
61FB
100
AcDbEntity
  8
FUR
100
AcDbCircle
 10
259.9999464555149
 20
25.00003302568803
 30
0.0
 40
19.6
  0
LWPOLYLINE
  5
6243
330
61FB
100
AcDbEntity
  8
FUR
100
AcDbPolyline
 90
4
 70
1
 10
187.4688575422697
 20
10.29555035378325
 10
193.53103536876
 20
6.795550353783255
 10
212.5310353687601
 20
39.70451569759189
 10
206.4688575422697
 20
43.20451569759188
  0
ARC
  5
6244
330
61FB
100
AcDbEntity
  8
FUR
100
AcDbCircle
 10
199.9999464555149
 20
25.00003302568803
 30
0.0
 40
12.4
100
AcDbArc
 50
76.39501939165929
 51
223.6049806085585
  0
ARC
  5
6245
330
61FB
100
AcDbEntity
  8
FUR
100
AcDbCircle
 10
199.9999464555149
 20
25.00003302568803
 30
0.0
 40
12.4
100
AcDbArc
 50
256.3950193916593
 51
43.60498060855852
  0
CIRCLE
  5
6246
330
61FB
100
AcDbEntity
  8
FUR
100
AcDbCircle
 10
199.9999464555149
 20
25.00003302568803
 30
0.0
 40
19.6
  0
ENDBLK
  5
6247
330
61FB
100
AcDbEntity
  8
0
100
AcDbBlockEnd
  0
BLOCK
  5
6249
330
6248
100
AcDbEntity
  8
0
100
AcDbBlockBegin
  2
*B11
 70
1
 10
-4.66802594019e-05
 20
129.9999635233471
 30
0.0
  3
*B11
  1

  0
LINE
  5
624A
330
6248
100
AcDbEntity
  8
HID
100
AcDbLine
 10
-4.66802594019e-05
 20
129.9999635233471
 30
0.0
 11
889.9999533197405
 21
789.9999635233471
 31
0.0
  0
LINE
  5
624B
330
6248
100
AcDbEntity
  8
HID
100
AcDbLine
 10
-4.66802594019e-05
 20
789.9999635233471
 30
0.0
 11
889.9999533197405
 21
129.9999635233471
 31
0.0
  0
ENDBLK
  5
624C
330
6248
100
AcDbEntity
  8
0
100
AcDbBlockEnd
  0
BLOCK
  5
6250
330
624D
100
AcDbEntity
  8
0
100
AcDbBlockBegin
  2
1000문WELKJWLT
 70
0
 10
0.0
 20
0.0
 30
0.0
  3
1000문WELKJWLT
  1

  0
LWPOLYLINE
  5
6251
330
624D
100
AcDbEntity
  8
RXDOOR
100
AcDbPolyline
 90
9
 70
0
 10
510.0
 20
-24.0
 10
510.0
 20
0.0
 10
485.0
 20
0.0
 10
485.0
 20
-43.0
 10
470.0
 20
-43.0
 10
470.0
 20
-107.0
 10
485.0
 20
-150.0
 10
510.0
 20
-150.0
 10
510.0
 20
-126.0
1001
INERCAD20
1000
UnNamed
1070
3001
1071
1
  0
LWPOLYLINE
  5
6252
330
624D
100
AcDbEntity
  8
RXDOOR
100
AcDbPolyline
 90
9
 70
0
 10
-470.0
 20
-24.0
 10
-470.0
 20
0.0
 10
-445.0
 20
0.0
 10
-445.0
 20
-43.0
 10
-430.0
 20
-43.0
 10
-430.0
 20
-107.0
 10
-445.0
 20
-150.0
 10
-470.0
 20
-150.0
 10
-470.0
 20
-126.0
1001
INERCAD20
1000
UnNamed
1070
3001
1071
1
  0
LWPOLYLINE
  5
6253
330
624D
100
AcDbEntity
  8
RXDOOR
100
AcDbPolyline
 90
4
 70
1
 10
485.0
 20
0.0
 10
485.0
 20
890.0
 10
445.0
 20
890.0
 10
445.0
 20
0.0
1001
INERCAD20
1000
UnNamed
1070
3001
1071
2
  0
ARC
  5
6254
330
624D
100
AcDbEntity
  8
RXDOOR
 62
7
100
AcDbCircle
 10
445.0
 20
0.0
 30
0.0
 40
890.0
100
AcDbArc
 50
90.0
 51
180.0
1001
INERCAD20
1000
UnNamed
1070
3001
1071
3
  0
LINE
  5
6255
330
624D
100
AcDbEntity
  8
해치-1
100
AcDbLine
 10
470.0
 20
-43.0
 30
0.0
 11
-430.0
 21
-43.0
 31
0.0
  0
LINE
  5
6256
330
624D
100
AcDbEntity
  8
해치-1
100
AcDbLine
 10
-445.0
 20
0.0
 30
0.0
 11
445.0
 21
0.0
 31
0.0
  0
ENDBLK
  5
6257
330
624D
100
AcDbEntity
  8
0
100
AcDbBlockEnd
  0
BLOCK
  5
625A
330
6258
100
AcDbEntity
  8
0
100
AcDbBlockBegin
  2
샤워기1
 70
0
 10
0.0
 20
0.0
 30
0.0
  3
샤워기1
  1

  0
ARC
  5
625B
330
6258
100
AcDbEntity
  8
TOILET
100
AcDbCircle
 10
29.99999997671693
 20
-25.00000002793968
 30
0.0
 40
5.0
100
AcDbArc
 50
89.99999994663914
 51
179.9999999466391
1001
AcDbBlockRepETag
1070
1
1071
0
1005
625B
  0
ARC
  5
625C
330
6258
100
AcDbEntity
  8
TOILET
100
AcDbCircle
 10
39.99999997206032
 20
-30.0000000372529
 30
0.0
 40
10.0
100
AcDbArc
 50
359.9999999466391
 51
89.99999994663914
1001
AcDbBlockRepETag
1070
1
1071
1
1005
625C
  0
LINE
  5
625D
330
6258
100
AcDbEntity
  8
TOILET
100
AcDbLine
 10
19.99999994412064
 20
-60.00000001862645
 30
0.0
 11
19.99999998137355
 21
-20.00000001862645
 31
0.0
1001
AcDbBlockRepETag
1070
1
1071
2
1005
625D
  0
ARC
  5
625E
330
6258
100
AcDbEntity
  8
TOILET
100
AcDbCircle
 10
75.88342701364309
 20
-11.00000007078051
 30
0.0
 40
9.000000000000002
100
AcDbArc
 50
179.9999999466391
 51
269.9999999466391
1001
AcDbBlockRepETag
1070
1
1071
3
1005
625E
  0
LINE
  5
625F
330
6258
100
AcDbEntity
  8
TOILET
100
AcDbLine
 10
100.000000027474
 20
29.50593265518546
 30
0.0
 11
99.99999997112901
 21
-30.99746018275619
 31
0.0
1001
AcDbBlockRepETag
1070
1
1071
4
1005
625F
  0
ARC
  5
6260
330
6258
100
AcDbEntity
  8
TOILET
100
AcDbCircle
 10
100.0
 20
-9.31322575e-08
 30
0.0
 40
20.00000000000001
100
AcDbArc
 50
269.9999999466391
 51
359.9999999466391
1001
AcDbBlockRepETag
1070
1
1071
5
1005
6260
  0
ARC
  5
6261
330
6258
100
AcDbEntity
  8
TOILET
100
AcDbCircle
 10
29.99999998137355
 20
-20.00000002793968
 30
0.0
 40
10.0
100
AcDbArc
 50
89.99999994663914
 51
179.9999999466391
1001
AcDbBlockRepETag
1070
1
1071
6
1005
6261
  0
ARC
  5
6262
330
6258
100
AcDbEntity
  8
TOILET
100
AcDbCircle
 10
30.00000001862645
 20
19.99999997206032
 30
0.0
 40
10.0
100
AcDbArc
 50
179.9999999466391
 51
269.9999999466391
1001
AcDbBlockRepETag
1070
1
1071
7
1005
6262
  0
ARC
  5
6263
330
6258
100
AcDbEntity
  8
TOILET
100
AcDbCircle
 10
30.00000002328306
 20
24.99999997206032
 30
0.0
 40
5.0
100
AcDbArc
 50
179.9999999466391
 51
269.9999999466391
1001
AcDbBlockRepETag
1070
1
1071
8
1005
6263
  0
ARC
  5
6264
330
6258
100
AcDbEntity
  8
TOILET
100
AcDbCircle
 10
40.00000002793967
 20
29.9999999627471
 30
0.0
 40
10.0
100
AcDbArc
 50
269.9999999466391
 51
359.9999999466391
1001
AcDbBlockRepETag
1070
1
1071
9
1005
6264
  0
LINE
  5
6265
330
6258
100
AcDbEntity
  8
TOILET
100
AcDbLine
 10
50.00000002793967
 20
29.99999995343387
 30
0.0
 11
50.00000004656612
 21
49.99999995343387
 31
0.0
1001
AcDbBlockRepETag
1070
1
1071
10
1005
6265
  0
ARC
  5
6266
330
6258
100
AcDbEntity
  8
TOILET
100
AcDbCircle
 10
76.88342703320086
 20
9.999999928288162
 30
0.0
 40
10.0
100
AcDbArc
 50
89.99999994663914
 51
179.9999999466391
1001
AcDbBlockRepETag
1070
1
1071
11
1005
6266
  0
LINE
  5
6267
330
6258
100
AcDbEntity
  8
TOILET
100
AcDbLine
 10
40.00000001862645
 20
19.99999996274709
 30
0.0
 11
30.00000001862645
 21
19.99999997206032
 31
0.0
1001
AcDbBlockRepETag
1070
1
1071
12
1005
6267
  0
LINE
  5
6268
330
6258
100
AcDbEntity
  8
TOILET
100
AcDbLine
 10
39.99999998137355
 20
-20.0000000372529
 30
0.0
 11
29.99999998137355
 21
-20.00000002793968
 31
0.0
1001
AcDbBlockRepETag
1070
1
1071
13
1005
6268
  0
LINE
  5
6269
330
6258
100
AcDbEntity
  8
TOILET
100
AcDbLine
 10
66.88342701364309
 20
-11.00000006239861
 30
0.0
 11
66.88342701457441
 21
-10.00000006239861
 31
0.0
1001
AcDbBlockRepETag
1070
1
1071
14
1005
6269
  0
LINE
  5
626A
330
6258
100
AcDbEntity
  8
TOILET
100
AcDbLine
 10
66.88342701457441
 20
-10.00000006239861
 30
0.0
 11
29.99999999068677
 21
-10.00000002793967
 31
0.0
1001
AcDbBlockRepETag
1070
1
1071
15
1005
626A
  0
LINE
  5
626B
330
6258
100
AcDbEntity
  8
TOILET
100
AcDbLine
 10
66.88342703320086
 20
9.999999937601388
 30
0.0
 11
30.00000000931323
 21
9.999999972060323
 31
0.0
1001
AcDbBlockRepETag
1070
1
1071
16
1005
626B
  0
LINE
  5
626C
330
6258
100
AcDbEntity
  8
TOILET
100
AcDbLine
 10
130.0110942870378
 20
-1.210719347e-07
 30
0.0
 11
72.73266892135143
 21
-6.79865479e-08
 31
0.0
1001
AcDbBlockRepETag
1070
1
1071
17
1005
626C
  0
CIRCLE
  5
626D
330
6258
100
AcDbEntity
  8
TOILET
100
AcDbCircle
 10
100.0
 20
-9.31322575e-08
 30
0.0
 40
12.90482081649134
1001
AcDbBlockRepETag
1070
1
1071
18
1005
626D
  0
ARC
  5
626E
330
6258
100
AcDbEntity
  8
TOILET
100
AcDbCircle
 10
100.0
 20
-9.31322575e-08
 30
0.0
 40
20.00000000000001
100
AcDbArc
 50
359.9999999466391
 51
89.99999994663914
1001
AcDbBlockRepETag
1070
1
1071
19
1005
626E
  0
LINE
  5
626F
330
6258
100
AcDbEntity
  8
TOILET
100
AcDbLine
 10
100.0000000186264
 20
19.99999990686774
 30
0.0
 11
76.88342704251409
 21
19.99999992828816
 31
0.0
1001
AcDbBlockRepETag
1070
1
1071
20
1005
626F
  0
LINE
  5
6270
330
6258
100
AcDbEntity
  8
TOILET
100
AcDbLine
 10
99.99999998137353
 20
-20.00000009313226
 30
0.0
 11
75.88342700526118
 21
-20.00000007078051
 31
0.0
1001
AcDbBlockRepETag
1070
1
1071
21
1005
6270
  0
ARC
  5
6271
330
6258
100
AcDbEntity
  8
TOILET
100
AcDbCircle
 10
14.99999993946403
 20
-65.00000001396982
 30
0.0
 40
5.0
100
AcDbArc
 50
89.99999994663914
 51
179.9999999466391
1001
AcDbBlockRepETag
1070
1
1071
22
1005
6271
  0
ARC
  5
6272
330
6258
100
AcDbEntity
  8
TOILET
100
AcDbCircle
 10
4.999999930150806
 20
-75.00000000465661
 30
0.0
 40
5.0
100
AcDbArc
 50
269.9999999466391
 51
359.9999999466391
1001
AcDbBlockRepETag
1070
1
1071
23
1005
6272
  0
LINE
  5
6273
330
6258
100
AcDbEntity
  8
TOILET
100
AcDbLine
 10
9.999999930150805
 20
-75.00000000931323
 30
0.0
 11
9.999999939464033
 21
-65.00000000931323
 31
0.0
1001
AcDbBlockRepETag
1070
1
1071
24
1005
6273
  0
ARC
  5
6274
330
6258
100
AcDbEntity
  8
TOILET
100
AcDbCircle
 10
29.99999994877726
 20
-55.00000002793967
 30
0.0
 40
5.0
100
AcDbArc
 50
179.9999999466391
 51
269.9999999466391
1001
AcDbBlockRepETag
1070
1
1071
25
1005
6274
  0
LINE
  5
6275
330
6258
100
AcDbEntity
  8
TOILET
100
AcDbLine
 10
19.99999994412064
 20
-60.00000001862645
 30
0.0
 11
14.99999994412064
 21
-60.00000001396983
 31
0.0
1001
AcDbBlockRepETag
1070
1
1071
26
1005
6275
  0
LINE
  5
6276
330
6258
100
AcDbEntity
  8
TOILET
100
AcDbLine
 10
24.99999994877726
 20
-55.00000002328306
 30
0.0
 11
24.99999997671694
 21
-25.00000002328306
 31
0.0
1001
AcDbBlockRepETag
1070
1
1071
27
1005
6276
  0
ARC
  5
6277
330
6258
100
AcDbEntity
  8
TOILET
100
AcDbCircle
 10
39.99999995343387
 20
-50.0000000372529
 30
0.0
 40
10.0
100
AcDbArc
 50
269.9999999466391
 51
359.9999999466391
1001
AcDbBlockRepETag
1070
1
1071
28
1005
6277
  0
LINE
  5
6278
330
6258
100
AcDbEntity
  8
TOILET
100
AcDbLine
 10
49.99999995343387
 20
-50.00000004656612
 30
0.0
 11
49.99999997206032
 21
-30.00000004656613
 31
0.0
1001
AcDbBlockRepETag
1070
1
1071
29
1005
6278
  0
LINE
  5
6279
330
6258
100
AcDbEntity
  8
TOILET
100
AcDbLine
 10
39.99999994412064
 20
-60.0000000372529
 30
0.0
 11
29.99999994412064
 21
-60.00000002793967
 31
0.0
1001
AcDbBlockRepETag
1070
1
1071
30
1005
6279
  0
ARC
  5
627A
330
6258
100
AcDbEntity
  8
TOILET
100
AcDbCircle
 10
30.00000005122274
 20
54.99999997206032
 30
0.0
 40
5.0
100
AcDbArc
 50
89.99999994663914
 51
179.9999999466391
1001
AcDbBlockRepETag
1070
1
1071
31
1005
627A
  0
ARC
  5
627B
330
6258
100
AcDbEntity
  8
TOILET
100
AcDbCircle
 10
15.00000006053596
 20
64.99999998603016
 30
0.0
 40
5.0
100
AcDbArc
 50
179.9999999466391
 51
269.9999999466391
1001
AcDbBlockRepETag
1070
1
1071
32
1005
627B
  0
LINE
  5
627C
330
6258
100
AcDbEntity
  8
TOILET
100
AcDbLine
 10
20.00000005587935
 20
59.99999998137354
 30
0.0
 11
15.00000005587935
 21
59.99999998603016
 31
0.0
1001
AcDbBlockRepETag
1070
1
1071
33
1005
627C
  0
ARC
  5
627D
330
6258
100
AcDbEntity
  8
TOILET
100
AcDbCircle
 10
5.000000069849193
 20
74.99999999534337
 30
0.0
 40
5.0
100
AcDbArc
 50
359.9999999466391
 51
89.99999994663914
1001
AcDbBlockRepETag
1070
1
1071
34
1005
627D
  0
LINE
  5
627E
330
6258
100
AcDbEntity
  8
TOILET
100
AcDbLine
 10
10.00000006053596
 20
64.99999999068677
 30
0.0
 11
10.00000006984919
 21
74.99999999068677
 31
0.0
1001
AcDbBlockRepETag
1070
1
1071
35
1005
627E
  0
LINE
  5
627F
330
6258
100
AcDbEntity
  8
TOILET
100
AcDbLine
 10
40.00000005587935
 20
59.99999996274709
 30
0.0
 11
30.00000005587935
 21
59.99999997206032
 31
0.0
1001
AcDbBlockRepETag
1070
1
1071
36
1005
627F
  0
LINE
  5
6280
330
6258
100
AcDbEntity
  8
TOILET
100
AcDbLine
 10
20.00000001862645
 20
19.99999998137355
 30
0.0
 11
20.00000005587935
 21
59.99999998137354
 31
0.0
1001
AcDbBlockRepETag
1070
1
1071
37
1005
6280
  0
LINE
  5
6281
330
6258
100
AcDbEntity
  8
TOILET
100
AcDbLine
 10
25.00000002328306
 20
24.99999997671694
 30
0.0
 11
25.00000005122274
 21
54.99999997671693
 31
0.0
1001
AcDbBlockRepETag
1070
1
1071
38
1005
6281
  0
ARC
  5
6282
330
6258
100
AcDbEntity
  8
TOILET
100
AcDbCircle
 10
40.00000004656612
 20
49.99999996274709
 30
0.0
 40
10.0
100
AcDbArc
 50
359.9999999466391
 51
89.99999994663914
1001
AcDbBlockRepETag
1070
1
1071
39
1005
6282
  0
LINE
  5
6283
330
6258
100
AcDbEntity
  8
TOILET
100
AcDbLine
 10
-7.4505806e-08
 20
-80.0
 30
0.0
 11
7.4505806e-08
 21
80.0
 31
0.0
1001
AcDbBlockRepETag
1070
1
1071
40
1005
6283
  0
ARC
  5
6284
330
6258
100
AcDbEntity
  8
TOILET
100
AcDbCircle
 10
20.0
 20
-1.86264515e-08
 30
0.0
 40
19.99999999999818
100
AcDbArc
 50
89.99999994663914
 51
269.9999999466391
1001
AcDbBlockRepETag
1070
1
1071
41
1005
6284
  0
LINE
  5
6285
330
6258
100
AcDbEntity
  8
TOILET
100
AcDbLine
 10
4.999999925494194
 20
-80.00000000465661
 30
0.0
 11
-7.4505806e-08
 21
-80.0
 31
0.0
1001
AcDbBlockRepETag
1070
1
1071
42
1005
6285
  0
LINE
  5
6286
330
6258
100
AcDbEntity
  8
TOILET
100
AcDbLine
 10
5.000000074505805
 20
79.99999999534337
 30
0.0
 11
7.4505806e-08
 21
80.0
 31
0.0
1001
AcDbBlockRepETag
1070
1
1071
43
1005
6286
  0
ENDBLK
  5
6287
330
6258
100
AcDbEntity
  8
0
100
AcDbBlockEnd
  0
BLOCK
  5
628B
330
6288
100
AcDbEntity
  8
0
100
AcDbBlockBegin
  2
ertkjelrky
 70
0
 10
0.0
 20
0.0
 30
0.0
  3
ertkjelrky
  1

  0
LWPOLYLINE
  5
628C
330
6288
100
AcDbEntity
  8
ms_sb-건축한계선
  6
HIDDEN2
 48
0.5
100
AcDbPolyline
 90
4
 70
0
 39
1000.0
 10
16000.00000012969
 20
-16083.01040892489
 10
16000.0000001227
 20
-3949.743365992792
 10
13050.25224047131
 20
-999.9964163801633
 10
-5.5879354e-09
 20
-999.9999998938292
  0
LWPOLYLINE
  5
628D
330
6288
100
AcDbEntity
  8
ms_sb-건축한계선
  6
HIDDEN2
 48
0.5
100
AcDbPolyline
 90
3
 70
0
 39
1000.0
 10
499.9999999944121
 20
-999.999862597324
 10
499.9999999145511
 20
-15583.01040892489
 10
16000.00000012945
 20
-15583.01040892489
  0
LWPOLYLINE
  5
628E
330
6288
100
AcDbEntity
  8
LAND
100
AcDbPolyline
 90
6
 70
1
 10
16999.99999999697
 20
-3535.529723228887
 10
13464.46930579189
 20
0.0
 10
0.0
 20
0.0
 10
-8.4284693e-08
 20
-15435.60727328993
 10
-7.19446689e-08
 20
-16083.01040892489
 10
17000.00000006635
 20
-16083.01040892489
  0
ENDBLK
  5
628F
330
6288
100
AcDbEntity
  8
0
100
AcDbBlockEnd
  0
BLOCK
  5
6293
330
6290
100
AcDbEntity
  8
0
100
AcDbBlockBegin
  2
3000RTREJY
 70
0
 10
0.0
 20
0.0
 30
0.0
  3
3000RTREJY
  1

  0
LWPOLYLINE
  5
6294
330
6290
100
AcDbEntity
  8
WID-S
100
AcDbPolyline
 90
16
 70
1
 10
56.99999999953433
 20
-113.0
 10
56.99999999953433
 20
-103.0
 10
56.99999999953433
 20
-103.0
 10
56.99999999953433
 20
-103.0
 10
56.99999999953433
 20
-103.0
 10
56.99999999953433
 20
-103.0
 10
12.99999999953434
 20
-103.0
 10
12.99999999953434
 20
-103.0
 10
12.99999999953434
 20
-103.0
 10
12.99999999953434
 20
-103.0
 10
12.99999999953434
 20
-103.0
 10
12.99999999953434
 20
-197.0
 10
56.99999999953433
 20
-197.0
 10
56.99999999953433
 20
-187.0
 10
41.99999999953433
 20
-187.0
 10
41.99999999953433
 20
-113.0
  0
LWPOLYLINE
  5
6295
330
6290
100
AcDbEntity
  8
WID-S
100
AcDbPolyline
 90
16
 70
1
 10
59.99999999953434
 20
-116.0
 10
59.99999999953434
 20
-100.0
 10
59.99999999953434
 20
-100.0
 10
59.99999999953434
 20
-100.0
 10
59.99999999953434
 20
-100.0
 10
59.99999999953434
 20
-100.0
 10
9.999999999534339
 20
-100.0
 10
9.999999999534339
 20
-100.0
 10
9.999999999534339
 20
-100.0
 10
9.999999999534339
 20
-100.0
 10
9.999999999534339
 20
-100.0
 10
9.999999999534339
 20
-200.0
 10
59.99999999953434
 20
-200.0
 10
59.99999999953434
 20
-184.0
 10
44.99999999953433
 20
-184.0
 10
44.99999999953433
 20
-116.0
  0
LINE
  5
6296
330
6290
100
AcDbEntity
  8
WID-S
100
AcDbLine
 10
44.99999999953433
 20
-150.0
 30
0.0
 11
59.99999999953434
 21
-150.0
 31
0.0
  0
LWPOLYLINE
  5
6297
330
6290
100
AcDbEntity
  8
WID-S
100
AcDbPolyline
 90
4
 70
1
 10
129.9999999990687
 20
-148.0000000004656
 10
129.9999999995343
 20
-118.0000000004656
 10
50.0
 20
-118.0000000009313
 10
49.99999999906868
 20
-148.0000000004656
1001
INERCAD20
1000
UnNamed
1070
2001
1071
2
  0
LWPOLYLINE
  5
6298
330
6290
100
AcDbEntity
  8
WID-S
100
AcDbPolyline
 90
4
 70
1
 10
126.9999999990687
 20
-145.0000000004656
 10
126.9999999995343
 20
-121.0000000004656
 10
53.0
 20
-121.0000000009313
 10
52.9999999993015
 20
-145.0000000004656
1001
INERCAD20
1000
UnNamed
1070
2001
1071
2
  0
LINE
  5
6299
330
6290
100
AcDbEntity
  8
WID
100
AcDbLine
 10
709.999999999767
 20
-130.5000000009313
 30
0.0
 11
130.0
 21
-130.5000000004656
 31
0.0
1001
INERCAD20
1000
UnNamed
1070
2001
1071
1
  0
LWPOLYLINE
  5
629A
330
6290
100
AcDbEntity
  8
WID-S
100
AcDbPolyline
 90
4
 70
1
 10
710.0000000002328
 20
-148.0000000004656
 10
709.999999999767
 20
-118.0000000004656
 10
789.9999999993014
 20
-118.0000000009313
 10
790.0000000002328
 20
-148.0000000004656
1001
INERCAD20
1000
UnNamed
1070
2001
1071
2
  0
LWPOLYLINE
  5
629B
330
6290
100
AcDbEntity
  8
WID-S
100
AcDbPolyline
 90
4
 70
1
 10
713.0000000002328
 20
-145.0000000004656
 10
713.0
 20
-121.0000000004656
 10
786.9999999995343
 20
-121.0000000009313
 10
787.0000000002328
 20
-145.0000000004656
1001
INERCAD20
1000
UnNamed
1070
2001
1071
2
  0
LINE
  5
629C
330
6290
100
AcDbEntity
  8
ELE-2
100
AcDbLine
 10
749.9999999995343
 20
-400.0000000004656
 30
0.0
 11
749.9999999997672
 21
199.9999999995343
 31
0.0
  0
LWPOLYLINE
  5
629D
330
6290
100
AcDbEntity
  8
WID-S
100
AcDbPolyline
 90
4
 70
1
 10
710.0000000004655
 20
-182.0000000009313
 10
710.0
 20
-152.0000000009313
 10
789.9999999995343
 20
-152.000000001397
 10
790.0000000004657
 20
-182.0000000009313
1001
INERCAD20
1000
UnNamed
1070
2001
1071
2
  0
LWPOLYLINE
  5
629E
330
6290
100
AcDbEntity
  8
WID-S
100
AcDbPolyline
 90
4
 70
1
 10
713.0000000004655
 20
-179.0000000009313
 10
713.0000000002328
 20
-155.0000000009313
 10
786.9999999997672
 20
-155.000000001397
 10
787.0000000004655
 20
-179.0000000009313
1001
INERCAD20
1000
UnNamed
1070
2001
1071
2
  0
LWPOLYLINE
  5
629F
330
6290
100
AcDbEntity
  8
WID-S
100
AcDbPolyline
 90
16
 70
1
 10
56.99999999953433
 20
-13.0
 10
56.99999999953433
 20
-3.0
 10
56.99999999953433
 20
-3.0
 10
56.99999999953433
 20
-3.0
 10
56.99999999953433
 20
-3.0
 10
56.99999999953433
 20
-3.0
 10
12.99999999953434
 20
-3.0
 10
12.99999999953434
 20
-3.0
 10
12.99999999953434
 20
-3.0
 10
12.99999999953434
 20
-3.0
 10
12.99999999953434
 20
-3.0
 10
12.99999999953434
 20
-97.0
 10
56.99999999953433
 20
-97.0
 10
56.99999999953433
 20
-87.0
 10
41.99999999953433
 20
-87.0
 10
41.99999999953433
 20
-13.0
  0
LWPOLYLINE
  5
62A0
330
6290
100
AcDbEntity
  8
WID-S
100
AcDbPolyline
 90
16
 70
1
 10
59.99999999953434
 20
-16.0
 10
59.99999999953434
 20
0.0
 10
59.99999999953434
 20
0.0
 10
59.99999999953434
 20
0.0
 10
59.99999999953434
 20
0.0
 10
59.99999999953434
 20
0.0
 10
9.999999999534339
 20
0.0
 10
9.999999999534339
 20
0.0
 10
9.999999999534339
 20
0.0
 10
9.999999999534339
 20
0.0
 10
9.999999999534339
 20
0.0
 10
9.999999999534339
 20
-100.0
 10
59.99999999953434
 20
-100.0
 10
59.99999999953434
 20
-84.0
 10
44.99999999953433
 20
-84.0
 10
44.99999999953433
 20
-16.0
  0
LINE
  5
62A1
330
6290
100
AcDbEntity
  8
WID-S
100
AcDbLine
 10
44.99999999953433
 20
-50.0
 30
0.0
 11
59.99999999953434
 21
-50.0
 31
0.0
  0
LWPOLYLINE
  5
62A2
330
6290
100
AcDbEntity
  8
WID-S
100
AcDbPolyline
 90
4
 70
1
 10
129.9999999990687
 20
-48.00000000046566
 10
129.9999999995343
 20
-18.00000000046566
 10
50.0
 20
-18.00000000093132
 10
49.99999999906868
 20
-48.00000000046566
1001
INERCAD20
1000
UnNamed
1070
2001
1071
2
  0
LWPOLYLINE
  5
62A3
330
6290
100
AcDbEntity
  8
WID-S
100
AcDbPolyline
 90
4
 70
1
 10
126.9999999990687
 20
-45.00000000046566
 10
126.9999999995343
 20
-21.00000000046566
 10
53.0
 20
-21.00000000093132
 10
52.9999999993015
 20
-45.00000000046566
1001
INERCAD20
1000
UnNamed
1070
2001
1071
2
  0
LINE
  5
62A4
330
6290
100
AcDbEntity
  8
WID
100
AcDbLine
 10
709.999999999767
 20
-30.50000000093132
 30
0.0
 11
130.0
 21
-30.50000000046566
 31
0.0
1001
INERCAD20
1000
UnNamed
1070
2001
1071
1
  0
LWPOLYLINE
  5
62A5
330
6290
100
AcDbEntity
  8
WID-S
100
AcDbPolyline
 90
4
 70
1
 10
710.0000000002328
 20
-48.00000000046566
 10
709.999999999767
 20
-18.00000000046566
 10
789.9999999993014
 20
-18.00000000093132
 10
790.0000000002328
 20
-48.00000000046566
1001
INERCAD20
1000
UnNamed
1070
2001
1071
2
  0
LWPOLYLINE
  5
62A6
330
6290
100
AcDbEntity
  8
WID-S
100
AcDbPolyline
 90
4
 70
1
 10
713.0000000002328
 20
-45.00000000046566
 10
713.0
 20
-21.00000000046566
 10
786.9999999995343
 20
-21.00000000093132
 10
787.0000000002328
 20
-45.00000000046566
1001
INERCAD20
1000
UnNamed
1070
2001
1071
2
  0
LWPOLYLINE
  5
62A7
330
6290
100
AcDbEntity
  8
WID-S
100
AcDbPolyline
 90
4
 70
1
 10
710.0000000004655
 20
-82.00000000093131
 10
710.0
 20
-52.00000000093132
 10
789.9999999995343
 20
-52.00000000139699
 10
790.0000000004657
 20
-82.00000000093131
1001
INERCAD20
1000
UnNamed
1070
2001
1071
2
  0
LWPOLYLINE
  5
62A8
330
6290
100
AcDbEntity
  8
WID-S
100
AcDbPolyline
 90
4
 70
1
 10
713.0000000004655
 20
-79.00000000093132
 10
713.0000000002328
 20
-55.00000000093132
 10
786.9999999997672
 20
-55.00000000139698
 10
787.0000000004655
 20
-79.00000000093132
1001
INERCAD20
1000
UnNamed
1070
2001
1071
2
  0
LINE
  5
62A9
330
6290
100
AcDbEntity
  8
WID
100
AcDbLine
 10
709.999999999767
 20
-135.5000000009313
 30
0.0
 11
130.0
 21
-135.5000000004656
 31
0.0
1001
INERCAD20
1000
UnNamed
1070
2001
1071
1
  0
LINE
  5
62AA
330
6290
100
AcDbEntity
  8
WID
100
AcDbLine
 10
709.999999999767
 20
-35.50000000093132
 30
0.0
 11
130.0
 21
-35.50000000046566
 31
0.0
1001
INERCAD20
1000
UnNamed
1070
2001
1071
1
  0
ARC
  5
62AB
330
6290
100
AcDbEntity
  8
FIN
100
AcDbCircle
 10
4.999999997904524
 20
-202.6666666641832
 30
0.0
 40
5.666666664074
100
AcDbArc
 50
28.07248689975591
 51
151.9275131002441
  0
ARC
  5
62AC
330
6290
100
AcDbEntity
  8
FIN
100
AcDbCircle
 10
2994.999999998836
 20
-202.8133298251778
 30
0.0
 40
5.737144297840901
100
AcDbArc
 50
29.36497656003655
 51
150.6350234399634
  0
LWPOLYLINE
  5
62AD
330
6290
100
AcDbEntity
  8
WID-S
100
AcDbPolyline
 90
16
 70
1
 10
2943.0
 20
-113.0000000004656
 10
2943.0
 20
-103.0000000004656
 10
2943.0
 20
-103.0000000004656
 10
2943.0
 20
-103.0000000004656
 10
2943.0
 20
-103.0000000004656
 10
2943.0
 20
-103.0000000004656
 10
2987.0
 20
-103.0000000004656
 10
2987.0
 20
-103.0000000004656
 10
2987.0
 20
-103.0000000004656
 10
2987.0
 20
-103.0000000004656
 10
2987.0
 20
-103.0000000004656
 10
2987.0
 20
-197.0000000004656
 10
2943.0
 20
-197.0000000004656
 10
2943.0
 20
-187.0000000004656
 10
2958.0
 20
-187.0000000004656
 10
2958.0
 20
-113.0000000004656
  0
LWPOLYLINE
  5
62AE
330
6290
100
AcDbEntity
  8
WID-S
100
AcDbPolyline
 90
16
 70
1
 10
2940.0
 20
-116.0000000004656
 10
2940.0
 20
-100.0000000004656
 10
2940.0
 20
-100.0000000004656
 10
2940.0
 20
-100.0000000004656
 10
2940.0
 20
-100.0000000004656
 10
2940.0
 20
-100.0000000004656
 10
2990.0
 20
-100.0000000004656
 10
2990.0
 20
-100.0000000004656
 10
2990.0
 20
-100.0000000004656
 10
2990.0
 20
-100.0000000004656
 10
2990.0
 20
-100.0000000004656
 10
2990.0
 20
-200.0000000004657
 10
2940.0
 20
-200.0000000004657
 10
2940.0
 20
-184.0000000004656
 10
2955.0
 20
-184.0000000004656
 10
2955.0
 20
-116.0000000004656
  0
LINE
  5
62AF
330
6290
100
AcDbEntity
  8
WID-S
100
AcDbLine
 10
2955.0
 20
-150.0000000004656
 30
0.0
 11
2940.0
 21
-150.0000000004656
 31
0.0
  0
LWPOLYLINE
  5
62B0
330
6290
100
AcDbEntity
  8
WID-S
100
AcDbPolyline
 90
4
 70
1
 10
2870.000000000466
 20
-148.0000000004656
 10
2870.0
 20
-118.0000000004656
 10
2949.999999999534
 20
-118.000000001397
 10
2950.000000000466
 20
-148.0000000004656
1001
INERCAD20
1000
UnNamed
1070
2001
1071
2
  0
LWPOLYLINE
  5
62B1
330
6290
100
AcDbEntity
  8
WID-S
100
AcDbPolyline
 90
4
 70
1
 10
2873.000000000233
 20
-145.0000000004656
 10
2873.0
 20
-121.0000000009313
 10
2946.999999999535
 20
-121.000000001397
 10
2947.000000000233
 20
-145.0000000004656
1001
INERCAD20
1000
UnNamed
1070
2001
1071
2
  0
LINE
  5
62B2
330
6290
100
AcDbEntity
  8
WID
100
AcDbLine
 10
2289.999999999535
 20
-130.5000000009313
 30
0.0
 11
2869.999999999535
 21
-130.5000000004656
 31
0.0
1001
INERCAD20
1000
UnNamed
1070
2001
1071
1
  0
LWPOLYLINE
  5
62B3
330
6290
100
AcDbEntity
  8
WID-S
100
AcDbPolyline
 90
4
 70
1
 10
2289.999999999069
 20
-148.0000000004656
 10
2289.999999999535
 20
-118.0000000004656
 10
2210.0
 20
-118.0000000009313
 10
2209.999999999069
 20
-148.0000000004656
1001
INERCAD20
1000
UnNamed
1070
2001
1071
2
  0
LWPOLYLINE
  5
62B4
330
6290
100
AcDbEntity
  8
WID-S
100
AcDbPolyline
 90
4
 70
1
 10
2286.999999999302
 20
-145.0000000004656
 10
2286.999999999534
 20
-121.0000000004656
 10
2213.0
 20
-121.0000000009313
 10
2212.999999999301
 20
-145.0000000004656
1001
INERCAD20
1000
UnNamed
1070
2001
1071
2
  0
LINE
  5
62B5
330
6290
100
AcDbEntity
  8
ELE-2
100
AcDbLine
 10
2249.999999999767
 20
-400.0000000004656
 30
0.0
 11
2249.999999999767
 21
199.9999999995343
 31
0.0
  0
LWPOLYLINE
  5
62B6
330
6290
100
AcDbEntity
  8
WID-S
100
AcDbPolyline
 90
4
 70
1
 10
2289.999999998836
 20
-182.0000000009313
 10
2289.999999999301
 20
-152.0000000009313
 10
2209.999999999767
 20
-152.000000001397
 10
2209.999999998836
 20
-182.0000000009313
1001
INERCAD20
1000
UnNamed
1070
2001
1071
2
  0
LWPOLYLINE
  5
62B7
330
6290
100
AcDbEntity
  8
WID-S
100
AcDbPolyline
 90
4
 70
1
 10
2286.999999999069
 20
-179.0000000009313
 10
2286.999999999302
 20
-155.0000000009313
 10
2212.999999999767
 20
-155.000000001397
 10
2212.999999999069
 20
-179.0000000009313
1001
INERCAD20
1000
UnNamed
1070
2001
1071
2
  0
LWPOLYLINE
  5
62B8
330
6290
100
AcDbEntity
  8
WID-S
100
AcDbPolyline
 90
16
 70
1
 10
2943.0
 20
-13.00000000046566
 10
2943.0
 20
-3.000000000465661
 10
2943.0
 20
-3.000000000465661
 10
2943.0
 20
-3.000000000465661
 10
2943.0
 20
-3.000000000465661
 10
2943.0
 20
-3.000000000465661
 10
2987.0
 20
-3.000000000465661
 10
2987.0
 20
-3.000000000465661
 10
2987.0
 20
-3.000000000465661
 10
2987.0
 20
-3.000000000465661
 10
2987.0
 20
-3.000000000465661
 10
2987.0
 20
-97.00000000046566
 10
2943.0
 20
-97.00000000046566
 10
2943.0
 20
-87.00000000046566
 10
2958.0
 20
-87.00000000046566
 10
2958.0
 20
-13.00000000046566
  0
LWPOLYLINE
  5
62B9
330
6290
100
AcDbEntity
  8
WID-S
100
AcDbPolyline
 90
16
 70
1
 10
2940.0
 20
-16.00000000046566
 10
2940.0
 20
-4.656613e-10
 10
2940.0
 20
-4.656613e-10
 10
2940.0
 20
-4.656613e-10
 10
2940.0
 20
-4.656613e-10
 10
2940.0
 20
-4.656613e-10
 10
2990.0
 20
-4.656613e-10
 10
2990.0
 20
-4.656613e-10
 10
2990.0
 20
-4.656613e-10
 10
2990.0
 20
-4.656613e-10
 10
2990.0
 20
-4.656613e-10
 10
2990.0
 20
-100.0000000004656
 10
2940.0
 20
-100.0000000004656
 10
2940.0
 20
-84.00000000046565
 10
2955.0
 20
-84.00000000046565
 10
2955.0
 20
-16.00000000046566
  0
LINE
  5
62BA
330
6290
100
AcDbEntity
  8
WID-S
100
AcDbLine
 10
2955.0
 20
-50.00000000046566
 30
0.0
 11
2940.0
 21
-50.00000000046566
 31
0.0
  0
LWPOLYLINE
  5
62BB
330
6290
100
AcDbEntity
  8
WID-S
100
AcDbPolyline
 90
4
 70
1
 10
2870.000000000466
 20
-48.00000000046566
 10
2870.0
 20
-18.00000000046566
 10
2949.999999999534
 20
-18.00000000139698
 10
2950.000000000466
 20
-48.00000000046566
1001
INERCAD20
1000
UnNamed
1070
2001
1071
2
  0
LWPOLYLINE
  5
62BC
330
6290
100
AcDbEntity
  8
WID-S
100
AcDbPolyline
 90
4
 70
1
 10
2873.000000000233
 20
-45.00000000046566
 10
2873.0
 20
-21.00000000093132
 10
2946.999999999535
 20
-21.00000000139699
 10
2947.000000000233
 20
-45.00000000046566
1001
INERCAD20
1000
UnNamed
1070
2001
1071
2
  0
LINE
  5
62BD
330
6290
100
AcDbEntity
  8
WID
100
AcDbLine
 10
2289.999999999535
 20
-30.50000000093132
 30
0.0
 11
2869.999999999535
 21
-30.50000000046566
 31
0.0
1001
INERCAD20
1000
UnNamed
1070
2001
1071
1
  0
LWPOLYLINE
  5
62BE
330
6290
100
AcDbEntity
  8
WID-S
100
AcDbPolyline
 90
4
 70
1
 10
2289.999999999069
 20
-48.00000000046566
 10
2289.999999999535
 20
-18.00000000046566
 10
2210.0
 20
-18.00000000093132
 10
2209.999999999069
 20
-48.00000000046566
1001
INERCAD20
1000
UnNamed
1070
2001
1071
2
  0
LWPOLYLINE
  5
62BF
330
6290
100
AcDbEntity
  8
WID-S
100
AcDbPolyline
 90
4
 70
1
 10
2286.999999999302
 20
-45.00000000046566
 10
2286.999999999534
 20
-21.00000000046566
 10
2213.0
 20
-21.00000000093132
 10
2212.999999999301
 20
-45.00000000046566
1001
INERCAD20
1000
UnNamed
1070
2001
1071
2
  0
LWPOLYLINE
  5
62C0
330
6290
100
AcDbEntity
  8
WID-S
100
AcDbPolyline
 90
4
 70
1
 10
2289.999999998836
 20
-82.00000000093131
 10
2289.999999999301
 20
-52.00000000093132
 10
2209.999999999767
 20
-52.00000000139699
 10
2209.999999998836
 20
-82.00000000093131
1001
INERCAD20
1000
UnNamed
1070
2001
1071
2
  0
LWPOLYLINE
  5
62C1
330
6290
100
AcDbEntity
  8
WID-S
100
AcDbPolyline
 90
4
 70
1
 10
2286.999999999069
 20
-79.00000000093132
 10
2286.999999999302
 20
-55.00000000093132
 10
2212.999999999767
 20
-55.00000000139698
 10
2212.999999999069
 20
-79.00000000093132
1001
INERCAD20
1000
UnNamed
1070
2001
1071
2
  0
LINE
  5
62C2
330
6290
100
AcDbEntity
  8
WID
100
AcDbLine
 10
2289.999999999535
 20
-135.5000000009313
 30
0.0
 11
2869.999999999535
 21
-135.5000000004656
 31
0.0
1001
INERCAD20
1000
UnNamed
1070
2001
1071
1
  0
LINE
  5
62C3
330
6290
100
AcDbEntity
  8
WID
100
AcDbLine
 10
2289.999999999535
 20
-35.50000000093132
 30
0.0
 11
2869.999999999535
 21
-35.50000000046566
 31
0.0
1001
INERCAD20
1000
UnNamed
1070
2001
1071
1
  0
LINE
  5
62C4
330
6290
100
AcDbEntity
  8
WID
100
AcDbLine
 10
2210.000000000233
 20
-69.50000000093132
 30
0.0
 11
789.9999999993014
 21
-69.50000000093132
 31
0.0
1001
INERCAD20
1000
UnNamed
1070
2001
1071
1
  0
LINE
  5
62C5
330
6290
100
AcDbEntity
  8
WID
100
AcDbLine
 10
2210.000000000233
 20
-169.5000000009313
 30
0.0
 11
789.9999999993014
 21
-169.5000000009313
 31
0.0
1001
INERCAD20
1000
UnNamed
1070
2001
1071
1
  0
LINE
  5
62C6
330
6290
100
AcDbEntity
  8
WID
100
AcDbLine
 10
2210.000000000233
 20
-64.50000000093132
 30
0.0
 11
789.9999999993014
 21
-64.50000000093132
 31
0.0
1001
INERCAD20
1000
UnNamed
1070
2001
1071
1
  0
LINE
  5
62C7
330
6290
100
AcDbEntity
  8
ELE-2
100
AcDbLine
 10
2940.0
 20
-4.656613e-10
 30
0.0
 11
59.99999999953434
 21
0.0
 31
0.0
1001
INERCAD20
1000
UnNamed
1070
2001
1071
4
  0
LINE
  5
62C8
330
6290
100
AcDbEntity
  8
ELE-2
100
AcDbLine
 10
2940.000000000466
 20
-50.00000000046566
 30
0.0
 11
59.99999999906868
 21
-50.00000000046566
 31
0.0
1001
INERCAD20
1000
UnNamed
1070
2001
1071
4
  0
LINE
  5
62C9
330
6290
100
AcDbEntity
  8
ELE-2
100
AcDbLine
 10
2940.000000000466
 20
-16.00000000046566
 30
0.0
 11
59.99999999906868
 21
-16.0
 31
0.0
1001
INERCAD20
1000
UnNamed
1070
2001
1071
4
  0
LINE
  5
62CA
330
6290
100
AcDbEntity
  8
ELE-2
100
AcDbLine
 10
2940.0
 20
-83.99999999953434
 30
0.0
 11
59.99999999953434
 21
-83.99999999953434
 31
0.0
1001
INERCAD20
1000
UnNamed
1070
2001
1071
4
  0
LINE
  5
62CB
330
6290
100
AcDbEntity
  8
WID
100
AcDbLine
 10
2210.000000000233
 20
-164.5000000009313
 30
0.0
 11
789.9999999993014
 21
-164.5000000009313
 31
0.0
1001
INERCAD20
1000
UnNamed
1070
2001
1071
1
  0
LINE
  5
62CC
330
6290
100
AcDbEntity
  8
ELE-2
100
AcDbLine
 10
2940.0
 20
-200.0000000004657
 30
0.0
 11
59.99999999953434
 21
-200.0
 31
0.0
1001
INERCAD20
1000
UnNamed
1070
2001
1071
4
  0
LINE
  5
62CD
330
6290
100
AcDbEntity
  8
ELE-2
100
AcDbLine
 10
2940.000000000466
 20
-150.0000000004656
 30
0.0
 11
59.99999999906868
 21
-150.0000000004656
 31
0.0
1001
INERCAD20
1000
UnNamed
1070
2001
1071
4
  0
LINE
  5
62CE
330
6290
100
AcDbEntity
  8
ELE-2
100
AcDbLine
 10
2940.000000000466
 20
-116.0000000004656
 30
0.0
 11
59.99999999906868
 21
-116.0
 31
0.0
1001
INERCAD20
1000
UnNamed
1070
2001
1071
4
  0
LINE
  5
62CF
330
6290
100
AcDbEntity
  8
ELE-2
100
AcDbLine
 10
2940.0
 20
-183.9999999995343
 30
0.0
 11
59.99999999953434
 21
-183.9999999995343
 31
0.0
1001
INERCAD20
1000
UnNamed
1070
2001
1071
4
  0
LINE
  5
62D0
330
6290
100
AcDbEntity
  8
ELE-2
100
AcDbLine
 10
59.99999999953434
 20
-100.0
 30
0.0
 11
2940.0
 21
-100.0000000004656
 31
0.0
1001
INERCAD20
1000
UnNamed
1070
2001
1071
4
  0
ENDBLK
  5
62D1
330
6290
100
AcDbEntity
  8
0
100
AcDbBlockEnd
  0
BLOCK
  5
62D3
330
62D2
100
AcDbEntity
  8
0
100
AcDbBlockBegin
  2
l-209
 70
0
 10
0.0
 20
0.0
 30
0.0
  3
l-209
  1

  0
SPLINE
  5
62D4
330
62D2
100
AcDbEntity
  8
TOILET
100
AcDbSpline
 70
8
 71
2
 72
6
 73
3
 74
0
 42
1e-09
 40
0.0
 40
0.0
 40
0.0
 40
1.0
 40
1.0
 40
1.0
 10
-22.75836249924759
 20
-101.0240490359429
 30
0.0
 10
-22.75342342029762
 20
-101.2791436006009
 30
0.0
 10
-22.74848434439627
 20
-101.5342381652517
 30
0.0
1001
AcDbBlockRepETag
1070
1
1071
0
1005
62D4
  0
SPLINE
  5
62D5
330
62D2
100
AcDbEntity
  8
TOILET
100
AcDbSpline
 70
8
 71
2
 72
6
 73
3
 74
0
 42
1e-09
 40
0.0
 40
0.0
 40
0.0
 40
1.0
 40
1.0
 40
1.0
 10
23.5292027249161
 20
-95.18498024722793
 30
0.0
 10
23.5374247134896
 20
-94.87195384261577
 30
0.0
 10
23.54564670512627
 20
-94.55892743799632
 30
0.0
1001
AcDbBlockRepETag
1070
1
1071
1
1005
62D5
  0
SPLINE
  5
62D6
330
62D2
100
AcDbEntity
  8
TOILET
100
AcDbSpline
 70
12
 71
2
 72
6
 73
3
 74
0
 42
1e-09
 40
0.0
 40
0.0
 40
0.0
 40
1.0
 40
1.0
 40
1.0
 41
1.0
 41
0.9949066275707013
 41
1.0
 10
22.89715597665781
 20
-101.05359907409
 30
0.0
 10
23.43368357144937
 20
-98.75138910674286
 30
0.0
 10
23.49754280790512
 20
-96.38834983552806
 30
0.0
1001
AcDbBlockRepETag
1070
1
1071
2
1005
62D6
  0
SPLINE
  5
62D7
330
62D2
100
AcDbEntity
  8
TOILET
100
AcDbSpline
 70
12
 71
2
 72
6
 73
3
 74
0
 42
1e-09
 40
0.0
 40
0.0
 40
0.0
 40
1.0
 40
1.0
 40
1.0
 41
1.0
 41
0.9958564955721873
 41
1.0
 10
-17.13122397269762
 20
-116.626420055567
 30
0.0
 10
-15.8978125496069
 20
-118.2818085989202
 30
0.0
 10
-14.98463148023438
 20
-120.1332176018768
 30
0.0
1001
AcDbBlockRepETag
1070
1
1071
3
1005
62D7
  0
SPLINE
  5
62D8
330
62D2
100
AcDbEntity
  8
TOILET
100
AcDbSpline
 70
12
 71
2
 72
6
 73
3
 74
0
 42
1e-09
 40
0.0
 40
0.0
 40
0.0
 40
1.0
 40
1.0
 40
1.0
 41
1.0
 41
0.9999394938349438
 41
1.0
 10
-17.44755597133189
 20
-116.2119749156409
 30
0.0
 10
-17.29489382650354
 20
-116.4072604346074
 30
0.0
 10
-17.14656480950361
 20
-116.6058571782851
 30
0.0
1001
AcDbBlockRepETag
1070
1
1071
4
1005
62D8
  0
SPLINE
  5
62D9
330
62D2
100
AcDbEntity
  8
TOILET
100
AcDbSpline
 70
12
 71
2
 72
6
 73
3
 74
0
 42
1e-09
 40
0.0
 40
0.0
 40
0.0
 40
1.0
 40
1.0
 40
1.0
 41
1.0
 41
0.9853435922345815
 41
1.0
 10
13.6529198030621
 20
-123.5523769848005
 30
0.0
 10
14.79071225888765
 20
-119.8194107291201
 30
0.0
 10
17.11717310059612
 20
-116.6861713999096
 30
0.0
1001
AcDbBlockRepETag
1070
1
1071
5
1005
62D9
  0
SPLINE
  5
62DA
330
62D2
100
AcDbEntity
  8
TOILET
100
AcDbSpline
 70
12
 71
2
 72
6
 73
3
 74
0
 42
1e-09
 40
0.0
 40
0.0
 40
0.0
 40
1.0
 40
1.0
 40
1.0
 41
1.0
 41
0.999930888880012
 41
1.0
 10
17.13249691113015
 20
-116.6655501712375
 30
0.0
 10
17.29076643839653
 20
-116.4528041706726
 30
0.0
 10
17.45399420108879
 20
-116.2438381408356
 30
0.0
1001
AcDbBlockRepETag
1070
1
1071
6
1005
62DA
  0
SPLINE
  5
62DB
330
62D2
100
AcDbEntity
  8
TOILET
100
AcDbSpline
 70
12
 71
2
 72
6
 73
3
 74
0
 42
1e-09
 40
0.0
 40
0.0
 40
0.0
 40
1.0
 40
1.0
 40
1.0
 41
1.0
 41
0.9973884327324984
 41
1.0
 10
15.36554911608982
 20
-186.246147748061
 30
0.0
 10
16.57926930103713
 20
-181.2660195306453
 30
0.0
 10
17.06309066247195
 20
-176.1630047612125
 30
0.0
1001
AcDbBlockRepETag
1070
1
1071
7
1005
62DB
  0
SPLINE
  5
62DC
330
62D2
100
AcDbEntity
  8
TOILET
100
AcDbSpline
 70
12
 71
2
 72
6
 73
3
 74
0
 42
1e-09
 40
0.0
 40
0.0
 40
0.0
 40
1.0
 40
1.0
 40
1.0
 41
1.0
 41
0.9999972274526939
 41
1.0
 10
17.06309066247195
 20
-176.1630047612125
 30
0.0
 10
17.09610483067808
 20
-175.8432819776426
 30
0.0
 10
17.12735788407008
 20
-175.5233891097959
 30
0.0
1001
AcDbBlockRepETag
1070
1
1071
8
1005
62DC
  0
SPLINE
  5
62DD
330
62D2
100
AcDbEntity
  8
TOILET
100
AcDbSpline
 70
12
 71
2
 72
6
 73
3
 74
0
 42
1e-09
 40
0.0
 40
0.0
 40
0.0
 40
1.0
 40
1.0
 40
1.0
 41
1.0
 41
0.8816878552928976
 41
1.0
 10
-15.35985944433923
 20
-186.2685411865823
 30
0.0
 10
-13.61730892094783
 20
-193.0454252956042
 30
0.0
 10
-7.011977340400335
 20
-195.3551020145532
 30
0.0
1001
AcDbBlockRepETag
1070
1
1071
9
1005
62DD
  0
SPLINE
  5
62DE
330
62D2
100
AcDbEntity
  8
TOILET
100
AcDbSpline
 70
12
 71
2
 72
6
 73
3
 74
0
 42
1e-09
 40
0.0
 40
0.0
 40
0.0
 40
1.0
 40
1.0
 40
1.0
 41
1.0
 41
0.9817540189102356
 41
0.9999980294406434
 10
-7.011977340400335
 20
-195.3551020145532
 30
0.0
 10
-3.651285824438673
 20
-196.7760609128236
 30
0.0
 10
-0.0032573431526544
 20
-196.8395105185336
 30
0.0
1001
AcDbBlockRepETag
1070
1
1071
10
1005
62DE
  0
SPLINE
  5
62DF
330
62D2
100
AcDbEntity
  8
TOILET
100
AcDbSpline
 70
12
 71
2
 72
6
 73
3
 74
0
 42
1e-09
 40
0.0
 40
0.0
 40
0.0
 40
1.0
 40
1.0
 40
1.0
 41
0.9999980285092458
 41
0.981707997139482
 41
1.0
 10
-0.0032573431526544
 20
-196.8395105185336
 30
0.0
 10
3.648221052906592
 20
-196.7775608615411
 30
0.0
 10
7.011995479813776
 20
-195.3551020115046
 30
0.0
1001
AcDbBlockRepETag
1070
1
1071
11
1005
62DF
  0
SPLINE
  5
62E0
330
62D2
100
AcDbEntity
  8
TOILET
100
AcDbSpline
 70
12
 71
2
 72
6
 73
3
 74
0
 42
1e-09
 40
0.0
 40
0.0
 40
0.0
 40
1.0
 40
1.0
 40
1.0
 41
1.0
 41
0.8815868603445528
 41
1.0
 10
7.011995479813776
 20
-195.3551020115046
 30
0.0
 10
13.61858316256257
 20
-193.0465687447868
 30
0.0
 10
15.35988096825895
 20
-186.2685279537618
 30
0.0
1001
AcDbBlockRepETag
1070
1
1071
12
1005
62E0
  0
SPLINE
  5
62E1
330
62D2
100
AcDbEntity
  8
TOILET
100
AcDbSpline
 70
12
 71
2
 72
6
 73
3
 74
0
 42
1e-09
 40
-1.0
 40
-1.0
 40
-1.0
 40
0.0
 40
0.0
 40
0.0
 41
1.0
 41
0.993428574871937
 41
1.0
 10
-22.74473603969818
 20
-101.6772566014915
 30
0.0
 10
-23.42584702026215
 20
-99.07621654288234
 30
0.0
 10
-23.49757217056322
 20
-96.38830248759042
 30
0.0
1001
AcDbBlockRepETag
1070
1
1071
13
1005
62E1
  0
SPLINE
  5
62E2
330
62D2
100
AcDbEntity
  8
TOILET
100
AcDbSpline
 70
12
 71
2
 72
6
 73
3
 74
0
 42
1e-09
 40
0.0
 40
0.0
 40
0.0
 40
1.0
 40
1.0
 40
1.0
 41
1.0
 41
0.9999122922308334
 41
1.0
 10
-23.49757217056322
 20
-96.38830248759042
 30
0.0
 10
-23.50553382711223
 20
-96.08585106848479
 30
0.0
 10
-23.50554153302801
 20
-95.78342597310983
 30
0.0
1001
AcDbBlockRepETag
1070
1
1071
14
1005
62E2
  0
SPLINE
  5
62E3
330
62D2
100
AcDbEntity
  8
TOILET
100
AcDbSpline
 70
12
 71
2
 72
6
 73
3
 74
0
 42
1e-09
 40
0.0
 40
0.0
 40
0.0
 40
1.0
 40
1.0
 40
1.0
 41
1.0
 41
0.9999295831657619
 41
1.0
 10
-17.13348354481422
 20
-175.4604113242239
 30
0.0
 10
-19.32028872991213
 20
-153.4936515262743
 30
0.0
 10
-20.98515014688747
 20
-131.4811709696005
 30
0.0
1001
AcDbBlockRepETag
1070
1
1071
15
1005
62E3
  0
SPLINE
  5
62E4
330
62D2
100
AcDbEntity
  8
TOILET
100
AcDbSpline
 70
12
 71
2
 72
6
 73
3
 74
0
 42
1e-09
 40
0.0
 40
0.0
 40
0.0
 40
1.0
 40
1.0
 40
1.0
 41
1.0
 41
0.999993738718328
 41
1.0
 10
-20.98515014688747
 20
-131.4811709696005
 30
0.0
 10
-21.46208162209223
 20
-125.5038881454093
 30
0.0
 10
-23.27301252823236
 20
-99.05445890563715
 30
0.0
1001
AcDbBlockRepETag
1070
1
1071
16
1005
62E4
  0
SPLINE
  5
62E5
330
62D2
100
AcDbEntity
  8
TOILET
100
AcDbSpline
 70
12
 71
2
 72
6
 73
3
 74
0
 42
1e-09
 40
0.0
 40
0.0
 40
0.0
 40
1.0
 40
1.0
 40
1.0
 41
1.0
 41
0.9999936013482479
 41
1.0
 10
21.98132133203035
 20
-119.5301396637078
 30
0.0
 10
21.46186833359388
 20
-125.5038688577188
 30
0.0
 10
20.98516828019638
 20
-131.4811709741771
 30
0.0
1001
AcDbBlockRepETag
1070
1
1071
17
1005
62E5
  0
SPLINE
  5
62E6
330
62D2
100
AcDbEntity
  8
TOILET
100
AcDbSpline
 70
12
 71
2
 72
6
 73
3
 74
0
 42
1e-09
 40
0.0
 40
0.0
 40
0.0
 40
1.0
 40
1.0
 40
1.0
 41
1.0
 41
0.9999295831657619
 41
1.0
 10
20.98516828019638
 20
-131.4811709741771
 30
0.0
 10
19.32030668310472
 20
-153.4936531254425
 30
0.0
 10
17.13350135462679
 20
-175.4604145195117
 30
0.0
1001
AcDbBlockRepETag
1070
1
1071
18
1005
62E6
  0
SPLINE
  5
62E7
330
62D2
100
AcDbEntity
  8
TOILET
100
AcDbSpline
 70
12
 71
2
 72
6
 73
3
 74
0
 42
1e-09
 40
0.0
 40
0.0
 40
0.0
 40
1.0
 40
1.0
 40
1.0
 41
1.0
 41
0.9961539367195936
 41
1.0
 10
3.504321570086176
 20
-76.37845311017008
 30
0.0
 10
1.765718878290499
 20
-76.07022418473206
 30
0.0
 10
2.1450468921e-06
 20
-76.0702303311482
 30
0.0
1001
AcDbBlockRepETag
1070
1
1071
19
1005
62E7
  0
SPLINE
  5
62E8
330
62D2
100
AcDbEntity
  8
TOILET
100
AcDbSpline
 70
12
 71
2
 72
6
 73
3
 74
0
 42
1e-09
 40
-1.0
 40
-1.0
 40
-1.0
 40
0.0
 40
0.0
 40
0.0
 41
1.0
 41
0.9961738940310544
 41
1.0
 10
2.1450468921e-06
 20
-76.0702303311482
 30
0.0
 10
-1.761102222139015
 20
-76.07022372388019
 30
0.0
 10
-3.495303491705271
 20
-76.37685603384307
 30
0.0
1001
AcDbBlockRepETag
1070
1
1071
20
1005
62E8
  0
SPLINE
  5
62E9
330
62D2
100
AcDbEntity
  8
TOILET
100
AcDbSpline
 70
12
 71
2
 72
6
 73
3
 74
0
 42
1e-09
 40
0.0
 40
0.0
 40
0.0
 40
1.0
 40
1.0
 40
1.0
 41
1.0
 41
0.99999555898831
 41
0.9999999999999815
 10
-17.12737958657089
 20
-175.5229351744347
 30
0.0
 10
-17.09604010482872
 20
-175.8431782140033
 30
0.0
 10
-17.06279236772388
 20
-176.1632287686007
 30
0.0
1001
AcDbBlockRepETag
1070
1
1071
21
1005
62E9
  0
SPLINE
  5
62EA
330
62D2
100
AcDbEntity
  8
TOILET
100
AcDbSpline
 70
12
 71
2
 72
6
 73
3
 74
0
 42
1e-09
 40
0.0
 40
0.0
 40
0.0
 40
1.0
 40
1.0
 40
1.0
 41
0.9999999999990944
 41
0.9973762109867989
 41
1.0
 10
-17.06279236772388
 20
-176.1632287686007
 30
0.0
 10
-16.58008629737014
 20
-181.2662844810038
 30
0.0
 10
-15.36553098278091
 20
-186.246147748061
 30
0.0
1001
AcDbBlockRepETag
1070
1
1071
22
1005
62EA
  0
SPLINE
  5
62EB
330
62D2
100
AcDbEntity
  8
TOILET
100
AcDbSpline
 70
12
 71
3
 72
10
 73
6
 74
0
 42
1e-09
 40
0.0
 40
0.0
 40
0.0
 40
0.0
 40
0.4999999997671696
 40
0.4999999997671696
 40
1.0
 40
1.0
 40
1.0
 40
1.0
 41
1.0
 41
1.0
 41
1.0
 41
1.0
 41
1.0
 41
1.0
 10
-3.495985070730966
 20
-75.65054049075843
 30
0.0
 10
-8.839634962409036
 20
-76.45665905212081
 30
0.0
 10
-13.67930000649357
 20
-78.92953159462193
 30
0.0
 10
-20.62934585750918
 20
-86.08942805752304
 30
0.0
 10
-22.60676526117459
 20
-90.5967110983911
 30
0.0
 10
-22.84488175337902
 20
-96.55548431839271
 30
0.0
1001
AcDbBlockRepETag
1070
1
1071
23
1005
62EB
  0
SPLINE
  5
62EC
330
62D2
100
AcDbEntity
  8
TOILET
100
AcDbSpline
 70
24
 71
2
 72
6
 73
3
 74
0
 42
1e-09
 40
0.0
 40
0.0
 40
0.0
 40
1.0
 40
1.0
 40
1.0
 10
-22.84488175337902
 20
-96.55548431839271
 30
0.0
 10
-22.80851543664903
 20
-98.43373955384595
 30
0.0
 10
-22.77214911992633
 20
-100.3119947892919
 30
0.0
1001
AcDbBlockRepETag
1070
1
1071
24
1005
62EC
  0
SPLINE
  5
62ED
330
62D2
100
AcDbEntity
  8
TOILET
100
AcDbSpline
 70
8
 71
2
 72
6
 73
3
 74
0
 42
1e-09
 40
0.0
 40
0.0
 40
0.0
 40
1.0
 40
1.0
 40
1.0
 10
22.78833352420043
 20
-99.94978481584258
 30
0.0
 10
22.82119333131413
 20
-98.25263456712129
 30
0.0
 10
22.85405313537922
 20
-96.55548431839271
 30
0.0
1001
AcDbBlockRepETag
1070
1
1071
25
1005
62ED
  0
SPLINE
  5
62EE
330
62D2
100
AcDbEntity
  8
TOILET
100
AcDbSpline
 70
12
 71
3
 72
10
 73
6
 74
0
 42
1e-09
 40
0.0
 40
0.0
 40
0.0
 40
0.0
 40
0.5000000002328308
 40
0.5000000002328308
 40
1.0
 40
1.0
 40
1.0
 40
1.0
 41
1.0
 41
1.0
 41
1.0
 41
1.0
 41
1.0
 41
1.0
 10
22.85405313537922
 20
-96.55548431839271
 30
0.0
 10
22.6159256168321
 20
-90.5964832716054
 30
0.0
 10
20.63833589853311
 20
-86.08899691033002
 30
0.0
 10
13.68763652109192
 20
-78.92891895385401
 30
0.0
 10
8.84761137690657
 20
-76.45615152625396
 30
0.0
 10
3.503638080605014
 20
-75.65031343916053
 30
0.0
1001
AcDbBlockRepETag
1070
1
1071
26
1005
62EE
  0
SPLINE
  5
62EF
330
62D2
100
AcDbEntity
  8
TOILET
100
AcDbSpline
 70
12
 71
2
 72
6
 73
3
 74
0
 42
1e-09
 40
0.0
 40
0.0
 40
0.0
 40
1.0
 40
1.0
 40
1.0
 41
1.0
 41
0.9995116153729668
 41
1.0
 10
21.99210839220177
 20
-119.4060251033297
 30
0.0
 10
23.06562763723923
 20
-109.5482083028837
 30
0.0
 10
23.49752919666935
 20
-96.38834830959968
 30
0.0
1001
AcDbBlockRepETag
1070
1
1071
27
1005
62EF
  0
SPLINE
  5
62F0
330
62D2
100
AcDbEntity
  8
TOILET
100
AcDbSpline
 70
12
 71
2
 72
6
 73
3
 74
0
 42
1e-09
 40
-1.0
 40
-1.0
 40
-1.0
 40
0.0
 40
0.0
 40
0.0
 41
1.0
 41
0.9999122414737533
 41
1.0
 10
23.49752919666935
 20
-96.38834830959968
 30
0.0
 10
23.50555178644572
 20
-96.08594032901601
 30
0.0
 10
23.5055596663442
 20
-95.78342595174763
 30
0.0
1001
AcDbBlockRepETag
1070
1
1071
28
1005
62F0
  0
SPLINE
  5
62F1
330
62D2
100
AcDbEntity
  8
TOILET
100
AcDbSpline
 70
12
 71
3
 72
12
 73
8
 74
0
 42
1e-09
 40
0.0
 40
0.0
 40
0.0
 40
0.0
 40
0.2503438011046237
 40
0.2503438011046237
 40
0.5056921874665155
 40
0.5056921874665155
 40
1.0
 40
1.0
 40
1.0
 40
1.0
 41
1.0
 41
1.0
 41
1.0
 41
1.0
 41
1.0
 41
1.0
 41
1.0
 41
1.0
 10
0.0002509075275157
 20
-57.77401310345158
 30
0.0
 10
0.9091003932990133
 20
-57.77410155524558
 30
0.0
 10
1.74187916462688
 20
-58.00135228617
 30
0.0
 10
3.030337149793922
 20
-58.8269156486931
 30
0.0
 10
3.288225400159717
 20
-59.29621529162978
 30
0.0
 10
3.168161842309928
 20
-60.72109156654187
 30
0.0
 10
1.830903246773232
 20
-61.42116473771602
 30
0.0
 10
0.0002834188926499
 20
-61.42158986361028
 30
0.0
1001
AcDbBlockRepETag
1070
1
1071
29
1005
62F1
  0
SPLINE
  5
62F2
330
62D2
100
AcDbEntity
  8
TOILET
100
AcDbSpline
 70
12
 71
3
 72
12
 73
8
 74
0
 42
1e-09
 40
0.0
 40
0.0
 40
0.0
 40
0.0
 40
0.4980252657542123
 40
0.4980252657542123
 40
0.7424031546071187
 40
0.7424031546071187
 40
1.0
 40
1.0
 40
1.0
 40
1.0
 41
1.0
 41
1.0
 41
1.0
 41
1.0
 41
1.0
 41
1.0
 41
1.0
 41
1.0
 10
0.0002834188926499
 20
-61.42158986361028
 30
0.0
 10
-1.815191452158614
 20
-61.42085915282951
 30
0.0
 10
-3.165575265142251
 20
-60.72616506731719
 30
0.0
 10
-3.285075695457635
 20
-59.31898217905109
 30
0.0
 10
-2.969400003443297
 20
-58.78974188851135
 30
0.0
 10
-1.756082876454456
 20
-58.00787056980334
 30
0.0
 10
-0.9158882507763337
 20
-57.77426219857443
 30
0.0
 10
0.0002509075275157
 20
-57.77401310345158
 30
0.0
1001
AcDbBlockRepETag
1070
1
1071
30
1005
62F2
  0
SPLINE
  5
62F3
330
62D2
100
AcDbEntity
  8
TOILET
100
AcDbSpline
 70
8
 71
3
 72
11
 73
7
 74
0
 42
1e-09
 40
0.0
 40
0.0
 40
0.0
 40
0.0
 40
0.2130265842252535
 40
0.4513549308531708
 40
0.7213585319562622
 40
1.0
 40
1.0
 40
1.0
 40
1.0
 10
-3.109881258977111
 20
-60.22001173622266
 30
0.0
 10
-2.991869961027987
 20
-59.99519845456962
 30
0.0
 10
-2.623200787769746
 20
-59.59565180397476
 30
0.0
 10
-1.880358724112738
 20
-59.15717693596525
 30
0.0
 10
-0.9805157479422631
 20
-58.88761353986774
 30
0.0
 10
-0.3308870971668512
 20
-58.82116912017955
 30
0.0
 10
0.0002509075275157
 20
-58.82706732569204
 30
0.0
1001
AcDbBlockRepETag
1070
1
1071
31
1005
62F3
  0
SPLINE
  5
62F4
330
62D2
100
AcDbEntity
  8
TOILET
100
AcDbSpline
 70
12
 71
3
 72
10
 73
6
 74
0
 42
1e-09
 40
0.0
 40
0.0
 40
0.0
 40
0.0
 40
0.4356385210694925
 40
0.4356385210694925
 40
1.0
 40
1.0
 40
1.0
 40
1.0
 41
1.0
 41
1.0
 41
1.0
 41
1.0
 41
1.0
 41
1.0
 10
0.0002509075275157
 20
-58.82706732569204
 30
0.0
 10
1.162440442734805
 20
-58.8267747203281
 30
0.0
 10
1.944682054716395
 20
-59.20358991853572
 30
0.0
 10
2.749939106026431
 20
-59.6898998187462
 30
0.0
 10
2.983978365024086
 20
-59.95655040012207
 30
0.0
 10
3.113013287365902
 20
-60.21743393538781
 30
0.0
1001
AcDbBlockRepETag
1070
1
1071
32
1005
62F4
  0
SPLINE
  5
62F5
330
62D2
100
AcDbEntity
  8
TOILET
100
AcDbSpline
 70
12
 71
2
 72
6
 73
3
 74
0
 42
1e-09
 40
0.0
 40
0.0
 40
0.0
 40
1.0
 40
1.0
 40
1.0
 41
1.0
 41
0.9609049095075443
 41
0.9999999976815036
 10
17.47082536049129
 20
-116.2223196710401
 30
0.0
 10
21.88819147072354
 20
-110.6023782110933
 30
0.0
 10
22.63768248961424
 20
-103.4935717997068
 30
0.0
1001
AcDbBlockRepETag
1070
1
1071
33
1005
62F5
  0
SPLINE
  5
62F6
330
62D2
100
AcDbEntity
  8
TOILET
100
AcDbSpline
 70
12
 71
3
 72
12
 73
8
 74
0
 42
1e-09
 40
0.0
 40
0.0
 40
0.0
 40
0.0
 40
0.5028063661722602
 40
0.5028063661722602
 40
0.7507721666389454
 40
0.7507721666389454
 40
1.0
 40
1.0
 40
1.0
 40
1.0
 41
1.0
 41
1.0
 41
1.0
 41
1.0
 41
1.0
 41
1.0
 41
1.0
 41
1.0
 10
22.63768248960696
 20
-103.4935717997068
 30
0.0
 10
23.32041526873945
 20
-96.88369344570674
 30
0.0
 10
21.13997720616317
 20
-90.36624298132664
 30
0.0
 10
14.69964441320189
 20
-83.48934525165532
 30
0.0
 10
12.12447808121214
 20
-81.73682341566018
 30
0.0
 10
6.367221707419957
 20
-79.29247810482775
 30
0.0
 10
3.256013266000081
 20
-78.62688044864626
 30
0.0
 10
0.0045847830770072
 20
-78.56918846891494
 30
0.0
1001
AcDbBlockRepETag
1070
1
1071
34
1005
62F6
  0
SPLINE
  5
62F7
330
62D2
100
AcDbEntity
  8
TOILET
100
AcDbSpline
 70
12
 71
3
 72
12
 73
8
 74
0
 42
1e-09
 40
0.0
 40
0.0
 40
0.0
 40
0.0
 40
0.248236093381767
 40
0.248236093381767
 40
0.4963376381254222
 40
0.4963376381254222
 40
1.0
 40
1.0
 40
1.0
 40
1.0
 41
1.0
 41
1.0
 41
1.0
 41
1.0
 41
1.0
 41
1.0
 41
1.0
 41
1.0
 10
0.0045847830770072
 20
-78.56918846891494
 30
0.0
 10
-3.226191562032909
 20
-78.62650853788362
 30
0.0
 10
-6.370074032187403
 20
-79.29762146857684
 30
0.0
 10
-12.11633520043688
 20
-81.73722138312587
 30
0.0
 10
-14.69577218277845
 20
-83.49489828060905
 30
0.0
 10
-21.13144532740262
 20
-90.36718854293576
 30
0.0
 10
-23.31113226547314
 20
-96.88477909940411
 30
0.0
 10
-22.62862059124018
 20
-103.493586869743
 30
0.0
1001
AcDbBlockRepETag
1070
1
1071
35
1005
62F7
  0
SPLINE
  5
62F8
330
62D2
100
AcDbEntity
  8
TOILET
100
AcDbSpline
 70
12
 71
2
 72
6
 73
3
 74
0
 42
1e-09
 40
0.0
 40
0.0
 40
0.0
 40
1.0
 40
1.0
 40
1.0
 41
0.9999999983034188
 41
0.9612878988417696
 41
1.0
 10
-22.62862059124018
 20
-103.493586869743
 30
0.0
 10
-21.86624361170834
 20
-110.5822541749294
 30
0.0
 10
-17.46430228318786
 20
-116.1905814984857
 30
0.0
1001
AcDbBlockRepETag
1070
1
1071
36
1005
62F8
  0
SPLINE
  5
62F9
330
62D2
100
AcDbEntity
  8
TOILET
100
AcDbSpline
 70
12
 71
2
 72
6
 73
3
 74
0
 42
1e-09
 40
0.0
 40
0.0
 40
0.0
 40
1.0
 40
1.0
 40
1.0
 41
1.0
 41
1.0
 41
1.0
 10
-23.61889161086583
 20
-91.46635390059964
 30
0.0
 10
-23.59289516321587
 20
-92.45641711664211
 30
0.0
 10
-23.56687950263586
 20
-93.44652057438361
 30
0.0
1001
AcDbBlockRepETag
1070
1
1071
37
1005
62F9
  0
SPLINE
  5
62FA
330
62D2
100
AcDbEntity
  8
TOILET
100
AcDbSpline
 70
12
 71
2
 72
6
 73
3
 74
0
 42
1e-09
 40
0.0
 40
0.0
 40
0.0
 40
1.0
 40
1.0
 40
1.0
 41
1.0
 41
1.0
 41
1.0
 10
-23.56687950263586
 20
-93.44652057438361
 30
0.0
 10
-23.53621915990516
 20
-94.61448286571249
 30
0.0
 10
-23.50554152081895
 20
-95.7824039631596
 30
0.0
1001
AcDbBlockRepETag
1070
1
1071
38
1005
62FA
  0
SPLINE
  5
62FB
330
62D2
100
AcDbEntity
  8
TOILET
100
AcDbSpline
 70
12
 71
2
 72
6
 73
3
 74
0
 42
1e-09
 40
0.0
 40
0.0
 40
0.0
 40
1.0
 40
1.0
 40
1.0
 41
1.0
 41
0.7071255239225577
 41
1.0
 10
-23.50554152081895
 20
-95.7824039631596
 30
0.0
 10
-23.44524656859357
 20
-72.3371515079416
 30
0.0
 10
9.0513931355e-06
 20
-72.39620355421357
 30
0.0
1001
AcDbBlockRepETag
1070
1
1071
39
1005
62FB
  0
SPLINE
  5
62FC
330
62D2
100
AcDbEntity
  8
TOILET
100
AcDbSpline
 70
12
 71
2
 72
6
 73
3
 74
0
 42
1e-09
 40
0.0
 40
0.0
 40
0.0
 40
1.0
 40
1.0
 40
1.0
 41
1.0
 41
0.7071255318387996
 41
1.0
 10
9.0513931355e-06
 20
-72.39620355421357
 30
0.0
 10
23.44526442722417
 20
-72.3371517521009
 30
0.0
 10
23.50555965719832
 20
-95.7824039631596
 30
0.0
1001
AcDbBlockRepETag
1070
1
1071
40
1005
62FC
  0
SPLINE
  5
62FD
330
62D2
100
AcDbEntity
  8
TOILET
100
AcDbSpline
 70
12
 71
2
 72
6
 73
3
 74
0
 42
1e-09
 40
0.0
 40
0.0
 40
0.0
 40
1.0
 40
1.0
 40
1.0
 41
1.0
 41
1.0
 41
1.0
 10
23.50555965719832
 20
-95.7824039631596
 30
0.0
 10
23.53623772658466
 20
-94.61448289928374
 30
0.0
 10
23.56689589486632
 20
-93.4465205270826
 30
0.0
1001
AcDbBlockRepETag
1070
1
1071
41
1005
62FD
  0
SPLINE
  5
62FE
330
62D2
100
AcDbEntity
  8
TOILET
100
AcDbSpline
 70
12
 71
2
 72
6
 73
3
 74
0
 42
1e-09
 40
0.0
 40
0.0
 40
0.0
 40
1.0
 40
1.0
 40
1.0
 41
1.0
 41
1.0
 41
1.0
 10
23.56689589486632
 20
-93.4465205270826
 30
0.0
 10
23.59291370851861
 20
-92.45641710443306
 30
0.0
 10
23.61890974722337
 20
-91.46635390059964
 30
0.0
1001
AcDbBlockRepETag
1070
1
1071
42
1005
62FE
  0
SPLINE
  5
62FF
330
62D2
100
AcDbEntity
  8
TOILET
100
AcDbSpline
 70
12
 71
2
 72
6
 73
3
 74
0
 42
1e-09
 40
0.0
 40
0.0
 40
0.0
 40
1.0
 40
1.0
 40
1.0
 41
1.0
 41
1.0
 41
1.0
 10
-3.49594381886709
 20
-75.69451570362435
 30
0.0
 10
-3.495521982869831
 20
-76.14428105901607
 30
0.0
 10
-3.495110140167525
 20
-76.59430055271513
 30
0.0
1001
AcDbBlockRepETag
1070
1
1071
43
1005
62FF
  0
SPLINE
  5
6300
330
62D2
100
AcDbEntity
  8
TOILET
100
AcDbSpline
 70
12
 71
3
 72
10
 73
6
 74
0
 42
1e-09
 40
0.0
 40
0.0
 40
0.0
 40
0.0
 40
0.4930421512075898
 40
0.4930421512075898
 40
1.0
 40
1.0
 40
1.0
 40
1.0
 41
1.0
 41
1.0
 41
1.0
 41
1.0
 41
1.0
 41
1.0
 10
-3.495110140167525
 20
-76.59430055271513
 30
0.0
 10
-3.507107602556061
 20
-76.77730206795968
 30
0.0
 10
-3.131090506089094
 20
-76.87845750177803
 30
0.0
 10
-1.853569146180234
 20
-76.9791136161657
 30
0.0
 10
-0.9390603721112711
 20
-76.97565495347953
 30
0.0
 10
0.0045811635791324
 20
-76.96079669670144
 30
0.0
1001
AcDbBlockRepETag
1070
1
1071
44
1005
6300
  0
SPLINE
  5
6301
330
62D2
100
AcDbEntity
  8
TOILET
100
AcDbSpline
 70
12
 71
3
 72
10
 73
6
 74
0
 42
1e-09
 40
0.0
 40
0.0
 40
0.0
 40
0.0
 40
0.4937161800887976
 40
0.4937161800887976
 40
1.0
 40
1.0
 40
1.0
 40
1.0
 41
1.0
 41
1.0
 41
1.0
 41
1.0
 41
1.0
 41
1.0
 10
0.0045811635791324
 20
-76.96079669670144
 30
0.0
 10
0.933002651669085
 20
-76.97541624685982
 30
0.0
 10
1.849998763609619
 20
-76.97864596272848
 30
0.0
 10
3.169138047029264
 20
-76.8814383300487
 30
0.0
 10
3.510024246563261
 20
-76.77372935455787
 30
0.0
 10
3.504528796867816
 20
-76.59909590626921
 30
0.0
1001
AcDbBlockRepETag
1070
1
1071
45
1005
6301
  0
SPLINE
  5
6302
330
62D2
100
AcDbEntity
  8
TOILET
100
AcDbSpline
 70
12
 71
2
 72
6
 73
3
 74
0
 42
1e-09
 40
0.0
 40
0.0
 40
0.0
 40
1.0
 40
1.0
 40
1.0
 41
1.0
 41
1.0
 41
1.0
 10
3.504528796867816
 20
-76.59909590626921
 30
0.0
 10
3.504106033113203
 20
-76.14899314129434
 30
0.0
 10
3.503683669143356
 20
-75.69889037327084
 30
0.0
1001
AcDbBlockRepETag
1070
1
1071
46
1005
6302
  0
SPLINE
  5
6303
330
62D2
100
AcDbEntity
  8
TOILET
100
AcDbSpline
 70
12
 71
2
 72
6
 73
3
 74
0
 42
1e-09
 40
-1.0
 40
-1.0
 40
-1.0
 40
0.0
 40
0.0
 40
0.0
 41
1.0
 41
0.9922391157561165
 41
1.0
 10
13.6510612929851
 20
-123.5585014392782
 30
0.0
 10
12.85973595346877
 20
-126.1606804730618
 30
0.0
 10
12.73498466253659
 20
-128.8777246562313
 30
0.0
1001
AcDbBlockRepETag
1070
1
1071
47
1005
6303
  0
SPLINE
  5
6304
330
62D2
100
AcDbEntity
  8
TOILET
100
AcDbSpline
 70
12
 71
2
 72
6
 73
3
 74
0
 42
1e-09
 40
0.0
 40
0.0
 40
0.0
 40
1.0
 40
1.0
 40
1.0
 41
1.0
 41
1.0
 41
1.0
 10
12.73498466253659
 20
-128.8777246562313
 30
0.0
 10
12.2259569013695
 20
-140.2900073751298
 30
0.0
 10
11.71669790297892
 20
-151.7022134544168
 30
0.0
1001
AcDbBlockRepETag
1070
1
1071
48
1005
6304
  0
SPLINE
  5
6305
330
62D2
100
AcDbEntity
  8
TOILET
100
AcDbSpline
 70
12
 71
2
 72
6
 73
3
 74
0
 42
1e-09
 40
0.0
 40
0.0
 40
0.0
 40
1.0
 40
1.0
 40
1.0
 41
1.0
 41
0.9999999967403708
 41
1.0
 10
11.71669790297892
 20
-151.7022134544168
 30
0.0
 10
11.35090581034456
 20
-159.9113532566553
 30
0.0
 10
10.98379197933536
 20
-168.1209161629303
 30
0.0
1001
AcDbBlockRepETag
1070
1
1071
49
1005
6305
  0
SPLINE
  5
6306
330
62D2
100
AcDbEntity
  8
TOILET
100
AcDbSpline
 70
12
 71
2
 72
6
 73
3
 74
0
 42
1e-09
 40
0.0
 40
0.0
 40
0.0
 40
1.0
 40
1.0
 40
1.0
 41
1.0
 41
0.9942355009426594
 41
0.9999999985646324
 10
10.98379197933536
 20
-168.1209161629303
 30
0.0
 10
10.93306708875025
 20
-169.2274358659633
 30
0.0
 10
10.64772064759745
 20
-170.2972346939423
 30
0.0
1001
AcDbBlockRepETag
1070
1
1071
50
1005
6306
  0
ARC
  5
6307
330
62D2
100
AcDbEntity
  8
TOILET
100
AcDbCircle
 10
-0.1113210000039544
 20
-166.7509389999977
 30
0.0
 40
11.328424
100
AcDbArc
 50
220.16728199994
 51
341.7572249998074
1001
AcDbBlockRepETag
1070
1
1071
51
1005
6307
  0
SPLINE
  5
6308
330
62D2
100
AcDbEntity
  8
TOILET
100
AcDbSpline
 70
12
 71
2
 72
6
 73
3
 74
0
 42
1e-09
 40
0.0
 40
0.0
 40
0.0
 40
1.0
 40
1.0
 40
1.0
 41
0.9999999929553307
 41
0.9542504015930028
 41
1.0
 10
-8.768100282686646
 20
-174.058015212453
 30
0.0
 10
-10.80122088602365
 20
-171.4360282388297
 30
0.0
 10
-10.97453558802226
 20
-168.1226678445018
 30
0.0
1001
AcDbBlockRepETag
1070
1
1071
52
1005
6308
  0
SPLINE
  5
6309
330
62D2
100
AcDbEntity
  8
TOILET
100
AcDbSpline
 70
12
 71
2
 72
6
 73
3
 74
0
 42
1e-09
 40
0.0
 40
0.0
 40
0.0
 40
1.0
 40
1.0
 40
1.0
 41
1.0
 41
0.9999999967403708
 41
1.0
 10
-10.97453558802226
 20
-168.1226678445018
 30
0.0
 10
-11.34168520500679
 20
-159.9124721689804
 30
0.0
 10
-11.70752932105097
 20
-151.7022182153086
 30
0.0
1001
AcDbBlockRepETag
1070
1
1071
53
1005
6309
  0
SPLINE
  5
630A
330
62D2
100
AcDbEntity
  8
TOILET
100
AcDbSpline
 70
12
 71
2
 72
6
 73
3
 74
0
 42
1e-09
 40
-1.0
 40
-1.0
 40
-1.0
 40
0.0
 40
0.0
 40
0.0
 41
1.0
 41
1.0
 41
1.0
 10
-11.70752932105097
 20
-151.7022182153086
 30
0.0
 10
-12.21755508020578
 20
-140.2729997180358
 30
0.0
 10
-12.72733713684283
 20
-128.8437038975462
 30
0.0
1001
AcDbBlockRepETag
1070
1
1071
54
1005
630A
  0
SPLINE
  5
630B
330
62D2
100
AcDbEntity
  8
TOILET
100
AcDbSpline
 70
12
 71
2
 72
6
 73
3
 74
0
 42
1e-09
 40
-1.0
 40
-1.0
 40
-1.0
 40
0.0
 40
0.0
 40
0.0
 41
1.0
 41
0.9787276023899799
 41
1.0
 10
-12.72733713684283
 20
-128.8437038975462
 30
0.0
 10
-12.94120692204888
 20
-124.2589548100659
 30
0.0
 10
-14.9782753261752
 20
-120.1461203302315
 30
0.0
1001
AcDbBlockRepETag
1070
1
1071
55
1005
630B
  0
SPLINE
  5
630C
330
62D2
100
AcDbEntity
  8
TOILET
100
AcDbSpline
 70
12
 71
2
 72
6
 73
3
 74
0
 42
1e-09
 40
-1.0
 40
-1.0
 40
-1.0
 40
0.0
 40
0.0
 40
0.0
 41
1.0
 41
1.0
 41
1.0
 10
-23.61988282152743
 20
-91.42860836393083
 30
0.0
 10
-23.68133056161605
 20
-89.08733904418477
 30
0.0
 10
-23.74278115521883
 20
-86.74606980073439
 30
0.0
1001
AcDbBlockRepETag
1070
1
1071
56
1005
630C
  0
SPLINE
  5
630D
330
62D2
100
AcDbEntity
  8
TOILET
100
AcDbSpline
 70
12
 71
2
 72
6
 73
3
 74
0
 42
1e-09
 40
0.0
 40
0.0
 40
0.0
 40
1.0
 40
1.0
 40
1.0
 41
1.0
 41
0.9999999883584678
 41
1.0
 10
-23.74278115521883
 20
-86.74606980073439
 30
0.0
 10
-23.77089607564994
 20
-85.66889751763667
 30
0.0
 10
-23.79934164290899
 20
-84.59173391707736
 30
0.0
1001
AcDbBlockRepETag
1070
1
1071
57
1005
630D
  0
SPLINE
  5
630E
330
62D2
100
AcDbEntity
  8
TOILET
100
AcDbSpline
 70
12
 71
2
 72
6
 73
3
 74
0
 42
1e-09
 40
0.0
 40
0.0
 40
0.0
 40
1.0
 40
1.0
 40
1.0
 41
1.0
 41
1.0
 41
1.0
 10
-23.79934164290899
 20
-84.59173391707736
 30
0.0
 10
-23.89944379444933
 20
-80.77954770228826
 30
0.0
 10
-23.99951834811509
 20
-76.96736076115485
 30
0.0
1001
AcDbBlockRepETag
1070
1
1071
58
1005
630E
  0
SPLINE
  5
630F
330
62D2
100
AcDbEntity
  8
TOILET
100
AcDbSpline
 70
12
 71
2
 72
8
 73
5
 74
0
 42
1e-09
 40
-1.0
 40
-1.0
 40
-1.0
 40
-0.5000000002328308
 40
-0.5000000002328308
 40
0.0
 40
0.0
 40
0.0
 41
1.0
 41
0.923873602377192
 41
1.0
 41
0.923873602377192
 41
1.0
 10
-23.99951834811509
 20
-76.96736076115485
 30
0.0
 10
-23.98569638700428
 20
-67.04045728814526
 30
0.0
 10
-16.95632479058258
 20
-60.03106797573128
 30
0.0
 10
-9.926953194164525
 20
-53.02167866331728
 30
0.0
 10
-2.55336999544e-05
 20
-53.03611592336529
 30
0.0
1001
AcDbBlockRepETag
1070
1
1071
59
1005
630F
  0
SPLINE
  5
6310
330
62D2
100
AcDbEntity
  8
TOILET
100
AcDbSpline
 70
12
 71
2
 72
6
 73
3
 74
0
 42
1e-09
 40
-1.0
 40
-1.0
 40
-1.0
 40
0.0
 40
0.0
 40
0.0
 41
1.0
 41
0.707185412155085
 41
1.0
 10
-2.55336999544e-05
 20
-53.03611592336529
 30
0.0
 10
23.96272939808841
 20
-53.0046384856978
 30
0.0
 10
23.999536481424
 20
-76.96736076115485
 30
0.0
1001
AcDbBlockRepETag
1070
1
1071
60
1005
6310
  0
SPLINE
  5
6311
330
62D2
100
AcDbEntity
  8
TOILET
100
AcDbSpline
 70
12
 71
2
 72
6
 73
3
 74
0
 42
1e-09
 40
0.0
 40
0.0
 40
0.0
 40
1.0
 40
1.0
 40
1.0
 41
1.0
 41
1.0
 41
1.0
 10
23.999536481424
 20
-76.96736076115485
 30
0.0
 10
23.89946193691867
 20
-80.77954918243633
 30
0.0
 10
23.79935978231515
 20
-84.59173687737346
 30
0.0
1001
AcDbBlockRepETag
1070
1
1071
61
1005
6311
  0
SPLINE
  5
6312
330
62D2
100
AcDbEntity
  8
TOILET
100
AcDbSpline
 70
12
 71
2
 72
6
 73
3
 74
0
 42
1e-09
 40
0.0
 40
0.0
 40
0.0
 40
1.0
 40
1.0
 40
1.0
 41
1.0
 41
0.9999999883584678
 41
1.0
 10
23.79935978231515
 20
-84.59173687737346
 30
0.0
 10
23.77091421208752
 20
-85.66889899778471
 30
0.0
 10
23.74279928852047
 20
-86.74606980073439
 30
0.0
1001
AcDbBlockRepETag
1070
1
1071
62
1005
6312
  0
SPLINE
  5
6313
330
62D2
100
AcDbEntity
  8
TOILET
100
AcDbSpline
 70
12
 71
2
 72
6
 73
3
 74
0
 42
1e-09
 40
-1.0
 40
-1.0
 40
-1.0
 40
0.0
 40
0.0
 40
0.0
 41
1.0
 41
1.0
 41
1.0
 10
23.74279928852047
 20
-86.74606980073439
 30
0.0
 10
23.68134869492497
 20
-89.08733904418477
 30
0.0
 10
23.61990095482906
 20
-91.42860836393083
 30
0.0
1001
AcDbBlockRepETag
1070
1
1071
63
1005
6313
  0
LINE
  5
6314
330
62D2
100
AcDbEntity
  8
TOILET
100
AcDbLine
 10
-40.0
 20
-70.0
 30
0.0
 11
40.0
 21
-70.0
 31
0.0
1001
AcDbBlockRepETag
1070
1
1071
64
1005
6314
  0
LINE
  5
6315
330
62D2
100
AcDbEntity
  8
TOILET
100
AcDbLine
 10
0.0
 20
-595.0
 30
0.0
 11
0.0
 21
125.0
 31
0.0
1001
AcDbBlockRepETag
1070
1
1071
65
1005
6315
  0
LINE
  5
6316
330
62D2
100
AcDbEntity
  8
TOILET
100
AcDbLine
 10
-270.0
 20
0.0
 30
0.0
 11
-267.8387299999958
 21
-216.1270629999999
 31
0.0
1001
AcDbBlockRepETag
1070
1
1071
66
1005
6316
  0
ARC
  5
6317
330
62D2
100
AcDbEntity
  8
TOILET
100
AcDbCircle
 10
32.14626300000237
 20
-213.1263949999993
 30
0.0
 40
300.0
100
AcDbArc
 50
180.5730950001067
 51
188.5632080001227
1001
AcDbBlockRepETag
1070
1
1071
67
1005
6317
  0
ARC
  5
6318
330
62D2
100
AcDbEntity
  8
TOILET
100
AcDbCircle
 10
-37.07339099999809
 20
-223.5494219999964
 30
0.0
 40
230.0
100
AcDbArc
 50
188.5632080001227
 51
222.1433990002973
1001
AcDbBlockRepETag
1070
1
1071
68
1005
6318
  0
ARC
  5
6319
330
62D2
100
AcDbEntity
  8
TOILET
100
AcDbCircle
 10
0.0
 20
-190.0
 30
0.0
 40
280.0
100
AcDbArc
 50
222.1433990002973
 51
270.0
1001
AcDbBlockRepETag
1070
1
1071
69
1005
6319
  0
ARC
  5
631A
330
62D2
100
AcDbEntity
  8
TOILET
100
AcDbCircle
 10
0.0
 20
-190.0
 30
0.0
 40
235.0
100
AcDbArc
 50
230.2678949999755
 51
270.0
1001
AcDbBlockRepETag
1070
1
1071
70
1005
631A
  0
ARC
  5
631B
330
62D2
100
AcDbEntity
  8
TOILET
100
AcDbCircle
 10
0.0
 20
-200.0
 30
0.0
 40
20.5
100
AcDbArc
 50
138.3944202971803
 51
41.60543350605425
1001
AcDbBlockRepETag
1070
1
1071
71
1005
631B
  0
ARC
  5
631C
330
62D2
100
AcDbEntity
  8
TOILET
100
AcDbCircle
 10
0.0
 20
-200.0
 30
0.0
 40
32.5
100
AcDbArc
 50
122.4110487866798
 51
57.58891558732345
1001
AcDbBlockRepETag
1070
1
1071
72
1005
631C
  0
ARC
  5
631D
330
62D2
100
AcDbEntity
  8
TOILET
100
AcDbCircle
 10
-31.00316999999632
 20
-227.3009509999974
 30
0.0
 40
186.49683
100
AcDbArc
 50
157.7257549999494
 51
230.2678949999755
1001
AcDbBlockRepETag
1070
1
1071
73
1005
631D
  0
ARC
  5
631E
330
62D2
100
AcDbEntity
  8
TOILET
100
AcDbCircle
 10
0.0
 20
-240.0
 30
0.0
 40
220.0
100
AcDbArc
 50
90.0
 51
157.7257549999494
1001
AcDbBlockRepETag
1070
1
1071
74
1005
631E
  0
ARC
  5
631F
330
62D2
100
AcDbEntity
  8
TOILET
100
AcDbCircle
 10
0.0
 20
-240.0
 30
0.0
 40
210.0
100
AcDbArc
 50
90.0
 51
143.1301020001401
1001
AcDbBlockRepETag
1070
1
1071
75
1005
631F
  0
ARC
  5
6320
330
62D2
100
AcDbEntity
  8
TOILET
100
AcDbCircle
 10
-160.0
 20
-120.0
 30
0.0
 40
10.0
100
AcDbArc
 50
143.1301020001401
 51
270.0
1001
AcDbBlockRepETag
1070
1
1071
76
1005
6320
  0
LINE
  5
6321
330
62D2
100
AcDbEntity
  8
TOILET
100
AcDbLine
 10
-160.0
 20
-130.0
 30
0.0
 11
0.0
 21
-130.0
 31
0.0
1001
AcDbBlockRepETag
1070
1
1071
77
1005
6321
  0
LINE
  5
6322
330
62D2
100
AcDbEntity
  8
TOILET
100
AcDbLine
 10
-270.0
 20
0.0
 30
0.0
 11
0.0
 21
0.0
 31
0.0
1001
AcDbBlockRepETag
1070
1
1071
78
1005
6322
  0
LINE
  5
6323
330
62D2
100
AcDbEntity
  8
TOILET
100
AcDbLine
 10
270.0
 20
0.0
 30
0.0
 11
267.8387290000028
 21
-216.1270629999999
 31
0.0
1001
AcDbBlockRepETag
1070
1
1071
79
1005
6323
  0
ARC
  5
6324
330
62D2
100
AcDbEntity
  8
TOILET
100
AcDbCircle
 10
-32.14626399999543
 20
-213.1263949999993
 30
0.0
 40
300.0
100
AcDbArc
 50
351.4367919998772
 51
359.4269049998933
1001
AcDbBlockRepETag
1070
1
1071
80
1005
6324
  0
ARC
  5
6325
330
62D2
100
AcDbEntity
  8
TOILET
100
AcDbCircle
 10
37.07339000000502
 20
-223.5494219999964
 30
0.0
 40
230.0
100
AcDbArc
 50
317.8566009997027
 51
351.4367919998772
1001
AcDbBlockRepETag
1070
1
1071
81
1005
6325
  0
ARC
  5
6326
330
62D2
100
AcDbEntity
  8
TOILET
100
AcDbCircle
 10
0.0
 20
-190.0
 30
0.0
 40
280.0
100
AcDbArc
 50
270.0
 51
317.8566009997027
1001
AcDbBlockRepETag
1070
1
1071
82
1005
6326
  0
ARC
  5
6327
330
62D2
100
AcDbEntity
  8
TOILET
100
AcDbCircle
 10
0.0
 20
-190.0
 30
0.0
 40
235.0
100
AcDbArc
 50
270.0
 51
309.7321050000245
1001
AcDbBlockRepETag
1070
1
1071
83
1005
6327
  0
ARC
  5
6328
330
62D2
100
AcDbEntity
  8
TOILET
100
AcDbCircle
 10
31.00316900000326
 20
-227.3009509999974
 30
0.0
 40
186.49683
100
AcDbArc
 50
309.7321050000245
 51
22.27424500005054
1001
AcDbBlockRepETag
1070
1
1071
84
1005
6328
  0
ARC
  5
6329
330
62D2
100
AcDbEntity
  8
TOILET
100
AcDbCircle
 10
0.0
 20
-240.0
 30
0.0
 40
220.0
100
AcDbArc
 50
22.27424500005054
 51
90.0
1001
AcDbBlockRepETag
1070
1
1071
85
1005
6329
  0
ARC
  5
632A
330
62D2
100
AcDbEntity
  8
TOILET
100
AcDbCircle
 10
0.0
 20
-240.0
 30
0.0
 40
210.0
100
AcDbArc
 50
36.86989799985993
 51
90.0
1001
AcDbBlockRepETag
1070
1
1071
86
1005
632A
  0
ARC
  5
632B
330
62D2
100
AcDbEntity
  8
TOILET
100
AcDbCircle
 10
160.0
 20
-120.0
 30
0.0
 40
10.0
100
AcDbArc
 50
270.0
 51
36.86989799985993
1001
AcDbBlockRepETag
1070
1
1071
87
1005
632B
  0
LINE
  5
632C
330
62D2
100
AcDbEntity
  8
TOILET
100
AcDbLine
 10
160.0
 20
-130.0
 30
0.0
 11
0.0
 21
-130.0
 31
0.0
1001
AcDbBlockRepETag
1070
1
1071
88
1005
632C
  0
LINE
  5
632D
330
62D2
100
AcDbEntity
  8
TOILET
100
AcDbLine
 10
270.0
 20
0.0
 30
0.0
 11
0.0
 21
0.0
 31
0.0
1001
AcDbBlockRepETag
1070
1
1071
89
1005
632D
  0
ENDBLK
  5
632E
330
62D2
100
AcDbEntity
  8
0
100
AcDbBlockEnd
  0
BLOCK
  5
6330
330
632F
100
AcDbEntity
  8
0
100
AcDbBlockBegin
  2
2800RKEJTRLY
 70
0
 10
0.0
 20
0.0
 30
0.0
  3
2800RKEJTRLY
  1

  0
LWPOLYLINE
  5
6331
330
632F
100
AcDbEntity
  8
WID-S
100
AcDbPolyline
 90
16
 70
1
 10
57.00000001350417
 20
-12.99999999906868
 10
57.00000001350417
 20
-2.999999999068677
 10
57.00000001350417
 20
-2.999999999068677
 10
57.00000001350417
 20
-2.999999999068677
 10
57.00000001350417
 20
-2.999999999068677
 10
57.00000001350417
 20
-2.999999999068677
 10
13.00000001350418
 20
-2.999999999068677
 10
13.00000001350418
 20
-2.999999999068677
 10
13.00000001350418
 20
-2.999999999068677
 10
13.00000001350418
 20
-2.999999999068677
 10
13.00000001350418
 20
-2.999999999068677
 10
13.00000001350418
 20
-96.99999999906868
 10
57.00000001350417
 20
-96.99999999906868
 10
57.00000001350417
 20
-86.99999999906868
 10
42.00000001350417
 20
-86.99999999906868
 10
42.00000001350417
 20
-12.99999999906868
  0
LWPOLYLINE
  5
6332
330
632F
100
AcDbEntity
  8
WID-S
100
AcDbPolyline
 90
16
 70
1
 10
60.00000001350418
 20
-15.99999999906868
 10
60.00000001350418
 20
9.313226e-10
 10
60.00000001350418
 20
9.313226e-10
 10
60.00000001350418
 20
9.313226e-10
 10
60.00000001350418
 20
9.313226e-10
 10
60.00000001350418
 20
9.313226e-10
 10
10.00000001350417
 20
9.313226e-10
 10
10.00000001350417
 20
9.313226e-10
 10
10.00000001350417
 20
9.313226e-10
 10
10.00000001350417
 20
9.313226e-10
 10
10.00000001350417
 20
9.313226e-10
 10
10.00000001350417
 20
-99.99999999906869
 10
60.00000001350418
 20
-99.99999999906869
 10
60.00000001350418
 20
-83.99999999906866
 10
45.00000001350417
 20
-83.99999999906866
 10
45.00000001350417
 20
-15.99999999906868
  0
LINE
  5
6333
330
632F
100
AcDbEntity
  8
WID-S
100
AcDbLine
 10
45.00000001350417
 20
-49.99999999906868
 30
0.0
 11
60.00000001350418
 21
-49.99999999906868
 31
0.0
  0
LWPOLYLINE
  5
6334
330
632F
100
AcDbEntity
  8
WID-S
100
AcDbPolyline
 90
4
 70
1
 10
130.0000000130385
 20
-47.99999999953434
 10
130.0000000135042
 20
-17.99999999953434
 10
50.00000001396983
 20
-18.0
 10
50.00000001303852
 20
-47.99999999953434
1001
INERCAD20
1000
UnNamed
1070
2001
1071
2
  0
LWPOLYLINE
  5
6335
330
632F
100
AcDbEntity
  8
WID-S
100
AcDbPolyline
 90
4
 70
1
 10
127.0000000130385
 20
-44.99999999953433
 10
127.0000000135041
 20
-20.99999999953434
 10
53.00000001396984
 20
-21.0
 10
53.00000001327134
 20
-44.99999999953433
1001
INERCAD20
1000
UnNamed
1070
2001
1071
2
  0
LINE
  5
6336
330
632F
100
AcDbEntity
  8
WID
100
AcDbLine
 10
710.000000013737
 20
-30.5
 30
0.0
 11
130.0000000139698
 21
-30.49999999953434
 31
0.0
1001
INERCAD20
1000
UnNamed
1070
2001
1071
1
  0
LWPOLYLINE
  5
6337
330
632F
100
AcDbEntity
  8
WID-S
100
AcDbPolyline
 90
4
 70
1
 10
710.0000000142026
 20
-47.99999999953434
 10
710.000000013737
 20
-17.99999999953434
 10
790.0000000132713
 20
-18.0
 10
790.0000000142027
 20
-47.99999999953434
1001
INERCAD20
1000
UnNamed
1070
2001
1071
2
  0
LWPOLYLINE
  5
6338
330
632F
100
AcDbEntity
  8
WID-S
100
AcDbPolyline
 90
4
 70
1
 10
713.0000000142026
 20
-44.99999999953433
 10
713.0000000139698
 20
-20.99999999953434
 10
787.0000000135042
 20
-21.0
 10
787.0000000142026
 20
-44.99999999953433
1001
INERCAD20
1000
UnNamed
1070
2001
1071
2
  0
LINE
  5
6339
330
632F
100
AcDbEntity
  8
ELE-2
100
AcDbLine
 10
750.0000000135042
 20
-299.9999999995343
 30
0.0
 11
750.000000013737
 21
300.0000000004657
 31
0.0
  0
LWPOLYLINE
  5
633A
330
632F
100
AcDbEntity
  8
WID-S
100
AcDbPolyline
 90
4
 70
1
 10
710.0000000144355
 20
-82.0
 10
710.0000000139698
 20
-52.0
 10
790.0000000135041
 20
-52.00000000046566
 10
790.0000000144355
 20
-82.0
1001
INERCAD20
1000
UnNamed
1070
2001
1071
2
  0
LWPOLYLINE
  5
633B
330
632F
100
AcDbEntity
  8
WID-S
100
AcDbPolyline
 90
4
 70
1
 10
713.0000000144355
 20
-79.0
 10
713.0000000142026
 20
-55.0
 10
787.000000013737
 20
-55.00000000046566
 10
787.0000000144354
 20
-79.0
1001
INERCAD20
1000
UnNamed
1070
2001
1071
2
  0
LWPOLYLINE
  5
633C
330
632F
100
AcDbEntity
  8
WID-S
100
AcDbPolyline
 90
16
 70
1
 10
57.00000001350417
 20
87.00000000093131
 10
57.00000001350417
 20
97.00000000093134
 10
57.00000001350417
 20
97.00000000093134
 10
57.00000001350417
 20
97.00000000093134
 10
57.00000001350417
 20
97.00000000093134
 10
57.00000001350417
 20
97.00000000093134
 10
13.00000001350418
 20
97.00000000093134
 10
13.00000001350418
 20
97.00000000093134
 10
13.00000001350418
 20
97.00000000093134
 10
13.00000001350418
 20
97.00000000093134
 10
13.00000001350418
 20
97.00000000093134
 10
13.00000001350418
 20
3.000000000931322
 10
57.00000001350417
 20
3.000000000931322
 10
57.00000001350417
 20
13.00000000093132
 10
42.00000001350417
 20
13.00000000093132
 10
42.00000001350417
 20
87.00000000093131
  0
LWPOLYLINE
  5
633D
330
632F
100
AcDbEntity
  8
WID-S
100
AcDbPolyline
 90
16
 70
1
 10
60.00000001350418
 20
84.00000000093132
 10
60.00000001350418
 20
100.0000000009313
 10
60.00000001350418
 20
100.0000000009313
 10
60.00000001350418
 20
100.0000000009313
 10
60.00000001350418
 20
100.0000000009313
 10
60.00000001350418
 20
100.0000000009313
 10
10.00000001350417
 20
100.0000000009313
 10
10.00000001350417
 20
100.0000000009313
 10
10.00000001350417
 20
100.0000000009313
 10
10.00000001350417
 20
100.0000000009313
 10
10.00000001350417
 20
100.0000000009313
 10
10.00000001350417
 20
9.313226e-10
 10
60.00000001350418
 20
9.313226e-10
 10
60.00000001350418
 20
16.00000000093132
 10
45.00000001350417
 20
16.00000000093132
 10
45.00000001350417
 20
84.00000000093132
  0
LINE
  5
633E
330
632F
100
AcDbEntity
  8
WID-S
100
AcDbLine
 10
45.00000001350417
 20
50.00000000093132
 30
0.0
 11
60.00000001350418
 21
50.00000000093132
 31
0.0
  0
LWPOLYLINE
  5
633F
330
632F
100
AcDbEntity
  8
WID-S
100
AcDbPolyline
 90
4
 70
1
 10
130.0000000130385
 20
52.00000000046566
 10
130.0000000135042
 20
82.00000000046566
 10
50.00000001396983
 20
82.0
 10
50.00000001303852
 20
52.00000000046566
1001
INERCAD20
1000
UnNamed
1070
2001
1071
2
  0
LWPOLYLINE
  5
6340
330
632F
100
AcDbEntity
  8
WID-S
100
AcDbPolyline
 90
4
 70
1
 10
127.0000000130385
 20
55.00000000046566
 10
127.0000000135041
 20
79.00000000046566
 10
53.00000001396984
 20
79.0
 10
53.00000001327134
 20
55.00000000046566
1001
INERCAD20
1000
UnNamed
1070
2001
1071
2
  0
LINE
  5
6341
330
632F
100
AcDbEntity
  8
WID
100
AcDbLine
 10
710.000000013737
 20
69.5
 30
0.0
 11
130.0000000139698
 21
69.50000000046566
 31
0.0
1001
INERCAD20
1000
UnNamed
1070
2001
1071
1
  0
LWPOLYLINE
  5
6342
330
632F
100
AcDbEntity
  8
WID-S
100
AcDbPolyline
 90
4
 70
1
 10
710.0000000142026
 20
52.00000000046566
 10
710.000000013737
 20
82.00000000046566
 10
790.0000000132713
 20
82.0
 10
790.0000000142027
 20
52.00000000046566
1001
INERCAD20
1000
UnNamed
1070
2001
1071
2
  0
LWPOLYLINE
  5
6343
330
632F
100
AcDbEntity
  8
WID-S
100
AcDbPolyline
 90
4
 70
1
 10
713.0000000142026
 20
55.00000000046566
 10
713.0000000139698
 20
79.00000000046566
 10
787.0000000135042
 20
79.0
 10
787.0000000142026
 20
55.00000000046566
1001
INERCAD20
1000
UnNamed
1070
2001
1071
2
  0
LWPOLYLINE
  5
6344
330
632F
100
AcDbEntity
  8
WID-S
100
AcDbPolyline
 90
4
 70
1
 10
710.0000000144355
 20
18.0
 10
710.0000000139698
 20
48.0
 10
790.0000000135041
 20
47.99999999953434
 10
790.0000000144355
 20
18.0
1001
INERCAD20
1000
UnNamed
1070
2001
1071
2
  0
LWPOLYLINE
  5
6345
330
632F
100
AcDbEntity
  8
WID-S
100
AcDbPolyline
 90
4
 70
1
 10
713.0000000144355
 20
21.0
 10
713.0000000142026
 20
45.0
 10
787.000000013737
 20
44.99999999953433
 10
787.0000000144354
 20
21.0
1001
INERCAD20
1000
UnNamed
1070
2001
1071
2
  0
LINE
  5
6346
330
632F
100
AcDbEntity
  8
WID
100
AcDbLine
 10
710.000000013737
 20
-35.5
 30
0.0
 11
130.0000000139698
 21
-35.49999999953434
 31
0.0
1001
INERCAD20
1000
UnNamed
1070
2001
1071
1
  0
LINE
  5
6347
330
632F
100
AcDbEntity
  8
WID
100
AcDbLine
 10
710.000000013737
 20
64.5
 30
0.0
 11
130.0000000139698
 21
64.50000000046566
 31
0.0
1001
INERCAD20
1000
UnNamed
1070
2001
1071
1
  0
ARC
  5
6348
330
632F
100
AcDbEntity
  8
FIN
100
AcDbCircle
 10
5.000000011874362
 20
-102.6666666632518
 30
0.0
 40
5.666666664074
100
AcDbArc
 50
28.07248689975591
 51
151.9275131002441
  0
ARC
  5
6349
330
632F
100
AcDbEntity
  8
FIN
100
AcDbCircle
 10
2795.000000012806
 20
-102.8133298242464
 30
0.0
 40
5.737144297840901
100
AcDbArc
 50
29.36497656003655
 51
150.6350234399634
  0
LWPOLYLINE
  5
634A
330
632F
100
AcDbEntity
  8
WID-S
100
AcDbPolyline
 90
16
 70
1
 10
2743.00000001397
 20
-12.99999999953434
 10
2743.00000001397
 20
-2.999999999534338
 10
2743.00000001397
 20
-2.999999999534338
 10
2743.00000001397
 20
-2.999999999534338
 10
2743.00000001397
 20
-2.999999999534338
 10
2743.00000001397
 20
-2.999999999534338
 10
2787.00000001397
 20
-2.999999999534338
 10
2787.00000001397
 20
-2.999999999534338
 10
2787.00000001397
 20
-2.999999999534338
 10
2787.00000001397
 20
-2.999999999534338
 10
2787.00000001397
 20
-2.999999999534338
 10
2787.00000001397
 20
-96.99999999953432
 10
2743.00000001397
 20
-96.99999999953432
 10
2743.00000001397
 20
-86.99999999953432
 10
2758.00000001397
 20
-86.99999999953432
 10
2758.00000001397
 20
-12.99999999953434
  0
LWPOLYLINE
  5
634B
330
632F
100
AcDbEntity
  8
WID-S
100
AcDbPolyline
 90
16
 70
1
 10
2740.00000001397
 20
-15.99999999953434
 10
2740.00000001397
 20
4.656613e-10
 10
2740.00000001397
 20
4.656613e-10
 10
2740.00000001397
 20
4.656613e-10
 10
2740.00000001397
 20
4.656613e-10
 10
2740.00000001397
 20
4.656613e-10
 10
2790.00000001397
 20
4.656613e-10
 10
2790.00000001397
 20
4.656613e-10
 10
2790.00000001397
 20
4.656613e-10
 10
2790.00000001397
 20
4.656613e-10
 10
2790.00000001397
 20
4.656613e-10
 10
2790.00000001397
 20
-99.99999999953434
 10
2740.00000001397
 20
-99.99999999953434
 10
2740.00000001397
 20
-83.99999999953434
 10
2755.00000001397
 20
-83.99999999953434
 10
2755.00000001397
 20
-15.99999999953434
  0
LINE
  5
634C
330
632F
100
AcDbEntity
  8
WID-S
100
AcDbLine
 10
2755.00000001397
 20
-49.99999999953434
 30
0.0
 11
2740.00000001397
 21
-49.99999999953434
 31
0.0
  0
LWPOLYLINE
  5
634D
330
632F
100
AcDbEntity
  8
WID-S
100
AcDbPolyline
 90
4
 70
1
 10
2670.000000014436
 20
-47.99999999953434
 10
2670.00000001397
 20
-17.99999999953434
 10
2750.000000013504
 20
-18.00000000046566
 10
2750.000000014436
 20
-47.99999999953434
1001
INERCAD20
1000
UnNamed
1070
2001
1071
2
  0
LWPOLYLINE
  5
634E
330
632F
100
AcDbEntity
  8
WID-S
100
AcDbPolyline
 90
4
 70
1
 10
2673.000000014203
 20
-44.99999999953433
 10
2673.00000001397
 20
-21.0
 10
2747.000000013504
 20
-21.00000000046566
 10
2747.000000014203
 20
-44.99999999953433
1001
INERCAD20
1000
UnNamed
1070
2001
1071
2
  0
LINE
  5
634F
330
632F
100
AcDbEntity
  8
WID
100
AcDbLine
 10
2090.000000013504
 20
-30.5
 30
0.0
 11
2670.000000013504
 21
-30.49999999953434
 31
0.0
1001
INERCAD20
1000
UnNamed
1070
2001
1071
1
  0
LWPOLYLINE
  5
6350
330
632F
100
AcDbEntity
  8
WID-S
100
AcDbPolyline
 90
4
 70
1
 10
2090.000000013039
 20
-47.99999999953434
 10
2090.000000013504
 20
-17.99999999953434
 10
2010.00000001397
 20
-18.0
 10
2010.000000013039
 20
-47.99999999953434
1001
INERCAD20
1000
UnNamed
1070
2001
1071
2
  0
LWPOLYLINE
  5
6351
330
632F
100
AcDbEntity
  8
WID-S
100
AcDbPolyline
 90
4
 70
1
 10
2087.000000013271
 20
-44.99999999953433
 10
2087.000000013504
 20
-20.99999999953434
 10
2013.00000001397
 20
-21.0
 10
2013.000000013271
 20
-44.99999999953433
1001
INERCAD20
1000
UnNamed
1070
2001
1071
2
  0
LINE
  5
6352
330
632F
100
AcDbEntity
  8
ELE-2
100
AcDbLine
 10
2050.000000013737
 20
-299.9999999995343
 30
0.0
 11
2050.000000013737
 21
300.0000000004657
 31
0.0
  0
LWPOLYLINE
  5
6353
330
632F
100
AcDbEntity
  8
WID-S
100
AcDbPolyline
 90
4
 70
1
 10
2090.000000012806
 20
-82.0
 10
2090.000000013271
 20
-52.0
 10
2010.000000013737
 20
-52.00000000046566
 10
2010.000000012806
 20
-82.0
1001
INERCAD20
1000
UnNamed
1070
2001
1071
2
  0
LWPOLYLINE
  5
6354
330
632F
100
AcDbEntity
  8
WID-S
100
AcDbPolyline
 90
4
 70
1
 10
2087.000000013039
 20
-79.0
 10
2087.000000013271
 20
-55.0
 10
2013.000000013737
 20
-55.00000000046566
 10
2013.000000013039
 20
-79.0
1001
INERCAD20
1000
UnNamed
1070
2001
1071
2
  0
LWPOLYLINE
  5
6355
330
632F
100
AcDbEntity
  8
WID-S
100
AcDbPolyline
 90
16
 70
1
 10
2743.00000001397
 20
87.00000000046566
 10
2743.00000001397
 20
97.00000000046566
 10
2743.00000001397
 20
97.00000000046566
 10
2743.00000001397
 20
97.00000000046566
 10
2743.00000001397
 20
97.00000000046566
 10
2743.00000001397
 20
97.00000000046566
 10
2787.00000001397
 20
97.00000000046566
 10
2787.00000001397
 20
97.00000000046566
 10
2787.00000001397
 20
97.00000000046566
 10
2787.00000001397
 20
97.00000000046566
 10
2787.00000001397
 20
97.00000000046566
 10
2787.00000001397
 20
3.000000000465661
 10
2743.00000001397
 20
3.000000000465661
 10
2743.00000001397
 20
13.00000000046566
 10
2758.00000001397
 20
13.00000000046566
 10
2758.00000001397
 20
87.00000000046566
  0
LWPOLYLINE
  5
6356
330
632F
100
AcDbEntity
  8
WID-S
100
AcDbPolyline
 90
16
 70
1
 10
2740.00000001397
 20
84.00000000046565
 10
2740.00000001397
 20
100.0000000004656
 10
2740.00000001397
 20
100.0000000004656
 10
2740.00000001397
 20
100.0000000004656
 10
2740.00000001397
 20
100.0000000004656
 10
2740.00000001397
 20
100.0000000004656
 10
2790.00000001397
 20
100.0000000004656
 10
2790.00000001397
 20
100.0000000004656
 10
2790.00000001397
 20
100.0000000004656
 10
2790.00000001397
 20
100.0000000004656
 10
2790.00000001397
 20
100.0000000004656
 10
2790.00000001397
 20
4.656613e-10
 10
2740.00000001397
 20
4.656613e-10
 10
2740.00000001397
 20
16.00000000046566
 10
2755.00000001397
 20
16.00000000046566
 10
2755.00000001397
 20
84.00000000046565
  0
LINE
  5
6357
330
632F
100
AcDbEntity
  8
WID-S
100
AcDbLine
 10
2755.00000001397
 20
50.00000000046566
 30
0.0
 11
2740.00000001397
 21
50.00000000046566
 31
0.0
  0
LWPOLYLINE
  5
6358
330
632F
100
AcDbEntity
  8
WID-S
100
AcDbPolyline
 90
4
 70
1
 10
2670.000000014436
 20
52.00000000046566
 10
2670.00000001397
 20
82.00000000046566
 10
2750.000000013504
 20
81.99999999953432
 10
2750.000000014436
 20
52.00000000046566
1001
INERCAD20
1000
UnNamed
1070
2001
1071
2
  0
LWPOLYLINE
  5
6359
330
632F
100
AcDbEntity
  8
WID-S
100
AcDbPolyline
 90
4
 70
1
 10
2673.000000014203
 20
55.00000000046566
 10
2673.00000001397
 20
79.0
 10
2747.000000013504
 20
78.99999999953434
 10
2747.000000014203
 20
55.00000000046566
1001
INERCAD20
1000
UnNamed
1070
2001
1071
2
  0
LINE
  5
635A
330
632F
100
AcDbEntity
  8
WID
100
AcDbLine
 10
2090.000000013504
 20
69.5
 30
0.0
 11
2670.000000013504
 21
69.50000000046566
 31
0.0
1001
INERCAD20
1000
UnNamed
1070
2001
1071
1
  0
LWPOLYLINE
  5
635B
330
632F
100
AcDbEntity
  8
WID-S
100
AcDbPolyline
 90
4
 70
1
 10
2090.000000013039
 20
52.00000000046566
 10
2090.000000013504
 20
82.00000000046566
 10
2010.00000001397
 20
82.0
 10
2010.000000013039
 20
52.00000000046566
1001
INERCAD20
1000
UnNamed
1070
2001
1071
2
  0
LWPOLYLINE
  5
635C
330
632F
100
AcDbEntity
  8
WID-S
100
AcDbPolyline
 90
4
 70
1
 10
2087.000000013271
 20
55.00000000046566
 10
2087.000000013504
 20
79.00000000046566
 10
2013.00000001397
 20
79.0
 10
2013.000000013271
 20
55.00000000046566
1001
INERCAD20
1000
UnNamed
1070
2001
1071
2
  0
LWPOLYLINE
  5
635D
330
632F
100
AcDbEntity
  8
WID-S
100
AcDbPolyline
 90
4
 70
1
 10
2090.000000012806
 20
18.0
 10
2090.000000013271
 20
48.0
 10
2010.000000013737
 20
47.99999999953434
 10
2010.000000012806
 20
18.0
1001
INERCAD20
1000
UnNamed
1070
2001
1071
2
  0
LWPOLYLINE
  5
635E
330
632F
100
AcDbEntity
  8
WID-S
100
AcDbPolyline
 90
4
 70
1
 10
2087.000000013039
 20
21.0
 10
2087.000000013271
 20
45.0
 10
2013.000000013737
 20
44.99999999953433
 10
2013.000000013039
 20
21.0
1001
INERCAD20
1000
UnNamed
1070
2001
1071
2
  0
LINE
  5
635F
330
632F
100
AcDbEntity
  8
WID
100
AcDbLine
 10
2090.000000013504
 20
-35.5
 30
0.0
 11
2670.000000013504
 21
-35.49999999953434
 31
0.0
1001
INERCAD20
1000
UnNamed
1070
2001
1071
1
  0
LINE
  5
6360
330
632F
100
AcDbEntity
  8
WID
100
AcDbLine
 10
2090.000000013504
 20
64.5
 30
0.0
 11
2670.000000013504
 21
64.50000000046566
 31
0.0
1001
INERCAD20
1000
UnNamed
1070
2001
1071
1
  0
LINE
  5
6361
330
632F
100
AcDbEntity
  8
WID
100
AcDbLine
 10
2010.000000014203
 20
30.5
 30
0.0
 11
790.0000000132713
 21
30.5
 31
0.0
1001
INERCAD20
1000
UnNamed
1070
2001
1071
1
  0
LINE
  5
6362
330
632F
100
AcDbEntity
  8
WID
100
AcDbLine
 10
2010.000000014203
 20
-69.5
 30
0.0
 11
790.0000000132713
 21
-69.5
 31
0.0
1001
INERCAD20
1000
UnNamed
1070
2001
1071
1
  0
LINE
  5
6363
330
632F
100
AcDbEntity
  8
WID
100
AcDbLine
 10
2010.000000014203
 20
35.5
 30
0.0
 11
790.0000000132713
 21
35.5
 31
0.0
1001
INERCAD20
1000
UnNamed
1070
2001
1071
1
  0
LINE
  5
6364
330
632F
100
AcDbEntity
  8
ELE-2
100
AcDbLine
 10
2740.00000001397
 20
100.0000000004656
 30
0.0
 11
60.00000001350418
 21
100.0000000009313
 31
0.0
1001
INERCAD20
1000
UnNamed
1070
2001
1071
4
  0
LINE
  5
6365
330
632F
100
AcDbEntity
  8
ELE-2
100
AcDbLine
 10
2740.000000014436
 20
50.00000000046566
 30
0.0
 11
60.00000001303852
 21
50.00000000046566
 31
0.0
1001
INERCAD20
1000
UnNamed
1070
2001
1071
4
  0
LINE
  5
6366
330
632F
100
AcDbEntity
  8
ELE-2
100
AcDbLine
 10
2740.000000014436
 20
84.00000000046565
 30
0.0
 11
60.00000001303852
 21
84.00000000093132
 31
0.0
1001
INERCAD20
1000
UnNamed
1070
2001
1071
4
  0
LINE
  5
6367
330
632F
100
AcDbEntity
  8
ELE-2
100
AcDbLine
 10
2740.00000001397
 20
16.00000000139698
 30
0.0
 11
60.00000001350418
 21
16.00000000139698
 31
0.0
1001
INERCAD20
1000
UnNamed
1070
2001
1071
4
  0
LINE
  5
6368
330
632F
100
AcDbEntity
  8
WID
100
AcDbLine
 10
2010.000000014203
 20
-64.5
 30
0.0
 11
790.0000000132713
 21
-64.5
 31
0.0
1001
INERCAD20
1000
UnNamed
1070
2001
1071
1
  0
LINE
  5
6369
330
632F
100
AcDbEntity
  8
ELE-2
100
AcDbLine
 10
2740.00000001397
 20
-99.99999999953434
 30
0.0
 11
60.00000001350418
 21
-99.99999999906869
 31
0.0
1001
INERCAD20
1000
UnNamed
1070
2001
1071
4
  0
LINE
  5
636A
330
632F
100
AcDbEntity
  8
ELE-2
100
AcDbLine
 10
2740.000000014436
 20
-49.99999999953434
 30
0.0
 11
60.00000001303852
 21
-49.99999999953434
 31
0.0
1001
INERCAD20
1000
UnNamed
1070
2001
1071
4
  0
LINE
  5
636B
330
632F
100
AcDbEntity
  8
ELE-2
100
AcDbLine
 10
2740.000000014436
 20
-15.99999999953434
 30
0.0
 11
60.00000001303852
 21
-15.99999999906868
 31
0.0
1001
INERCAD20
1000
UnNamed
1070
2001
1071
4
  0
LINE
  5
636C
330
632F
100
AcDbEntity
  8
ELE-2
100
AcDbLine
 10
2740.00000001397
 20
-83.99999999860302
 30
0.0
 11
60.00000001350418
 21
-83.99999999860302
 31
0.0
1001
INERCAD20
1000
UnNamed
1070
2001
1071
4
  0
LINE
  5
636D
330
632F
100
AcDbEntity
  8
ELE-2
100
AcDbLine
 10
60.00000001350418
 20
9.313226e-10
 30
0.0
 11
2740.00000001397
 21
4.656613e-10
 31
0.0
1001
INERCAD20
1000
UnNamed
1070
2001
1071
4
  0
ENDBLK
  5
636E
330
632F
100
AcDbEntity
  8
0
100
AcDbBlockEnd
  0
BLOCK
  5
6370
330
636F
100
AcDbEntity
  8
0
100
AcDbBlockBegin
  2
2000ertjhery
 70
0
 10
0.0
 20
0.0
 30
0.0
  3
2000ertjhery
  1

  0
LWPOLYLINE
  5
6371
330
636F
100
AcDbEntity
  8
WID-S
100
AcDbPolyline
 90
16
 70
1
 10
-13.0
 20
-57.0
 10
-3.0
 20
-57.0
 10
-3.0
 20
-57.0
 10
-3.0
 20
-57.0
 10
-3.0
 20
-57.0
 10
-3.0
 20
-57.0
 10
-3.0
 20
-13.0
 10
-3.0
 20
-13.0
 10
-3.0
 20
-13.0
 10
-3.0
 20
-13.0
 10
-3.0
 20
-13.0
 10
-97.0
 20
-13.0
 10
-97.0
 20
-57.0
 10
-87.0
 20
-57.0
 10
-87.0
 20
-42.0
 10
-13.0
 20
-42.0
  0
LWPOLYLINE
  5
6372
330
636F
100
AcDbEntity
  8
WID-S
100
AcDbPolyline
 90
16
 70
1
 10
-16.0
 20
-60.0
 10
0.0
 20
-60.0
 10
0.0
 20
-60.0
 10
0.0
 20
-60.0
 10
0.0
 20
-60.0
 10
0.0
 20
-60.0
 10
0.0
 20
-10.0
 10
0.0
 20
-10.0
 10
0.0
 20
-10.0
 10
0.0
 20
-10.0
 10
0.0
 20
-10.0
 10
-100.0
 20
-10.0
 10
-100.0
 20
-60.0
 10
-84.0
 20
-60.0
 10
-84.0
 20
-45.0
 10
-16.0
 20
-45.0
  0
LINE
  5
6373
330
636F
100
AcDbEntity
  8
WID-S
100
AcDbLine
 10
-50.0
 20
-45.0
 30
0.0
 11
-50.0
 21
-60.0
 31
0.0
  0
LWPOLYLINE
  5
6374
330
636F
100
AcDbEntity
  8
WID-S
100
AcDbPolyline
 90
4
 70
1
 10
-48.00000000046566
 20
-129.9999999995343
 10
-18.00000000046566
 20
-130.0
 10
-18.00000000093132
 20
-50.00000000046566
 10
-48.00000000046566
 20
-49.99999999953434
1001
INERCAD20
1000
UnNamed
1070
2001
1071
2
  0
LWPOLYLINE
  5
6375
330
636F
100
AcDbEntity
  8
WID-S
100
AcDbPolyline
 90
4
 70
1
 10
-45.00000000046566
 20
-126.9999999995343
 10
-21.00000000046566
 20
-127.0
 10
-21.00000000093132
 20
-53.00000000046566
 10
-45.00000000046566
 20
-52.99999999976717
1001
INERCAD20
1000
UnNamed
1070
2001
1071
2
  0
LINE
  5
6376
330
636F
100
AcDbEntity
  8
ELE-2
100
AcDbLine
 10
-83.99999999953434
 20
-60.0
 30
0.0
 11
-84.0
 21
-1940.0
 31
0.0
1001
INERCAD20
1000
UnNamed
1070
2001
1071
4
  0
LINE
  5
6377
330
636F
100
AcDbEntity
  8
ELE-2
100
AcDbLine
 10
-16.0
 20
-59.99999999953434
 30
0.0
 11
-16.00000000046566
 21
-1940.0
 31
0.0
1001
INERCAD20
1000
UnNamed
1070
2001
1071
4
  0
LINE
  5
6378
330
636F
100
AcDbEntity
  8
ELE-2
100
AcDbLine
 10
-50.00000000046566
 20
-1940.0
 30
0.0
 11
-50.00000000046566
 21
-59.99999999953434
 31
0.0
1001
INERCAD20
1000
UnNamed
1070
2001
1071
4
  0
LINE
  5
6379
330
636F
100
AcDbEntity
  8
ELE-2
100
AcDbLine
 10
-100.0
 20
-60.0
 30
0.0
 11
-100.0000000004656
 21
-1940.0
 31
0.0
1001
INERCAD20
1000
UnNamed
1070
2001
1071
4
  0
LINE
  5
637A
330
636F
100
AcDbEntity
  8
WID
100
AcDbLine
 10
-30.50000000093132
 20
-960.0000000002328
 30
0.0
 11
-30.50000000046566
 21
-130.0000000004656
 31
0.0
1001
INERCAD20
1000
UnNamed
1070
2001
1071
1
  0
LWPOLYLINE
  5
637B
330
636F
100
AcDbEntity
  8
WID-S
100
AcDbPolyline
 90
16
 70
1
 10
-16.0
 20
-1940.000000000233
 10
0.0
 20
-1940.000000000233
 10
0.0
 20
-1940.000000000233
 10
0.0
 20
-1940.000000000233
 10
0.0
 20
-1940.000000000233
 10
0.0
 20
-1940.000000000233
 10
0.0
 20
-1990.000000000233
 10
0.0
 20
-1990.000000000233
 10
0.0
 20
-1990.000000000233
 10
0.0
 20
-1990.000000000233
 10
0.0
 20
-1990.000000000233
 10
-100.0
 20
-1990.000000000233
 10
-100.0
 20
-1940.000000000233
 10
-84.0
 20
-1940.000000000233
 10
-84.0
 20
-1955.000000000232
 10
-16.0
 20
-1955.000000000232
  0
LINE
  5
637C
330
636F
100
AcDbEntity
  8
ELE-2
100
AcDbLine
 10
0.0
 20
-60.0
 30
0.0
 11
-4.656613e-10
 21
-1940.0
 31
0.0
1001
INERCAD20
1000
UnNamed
1070
2001
1071
4
  0
LWPOLYLINE
  5
637D
330
636F
100
AcDbEntity
  8
WID-S
100
AcDbPolyline
 90
16
 70
1
 10
-13.0
 20
-1943.000000000233
 10
-3.0
 20
-1943.000000000233
 10
-3.0
 20
-1943.000000000233
 10
-3.0
 20
-1943.000000000233
 10
-3.0
 20
-1943.000000000233
 10
-3.0
 20
-1943.000000000233
 10
-3.0
 20
-1987.000000000232
 10
-3.0
 20
-1987.000000000232
 10
-3.0
 20
-1987.000000000232
 10
-3.0
 20
-1987.000000000232
 10
-3.0
 20
-1987.000000000232
 10
-97.0
 20
-1987.000000000232
 10
-97.0
 20
-1943.000000000233
 10
-87.0
 20
-1943.000000000233
 10
-87.0
 20
-1958.000000000233
 10
-13.0
 20
-1958.000000000233
  0
LINE
  5
637E
330
636F
100
AcDbEntity
  8
WID-S
100
AcDbLine
 10
-50.0
 20
-1955.000000000232
 30
0.0
 11
-50.0
 21
-1940.000000000233
 31
0.0
  0
LWPOLYLINE
  5
637F
330
636F
100
AcDbEntity
  8
WID-S
100
AcDbPolyline
 90
4
 70
1
 10
-48.00000000046566
 20
-960.0000000006984
 10
-18.00000000046566
 20
-960.0000000002328
 10
-18.00000000093132
 20
-1039.999999999767
 10
-48.00000000046566
 20
-1040.000000000698
1001
INERCAD20
1000
UnNamed
1070
2001
1071
2
  0
LWPOLYLINE
  5
6380
330
636F
100
AcDbEntity
  8
WID-S
100
AcDbPolyline
 90
4
 70
1
 10
-45.00000000046566
 20
-963.0000000006985
 10
-21.00000000046566
 20
-963.0000000004655
 10
-21.00000000093132
 20
-1037.0
 10
-45.00000000046566
 20
-1037.000000000698
1001
INERCAD20
1000
UnNamed
1070
2001
1071
2
  0
LINE
  5
6381
330
636F
100
AcDbEntity
  8
ELE-2
100
AcDbLine
 10
-300.0
 20
-1000.0
 30
0.0
 11
300.0
 21
-1000.000000000233
 31
0.0
  0
LWPOLYLINE
  5
6382
330
636F
100
AcDbEntity
  8
WID-S
100
AcDbPolyline
 90
4
 70
1
 10
-82.00000000093131
 20
-960.0000000009313
 10
-52.00000000093132
 20
-960.0000000004657
 10
-52.00000000139699
 20
-1040.0
 10
-82.00000000093131
 20
-1040.000000000931
1001
INERCAD20
1000
UnNamed
1070
2001
1071
2
  0
LWPOLYLINE
  5
6383
330
636F
100
AcDbEntity
  8
WID-S
100
AcDbPolyline
 90
4
 70
1
 10
-79.00000000093132
 20
-963.0000000009314
 10
-55.00000000093132
 20
-963.0000000006985
 10
-55.00000000139698
 20
-1037.000000000233
 10
-79.00000000093132
 20
-1037.000000000931
1001
INERCAD20
1000
UnNamed
1070
2001
1071
2
  0
LWPOLYLINE
  5
6384
330
636F
100
AcDbEntity
  8
WID-S
100
AcDbPolyline
 90
4
 70
1
 10
-82.0
 20
-1870.000000000466
 10
-52.0
 20
-1870.0
 10
-52.00000000046566
 20
-1949.999999999534
 10
-82.0
 20
-1950.000000000466
1001
INERCAD20
1000
UnNamed
1070
2001
1071
2
  0
LWPOLYLINE
  5
6385
330
636F
100
AcDbEntity
  8
WID-S
100
AcDbPolyline
 90
4
 70
1
 10
-79.0
 20
-1873.000000000466
 10
-55.0
 20
-1873.0
 10
-55.00000000046566
 20
-1946.999999999767
 10
-79.0
 20
-1947.000000000466
1001
INERCAD20
1000
UnNamed
1070
2001
1071
2
  0
LINE
  5
6386
330
636F
100
AcDbEntity
  8
WID
100
AcDbLine
 10
-64.50000000093132
 20
-1039.999999999767
 30
0.0
 11
-64.5
 21
-1869.999999999534
 31
0.0
1001
INERCAD20
1000
UnNamed
1070
2001
1071
1
  0
LWPOLYLINE
  5
6387
330
636F
100
AcDbEntity
  8
WID-S
100
AcDbPolyline
 90
16
 70
1
 10
87.0
 20
-57.0
 10
97.0
 20
-57.0
 10
97.0
 20
-57.0
 10
97.0
 20
-57.0
 10
97.0
 20
-57.0
 10
97.0
 20
-57.0
 10
97.0
 20
-13.0
 10
97.0
 20
-13.0
 10
97.0
 20
-13.0
 10
97.0
 20
-13.0
 10
97.0
 20
-13.0
 10
3.0
 20
-13.0
 10
3.0
 20
-57.0
 10
13.0
 20
-57.0
 10
13.0
 20
-42.0
 10
87.0
 20
-42.0
  0
LWPOLYLINE
  5
6388
330
636F
100
AcDbEntity
  8
WID-S
100
AcDbPolyline
 90
16
 70
1
 10
84.0
 20
-60.0
 10
100.0
 20
-60.0
 10
100.0
 20
-60.0
 10
100.0
 20
-60.0
 10
100.0
 20
-60.0
 10
100.0
 20
-60.0
 10
100.0
 20
-10.0
 10
100.0
 20
-10.0
 10
100.0
 20
-10.0
 10
100.0
 20
-10.0
 10
100.0
 20
-10.0
 10
0.0
 20
-10.0
 10
0.0
 20
-60.0
 10
16.0
 20
-60.0
 10
16.0
 20
-45.0
 10
84.0
 20
-45.0
  0
LINE
  5
6389
330
636F
100
AcDbEntity
  8
WID-S
100
AcDbLine
 10
50.0
 20
-45.0
 30
0.0
 11
50.0
 21
-60.0
 31
0.0
  0
LWPOLYLINE
  5
638A
330
636F
100
AcDbEntity
  8
WID-S
100
AcDbPolyline
 90
4
 70
1
 10
51.99999999953433
 20
-129.9999999995343
 10
81.99999999953432
 20
-130.0
 10
81.99999999906868
 20
-50.00000000046566
 10
51.99999999953433
 20
-49.99999999953434
1001
INERCAD20
1000
UnNamed
1070
2001
1071
2
  0
LWPOLYLINE
  5
638B
330
636F
100
AcDbEntity
  8
WID-S
100
AcDbPolyline
 90
4
 70
1
 10
54.99999999953434
 20
-126.9999999995343
 10
78.99999999953434
 20
-127.0
 10
78.99999999906866
 20
-53.00000000046566
 10
54.99999999953434
 20
-52.99999999976717
1001
INERCAD20
1000
UnNamed
1070
2001
1071
2
  0
LINE
  5
638C
330
636F
100
AcDbEntity
  8
ELE-2
100
AcDbLine
 10
16.00000000046566
 20
-60.0
 30
0.0
 11
16.0
 21
-1940.0
 31
0.0
1001
INERCAD20
1000
UnNamed
1070
2001
1071
4
  0
LINE
  5
638D
330
636F
100
AcDbEntity
  8
ELE-2
100
AcDbLine
 10
84.0
 20
-59.99999999953434
 30
0.0
 11
83.99999999953434
 21
-1940.0
 31
0.0
1001
INERCAD20
1000
UnNamed
1070
2001
1071
4
  0
LINE
  5
638E
330
636F
100
AcDbEntity
  8
ELE-2
100
AcDbLine
 10
49.99999999953434
 20
-1940.0
 30
0.0
 11
49.99999999953434
 21
-59.99999999953434
 31
0.0
1001
INERCAD20
1000
UnNamed
1070
2001
1071
4
  0
LINE
  5
638F
330
636F
100
AcDbEntity
  8
ELE-2
100
AcDbLine
 10
0.0
 20
-60.0
 30
0.0
 11
-4.656613e-10
 21
-1940.0
 31
0.0
1001
INERCAD20
1000
UnNamed
1070
2001
1071
4
  0
LINE
  5
6390
330
636F
100
AcDbEntity
  8
WID
100
AcDbLine
 10
69.49999999906868
 20
-960.0000000002328
 30
0.0
 11
69.49999999953432
 21
-130.0000000004656
 31
0.0
1001
INERCAD20
1000
UnNamed
1070
2001
1071
1
  0
LWPOLYLINE
  5
6391
330
636F
100
AcDbEntity
  8
WID-S
100
AcDbPolyline
 90
16
 70
1
 10
84.0
 20
-1940.000000000233
 10
100.0
 20
-1940.000000000233
 10
100.0
 20
-1940.000000000233
 10
100.0
 20
-1940.000000000233
 10
100.0
 20
-1940.000000000233
 10
100.0
 20
-1940.000000000233
 10
100.0
 20
-1990.000000000233
 10
100.0
 20
-1990.000000000233
 10
100.0
 20
-1990.000000000233
 10
100.0
 20
-1990.000000000233
 10
100.0
 20
-1990.000000000233
 10
0.0
 20
-1990.000000000233
 10
0.0
 20
-1940.000000000233
 10
16.0
 20
-1940.000000000233
 10
16.0
 20
-1955.000000000232
 10
84.0
 20
-1955.000000000232
  0
LINE
  5
6392
330
636F
100
AcDbEntity
  8
ELE-2
100
AcDbLine
 10
100.0
 20
-60.0
 30
0.0
 11
99.99999999953434
 21
-1940.0
 31
0.0
1001
INERCAD20
1000
UnNamed
1070
2001
1071
4
  0
LWPOLYLINE
  5
6393
330
636F
100
AcDbEntity
  8
WID-S
100
AcDbPolyline
 90
16
 70
1
 10
87.0
 20
-1943.000000000233
 10
97.0
 20
-1943.000000000233
 10
97.0
 20
-1943.000000000233
 10
97.0
 20
-1943.000000000233
 10
97.0
 20
-1943.000000000233
 10
97.0
 20
-1943.000000000233
 10
97.0
 20
-1987.000000000232
 10
97.0
 20
-1987.000000000232
 10
97.0
 20
-1987.000000000232
 10
97.0
 20
-1987.000000000232
 10
97.0
 20
-1987.000000000232
 10
3.0
 20
-1987.000000000232
 10
3.0
 20
-1943.000000000233
 10
13.0
 20
-1943.000000000233
 10
13.0
 20
-1958.000000000233
 10
87.0
 20
-1958.000000000233
  0
LINE
  5
6394
330
636F
100
AcDbEntity
  8
WID-S
100
AcDbLine
 10
50.0
 20
-1955.000000000232
 30
0.0
 11
50.0
 21
-1940.000000000233
 31
0.0
  0
LWPOLYLINE
  5
6395
330
636F
100
AcDbEntity
  8
WID-S
100
AcDbPolyline
 90
4
 70
1
 10
51.99999999953433
 20
-960.0000000006984
 10
81.99999999953432
 20
-960.0000000002328
 10
81.99999999906868
 20
-1039.999999999767
 10
51.99999999953433
 20
-1040.000000000698
1001
INERCAD20
1000
UnNamed
1070
2001
1071
2
  0
LWPOLYLINE
  5
6396
330
636F
100
AcDbEntity
  8
WID-S
100
AcDbPolyline
 90
4
 70
1
 10
54.99999999953434
 20
-963.0000000006985
 10
78.99999999953434
 20
-963.0000000004655
 10
78.99999999906866
 20
-1037.0
 10
54.99999999953434
 20
-1037.000000000698
1001
INERCAD20
1000
UnNamed
1070
2001
1071
2
  0
LWPOLYLINE
  5
6397
330
636F
100
AcDbEntity
  8
WID-S
100
AcDbPolyline
 90
4
 70
1
 10
17.99999999906868
 20
-960.0000000009313
 10
47.99999999906868
 20
-960.0000000004657
 10
47.99999999860301
 20
-1040.0
 10
17.99999999906868
 20
-1040.000000000931
1001
INERCAD20
1000
UnNamed
1070
2001
1071
2
  0
LWPOLYLINE
  5
6398
330
636F
100
AcDbEntity
  8
WID-S
100
AcDbPolyline
 90
4
 70
1
 10
20.99999999906868
 20
-963.0000000009314
 10
44.99999999906868
 20
-963.0000000006985
 10
44.99999999860301
 20
-1037.000000000233
 10
20.99999999906868
 20
-1037.000000000931
1001
INERCAD20
1000
UnNamed
1070
2001
1071
2
  0
LWPOLYLINE
  5
6399
330
636F
100
AcDbEntity
  8
WID-S
100
AcDbPolyline
 90
4
 70
1
 10
18.0
 20
-1870.000000000466
 10
48.0
 20
-1870.0
 10
47.99999999953434
 20
-1949.999999999534
 10
18.0
 20
-1950.000000000466
1001
INERCAD20
1000
UnNamed
1070
2001
1071
2
  0
LWPOLYLINE
  5
639A
330
636F
100
AcDbEntity
  8
WID-S
100
AcDbPolyline
 90
4
 70
1
 10
21.0
 20
-1873.000000000466
 10
45.0
 20
-1873.0
 10
44.99999999953433
 20
-1946.999999999767
 10
21.0
 20
-1947.000000000466
1001
INERCAD20
1000
UnNamed
1070
2001
1071
2
  0
LINE
  5
639B
330
636F
100
AcDbEntity
  8
WID
100
AcDbLine
 10
35.49999999906868
 20
-1039.999999999767
 30
0.0
 11
35.5
 21
-1869.999999999534
 31
0.0
1001
INERCAD20
1000
UnNamed
1070
2001
1071
1
  0
LINE
  5
639C
330
636F
100
AcDbEntity
  8
WID
100
AcDbLine
 10
-35.50000000093132
 20
-960.0000000002328
 30
0.0
 11
-35.50000000046566
 21
-130.0000000004656
 31
0.0
1001
INERCAD20
1000
UnNamed
1070
2001
1071
1
  0
LINE
  5
639D
330
636F
100
AcDbEntity
  8
WID
100
AcDbLine
 10
-69.50000000093132
 20
-1039.999999999767
 30
0.0
 11
-69.5
 21
-1869.999999999534
 31
0.0
1001
INERCAD20
1000
UnNamed
1070
2001
1071
1
  0
LINE
  5
639E
330
636F
100
AcDbEntity
  8
WID
100
AcDbLine
 10
64.49999999906868
 20
-960.0000000002328
 30
0.0
 11
64.49999999953432
 21
-130.0000000004656
 31
0.0
1001
INERCAD20
1000
UnNamed
1070
2001
1071
1
  0
LINE
  5
639F
330
636F
100
AcDbEntity
  8
WID
100
AcDbLine
 10
30.49999999906868
 20
-1039.999999999767
 30
0.0
 11
30.5
 21
-1869.999999999534
 31
0.0
1001
INERCAD20
1000
UnNamed
1070
2001
1071
1
  0
ARC
  5
63A0
330
636F
100
AcDbEntity
  8
FIN
100
AcDbCircle
 10
-102.6666666641831
 20
-4.999999998370185
 30
0.0
 40
5.666666664074
100
AcDbArc
 50
298.0724868995107
 51
61.92751310048932
  0
ARC
  5
63A1
330
636F
100
AcDbEntity
  8
FIN
100
AcDbCircle
 10
-102.8133298251778
 20
-1994.999999999301
 30
0.0
 40
5.737144297840901
100
AcDbArc
 50
299.3649765602187
 51
60.63502343978131
  0
ENDBLK
  5
63A2
330
636F
100
AcDbEntity
  8
0
100
AcDbBlockEnd
  0
BLOCK
  5
63A4
330
63A3
100
AcDbEntity
  8
0
100
AcDbBlockBegin
  2
RD
 70
0
 10
0.0
 20
0.0
 30
0.0
  3
RD
  1

  0
LINE
  5
63A5
330
63A3
100
AcDbEntity
  8
0
100
AcDbLine
 10
0.0
 20
1.25
 30
0.0
 11
0.0
 21
1.5
 31
0.0
  0
LINE
  5
63A6
330
63A3
100
AcDbEntity
  8
0
100
AcDbLine
 10
0.0
 20
1.0
 30
0.0
 11
0.0
 21
-1.0
 31
0.0
  0
LINE
  5
63A7
330
63A3
100
AcDbEntity
  8
0
100
AcDbLine
 10
-1.25
 20
0.0
 30
0.0
 11
-1.5
 21
0.0
 31
0.0
  0
LINE
  5
63A8
330
63A3
100
AcDbEntity
  8
0
100
AcDbLine
 10
1.25
 20
0.0
 30
0.0
 11
1.5
 21
0.0
 31
0.0
  0
LINE
  5
63A9
330
63A3
100
AcDbEntity
  8
0
100
AcDbLine
 10
-1.0
 20
0.0
 30
0.0
 11
1.0
 21
0.0
 31
0.0
  0
CIRCLE
  5
63AA
330
63A3
100
AcDbEntity
  8
0
100
AcDbCircle
 10
0.0
 20
0.0
 30
0.0
 40
0.5
  0
LINE
  5
63AB
330
63A3
100
AcDbEntity
  8
0
100
AcDbLine
 10
0.0
 20
-1.25
 30
0.0
 11
0.0
 21
-1.5
 31
0.0
  0
ENDBLK
  5
63AC
330
63A3
100
AcDbEntity
  8
0
100
AcDbBlockEnd
  0
BLOCK
  5
63B0
330
63AD
100
AcDbEntity
  8
0
100
AcDbBlockBegin
  2
rekjrltert
 70
0
 10
0.0
 20
0.0
 30
0.0
  3
rekjrltert
  1

  0
ARC
  5
63B1
330
63AD
100
AcDbEntity
  8
감지기
  6
Continuous
 48
2.0
100
AcDbCircle
 10
154.0361056691035
 20
-116.6847705859691
 30
0.0
 40
122.4999999511055
100
AcDbArc
 50
135.0000000002947
 51
44.99999999970522
1001
AcDbBlockRepETag
1070
1
1071
0
1005
63B1
  0
LINE
  5
63B2
330
63AD
100
AcDbEntity
  8
감지기
  6
Continuous
 48
2.0
100
AcDbLine
 10
272.037311890439
 20
-83.7915293602855
 30
0.0
 11
36.03489944776811
 21
-83.79152936029276
 31
0.0
1001
AcDbBlockRepETag
1070
1
1071
1
1005
63B2
  0
LINE
  5
63B3
330
63AD
100
AcDbEntity
  8
감지기
  6
Continuous
 48
2.0
100
AcDbLine
 10
240.656686329894
 20
-30.0641899251932
 30
0.0
 11
67.41552500831312
 21
-30.0641899251932
 31
0.0
1001
AcDbBlockRepETag
1070
1
1071
2
1005
63B3
  0
LWPOLYLINE
  5
63B4
330
63AD
100
AcDbEntity
  8
감지기
  6
Continuous
 48
2.0
100
AcDbPolyline
 90
4
 70
1
 10
0.0
 20
0.0
 10
300.0
 20
-1.164153e-10
 10
300.0
 20
-255.0000000001164
 10
0.0
 20
-255.0
  0
ENDBLK
  5
63B5
330
63AD
100
AcDbEntity
  8
0
100
AcDbBlockEnd
  0
BLOCK
  5
63B7
330
63B6
100
AcDbEntity
  8
0
100
AcDbBlockBegin
  2
etertertert
 70
0
 10
0.0
 20
0.0
 30
0.0
  3
etertertert
  1

  0
LWPOLYLINE
  5
63B8
330
63B6
100
AcDbEntity
  8
WID-S
100
AcDbPolyline
 90
16
 70
1
 10
76667.2263735504
 20
21240.72703330175
 10
76667.2263735504
 20
21250.72703330176
 10
76667.2263735504
 20
21250.72703330176
 10
76667.2263735504
 20
21250.72703330176
 10
76667.2263735504
 20
21250.72703330176
 10
76667.2263735504
 20
21250.72703330176
 10
76623.2263735504
 20
21250.72703330176
 10
76623.2263735504
 20
21250.72703330176
 10
76623.2263735504
 20
21250.72703330176
 10
76623.2263735504
 20
21250.72703330176
 10
76623.2263735504
 20
21250.72703330176
 10
76623.2263735504
 20
21156.72703330175
 10
76667.2263735504
 20
21156.72703330175
 10
76667.2263735504
 20
21166.72703330176
 10
76652.2263735504
 20
21166.72703330176
 10
76652.2263735504
 20
21240.72703330175
1001
AcDbBlockRepETag
1070
1
1071
0
1005
63B8
  0
LWPOLYLINE
  5
63B9
330
63B6
100
AcDbEntity
  8
WID-S
100
AcDbPolyline
 90
16
 70
1
 10
76670.2263735504
 20
21237.72703330176
 10
76670.2263735504
 20
21253.72703330175
 10
76670.2263735504
 20
21253.72703330175
 10
76670.2263735504
 20
21253.72703330175
 10
76670.2263735504
 20
21253.72703330175
 10
76670.2263735504
 20
21253.72703330175
 10
76620.2263735504
 20
21253.72703330175
 10
76620.2263735504
 20
21253.72703330175
 10
76620.2263735504
 20
21253.72703330175
 10
76620.2263735504
 20
21253.72703330175
 10
76620.2263735504
 20
21253.72703330175
 10
76620.2263735504
 20
21153.72703330176
 10
76670.2263735504
 20
21153.72703330176
 10
76670.2263735504
 20
21169.72703330175
 10
76655.2263735504
 20
21169.72703330175
 10
76655.2263735504
 20
21237.72703330176
1001
AcDbBlockRepETag
1070
1
1071
1
1005
63B9
  0
LINE
  5
63BA
330
63B6
100
AcDbEntity
  8
WID-S
100
AcDbLine
 10
76655.2263735504
 20
21203.72703330176
 30
0.0
 11
76670.2263735504
 21
21203.72703330176
 31
0.0
1001
AcDbBlockRepETag
1070
1
1071
2
1005
63BA
  0
LWPOLYLINE
  5
63BB
330
63B6
100
AcDbEntity
  8
WID-S
100
AcDbPolyline
 90
4
 70
1
 10
76740.22637354993
 20
21205.72703330129
 10
76740.2263735504
 20
21235.72703330129
 10
76660.22637355086
 20
21235.72703330082
 10
76660.22637354993
 20
21205.72703330129
1001
INERCAD20
1000
UnNamed
1070
2001
1071
2
1001
AcDbBlockRepETag
1070
1
1071
3
1005
63BB
  0
LWPOLYLINE
  5
63BC
330
63B6
100
AcDbEntity
  8
WID-S
100
AcDbPolyline
 90
4
 70
1
 10
76737.22637354993
 20
21208.72703330129
 10
76737.2263735504
 20
21232.72703330129
 10
76663.22637355086
 20
21232.72703330083
 10
76663.22637355016
 20
21208.72703330129
1001
INERCAD20
1000
UnNamed
1070
2001
1071
2
1001
AcDbBlockRepETag
1070
1
1071
4
1005
63BC
  0
LINE
  5
63BD
330
63B6
100
AcDbEntity
  8
ELE-2
100
AcDbLine
 10
76670.2263735504
 20
21169.72703330222
 30
0.0
 11
77950.2263735504
 21
21169.72703330175
 31
0.0
1001
INERCAD20
1000
UnNamed
1070
2001
1071
4
1001
AcDbBlockRepETag
1070
1
1071
5
1005
63BD
  0
LINE
  5
63BE
330
63B6
100
AcDbEntity
  8
ELE-2
100
AcDbLine
 10
76670.22637354993
 20
21237.72703330176
 30
0.0
 11
77950.2263735504
 21
21237.72703330129
 31
0.0
1001
INERCAD20
1000
UnNamed
1070
2001
1071
4
1001
AcDbBlockRepETag
1070
1
1071
6
1005
63BE
  0
LINE
  5
63BF
330
63B6
100
AcDbEntity
  8
ELE-2
100
AcDbLine
 10
77950.2263735504
 20
21203.72703330129
 30
0.0
 11
76670.22637354993
 21
21203.72703330129
 31
0.0
1001
INERCAD20
1000
UnNamed
1070
2001
1071
4
1001
AcDbBlockRepETag
1070
1
1071
7
1005
63BF
  0
LINE
  5
63C0
330
63B6
100
AcDbEntity
  8
ELE-2
100
AcDbLine
 10
76670.2263735504
 20
21153.72703330176
 30
0.0
 11
77950.2263735504
 21
21153.72703330129
 31
0.0
1001
INERCAD20
1000
UnNamed
1070
2001
1071
4
1001
AcDbBlockRepETag
1070
1
1071
8
1005
63C0
  0
LINE
  5
63C1
330
63B6
100
AcDbEntity
  8
WID
100
AcDbLine
 10
77270.22637355061
 20
21223.22703330083
 30
0.0
 11
76740.22637355086
 21
21223.22703330129
 31
0.0
1001
INERCAD20
1000
UnNamed
1070
2001
1071
1
1001
AcDbBlockRepETag
1070
1
1071
9
1005
63C1
  0
LWPOLYLINE
  5
63C2
330
63B6
100
AcDbEntity
  8
WID-S
100
AcDbPolyline
 90
16
 70
1
 10
77950.22637355063
 20
21237.72703330176
 10
77950.22637355063
 20
21253.72703330175
 10
77950.22637355063
 20
21253.72703330175
 10
77950.22637355063
 20
21253.72703330175
 10
77950.22637355063
 20
21253.72703330175
 10
77950.22637355063
 20
21253.72703330175
 10
78000.22637355063
 20
21253.72703330175
 10
78000.22637355063
 20
21253.72703330175
 10
78000.22637355063
 20
21253.72703330175
 10
78000.22637355063
 20
21253.72703330175
 10
78000.22637355063
 20
21253.72703330175
 10
78000.22637355063
 20
21153.72703330176
 10
77950.22637355063
 20
21153.72703330176
 10
77950.22637355063
 20
21169.72703330175
 10
77965.22637355063
 20
21169.72703330175
 10
77965.22637355063
 20
21237.72703330176
1001
AcDbBlockRepETag
1070
1
1071
10
1005
63C2
  0
LINE
  5
63C3
330
63B6
100
AcDbEntity
  8
ELE-2
100
AcDbLine
 10
76670.2263735504
 20
21253.72703330175
 30
0.0
 11
77950.2263735504
 21
21253.72703330129
 31
0.0
1001
INERCAD20
1000
UnNamed
1070
2001
1071
4
1001
AcDbBlockRepETag
1070
1
1071
11
1005
63C3
  0
LWPOLYLINE
  5
63C4
330
63B6
100
AcDbEntity
  8
WID-S
100
AcDbPolyline
 90
16
 70
1
 10
77953.22637355063
 20
21240.72703330175
 10
77953.22637355063
 20
21250.72703330176
 10
77953.22637355063
 20
21250.72703330176
 10
77953.22637355063
 20
21250.72703330176
 10
77953.22637355063
 20
21250.72703330176
 10
77953.22637355063
 20
21250.72703330176
 10
77997.22637355061
 20
21250.72703330176
 10
77997.22637355061
 20
21250.72703330176
 10
77997.22637355061
 20
21250.72703330176
 10
77997.22637355061
 20
21250.72703330176
 10
77997.22637355061
 20
21250.72703330176
 10
77997.22637355061
 20
21156.72703330175
 10
77953.22637355063
 20
21156.72703330175
 10
77953.22637355063
 20
21166.72703330176
 10
77968.22637355063
 20
21166.72703330176
 10
77968.22637355063
 20
21240.72703330175
1001
AcDbBlockRepETag
1070
1
1071
12
1005
63C4
  0
LINE
  5
63C5
330
63B6
100
AcDbEntity
  8
WID-S
100
AcDbLine
 10
77965.22637355063
 20
21203.72703330176
 30
0.0
 11
77950.22637355063
 21
21203.72703330176
 31
0.0
1001
AcDbBlockRepETag
1070
1
1071
13
1005
63C5
  0
LWPOLYLINE
  5
63C6
330
63B6
100
AcDbEntity
  8
WID-S
100
AcDbPolyline
 90
4
 70
1
 10
77270.2263735511
 20
21205.72703330129
 10
77270.22637355061
 20
21235.72703330129
 10
77350.22637355016
 20
21235.72703330082
 10
77350.2263735511
 20
21205.72703330129
1001
INERCAD20
1000
UnNamed
1070
2001
1071
2
1001
AcDbBlockRepETag
1070
1
1071
14
1005
63C6
  0
LWPOLYLINE
  5
63C7
330
63B6
100
AcDbEntity
  8
WID-S
100
AcDbPolyline
 90
4
 70
1
 10
77273.2263735511
 20
21208.72703330129
 10
77273.22637355086
 20
21232.72703330129
 10
77347.2263735504
 20
21232.72703330083
 10
77347.2263735511
 20
21208.72703330129
1001
INERCAD20
1000
UnNamed
1070
2001
1071
2
1001
AcDbBlockRepETag
1070
1
1071
15
1005
63C7
  0
LINE
  5
63C8
330
63B6
100
AcDbEntity
  8
ELE-2
100
AcDbLine
 10
77310.2263735504
 20
20953.72703330176
 30
0.0
 11
77310.22637355063
 21
21553.72703330176
 31
0.0
1001
AcDbBlockRepETag
1070
1
1071
16
1005
63C8
  0
LWPOLYLINE
  5
63C9
330
63B6
100
AcDbEntity
  8
WID-S
100
AcDbPolyline
 90
4
 70
1
 10
77270.22637355133
 20
21171.72703330083
 10
77270.22637355086
 20
21201.72703330082
 10
77350.2263735504
 20
21201.72703330036
 10
77350.22637355133
 20
21171.72703330083
1001
INERCAD20
1000
UnNamed
1070
2001
1071
2
1001
AcDbBlockRepETag
1070
1
1071
17
1005
63C9
  0
LWPOLYLINE
  5
63CA
330
63B6
100
AcDbEntity
  8
WID-S
100
AcDbPolyline
 90
4
 70
1
 10
77273.22637355133
 20
21174.72703330082
 10
77273.2263735511
 20
21198.72703330083
 10
77347.22637355063
 20
21198.72703330036
 10
77347.22637355133
 20
21174.72703330082
1001
INERCAD20
1000
UnNamed
1070
2001
1071
2
1001
AcDbBlockRepETag
1070
1
1071
18
1005
63CA
  0
LWPOLYLINE
  5
63CB
330
63B6
100
AcDbEntity
  8
WID-S
100
AcDbPolyline
 90
4
 70
1
 10
77880.22637355086
 20
21171.72703330175
 10
77880.2263735504
 20
21201.72703330176
 10
77960.22637354993
 20
21201.72703330129
 10
77960.22637355086
 20
21171.72703330175
1001
INERCAD20
1000
UnNamed
1070
2001
1071
2
1001
AcDbBlockRepETag
1070
1
1071
19
1005
63CB
  0
LWPOLYLINE
  5
63CC
330
63B6
100
AcDbEntity
  8
WID-S
100
AcDbPolyline
 90
4
 70
1
 10
77883.22637355086
 20
21174.72703330176
 10
77883.2263735504
 20
21198.72703330175
 10
77957.22637355016
 20
21198.72703330129
 10
77957.22637355086
 20
21174.72703330176
1001
INERCAD20
1000
UnNamed
1070
2001
1071
2
1001
AcDbBlockRepETag
1070
1
1071
20
1005
63CC
  0
LINE
  5
63CD
330
63B6
100
AcDbEntity
  8
WID
100
AcDbLine
 10
77350.22637355016
 20
21189.22703330083
 30
0.0
 11
77880.22637354993
 21
21189.22703330175
 31
0.0
1001
INERCAD20
1000
UnNamed
1070
2001
1071
1
1001
AcDbBlockRepETag
1070
1
1071
21
1005
63CD
  0
LWPOLYLINE
  5
63CE
330
63B6
100
AcDbEntity
  8
WID-S
100
AcDbPolyline
 90
16
 70
1
 10
76667.2263735504
 20
21340.72703330176
 10
76667.2263735504
 20
21350.72703330175
 10
76667.2263735504
 20
21350.72703330175
 10
76667.2263735504
 20
21350.72703330175
 10
76667.2263735504
 20
21350.72703330175
 10
76667.2263735504
 20
21350.72703330175
 10
76623.2263735504
 20
21350.72703330175
 10
76623.2263735504
 20
21350.72703330175
 10
76623.2263735504
 20
21350.72703330175
 10
76623.2263735504
 20
21350.72703330175
 10
76623.2263735504
 20
21350.72703330175
 10
76623.2263735504
 20
21256.72703330176
 10
76667.2263735504
 20
21256.72703330176
 10
76667.2263735504
 20
21266.72703330175
 10
76652.2263735504
 20
21266.72703330175
 10
76652.2263735504
 20
21340.72703330176
1001
AcDbBlockRepETag
1070
1
1071
22
1005
63CE
  0
LWPOLYLINE
  5
63CF
330
63B6
100
AcDbEntity
  8
WID-S
100
AcDbPolyline
 90
16
 70
1
 10
76670.2263735504
 20
21337.72703330175
 10
76670.2263735504
 20
21353.72703330176
 10
76670.2263735504
 20
21353.72703330176
 10
76670.2263735504
 20
21353.72703330176
 10
76670.2263735504
 20
21353.72703330176
 10
76670.2263735504
 20
21353.72703330176
 10
76620.2263735504
 20
21353.72703330176
 10
76620.2263735504
 20
21353.72703330176
 10
76620.2263735504
 20
21353.72703330176
 10
76620.2263735504
 20
21353.72703330176
 10
76620.2263735504
 20
21353.72703330176
 10
76620.2263735504
 20
21253.72703330175
 10
76670.2263735504
 20
21253.72703330175
 10
76670.2263735504
 20
21269.72703330176
 10
76655.2263735504
 20
21269.72703330176
 10
76655.2263735504
 20
21337.72703330175
1001
AcDbBlockRepETag
1070
1
1071
23
1005
63CF
  0
LINE
  5
63D0
330
63B6
100
AcDbEntity
  8
WID-S
100
AcDbLine
 10
76655.2263735504
 20
21303.72703330176
 30
0.0
 11
76670.2263735504
 21
21303.72703330176
 31
0.0
1001
AcDbBlockRepETag
1070
1
1071
24
1005
63D0
  0
LWPOLYLINE
  5
63D1
330
63B6
100
AcDbEntity
  8
WID-S
100
AcDbPolyline
 90
4
 70
1
 10
76740.22637354993
 20
21305.72703330129
 10
76740.2263735504
 20
21335.72703330129
 10
76660.22637355086
 20
21335.72703330083
 10
76660.22637354993
 20
21305.72703330129
1001
INERCAD20
1000
UnNamed
1070
2001
1071
2
1001
AcDbBlockRepETag
1070
1
1071
25
1005
63D1
  0
LWPOLYLINE
  5
63D2
330
63B6
100
AcDbEntity
  8
WID-S
100
AcDbPolyline
 90
4
 70
1
 10
76737.22637354993
 20
21308.72703330129
 10
76737.2263735504
 20
21332.72703330129
 10
76663.22637355086
 20
21332.72703330082
 10
76663.22637355016
 20
21308.72703330129
1001
INERCAD20
1000
UnNamed
1070
2001
1071
2
1001
AcDbBlockRepETag
1070
1
1071
26
1005
63D2
  0
LINE
  5
63D3
330
63B6
100
AcDbEntity
  8
ELE-2
100
AcDbLine
 10
76670.2263735504
 20
21269.72703330222
 30
0.0
 11
77950.2263735504
 21
21269.72703330176
 31
0.0
1001
INERCAD20
1000
UnNamed
1070
2001
1071
4
1001
AcDbBlockRepETag
1070
1
1071
27
1005
63D3
  0
LINE
  5
63D4
330
63B6
100
AcDbEntity
  8
ELE-2
100
AcDbLine
 10
76670.22637354993
 20
21337.72703330175
 30
0.0
 11
77950.2263735504
 21
21337.72703330129
 31
0.0
1001
INERCAD20
1000
UnNamed
1070
2001
1071
4
1001
AcDbBlockRepETag
1070
1
1071
28
1005
63D4
  0
LINE
  5
63D5
330
63B6
100
AcDbEntity
  8
ELE-2
100
AcDbLine
 10
77950.2263735504
 20
21303.72703330129
 30
0.0
 11
76670.22637354993
 21
21303.72703330129
 31
0.0
1001
INERCAD20
1000
UnNamed
1070
2001
1071
4
1001
AcDbBlockRepETag
1070
1
1071
29
1005
63D5
  0
LINE
  5
63D6
330
63B6
100
AcDbEntity
  8
ELE-2
100
AcDbLine
 10
76670.2263735504
 20
21253.72703330175
 30
0.0
 11
77950.2263735504
 21
21253.72703330129
 31
0.0
1001
INERCAD20
1000
UnNamed
1070
2001
1071
4
1001
AcDbBlockRepETag
1070
1
1071
30
1005
63D6
  0
LINE
  5
63D7
330
63B6
100
AcDbEntity
  8
WID
100
AcDbLine
 10
77270.22637355061
 20
21323.22703330082
 30
0.0
 11
76740.22637355086
 21
21323.22703330129
 31
0.0
1001
INERCAD20
1000
UnNamed
1070
2001
1071
1
1001
AcDbBlockRepETag
1070
1
1071
31
1005
63D7
  0
LWPOLYLINE
  5
63D8
330
63B6
100
AcDbEntity
  8
WID-S
100
AcDbPolyline
 90
16
 70
1
 10
77950.22637355063
 20
21337.72703330175
 10
77950.22637355063
 20
21353.72703330176
 10
77950.22637355063
 20
21353.72703330176
 10
77950.22637355063
 20
21353.72703330176
 10
77950.22637355063
 20
21353.72703330176
 10
77950.22637355063
 20
21353.72703330176
 10
78000.22637355063
 20
21353.72703330176
 10
78000.22637355063
 20
21353.72703330176
 10
78000.22637355063
 20
21353.72703330176
 10
78000.22637355063
 20
21353.72703330176
 10
78000.22637355063
 20
21353.72703330176
 10
78000.22637355063
 20
21253.72703330175
 10
77950.22637355063
 20
21253.72703330175
 10
77950.22637355063
 20
21269.72703330176
 10
77965.22637355063
 20
21269.72703330176
 10
77965.22637355063
 20
21337.72703330175
1001
AcDbBlockRepETag
1070
1
1071
32
1005
63D8
  0
LINE
  5
63D9
330
63B6
100
AcDbEntity
  8
ELE-2
100
AcDbLine
 10
76670.2263735504
 20
21353.72703330176
 30
0.0
 11
77950.2263735504
 21
21353.72703330129
 31
0.0
1001
INERCAD20
1000
UnNamed
1070
2001
1071
4
1001
AcDbBlockRepETag
1070
1
1071
33
1005
63D9
  0
LWPOLYLINE
  5
63DA
330
63B6
100
AcDbEntity
  8
WID-S
100
AcDbPolyline
 90
16
 70
1
 10
77953.22637355063
 20
21340.72703330176
 10
77953.22637355063
 20
21350.72703330175
 10
77953.22637355063
 20
21350.72703330175
 10
77953.22637355063
 20
21350.72703330175
 10
77953.22637355063
 20
21350.72703330175
 10
77953.22637355063
 20
21350.72703330175
 10
77997.22637355061
 20
21350.72703330175
 10
77997.22637355061
 20
21350.72703330175
 10
77997.22637355061
 20
21350.72703330175
 10
77997.22637355061
 20
21350.72703330175
 10
77997.22637355061
 20
21350.72703330175
 10
77997.22637355061
 20
21256.72703330176
 10
77953.22637355063
 20
21256.72703330176
 10
77953.22637355063
 20
21266.72703330175
 10
77968.22637355063
 20
21266.72703330175
 10
77968.22637355063
 20
21340.72703330176
1001
AcDbBlockRepETag
1070
1
1071
34
1005
63DA
  0
LINE
  5
63DB
330
63B6
100
AcDbEntity
  8
WID-S
100
AcDbLine
 10
77965.22637355063
 20
21303.72703330176
 30
0.0
 11
77950.22637355063
 21
21303.72703330176
 31
0.0
1001
AcDbBlockRepETag
1070
1
1071
35
1005
63DB
  0
LWPOLYLINE
  5
63DC
330
63B6
100
AcDbEntity
  8
WID-S
100
AcDbPolyline
 90
4
 70
1
 10
77270.2263735511
 20
21305.72703330129
 10
77270.22637355061
 20
21335.72703330129
 10
77350.22637355016
 20
21335.72703330083
 10
77350.2263735511
 20
21305.72703330129
1001
INERCAD20
1000
UnNamed
1070
2001
1071
2
1001
AcDbBlockRepETag
1070
1
1071
36
1005
63DC
  0
LWPOLYLINE
  5
63DD
330
63B6
100
AcDbEntity
  8
WID-S
100
AcDbPolyline
 90
4
 70
1
 10
77273.2263735511
 20
21308.72703330129
 10
77273.22637355086
 20
21332.72703330129
 10
77347.2263735504
 20
21332.72703330082
 10
77347.2263735511
 20
21308.72703330129
1001
INERCAD20
1000
UnNamed
1070
2001
1071
2
1001
AcDbBlockRepETag
1070
1
1071
37
1005
63DD
  0
LWPOLYLINE
  5
63DE
330
63B6
100
AcDbEntity
  8
WID-S
100
AcDbPolyline
 90
4
 70
1
 10
77270.22637355133
 20
21271.72703330082
 10
77270.22637355086
 20
21301.72703330083
 10
77350.2263735504
 20
21301.72703330036
 10
77350.22637355133
 20
21271.72703330082
1001
INERCAD20
1000
UnNamed
1070
2001
1071
2
1001
AcDbBlockRepETag
1070
1
1071
38
1005
63DE
  0
LWPOLYLINE
  5
63DF
330
63B6
100
AcDbEntity
  8
WID-S
100
AcDbPolyline
 90
4
 70
1
 10
77273.22637355133
 20
21274.72703330083
 10
77273.2263735511
 20
21298.72703330082
 10
77347.22637355063
 20
21298.72703330036
 10
77347.22637355133
 20
21274.72703330083
1001
INERCAD20
1000
UnNamed
1070
2001
1071
2
1001
AcDbBlockRepETag
1070
1
1071
39
1005
63DF
  0
LWPOLYLINE
  5
63E0
330
63B6
100
AcDbEntity
  8
WID-S
100
AcDbPolyline
 90
4
 70
1
 10
77880.22637355086
 20
21271.72703330176
 10
77880.2263735504
 20
21301.72703330175
 10
77960.22637354993
 20
21301.72703330129
 10
77960.22637355086
 20
21271.72703330176
1001
INERCAD20
1000
UnNamed
1070
2001
1071
2
1001
AcDbBlockRepETag
1070
1
1071
40
1005
63E0
  0
LWPOLYLINE
  5
63E1
330
63B6
100
AcDbEntity
  8
WID-S
100
AcDbPolyline
 90
4
 70
1
 10
77883.22637355086
 20
21274.72703330175
 10
77883.2263735504
 20
21298.72703330176
 10
77957.22637355016
 20
21298.72703330129
 10
77957.22637355086
 20
21274.72703330175
1001
INERCAD20
1000
UnNamed
1070
2001
1071
2
1001
AcDbBlockRepETag
1070
1
1071
41
1005
63E1
  0
LINE
  5
63E2
330
63B6
100
AcDbEntity
  8
WID
100
AcDbLine
 10
77350.22637355016
 20
21289.22703330082
 30
0.0
 11
77880.22637354993
 21
21289.22703330176
 31
0.0
1001
INERCAD20
1000
UnNamed
1070
2001
1071
1
1001
AcDbBlockRepETag
1070
1
1071
42
1005
63E2
  0
LINE
  5
63E3
330
63B6
100
AcDbEntity
  8
WID
100
AcDbLine
 10
77270.22637355061
 20
21218.22703330082
 30
0.0
 11
76740.22637355086
 21
21218.22703330129
 31
0.0
1001
INERCAD20
1000
UnNamed
1070
2001
1071
1
1001
AcDbBlockRepETag
1070
1
1071
43
1005
63E3
  0
LINE
  5
63E4
330
63B6
100
AcDbEntity
  8
WID
100
AcDbLine
 10
77350.22637355016
 20
21184.22703330082
 30
0.0
 11
77880.22637354993
 21
21184.22703330176
 31
0.0
1001
INERCAD20
1000
UnNamed
1070
2001
1071
1
1001
AcDbBlockRepETag
1070
1
1071
44
1005
63E4
  0
LINE
  5
63E5
330
63B6
100
AcDbEntity
  8
WID
100
AcDbLine
 10
77270.22637355061
 20
21318.22703330082
 30
0.0
 11
76740.22637355086
 21
21318.22703330129
 31
0.0
1001
INERCAD20
1000
UnNamed
1070
2001
1071
1
1001
AcDbBlockRepETag
1070
1
1071
45
1005
63E5
  0
LINE
  5
63E6
330
63B6
100
AcDbEntity
  8
WID
100
AcDbLine
 10
77350.22637355016
 20
21284.22703330083
 30
0.0
 11
77880.22637354993
 21
21284.22703330175
 31
0.0
1001
INERCAD20
1000
UnNamed
1070
2001
1071
1
1001
AcDbBlockRepETag
1070
1
1071
46
1005
63E6
  0
ENDBLK
  5
63E7
330
63B6
100
AcDbEntity
  8
0
100
AcDbBlockEnd
  0
BLOCK
  5
63E9
330
63E8
100
AcDbEntity
  8
0
100
AcDbBlockBegin
  2
sdfsfxvc
 70
0
 10
0.0
 20
0.0
 30
0.0
  3
sdfsfxvc
  1

  0
ARC
  5
63EA
330
63E8
100
AcDbEntity
  8
FIN
100
AcDbCircle
 10
76888.03970330757
 20
13948.72703313223
 30
0.0
 40
5.737144297840901
100
AcDbArc
 50
119.3649765601163
 51
240.6350234398837
  0
LWPOLYLINE
  5
63EB
330
63E8
100
AcDbEntity
  8
WID-S
100
AcDbPolyline
 90
16
 70
1
 10
76798.22637339962
 20
13010.72703308635
 10
76788.22637339962
 20
13010.72703308635
 10
76788.22637339962
 20
13010.72703308635
 10
76788.22637339962
 20
13010.72703308635
 10
76788.22637339962
 20
13010.72703308635
 10
76788.22637339962
 20
13010.72703308635
 10
76788.22637339962
 20
12966.72703308635
 10
76788.22637339962
 20
12966.72703308635
 10
76788.22637339962
 20
12966.72703308635
 10
76788.22637339962
 20
12966.72703308635
 10
76788.22637339962
 20
12966.72703308635
 10
76882.22637339962
 20
12966.72703308635
 10
76882.22637339962
 20
13010.72703308635
 10
76872.22637339962
 20
13010.72703308635
 10
76872.22637339962
 20
12995.72703308635
 10
76798.22637339962
 20
12995.72703308635
  0
LWPOLYLINE
  5
63EC
330
63E8
100
AcDbEntity
  8
WID-S
100
AcDbPolyline
 90
16
 70
1
 10
76801.22637339962
 20
13013.72703308635
 10
76785.22637339962
 20
13013.72703308635
 10
76785.22637339962
 20
13013.72703308635
 10
76785.22637339962
 20
13013.72703308635
 10
76785.22637339962
 20
13013.72703308635
 10
76785.22637339962
 20
13013.72703308635
 10
76785.22637339962
 20
12963.72703308635
 10
76785.22637339962
 20
12963.72703308635
 10
76785.22637339962
 20
12963.72703308635
 10
76785.22637339962
 20
12963.72703308635
 10
76785.22637339962
 20
12963.72703308635
 10
76885.22637339962
 20
12963.72703308635
 10
76885.22637339962
 20
13013.72703308635
 10
76869.22637339962
 20
13013.72703308635
 10
76869.22637339962
 20
12998.72703308635
 10
76801.22637339962
 20
12998.72703308635
  0
LINE
  5
63ED
330
63E8
100
AcDbEntity
  8
WID-S
100
AcDbLine
 10
76835.22637339962
 20
12998.72703308635
 30
0.0
 11
76835.22637339962
 21
13013.72703308635
 31
0.0
  0
LWPOLYLINE
  5
63EE
330
63E8
100
AcDbEntity
  8
WID-S
100
AcDbPolyline
 90
4
 70
1
 10
76833.22637340007
 20
13083.72703308589
 10
76803.22637340009
 20
13083.72703308635
 10
76803.22637340055
 20
13003.72703308682
 10
76833.22637340007
 20
13003.72703308589
1001
INERCAD20
1000
UnNamed
1070
2001
1071
2
  0
LWPOLYLINE
  5
63EF
330
63E8
100
AcDbEntity
  8
WID-S
100
AcDbPolyline
 90
4
 70
1
 10
76830.22637340009
 20
13080.72703308588
 10
76806.22637340007
 20
13080.72703308635
 10
76806.22637340055
 20
13006.72703308682
 10
76830.22637340009
 20
13006.72703308612
1001
INERCAD20
1000
UnNamed
1070
2001
1071
2
  0
LINE
  5
63F0
330
63E8
100
AcDbEntity
  8
ELE-2
100
AcDbLine
 10
76869.22637339916
 20
13013.72703308635
 30
0.0
 11
76869.22637339962
 21
13893.72703308635
 31
0.0
1001
INERCAD20
1000
UnNamed
1070
2001
1071
4
  0
LINE
  5
63F1
330
63E8
100
AcDbEntity
  8
ELE-2
100
AcDbLine
 10
76801.22637339962
 20
13013.72703308588
 30
0.0
 11
76801.22637340009
 21
13893.72703308635
 31
0.0
1001
INERCAD20
1000
UnNamed
1070
2001
1071
4
  0
LINE
  5
63F2
330
63E8
100
AcDbEntity
  8
ELE-2
100
AcDbLine
 10
76835.22637340009
 20
13893.72703308635
 30
0.0
 11
76835.22637340009
 21
13013.72703308588
 31
0.0
1001
INERCAD20
1000
UnNamed
1070
2001
1071
4
  0
LINE
  5
63F3
330
63E8
100
AcDbEntity
  8
ELE-2
100
AcDbLine
 10
76885.22637339962
 20
13013.72703308635
 30
0.0
 11
76885.22637340009
 21
13893.72703308635
 31
0.0
1001
INERCAD20
1000
UnNamed
1070
2001
1071
4
  0
LINE
  5
63F4
330
63E8
100
AcDbEntity
  8
WID
100
AcDbLine
 10
76815.72637340055
 20
13413.72703308658
 30
0.0
 11
76815.72637340009
 21
13083.72703308682
 31
0.0
1001
INERCAD20
1000
UnNamed
1070
2001
1071
1
  0
LWPOLYLINE
  5
63F5
330
63E8
100
AcDbEntity
  8
WID-S
100
AcDbPolyline
 90
16
 70
1
 10
76801.22637339962
 20
13893.72703308658
 10
76785.22637339962
 20
13893.72703308658
 10
76785.22637339962
 20
13893.72703308658
 10
76785.22637339962
 20
13893.72703308658
 10
76785.22637339962
 20
13893.72703308658
 10
76785.22637339962
 20
13893.72703308658
 10
76785.22637339962
 20
13943.72703308658
 10
76785.22637339962
 20
13943.72703308658
 10
76785.22637339962
 20
13943.72703308658
 10
76785.22637339962
 20
13943.72703308658
 10
76785.22637339962
 20
13943.72703308658
 10
76885.22637339962
 20
13943.72703308658
 10
76885.22637339962
 20
13893.72703308658
 10
76869.22637339962
 20
13893.72703308658
 10
76869.22637339962
 20
13908.72703308658
 10
76801.22637339962
 20
13908.72703308658
  0
LINE
  5
63F6
330
63E8
100
AcDbEntity
  8
ELE-2
100
AcDbLine
 10
76785.22637339962
 20
13013.72703308635
 30
0.0
 11
76785.22637340009
 21
13893.72703308635
 31
0.0
1001
INERCAD20
1000
UnNamed
1070
2001
1071
4
  0
LWPOLYLINE
  5
63F7
330
63E8
100
AcDbEntity
  8
WID-S
100
AcDbPolyline
 90
16
 70
1
 10
76798.22637339962
 20
13896.72703308658
 10
76788.22637339962
 20
13896.72703308658
 10
76788.22637339962
 20
13896.72703308658
 10
76788.22637339962
 20
13896.72703308658
 10
76788.22637339962
 20
13896.72703308658
 10
76788.22637339962
 20
13896.72703308658
 10
76788.22637339962
 20
13940.72703308658
 10
76788.22637339962
 20
13940.72703308658
 10
76788.22637339962
 20
13940.72703308658
 10
76788.22637339962
 20
13940.72703308658
 10
76788.22637339962
 20
13940.72703308658
 10
76882.22637339962
 20
13940.72703308658
 10
76882.22637339962
 20
13896.72703308658
 10
76872.22637339962
 20
13896.72703308658
 10
76872.22637339962
 20
13911.72703308658
 10
76798.22637339962
 20
13911.72703308658
  0
LINE
  5
63F8
330
63E8
100
AcDbEntity
  8
WID-S
100
AcDbLine
 10
76835.22637339962
 20
13908.72703308658
 30
0.0
 11
76835.22637339962
 21
13893.72703308658
 31
0.0
  0
LWPOLYLINE
  5
63F9
330
63E8
100
AcDbEntity
  8
WID-S
100
AcDbPolyline
 90
4
 70
1
 10
76833.22637340007
 20
13413.72703308705
 10
76803.22637340009
 20
13413.72703308658
 10
76803.22637340055
 20
13493.72703308612
 10
76833.22637340007
 20
13493.72703308705
1001
INERCAD20
1000
UnNamed
1070
2001
1071
2
  0
LWPOLYLINE
  5
63FA
330
63E8
100
AcDbEntity
  8
WID-S
100
AcDbPolyline
 90
4
 70
1
 10
76830.22637340009
 20
13416.72703308705
 10
76806.22637340007
 20
13416.72703308682
 10
76806.22637340055
 20
13490.72703308635
 10
76830.22637340009
 20
13490.72703308705
1001
INERCAD20
1000
UnNamed
1070
2001
1071
2
  0
LINE
  5
63FB
330
63E8
100
AcDbEntity
  8
ELE-2
100
AcDbLine
 10
77085.22637339962
 20
13453.72703308635
 30
0.0
 11
76485.22637339962
 21
13453.72703308658
 31
0.0
  0
LWPOLYLINE
  5
63FC
330
63E8
100
AcDbEntity
  8
WID-S
100
AcDbPolyline
 90
4
 70
1
 10
76867.22637340055
 20
13413.72703308728
 10
76837.22637340055
 20
13413.72703308681
 10
76837.226373401
 20
13493.72703308635
 10
76867.22637340055
 20
13493.72703308728
1001
INERCAD20
1000
UnNamed
1070
2001
1071
2
  0
LWPOLYLINE
  5
63FD
330
63E8
100
AcDbEntity
  8
WID-S
100
AcDbPolyline
 90
4
 70
1
 10
76864.22637340055
 20
13416.72703308728
 10
76840.22637340055
 20
13416.72703308705
 10
76840.22637340102
 20
13490.72703308658
 10
76864.22637340055
 20
13490.72703308728
1001
INERCAD20
1000
UnNamed
1070
2001
1071
2
  0
LWPOLYLINE
  5
63FE
330
63E8
100
AcDbEntity
  8
WID-S
100
AcDbPolyline
 90
4
 70
1
 10
76867.22637339962
 20
13823.72703308682
 10
76837.22637339962
 20
13823.72703308635
 10
76837.22637340009
 20
13903.72703308588
 10
76867.22637339962
 20
13903.72703308682
1001
INERCAD20
1000
UnNamed
1070
2001
1071
2
  0
LWPOLYLINE
  5
63FF
330
63E8
100
AcDbEntity
  8
WID-S
100
AcDbPolyline
 90
4
 70
1
 10
76864.22637339962
 20
13826.72703308682
 10
76840.22637339962
 20
13826.72703308635
 10
76840.22637340007
 20
13900.72703308612
 10
76864.22637339962
 20
13900.72703308682
1001
INERCAD20
1000
UnNamed
1070
2001
1071
2
  0
LINE
  5
6400
330
63E8
100
AcDbEntity
  8
WID
100
AcDbLine
 10
76849.72637340055
 20
13493.72703308612
 30
0.0
 11
76849.72637339962
 21
13823.72703308588
 31
0.0
1001
INERCAD20
1000
UnNamed
1070
2001
1071
1
  0
LWPOLYLINE
  5
6401
330
63E8
100
AcDbEntity
  8
WID-S
100
AcDbPolyline
 90
16
 70
1
 10
76698.22637339962
 20
13010.72703308635
 10
76688.22637339962
 20
13010.72703308635
 10
76688.22637339962
 20
13010.72703308635
 10
76688.22637339962
 20
13010.72703308635
 10
76688.22637339962
 20
13010.72703308635
 10
76688.22637339962
 20
13010.72703308635
 10
76688.22637339962
 20
12966.72703308635
 10
76688.22637339962
 20
12966.72703308635
 10
76688.22637339962
 20
12966.72703308635
 10
76688.22637339962
 20
12966.72703308635
 10
76688.22637339962
 20
12966.72703308635
 10
76782.22637339962
 20
12966.72703308635
 10
76782.22637339962
 20
13010.72703308635
 10
76772.22637339962
 20
13010.72703308635
 10
76772.22637339962
 20
12995.72703308635
 10
76698.22637339962
 20
12995.72703308635
  0
LWPOLYLINE
  5
6402
330
63E8
100
AcDbEntity
  8
WID-S
100
AcDbPolyline
 90
16
 70
1
 10
76701.22637339962
 20
13013.72703308635
 10
76685.22637339962
 20
13013.72703308635
 10
76685.22637339962
 20
13013.72703308635
 10
76685.22637339962
 20
13013.72703308635
 10
76685.22637339962
 20
13013.72703308635
 10
76685.22637339962
 20
13013.72703308635
 10
76685.22637339962
 20
12963.72703308635
 10
76685.22637339962
 20
12963.72703308635
 10
76685.22637339962
 20
12963.72703308635
 10
76685.22637339962
 20
12963.72703308635
 10
76685.22637339962
 20
12963.72703308635
 10
76785.22637339962
 20
12963.72703308635
 10
76785.22637339962
 20
13013.72703308635
 10
76769.22637339962
 20
13013.72703308635
 10
76769.22637339962
 20
12998.72703308635
 10
76701.22637339962
 20
12998.72703308635
  0
LINE
  5
6403
330
63E8
100
AcDbEntity
  8
WID-S
100
AcDbLine
 10
76735.22637339962
 20
12998.72703308635
 30
0.0
 11
76735.22637339962
 21
13013.72703308635
 31
0.0
  0
LWPOLYLINE
  5
6404
330
63E8
100
AcDbEntity
  8
WID-S
100
AcDbPolyline
 90
4
 70
1
 10
76733.22637340007
 20
13083.72703308589
 10
76703.22637340007
 20
13083.72703308635
 10
76703.22637340055
 20
13003.72703308682
 10
76733.22637340007
 20
13003.72703308589
1001
INERCAD20
1000
UnNamed
1070
2001
1071
2
  0
LWPOLYLINE
  5
6405
330
63E8
100
AcDbEntity
  8
WID-S
100
AcDbPolyline
 90
4
 70
1
 10
76730.22637340007
 20
13080.72703308588
 10
76706.22637340009
 20
13080.72703308635
 10
76706.22637340055
 20
13006.72703308682
 10
76730.22637340007
 20
13006.72703308612
1001
INERCAD20
1000
UnNamed
1070
2001
1071
2
  0
LINE
  5
6406
330
63E8
100
AcDbEntity
  8
ELE-2
100
AcDbLine
 10
76769.22637339916
 20
13013.72703308635
 30
0.0
 11
76769.22637339962
 21
13893.72703308635
 31
0.0
1001
INERCAD20
1000
UnNamed
1070
2001
1071
4
  0
LINE
  5
6407
330
63E8
100
AcDbEntity
  8
ELE-2
100
AcDbLine
 10
76701.22637339962
 20
13013.72703308588
 30
0.0
 11
76701.22637340009
 21
13893.72703308635
 31
0.0
1001
INERCAD20
1000
UnNamed
1070
2001
1071
4
  0
LINE
  5
6408
330
63E8
100
AcDbEntity
  8
ELE-2
100
AcDbLine
 10
76735.22637340009
 20
13893.72703308635
 30
0.0
 11
76735.22637340009
 21
13013.72703308588
 31
0.0
1001
INERCAD20
1000
UnNamed
1070
2001
1071
4
  0
LINE
  5
6409
330
63E8
100
AcDbEntity
  8
ELE-2
100
AcDbLine
 10
76785.22637339962
 20
13013.72703308635
 30
0.0
 11
76785.22637340009
 21
13893.72703308635
 31
0.0
1001
INERCAD20
1000
UnNamed
1070
2001
1071
4
  0
LINE
  5
640A
330
63E8
100
AcDbEntity
  8
WID
100
AcDbLine
 10
76715.72637340055
 20
13413.72703308658
 30
0.0
 11
76715.72637340009
 21
13083.72703308682
 31
0.0
1001
INERCAD20
1000
UnNamed
1070
2001
1071
1
  0
LWPOLYLINE
  5
640B
330
63E8
100
AcDbEntity
  8
WID-S
100
AcDbPolyline
 90
16
 70
1
 10
76701.22637339962
 20
13893.72703308658
 10
76685.22637339962
 20
13893.72703308658
 10
76685.22637339962
 20
13893.72703308658
 10
76685.22637339962
 20
13893.72703308658
 10
76685.22637339962
 20
13893.72703308658
 10
76685.22637339962
 20
13893.72703308658
 10
76685.22637339962
 20
13943.72703308658
 10
76685.22637339962
 20
13943.72703308658
 10
76685.22637339962
 20
13943.72703308658
 10
76685.22637339962
 20
13943.72703308658
 10
76685.22637339962
 20
13943.72703308658
 10
76785.22637339962
 20
13943.72703308658
 10
76785.22637339962
 20
13893.72703308658
 10
76769.22637339962
 20
13893.72703308658
 10
76769.22637339962
 20
13908.72703308658
 10
76701.22637339962
 20
13908.72703308658
  0
LINE
  5
640C
330
63E8
100
AcDbEntity
  8
ELE-2
100
AcDbLine
 10
76685.22637339962
 20
13013.72703308635
 30
0.0
 11
76685.22637340009
 21
13893.72703308635
 31
0.0
1001
INERCAD20
1000
UnNamed
1070
2001
1071
4
  0
LWPOLYLINE
  5
640D
330
63E8
100
AcDbEntity
  8
WID-S
100
AcDbPolyline
 90
16
 70
1
 10
76698.22637339962
 20
13896.72703308658
 10
76688.22637339962
 20
13896.72703308658
 10
76688.22637339962
 20
13896.72703308658
 10
76688.22637339962
 20
13896.72703308658
 10
76688.22637339962
 20
13896.72703308658
 10
76688.22637339962
 20
13896.72703308658
 10
76688.22637339962
 20
13940.72703308658
 10
76688.22637339962
 20
13940.72703308658
 10
76688.22637339962
 20
13940.72703308658
 10
76688.22637339962
 20
13940.72703308658
 10
76688.22637339962
 20
13940.72703308658
 10
76782.22637339962
 20
13940.72703308658
 10
76782.22637339962
 20
13896.72703308658
 10
76772.22637339962
 20
13896.72703308658
 10
76772.22637339962
 20
13911.72703308658
 10
76698.22637339962
 20
13911.72703308658
  0
LINE
  5
640E
330
63E8
100
AcDbEntity
  8
WID-S
100
AcDbLine
 10
76735.22637339962
 20
13908.72703308658
 30
0.0
 11
76735.22637339962
 21
13893.72703308658
 31
0.0
  0
LWPOLYLINE
  5
640F
330
63E8
100
AcDbEntity
  8
WID-S
100
AcDbPolyline
 90
4
 70
1
 10
76733.22637340007
 20
13413.72703308705
 10
76703.22637340007
 20
13413.72703308658
 10
76703.22637340055
 20
13493.72703308612
 10
76733.22637340007
 20
13493.72703308705
1001
INERCAD20
1000
UnNamed
1070
2001
1071
2
  0
LWPOLYLINE
  5
6410
330
63E8
100
AcDbEntity
  8
WID-S
100
AcDbPolyline
 90
4
 70
1
 10
76730.22637340007
 20
13416.72703308705
 10
76706.22637340009
 20
13416.72703308682
 10
76706.22637340055
 20
13490.72703308635
 10
76730.22637340007
 20
13490.72703308705
1001
INERCAD20
1000
UnNamed
1070
2001
1071
2
  0
LWPOLYLINE
  5
6411
330
63E8
100
AcDbEntity
  8
WID-S
100
AcDbPolyline
 90
4
 70
1
 10
76767.22637340055
 20
13413.72703308728
 10
76737.22637340055
 20
13413.72703308681
 10
76737.22637340102
 20
13493.72703308635
 10
76767.22637340055
 20
13493.72703308728
1001
INERCAD20
1000
UnNamed
1070
2001
1071
2
  0
LWPOLYLINE
  5
6412
330
63E8
100
AcDbEntity
  8
WID-S
100
AcDbPolyline
 90
4
 70
1
 10
76764.22637340055
 20
13416.72703308728
 10
76740.22637340055
 20
13416.72703308705
 10
76740.22637340102
 20
13490.72703308658
 10
76764.22637340055
 20
13490.72703308728
1001
INERCAD20
1000
UnNamed
1070
2001
1071
2
  0
LWPOLYLINE
  5
6413
330
63E8
100
AcDbEntity
  8
WID-S
100
AcDbPolyline
 90
4
 70
1
 10
76767.22637339962
 20
13823.72703308682
 10
76737.22637339962
 20
13823.72703308635
 10
76737.22637340007
 20
13903.72703308588
 10
76767.22637339962
 20
13903.72703308682
1001
INERCAD20
1000
UnNamed
1070
2001
1071
2
  0
LWPOLYLINE
  5
6414
330
63E8
100
AcDbEntity
  8
WID-S
100
AcDbPolyline
 90
4
 70
1
 10
76764.22637339962
 20
13826.72703308682
 10
76740.22637339962
 20
13826.72703308635
 10
76740.22637340009
 20
13900.72703308612
 10
76764.22637339962
 20
13900.72703308682
1001
INERCAD20
1000
UnNamed
1070
2001
1071
2
  0
LINE
  5
6415
330
63E8
100
AcDbEntity
  8
WID
100
AcDbLine
 10
76749.72637340055
 20
13493.72703308612
 30
0.0
 11
76749.72637339962
 21
13823.72703308588
 31
0.0
1001
INERCAD20
1000
UnNamed
1070
2001
1071
1
  0
LINE
  5
6416
330
63E8
100
AcDbEntity
  8
WID
100
AcDbLine
 10
76820.72637340055
 20
13413.72703308658
 30
0.0
 11
76820.72637340009
 21
13083.72703308682
 31
0.0
1001
INERCAD20
1000
UnNamed
1070
2001
1071
1
  0
LINE
  5
6417
330
63E8
100
AcDbEntity
  8
WID
100
AcDbLine
 10
76854.72637340055
 20
13493.72703308612
 30
0.0
 11
76854.72637339962
 21
13823.72703308588
 31
0.0
1001
INERCAD20
1000
UnNamed
1070
2001
1071
1
  0
LINE
  5
6418
330
63E8
100
AcDbEntity
  8
WID
100
AcDbLine
 10
76720.72637340055
 20
13413.72703308658
 30
0.0
 11
76720.72637340009
 21
13083.72703308682
 31
0.0
1001
INERCAD20
1000
UnNamed
1070
2001
1071
1
  0
LINE
  5
6419
330
63E8
100
AcDbEntity
  8
WID
100
AcDbLine
 10
76754.72637340055
 20
13493.72703308612
 30
0.0
 11
76754.72637339962
 21
13823.72703308588
 31
0.0
1001
INERCAD20
1000
UnNamed
1070
2001
1071
1
  0
ARC
  5
641A
330
63E8
100
AcDbEntity
  8
FIN
100
AcDbCircle
 10
76888.03970330757
 20
12958.72703334661
 30
0.0
 40
5.737144297840901
100
AcDbArc
 50
119.3649765601151
 51
240.6350234398849
  0
ENDBLK
  5
641B
330
63E8
100
AcDbEntity
  8
0
100
AcDbBlockEnd
  0
BLOCK
  5
641D
330
641C
100
AcDbEntity
  8
0
100
AcDbBlockBegin
  2
dsfsdfdfssxcv
 70
0
 10
0.0
 20
0.0
 30
0.0
  3
dsfsdfdfssxcv
  1

  0
ARC
  5
641E
330
641C
100
AcDbEntity
  8
FIN
100
AcDbCircle
 10
76287.89304019601
 20
16408.72703334373
 30
0.0
 40
5.666666664074
100
AcDbArc
 50
118.0724868995107
 51
241.9275131004892
  0
ARC
  5
641F
330
641C
100
AcDbEntity
  8
FIN
100
AcDbCircle
 10
76288.03970336368
 20
17398.72703334467
 30
0.0
 40
5.737144297840901
100
AcDbArc
 50
119.3649765601163
 51
240.6350234398837
  0
LWPOLYLINE
  5
6420
330
641C
100
AcDbEntity
  8
WID-S
100
AcDbPolyline
 90
16
 70
1
 10
76198.22637347558
 20
16460.72703313071
 10
76188.22637347558
 20
16460.72703313071
 10
76188.22637347558
 20
16460.72703313071
 10
76188.22637347558
 20
16460.72703313071
 10
76188.22637347558
 20
16460.72703313071
 10
76188.22637347558
 20
16460.72703313071
 10
76188.22637347558
 20
16416.72703313071
 10
76188.22637347558
 20
16416.72703313071
 10
76188.22637347558
 20
16416.72703313071
 10
76188.22637347558
 20
16416.72703313071
 10
76188.22637347558
 20
16416.72703313071
 10
76282.22637347558
 20
16416.72703313071
 10
76282.22637347558
 20
16460.72703313071
 10
76272.22637347558
 20
16460.72703313071
 10
76272.22637347558
 20
16445.72703313071
 10
76198.22637347558
 20
16445.72703313071
  0
LWPOLYLINE
  5
6421
330
641C
100
AcDbEntity
  8
WID-S
100
AcDbPolyline
 90
16
 70
1
 10
76201.22637347558
 20
16463.72703313071
 10
76185.22637347558
 20
16463.72703313071
 10
76185.22637347558
 20
16463.72703313071
 10
76185.22637347558
 20
16463.72703313071
 10
76185.22637347558
 20
16463.72703313071
 10
76185.22637347558
 20
16463.72703313071
 10
76185.22637347558
 20
16413.72703313071
 10
76185.22637347558
 20
16413.72703313071
 10
76185.22637347558
 20
16413.72703313071
 10
76185.22637347558
 20
16413.72703313071
 10
76185.22637347558
 20
16413.72703313071
 10
76285.22637347558
 20
16413.72703313071
 10
76285.22637347558
 20
16463.72703313071
 10
76269.22637347558
 20
16463.72703313071
 10
76269.22637347558
 20
16448.72703313071
 10
76201.22637347558
 20
16448.72703313071
  0
LINE
  5
6422
330
641C
100
AcDbEntity
  8
WID-S
100
AcDbLine
 10
76235.22637347558
 20
16448.72703313071
 30
0.0
 11
76235.22637347558
 21
16463.72703313071
 31
0.0
  0
LWPOLYLINE
  5
6423
330
641C
100
AcDbEntity
  8
WID-S
100
AcDbPolyline
 90
4
 70
1
 10
76233.22637347603
 20
16533.72703313024
 10
76203.22637347605
 20
16533.72703313071
 10
76203.22637347651
 20
16453.72703313117
 10
76233.22637347603
 20
16453.72703313024
1001
INERCAD20
1000
UnNamed
1070
2001
1071
2
  0
LWPOLYLINE
  5
6424
330
641C
100
AcDbEntity
  8
WID-S
100
AcDbPolyline
 90
4
 70
1
 10
76230.22637347605
 20
16530.72703313024
 10
76206.22637347603
 20
16530.7270331307
 10
76206.22637347651
 20
16456.72703313117
 10
76230.22637347605
 20
16456.72703313047
1001
INERCAD20
1000
UnNamed
1070
2001
1071
2
  0
LINE
  5
6425
330
641C
100
AcDbEntity
  8
ELE-2
100
AcDbLine
 10
76269.22637347512
 20
16463.72703313071
 30
0.0
 11
76269.22637347558
 21
17343.72703313071
 31
0.0
1001
INERCAD20
1000
UnNamed
1070
2001
1071
4
  0
LINE
  5
6426
330
641C
100
AcDbEntity
  8
ELE-2
100
AcDbLine
 10
76201.22637347558
 20
16463.72703313024
 30
0.0
 11
76201.22637347605
 21
17343.72703313071
 31
0.0
1001
INERCAD20
1000
UnNamed
1070
2001
1071
4
  0
LINE
  5
6427
330
641C
100
AcDbEntity
  8
ELE-2
100
AcDbLine
 10
76235.22637347605
 20
17343.72703313071
 30
0.0
 11
76235.22637347605
 21
16463.72703313024
 31
0.0
1001
INERCAD20
1000
UnNamed
1070
2001
1071
4
  0
LINE
  5
6428
330
641C
100
AcDbEntity
  8
ELE-2
100
AcDbLine
 10
76285.22637347558
 20
16463.72703313071
 30
0.0
 11
76285.22637347605
 21
17343.72703313071
 31
0.0
1001
INERCAD20
1000
UnNamed
1070
2001
1071
4
  0
LINE
  5
6429
330
641C
100
AcDbEntity
  8
WID
100
AcDbLine
 10
76215.72637347651
 20
16863.72703313094
 30
0.0
 11
76215.72637347605
 21
16533.72703313117
 31
0.0
1001
INERCAD20
1000
UnNamed
1070
2001
1071
1
  0
LWPOLYLINE
  5
642A
330
641C
100
AcDbEntity
  8
WID-S
100
AcDbPolyline
 90
16
 70
1
 10
76201.22637347558
 20
17343.72703313094
 10
76185.22637347558
 20
17343.72703313094
 10
76185.22637347558
 20
17343.72703313094
 10
76185.22637347558
 20
17343.72703313094
 10
76185.22637347558
 20
17343.72703313094
 10
76185.22637347558
 20
17343.72703313094
 10
76185.22637347558
 20
17393.72703313094
 10
76185.22637347558
 20
17393.72703313094
 10
76185.22637347558
 20
17393.72703313094
 10
76185.22637347558
 20
17393.72703313094
 10
76185.22637347558
 20
17393.72703313094
 10
76285.22637347558
 20
17393.72703313094
 10
76285.22637347558
 20
17343.72703313094
 10
76269.22637347558
 20
17343.72703313094
 10
76269.22637347558
 20
17358.72703313094
 10
76201.22637347558
 20
17358.72703313094
  0
LINE
  5
642B
330
641C
100
AcDbEntity
  8
ELE-2
100
AcDbLine
 10
76185.22637347558
 20
16463.72703313071
 30
0.0
 11
76185.22637347605
 21
17343.72703313071
 31
0.0
1001
INERCAD20
1000
UnNamed
1070
2001
1071
4
  0
LWPOLYLINE
  5
642C
330
641C
100
AcDbEntity
  8
WID-S
100
AcDbPolyline
 90
16
 70
1
 10
76198.22637347558
 20
17346.72703313094
 10
76188.22637347558
 20
17346.72703313094
 10
76188.22637347558
 20
17346.72703313094
 10
76188.22637347558
 20
17346.72703313094
 10
76188.22637347558
 20
17346.72703313094
 10
76188.22637347558
 20
17346.72703313094
 10
76188.22637347558
 20
17390.72703313094
 10
76188.22637347558
 20
17390.72703313094
 10
76188.22637347558
 20
17390.72703313094
 10
76188.22637347558
 20
17390.72703313094
 10
76188.22637347558
 20
17390.72703313094
 10
76282.22637347558
 20
17390.72703313094
 10
76282.22637347558
 20
17346.72703313094
 10
76272.22637347558
 20
17346.72703313094
 10
76272.22637347558
 20
17361.72703313094
 10
76198.22637347558
 20
17361.72703313094
  0
LINE
  5
642D
330
641C
100
AcDbEntity
  8
WID-S
100
AcDbLine
 10
76235.22637347558
 20
17358.72703313094
 30
0.0
 11
76235.22637347558
 21
17343.72703313094
 31
0.0
  0
LWPOLYLINE
  5
642E
330
641C
100
AcDbEntity
  8
WID-S
100
AcDbPolyline
 90
4
 70
1
 10
76233.22637347603
 20
16863.72703313141
 10
76203.22637347605
 20
16863.72703313094
 10
76203.22637347651
 20
16943.72703313047
 10
76233.22637347603
 20
16943.72703313141
1001
INERCAD20
1000
UnNamed
1070
2001
1071
2
  0
LWPOLYLINE
  5
642F
330
641C
100
AcDbEntity
  8
WID-S
100
AcDbPolyline
 90
4
 70
1
 10
76230.22637347605
 20
16866.7270331314
 10
76206.22637347603
 20
16866.72703313117
 10
76206.22637347651
 20
16940.72703313071
 10
76230.22637347605
 20
16940.7270331314
1001
INERCAD20
1000
UnNamed
1070
2001
1071
2
  0
LINE
  5
6430
330
641C
100
AcDbEntity
  8
ELE-2
100
AcDbLine
 10
76485.22637347558
 20
16903.72703313071
 30
0.0
 11
75885.22637347558
 21
16903.72703313094
 31
0.0
  0
LWPOLYLINE
  5
6431
330
641C
100
AcDbEntity
  8
WID-S
100
AcDbPolyline
 90
4
 70
1
 10
76267.22637347651
 20
16863.72703313164
 10
76237.22637347651
 20
16863.72703313117
 10
76237.22637347698
 20
16943.72703313071
 10
76267.22637347651
 20
16943.72703313164
1001
INERCAD20
1000
UnNamed
1070
2001
1071
2
  0
LWPOLYLINE
  5
6432
330
641C
100
AcDbEntity
  8
WID-S
100
AcDbPolyline
 90
4
 70
1
 10
76264.22637347651
 20
16866.72703313164
 10
76240.22637347651
 20
16866.7270331314
 10
76240.22637347698
 20
16940.72703313094
 10
76264.22637347651
 20
16940.72703313164
1001
INERCAD20
1000
UnNamed
1070
2001
1071
2
  0
LWPOLYLINE
  5
6433
330
641C
100
AcDbEntity
  8
WID-S
100
AcDbPolyline
 90
4
 70
1
 10
76267.22637347558
 20
17273.72703313117
 10
76237.22637347558
 20
17273.7270331307
 10
76237.22637347605
 20
17353.72703313024
 10
76267.22637347558
 20
17353.72703313117
1001
INERCAD20
1000
UnNamed
1070
2001
1071
2
  0
LWPOLYLINE
  5
6434
330
641C
100
AcDbEntity
  8
WID-S
100
AcDbPolyline
 90
4
 70
1
 10
76264.22637347558
 20
17276.72703313117
 10
76240.22637347558
 20
17276.72703313071
 10
76240.22637347603
 20
17350.72703313047
 10
76264.22637347558
 20
17350.72703313117
1001
INERCAD20
1000
UnNamed
1070
2001
1071
2
  0
LINE
  5
6435
330
641C
100
AcDbEntity
  8
WID
100
AcDbLine
 10
76249.72637347651
 20
16943.72703313047
 30
0.0
 11
76249.72637347558
 21
17273.72703313024
 31
0.0
1001
INERCAD20
1000
UnNamed
1070
2001
1071
1
  0
LWPOLYLINE
  5
6436
330
641C
100
AcDbEntity
  8
WID-S
100
AcDbPolyline
 90
16
 70
1
 10
76098.22637347558
 20
16460.72703313071
 10
76088.22637347558
 20
16460.72703313071
 10
76088.22637347558
 20
16460.72703313071
 10
76088.22637347558
 20
16460.72703313071
 10
76088.22637347558
 20
16460.72703313071
 10
76088.22637347558
 20
16460.72703313071
 10
76088.22637347558
 20
16416.72703313071
 10
76088.22637347558
 20
16416.72703313071
 10
76088.22637347558
 20
16416.72703313071
 10
76088.22637347558
 20
16416.72703313071
 10
76088.22637347558
 20
16416.72703313071
 10
76182.22637347558
 20
16416.72703313071
 10
76182.22637347558
 20
16460.72703313071
 10
76172.22637347558
 20
16460.72703313071
 10
76172.22637347558
 20
16445.72703313071
 10
76098.22637347558
 20
16445.72703313071
  0
LWPOLYLINE
  5
6437
330
641C
100
AcDbEntity
  8
WID-S
100
AcDbPolyline
 90
16
 70
1
 10
76101.22637347558
 20
16463.72703313071
 10
76085.22637347558
 20
16463.72703313071
 10
76085.22637347558
 20
16463.72703313071
 10
76085.22637347558
 20
16463.72703313071
 10
76085.22637347558
 20
16463.72703313071
 10
76085.22637347558
 20
16463.72703313071
 10
76085.22637347558
 20
16413.72703313071
 10
76085.22637347558
 20
16413.72703313071
 10
76085.22637347558
 20
16413.72703313071
 10
76085.22637347558
 20
16413.72703313071
 10
76085.22637347558
 20
16413.72703313071
 10
76185.22637347558
 20
16413.72703313071
 10
76185.22637347558
 20
16463.72703313071
 10
76169.22637347558
 20
16463.72703313071
 10
76169.22637347558
 20
16448.72703313071
 10
76101.22637347558
 20
16448.72703313071
  0
LINE
  5
6438
330
641C
100
AcDbEntity
  8
WID-S
100
AcDbLine
 10
76135.22637347558
 20
16448.72703313071
 30
0.0
 11
76135.22637347558
 21
16463.72703313071
 31
0.0
  0
LWPOLYLINE
  5
6439
330
641C
100
AcDbEntity
  8
WID-S
100
AcDbPolyline
 90
4
 70
1
 10
76133.22637347605
 20
16533.72703313024
 10
76103.22637347603
 20
16533.72703313071
 10
76103.22637347651
 20
16453.72703313117
 10
76133.22637347605
 20
16453.72703313024
1001
INERCAD20
1000
UnNamed
1070
2001
1071
2
  0
LWPOLYLINE
  5
643A
330
641C
100
AcDbEntity
  8
WID-S
100
AcDbPolyline
 90
4
 70
1
 10
76130.22637347603
 20
16530.72703313024
 10
76106.22637347605
 20
16530.72703313071
 10
76106.22637347651
 20
16456.72703313117
 10
76130.22637347603
 20
16456.72703313047
1001
INERCAD20
1000
UnNamed
1070
2001
1071
2
  0
LINE
  5
643B
330
641C
100
AcDbEntity
  8
ELE-2
100
AcDbLine
 10
76169.22637347512
 20
16463.72703313071
 30
0.0
 11
76169.22637347558
 21
17343.72703313071
 31
0.0
1001
INERCAD20
1000
UnNamed
1070
2001
1071
4
  0
LINE
  5
643C
330
641C
100
AcDbEntity
  8
ELE-2
100
AcDbLine
 10
76101.22637347558
 20
16463.72703313024
 30
0.0
 11
76101.22637347605
 21
17343.72703313071
 31
0.0
1001
INERCAD20
1000
UnNamed
1070
2001
1071
4
  0
LINE
  5
643D
330
641C
100
AcDbEntity
  8
ELE-2
100
AcDbLine
 10
76135.22637347605
 20
17343.72703313071
 30
0.0
 11
76135.22637347605
 21
16463.72703313024
 31
0.0
1001
INERCAD20
1000
UnNamed
1070
2001
1071
4
  0
LINE
  5
643E
330
641C
100
AcDbEntity
  8
ELE-2
100
AcDbLine
 10
76185.22637347558
 20
16463.72703313071
 30
0.0
 11
76185.22637347605
 21
17343.72703313071
 31
0.0
1001
INERCAD20
1000
UnNamed
1070
2001
1071
4
  0
LINE
  5
643F
330
641C
100
AcDbEntity
  8
WID
100
AcDbLine
 10
76115.72637347651
 20
16863.72703313094
 30
0.0
 11
76115.72637347605
 21
16533.72703313117
 31
0.0
1001
INERCAD20
1000
UnNamed
1070
2001
1071
1
  0
LWPOLYLINE
  5
6440
330
641C
100
AcDbEntity
  8
WID-S
100
AcDbPolyline
 90
16
 70
1
 10
76101.22637347558
 20
17343.72703313094
 10
76085.22637347558
 20
17343.72703313094
 10
76085.22637347558
 20
17343.72703313094
 10
76085.22637347558
 20
17343.72703313094
 10
76085.22637347558
 20
17343.72703313094
 10
76085.22637347558
 20
17343.72703313094
 10
76085.22637347558
 20
17393.72703313094
 10
76085.22637347558
 20
17393.72703313094
 10
76085.22637347558
 20
17393.72703313094
 10
76085.22637347558
 20
17393.72703313094
 10
76085.22637347558
 20
17393.72703313094
 10
76185.22637347558
 20
17393.72703313094
 10
76185.22637347558
 20
17343.72703313094
 10
76169.22637347558
 20
17343.72703313094
 10
76169.22637347558
 20
17358.72703313094
 10
76101.22637347558
 20
17358.72703313094
  0
LINE
  5
6441
330
641C
100
AcDbEntity
  8
ELE-2
100
AcDbLine
 10
76085.22637347558
 20
16463.72703313071
 30
0.0
 11
76085.22637347605
 21
17343.72703313071
 31
0.0
1001
INERCAD20
1000
UnNamed
1070
2001
1071
4
  0
LWPOLYLINE
  5
6442
330
641C
100
AcDbEntity
  8
WID-S
100
AcDbPolyline
 90
16
 70
1
 10
76098.22637347558
 20
17346.72703313094
 10
76088.22637347558
 20
17346.72703313094
 10
76088.22637347558
 20
17346.72703313094
 10
76088.22637347558
 20
17346.72703313094
 10
76088.22637347558
 20
17346.72703313094
 10
76088.22637347558
 20
17346.72703313094
 10
76088.22637347558
 20
17390.72703313094
 10
76088.22637347558
 20
17390.72703313094
 10
76088.22637347558
 20
17390.72703313094
 10
76088.22637347558
 20
17390.72703313094
 10
76088.22637347558
 20
17390.72703313094
 10
76182.22637347558
 20
17390.72703313094
 10
76182.22637347558
 20
17346.72703313094
 10
76172.22637347558
 20
17346.72703313094
 10
76172.22637347558
 20
17361.72703313094
 10
76098.22637347558
 20
17361.72703313094
  0
LINE
  5
6443
330
641C
100
AcDbEntity
  8
WID-S
100
AcDbLine
 10
76135.22637347558
 20
17358.72703313094
 30
0.0
 11
76135.22637347558
 21
17343.72703313094
 31
0.0
  0
LWPOLYLINE
  5
6444
330
641C
100
AcDbEntity
  8
WID-S
100
AcDbPolyline
 90
4
 70
1
 10
76133.22637347605
 20
16863.72703313141
 10
76103.22637347603
 20
16863.72703313094
 10
76103.22637347651
 20
16943.72703313047
 10
76133.22637347605
 20
16943.72703313141
1001
INERCAD20
1000
UnNamed
1070
2001
1071
2
  0
LWPOLYLINE
  5
6445
330
641C
100
AcDbEntity
  8
WID-S
100
AcDbPolyline
 90
4
 70
1
 10
76130.22637347603
 20
16866.7270331314
 10
76106.22637347605
 20
16866.72703313117
 10
76106.22637347651
 20
16940.72703313071
 10
76130.22637347603
 20
16940.7270331314
1001
INERCAD20
1000
UnNamed
1070
2001
1071
2
  0
LWPOLYLINE
  5
6446
330
641C
100
AcDbEntity
  8
WID-S
100
AcDbPolyline
 90
4
 70
1
 10
76167.22637347651
 20
16863.72703313164
 10
76137.22637347651
 20
16863.72703313117
 10
76137.22637347698
 20
16943.72703313071
 10
76167.22637347651
 20
16943.72703313164
1001
INERCAD20
1000
UnNamed
1070
2001
1071
2
  0
LWPOLYLINE
  5
6447
330
641C
100
AcDbEntity
  8
WID-S
100
AcDbPolyline
 90
4
 70
1
 10
76164.22637347651
 20
16866.72703313164
 10
76140.22637347651
 20
16866.7270331314
 10
76140.22637347698
 20
16940.72703313094
 10
76164.22637347651
 20
16940.72703313164
1001
INERCAD20
1000
UnNamed
1070
2001
1071
2
  0
LWPOLYLINE
  5
6448
330
641C
100
AcDbEntity
  8
WID-S
100
AcDbPolyline
 90
4
 70
1
 10
76167.22637347558
 20
17273.72703313117
 10
76137.22637347558
 20
17273.7270331307
 10
76137.22637347605
 20
17353.72703313024
 10
76167.22637347558
 20
17353.72703313117
1001
INERCAD20
1000
UnNamed
1070
2001
1071
2
  0
LWPOLYLINE
  5
6449
330
641C
100
AcDbEntity
  8
WID-S
100
AcDbPolyline
 90
4
 70
1
 10
76164.22637347558
 20
17276.72703313117
 10
76140.22637347558
 20
17276.72703313071
 10
76140.22637347605
 20
17350.72703313047
 10
76164.22637347558
 20
17350.72703313117
1001
INERCAD20
1000
UnNamed
1070
2001
1071
2
  0
LINE
  5
644A
330
641C
100
AcDbEntity
  8
WID
100
AcDbLine
 10
76149.72637347651
 20
16943.72703313047
 30
0.0
 11
76149.72637347558
 21
17273.72703313024
 31
0.0
1001
INERCAD20
1000
UnNamed
1070
2001
1071
1
  0
LINE
  5
644B
330
641C
100
AcDbEntity
  8
WID
100
AcDbLine
 10
76220.72637347651
 20
16863.72703313094
 30
0.0
 11
76220.72637347605
 21
16533.72703313117
 31
0.0
1001
INERCAD20
1000
UnNamed
1070
2001
1071
1
  0
LINE
  5
644C
330
641C
100
AcDbEntity
  8
WID
100
AcDbLine
 10
76254.72637347651
 20
16943.72703313047
 30
0.0
 11
76254.72637347558
 21
17273.72703313024
 31
0.0
1001
INERCAD20
1000
UnNamed
1070
2001
1071
1
  0
LINE
  5
644D
330
641C
100
AcDbEntity
  8
WID
100
AcDbLine
 10
76120.72637347651
 20
16863.72703313094
 30
0.0
 11
76120.72637347605
 21
16533.72703313117
 31
0.0
1001
INERCAD20
1000
UnNamed
1070
2001
1071
1
  0
LINE
  5
644E
330
641C
100
AcDbEntity
  8
WID
100
AcDbLine
 10
76154.72637347651
 20
16943.72703313047
 30
0.0
 11
76154.72637347558
 21
17273.72703313024
 31
0.0
1001
INERCAD20
1000
UnNamed
1070
2001
1071
1
  0
LINE
  5
644F
330
641C
100
AcDbEntity
  8
마감선
100
AcDbLine
 10
76285.2263733913
 20
16403.72703312989
 30
0.0
 11
76285.22637347745
 21
16403.72703312969
 31
0.0
  0
ENDBLK
  5
6450
330
641C
100
AcDbEntity
  8
0
100
AcDbBlockEnd
  0
BLOCK
  5
76BC
330
76BA
100
AcDbEntity
  8
0
100
AcDbBlockBegin
  2
단면표시
 70
0
 10
0.0
 20
0.0
 30
0.0
  3
단면표시
  1

  0
LWPOLYLINE
  5
76BD
330
76BA
100
AcDbEntity
  8
2SEC
 62
2
100
AcDbPolyline
 90
5
 70
0
 10
54172.24685638638
 20
16193.59857258589
 10
54061.78990642022
 20
16193.59857258589
 10
54438.91352305305
 20
16570.72218921871
 10
54816.03713968588
 20
16193.59857258589
 10
54705.58018971972
 20
16193.59857258589
1001
AcDbBlockRepETag
1070
1
1071
0
1005
76BD
  0
CIRCLE
  5
76BE
330
76BA
100
AcDbEntity
  8
2SEC
 62
2
100
AcDbCircle
 10
54438.91352305305
 20
16193.59857258589
 30
0.0
 40
266.6666666666666
1001
AcDbBlockRepETag
1070
1
1071
1
1005
76BE
  0
SOLID
  5
76BF
330
76BA
100
AcDbEntity
  8
2SEC
 62
2
100
AcDbTrace
 10
54172.24685638638
 20
16193.59857258589
 30
0.0
 11
54061.78990642022
 21
16193.59857258589
 31
0.0
 12
54192.54564771671
 22
16295.64748788324
 32
0.0
 13
54250.35171473663
 23
16382.1603809023
 33
0.0
1001
AcDbBlockRepETag
1070
1
1071
2
1005
76BF
  0
SOLID
  5
76C0
330
76BA
100
AcDbEntity
  8
2SEC
 62
2
100
AcDbTrace
 10
54438.91352305305
 20
16460.26523925255
 30
0.0
 11
54438.91352305305
 21
16570.72218921871
 31
0.0
 12
54336.86460775569
 22
16439.96644792223
 32
0.0
 13
54250.35171473663
 23
16382.1603809023
 33
0.0
1001
AcDbBlockRepETag
1070
1
1071
3
1005
76C0
  0
SOLID
  5
76C1
330
76BA
100
AcDbEntity
  8
2SEC
 62
2
100
AcDbTrace
 10
54438.91352305305
 20
16460.26523925255
 30
0.0
 11
54438.91352305305
 21
16570.72218921871
 31
0.0
 12
54540.96243835041
 22
16439.96644792223
 32
0.0
 13
54627.47533136947
 23
16382.1603809023
 33
0.0
1001
AcDbBlockRepETag
1070
1
1071
4
1005
76C1
  0
SOLID
  5
76C2
330
76BA
100
AcDbEntity
  8
2SEC
 62
2
100
AcDbTrace
 10
54705.58018971972
 20
16193.59857258589
 30
0.0
 11
54816.03713968588
 21
16193.59857258589
 31
0.0
 12
54685.28139838938
 22
16295.64748788324
 32
0.0
 13
54627.47533136947
 23
16382.1603809023
 33
0.0
1001
AcDbBlockRepETag
1070
1
1071
5
1005
76C2
  0
ENDBLK
  5
76C3
330
76BA
100
AcDbEntity
  8
0
100
AcDbBlockEnd
  0
BLOCK
  5
76C5
330
76C4
100
AcDbEntity
  8
0
100
AcDbBlockBegin
  2
eksdua
 70
0
 10
0.0
 20
0.0
 30
0.0
  3
eksdua
  1

  4
k
  0
HATCH
  5
76C6
330
76C4
100
AcDbEntity
  8
2SEC
100
AcDbHatch
 10
0.0
 20
0.0
 30
0.0
210
0.0
220
0.0
230
1.0
  2
SOLID
 70
1
 71
0
 91
1
 92
7
 72
0
 73
1
 93
3
 10
15176.05489110733
 20
7.827839e-08
 10
15176.05489110733
 20
-479.4469107953591
 10
14941.33757210327
 20
7.7070581e-08
 97
0
 75
0
 76
1
 47
4.680184668305948
 98
1
 10
15129.61529983747
 20
-41.33473087656239
450
0
451
0
460
0.0
461
0.0
452
0
462
0.0
453
0
470

1001
ACAD
1010
57340.40574395365
1020
17804.63049611216
1030
0.0
  0
LWPOLYLINE
  5
76C7
330
76C4
100
AcDbEntity
  8
2SEC
100
AcDbPolyline
 90
3
 70
0
 10
15176.05489110733
 20
7.827839e-08
 10
15176.05489110733
 20
-479.4469107953591
 10
14941.33757210327
 20
7.70851329e-08
  0
LWPOLYLINE
  5
76C8
330
76C4
100
AcDbEntity
  8
2SEC
100
AcDbPolyline
 90
2
 70
0
 10
8500.000000036955
 20
7164.794093894994
 10
8499.999999937594
 20
-12097.86325486663
  0
HATCH
  5
76C9
330
76C4
100
AcDbEntity
  8
2SEC
100
AcDbHatch
 10
0.0
 20
0.0
 30
0.0
210
0.0
220
0.0
230
1.0
  2
SOLID
 70
1
 71
0
 91
1
 92
7
 72
0
 73
1
 93
3
 10
3.69618647e-08
 20
7164.794093894994
 10
-479.4469108366902
 20
7164.794093894994
 10
3.57467798e-08
 20
6930.076774890935
 97
0
 75
0
 76
1
 47
4.680184668305948
 98
1
 10
-41.33473091788618
 20
7118.35450262512
450
0
451
0
460
0.0
461
0.0
452
0
462
0.0
453
0
470

1001
ACAD
1010
57340.40574395365
1020
17804.63049611216
1030
0.0
  0
LWPOLYLINE
  5
76CA
330
76C4
100
AcDbEntity
  8
2SEC
100
AcDbPolyline
 90
4
 70
0
 10
-6.24058885e-08
 20
-12097.86325486663
 10
3.69545887e-08
 20
7164.794093894994
 10
-479.4469108366829
 20
7164.794093894994
 10
3.57613317e-08
 20
6930.076774890931
  0
LINE
  5
76CB
330
76C4
100
AcDbEntity
  8
2SEC
100
AcDbLine
 10
15176.05489110733
 20
7.827839e-08
 30
0.0
 11
-4586.602457613888
 21
-2.36577762e-08
 31
0.0
  0
TEXT
  5
76CC
330
76C4
100
AcDbEntity
  8
RXANNOT
 62
3
100
AcDbText
 10
-204.2553192141869
 20
-12518.66112720645
 30
0.0
 40
200.0
  1
단1
  7
굴림체
 72
4
 11
-6.52507879e-08
 21
-12417.86325486603
 31
0.0
100
AcDbText
  0
INSERT
  5
76CD
330
76C4
100
AcDbEntity
  8
2SEC
100
AcDbBlockReference
  2
단면표시
 10
19432.3182870378
 20
-77744.55948252967
 30
0.0
 41
1.200000000000727
 42
1.200000000000727
 43
1.200000000000727
 50
90.0
  0
TEXT
  5
76CE
330
76C4
100
AcDbEntity
  8
RXANNOT
 62
3
100
AcDbText
 10
8295.744680785805
 20
-12518.66112720645
 30
0.0
 40
200.0
  1
단2
  7
굴림체
 72
4
 11
8499.99999993474
 21
-12417.86325486603
 31
0.0
100
AcDbText
  0
INSERT
  5
76CF
330
76C4
100
AcDbEntity
  8
2SEC
100
AcDbBlockReference
  2
단면표시
 10
27932.3182870378
 20
-77744.55948252967
 30
0.0
 41
1.200000000000727
 42
1.200000000000727
 43
1.200000000000727
 50
90.0
  0
TEXT
  5
76D0
330
76C4
100
AcDbEntity
  8
RXANNOT
 62
3
100
AcDbText
 10
-5110.857776802624
 20
-100.7978723643743
 30
0.0
 40
200.0
  1
단3
  7
굴림체
 72
4
 11
-4906.602457653687
 21
-2.39488145e-08
 31
0.0
100
AcDbText
  0
INSERT
  5
76D1
330
76C4
100
AcDbEntity
  8
2SEC
100
AcDbBlockReference
  2
단면표시
 10
-70233.29868531736
 20
19432.31828707913
 30
0.0
 41
-1.200000000004365
 42
1.200000000000727
 43
1.199999999999999
 50
180.0
  0
HATCH
  5
76D2
330
76C4
100
AcDbEntity
  8
2SEC
100
AcDbHatch
 10
0.0
 20
0.0
 30
0.0
210
0.0
220
0.0
230
1.0
  2
SOLID
 70
1
 71
0
 91
1
 92
7
 72
0
 73
1
 93
3
 10
8500.000000036955
 20
7164.794093851149
 10
8020.553089163318
 20
7164.794093851149
 10
8500.000000035747
 20
6930.076774847091
 97
0
 75
0
 76
1
 47
4.680184668305948
 98
1
 10
8458.665269082114
 20
7118.354502581275
450
0
451
0
460
0.0
461
0.0
452
0
462
0.0
453
0
470

1001
ACAD
1010
57340.40574395365
1020
17804.63049611216
1030
0.0
  0
LWPOLYLINE
  5
76D3
330
76C4
100
AcDbEntity
  8
2SEC
100
AcDbPolyline
 90
3
 70
0
 10
8500.000000036955
 20
7164.794093851149
 10
8020.553089163318
 20
7164.794093851149
 10
8500.000000035761
 20
6930.076774847086
  0
ENDBLK
  5
76D4
330
76C4
100
AcDbEntity
  8
0
100
AcDbBlockEnd
  0
BLOCK
  5
8045
330
803B
100
AcDbEntity
  8
0
100
AcDbBlockBegin
  2
*D26
 70
1
 10
0.0
 20
0.0
 30
0.0
  3
*D26
  1

  0
LINE
  5
8506
330
803B
100
AcDbEntity
  8
RXDIM
 62
6
370
-2
440
16777216
100
AcDbLine
 10
8035.229058661149
 20
9953.727520306187
 30
0.0
 11
5935.229058665338
 21
9953.727520306187
 31
0.0
  0
LINE
  5
8507
330
803B
100
AcDbEntity
  8
RXDIM
 62
6
370
-2
440
16777216
100
AcDbLine
 10
8035.229058661382
 20
12753.72752021911
 30
0.0
 11
5935.229058665339
 21
12753.72752021911
 31
0.0
  0
LINE
  5
8508
330
803B
100
AcDbEntity
  8
RXDIM
 62
6
370
-2
440
16777216
100
AcDbLine
 10
6085.229058665339
 20
10053.72752030619
 30
0.0
 11
6085.22905866534
 21
12653.72752021911
 31
0.0
  0
INSERT
  5
8509
330
803B
100
AcDbEntity
  8
RXDIM
 62
6
370
-2
440
16777216
100
AcDbBlockReference
  2
_RXDOT
 10
6085.229058665339
 20
9953.727520306187
 30
0.0
 41
100.0
 42
100.0
 43
100.0
 50
270.0
  0
INSERT
  5
850A
330
803B
100
AcDbEntity
  8
RXDIM
 62
6
370
-2
440
16777216
100
AcDbBlockReference
  2
_RXDOT
 10
6085.22905866534
 20
12753.72752021911
 30
0.0
 41
100.0
 42
100.0
 43
100.0
 50
90.0
  0
MTEXT
  5
850B
330
803B
100
AcDbEntity
  8
RXDIM
 62
3
440
16777216
100
AcDbMText
 10
5882.968420367466
 20
11353.72752026265
 30
0.0
 40
200.0
 41
0.0
 46
0.0
 71
5
  1
\A1;2800
  7
굴림체
 11
1e-16
 21
1.0
 31
0.0
  0
POINT
  5
850C
330
803B
100
AcDbEntity
  8
DEFPOINTS
 62
0
440
16777216
100
AcDbPoint
 10
8185.229058661148
 20
9953.727520306187
 30
0.0
  0
POINT
  5
850D
330
803B
100
AcDbEntity
  8
DEFPOINTS
 62
0
440
16777216
100
AcDbPoint
 10
8185.229058661382
 20
12753.72752021911
 30
0.0
  0
POINT
  5
850E
330
803B
100
AcDbEntity
  8
DEFPOINTS
 62
0
440
16777216
100
AcDbPoint
 10
6085.22905866534
 20
12753.72752021911
 30
0.0
  0
ENDBLK
  5
8046
330
803B
100
AcDbEntity
  8
0
100
AcDbBlockEnd
  0
BLOCK
  5
8051
330
8047
100
AcDbEntity
  8
0
100
AcDbBlockBegin
  2
*D27
 70
1
 10
0.0
 20
0.0
 30
0.0
  3
*D27
  1

  0
LINE
  5
850F
330
8047
100
AcDbEntity
  8
RXDIM
 62
6
370
-2
440
16777216
100
AcDbLine
 10
8035.229058665107
 20
12753.72752030619
 30
0.0
 11
5935.229058665338
 21
12753.72752030619
 31
0.0
  0
LINE
  5
8510
330
8047
100
AcDbEntity
  8
RXDIM
 62
6
370
-2
440
16777216
100
AcDbLine
 10
8035.229058665107
 20
17653.72752039373
 30
0.0
 11
5935.229058665339
 21
17653.72752039373
 31
0.0
  0
LINE
  5
8511
330
8047
100
AcDbEntity
  8
RXDIM
 62
6
370
-2
440
16777216
100
AcDbLine
 10
6085.229058665339
 20
12853.72752030619
 30
0.0
 11
6085.22905866534
 21
17553.72752039373
 31
0.0
  0
INSERT
  5
8512
330
8047
100
AcDbEntity
  8
RXDIM
 62
6
370
-2
440
16777216
100
AcDbBlockReference
  2
_RXDOT
 10
6085.229058665339
 20
12753.72752030619
 30
0.0
 41
100.0
 42
100.0
 43
100.0
 50
270.0
  0
INSERT
  5
8513
330
8047
100
AcDbEntity
  8
RXDIM
 62
6
370
-2
440
16777216
100
AcDbBlockReference
  2
_RXDOT
 10
6085.22905866534
 20
17653.72752039373
 30
0.0
 41
100.0
 42
100.0
 43
100.0
 50
90.0
  0
MTEXT
  5
8514
330
8047
100
AcDbEntity
  8
RXDIM
 62
3
440
16777216
100
AcDbMText
 10
5882.702462920656
 20
15203.72752034996
 30
0.0
 40
200.0
 41
0.0
 46
0.0
 71
5
  1
\A1;4900
  7
굴림체
 11
1e-16
 21
1.0
 31
0.0
  0
POINT
  5
8515
330
8047
100
AcDbEntity
  8
DEFPOINTS
 62
0
440
16777216
100
AcDbPoint
 10
8185.229058665106
 20
12753.72752030619
 30
0.0
  0
POINT
  5
8516
330
8047
100
AcDbEntity
  8
DEFPOINTS
 62
0
440
16777216
100
AcDbPoint
 10
8185.229058665106
 20
17653.72752039373
 30
0.0
  0
POINT
  5
8517
330
8047
100
AcDbEntity
  8
DEFPOINTS
 62
0
440
16777216
100
AcDbPoint
 10
6085.22905866534
 20
17653.72752039373
 30
0.0
  0
ENDBLK
  5
8052
330
8047
100
AcDbEntity
  8
0
100
AcDbBlockEnd
  0
BLOCK
  5
805D
330
8053
100
AcDbEntity
  8
0
100
AcDbBlockBegin
  2
*D28
 70
1
 10
0.0
 20
0.0
 30
0.0
  3
*D28
  1

  0
LINE
  5
8518
330
8053
100
AcDbEntity
  8
RXDIM
 62
6
370
-2
440
16777216
100
AcDbLine
 10
8035.229058665107
 20
17653.72752039373
 30
0.0
 11
6535.22905866534
 21
17653.72752039373
 31
0.0
  0
LINE
  5
8519
330
8053
100
AcDbEntity
  8
RXDIM
 62
6
370
-2
440
16777216
100
AcDbLine
 10
8035.229058664874
 20
19453.72752039466
 30
0.0
 11
6535.22905866534
 21
19453.72752039466
 31
0.0
  0
LINE
  5
851A
330
8053
100
AcDbEntity
  8
RXDIM
 62
6
370
-2
440
16777216
100
AcDbLine
 10
6685.229058665339
 20
17753.72752039373
 30
0.0
 11
6685.229058665339
 21
19353.72752039466
 31
0.0
  0
INSERT
  5
851B
330
8053
100
AcDbEntity
  8
RXDIM
 62
6
370
-2
440
16777216
100
AcDbBlockReference
  2
_RXDOT
 10
6685.229058665339
 20
17653.72752039373
 30
0.0
 41
100.0
 42
100.0
 43
100.0
 50
270.0
  0
INSERT
  5
851C
330
8053
100
AcDbEntity
  8
RXDIM
 62
6
370
-2
440
16777216
100
AcDbBlockReference
  2
_RXDOT
 10
6685.229058665339
 20
19453.72752039466
 30
0.0
 41
100.0
 42
100.0
 43
100.0
 50
90.0
  0
MTEXT
  5
851D
330
8053
100
AcDbEntity
  8
RXDIM
 62
3
440
16777216
100
AcDbMText
 10
6482.56948419725
 20
18553.7275203942
 30
0.0
 40
200.0
 41
0.0
 46
0.0
 71
5
  1
\A1;1800
  7
굴림체
 11
1e-16
 21
1.0
 31
0.0
  0
POINT
  5
851E
330
8053
100
AcDbEntity
  8
DEFPOINTS
 62
0
440
16777216
100
AcDbPoint
 10
8185.229058665106
 20
17653.72752039373
 30
0.0
  0
POINT
  5
851F
330
8053
100
AcDbEntity
  8
DEFPOINTS
 62
0
440
16777216
100
AcDbPoint
 10
8185.229058664875
 20
19453.72752039466
 30
0.0
  0
POINT
  5
8520
330
8053
100
AcDbEntity
  8
DEFPOINTS
 62
0
440
16777216
100
AcDbPoint
 10
6685.229058665339
 20
19453.72752039466
 30
0.0
  0
ENDBLK
  5
805E
330
8053
100
AcDbEntity
  8
0
100
AcDbBlockEnd
  0
BLOCK
  5
8069
330
805F
100
AcDbEntity
  8
0
100
AcDbBlockBegin
  2
*D29
 70
1
 10
0.0
 20
0.0
 30
0.0
  3
*D29
  1

  0
LINE
  5
8521
330
805F
100
AcDbEntity
  8
RXDIM
 62
6
370
-2
440
16777216
100
AcDbLine
 10
8035.229058664874
 20
19453.72752039466
 30
0.0
 11
6535.22905866534
 21
19453.72752039466
 31
0.0
  0
LINE
  5
8522
330
805F
100
AcDbEntity
  8
RXDIM
 62
6
370
-2
440
16777216
100
AcDbLine
 10
8035.229058655794
 20
21253.72752030619
 30
0.0
 11
6535.22905866534
 21
21253.72752030619
 31
0.0
  0
LINE
  5
8523
330
805F
100
AcDbEntity
  8
RXDIM
 62
6
370
-2
440
16777216
100
AcDbLine
 10
6685.229058665339
 20
19553.72752039466
 30
0.0
 11
6685.229058665339
 21
21153.72752030619
 31
0.0
  0
INSERT
  5
8524
330
805F
100
AcDbEntity
  8
RXDIM
 62
6
370
-2
440
16777216
100
AcDbBlockReference
  2
_RXDOT
 10
6685.229058665339
 20
19453.72752039466
 30
0.0
 41
100.0
 42
100.0
 43
100.0
 50
270.0
  0
INSERT
  5
8525
330
805F
100
AcDbEntity
  8
RXDIM
 62
6
370
-2
440
16777216
100
AcDbBlockReference
  2
_RXDOT
 10
6685.229058665339
 20
21253.72752030619
 30
0.0
 41
100.0
 42
100.0
 43
100.0
 50
90.0
  0
MTEXT
  5
8526
330
805F
100
AcDbEntity
  8
RXDIM
 62
3
440
16777216
100
AcDbMText
 10
6482.56948419725
 20
20353.72752035042
 30
0.0
 40
200.0
 41
0.0
 46
0.0
 71
5
  1
\A1;1800
  7
굴림체
 11
1e-16
 21
1.0
 31
0.0
  0
POINT
  5
8527
330
805F
100
AcDbEntity
  8
DEFPOINTS
 62
0
440
16777216
100
AcDbPoint
 10
8185.229058664875
 20
19453.72752039466
 30
0.0
  0
POINT
  5
8528
330
805F
100
AcDbEntity
  8
DEFPOINTS
 62
0
440
16777216
100
AcDbPoint
 10
8185.229058655794
 20
21253.72752030619
 30
0.0
  0
POINT
  5
8529
330
805F
100
AcDbEntity
  8
DEFPOINTS
 62
0
440
16777216
100
AcDbPoint
 10
6685.229058665339
 20
21253.72752030619
 30
0.0
  0
ENDBLK
  5
806A
330
805F
100
AcDbEntity
  8
0
100
AcDbBlockEnd
  0
BLOCK
  5
8075
330
806B
100
AcDbEntity
  8
0
100
AcDbBlockBegin
  2
*D30
 70
1
 10
0.0
 20
0.0
 30
0.0
  3
*D30
  1

  0
LINE
  5
852A
330
806B
100
AcDbEntity
  8
RXDIM
 62
6
370
-2
440
16777216
100
AcDbLine
 10
8035.229058655794
 20
21253.72752030619
 30
0.0
 11
5335.229058665342
 21
21253.72752030619
 31
0.0
  0
LINE
  5
852B
330
806B
100
AcDbEntity
  8
RXDIM
 62
6
370
-2
440
16777216
100
AcDbLine
 10
8035.229058664874
 20
9953.727520306187
 30
0.0
 11
5335.22905866534
 21
9953.727520306187
 31
0.0
  0
LINE
  5
852C
330
806B
100
AcDbEntity
  8
RXDIM
 62
6
370
-2
440
16777216
100
AcDbLine
 10
5485.229058665343
 20
21153.72752030619
 30
0.0
 11
5485.229058665339
 21
10053.72752030619
 31
0.0
  0
INSERT
  5
852D
330
806B
100
AcDbEntity
  8
RXDIM
 62
6
370
-2
440
16777216
100
AcDbBlockReference
  2
_RXDOT
 10
5485.229058665343
 20
21253.72752030619
 30
0.0
 41
100.0
 42
100.0
 43
100.0
 50
90.0
  0
INSERT
  5
852E
330
806B
100
AcDbEntity
  8
RXDIM
 62
6
370
-2
440
16777216
100
AcDbBlockReference
  2
_RXDOT
 10
5485.229058665339
 20
9953.727520306187
 30
0.0
 41
100.0
 42
100.0
 43
100.0
 50
270.0
  0
MTEXT
  5
852F
330
806B
100
AcDbEntity
  8
RXDIM
 62
3
440
16777216
100
AcDbMText
 10
5282.569484197253
 20
15603.72752030619
 30
0.0
 40
200.0
 41
0.0
 46
0.0
 71
5
  1
\A1;11300
  7
굴림체
 11
1e-16
 21
1.0
 31
0.0
  0
POINT
  5
8530
330
806B
100
AcDbEntity
  8
DEFPOINTS
 62
0
440
16777216
100
AcDbPoint
 10
8185.229058655794
 20
21253.72752030619
 30
0.0
  0
POINT
  5
8531
330
806B
100
AcDbEntity
  8
DEFPOINTS
 62
0
440
16777216
100
AcDbPoint
 10
8185.229058664875
 20
9953.727520306187
 30
0.0
  0
POINT
  5
8532
330
806B
100
AcDbEntity
  8
DEFPOINTS
 62
0
440
16777216
100
AcDbPoint
 10
5485.229058665339
 20
9953.727520306187
 30
0.0
  0
ENDBLK
  5
8076
330
806B
100
AcDbEntity
  8
0
100
AcDbBlockEnd
  0
BLOCK
  5
8081
330
8077
100
AcDbEntity
  8
0
100
AcDbBlockBegin
  2
*D31
 70
1
 10
0.0
 20
0.0
 30
0.0
  3
*D31
  1

  0
LINE
  5
8533
330
8077
100
AcDbEntity
  8
RXDIM
 62
6
370
-2
440
16777216
100
AcDbLine
 10
12035.22595583589
 20
25268.52161424101
 30
0.0
 11
12035.22595583589
 21
27768.52161431039
 31
0.0
  0
LINE
  5
8534
330
8077
100
AcDbEntity
  8
RXDIM
 62
6
370
-2
440
16777216
100
AcDbLine
 10
26835.22595578607
 20
25268.52161439421
 30
0.0
 11
26835.22595578607
 21
27768.52161431039
 31
0.0
  0
LINE
  5
8535
330
8077
100
AcDbEntity
  8
RXDIM
 62
6
370
-2
440
16777216
100
AcDbLine
 10
12135.22595583589
 20
27618.52161431039
 30
0.0
 11
26735.22595578607
 21
27618.52161431039
 31
0.0
  0
INSERT
  5
8536
330
8077
100
AcDbEntity
  8
RXDIM
 62
6
370
-2
440
16777216
100
AcDbBlockReference
  2
_RXDOT
 10
12035.22595583589
 20
27618.52161431039
 30
0.0
 41
100.0
 42
100.0
 43
100.0
 50
180.0
  0
INSERT
  5
8537
330
8077
100
AcDbEntity
  8
RXDIM
 62
6
370
-2
440
16777216
100
AcDbBlockReference
  2
_RXDOT
 10
26835.22595578607
 20
27618.52161431039
 30
0.0
 41
100.0
 42
100.0
 43
100.0
  0
MTEXT
  5
8538
330
8077
100
AcDbEntity
  8
RXDIM
 62
3
440
16777216
100
AcDbMText
 10
19435.22595581098
 20
27821.18118877848
 30
0.0
 40
200.0
 41
0.0
 46
0.0
 71
5
  1
\A1;14800
  7
굴림체
  0
POINT
  5
8539
330
8077
100
AcDbEntity
  8
DEFPOINTS
 62
0
440
16777216
100
AcDbPoint
 10
12035.22595583589
 20
25118.52161424101
 30
0.0
  0
POINT
  5
853A
330
8077
100
AcDbEntity
  8
DEFPOINTS
 62
0
440
16777216
100
AcDbPoint
 10
26835.22595578607
 20
25118.52161439421
 30
0.0
  0
POINT
  5
853B
330
8077
100
AcDbEntity
  8
DEFPOINTS
 62
0
440
16777216
100
AcDbPoint
 10
26835.22595578607
 20
27618.52161431039
 30
0.0
  0
ENDBLK
  5
8082
330
8077
100
AcDbEntity
  8
0
100
AcDbBlockEnd
  0
BLOCK
  5
808D
330
8083
100
AcDbEntity
  8
0
100
AcDbBlockBegin
  2
*D32
 70
1
 10
0.0
 20
0.0
 30
0.0
  3
*D32
  1

  0
LINE
  5
853C
330
8083
100
AcDbEntity
  8
RXDIM
 62
6
370
-2
440
16777216
100
AcDbLine
 10
14085.22595580888
 20
25268.52161422378
 30
0.0
 11
14085.22595580888
 21
27168.52161431039
 31
0.0
  0
LINE
  5
853D
330
8083
100
AcDbEntity
  8
RXDIM
 62
6
370
-2
440
16777216
100
AcDbLine
 10
17035.22595599701
 20
25268.52161423216
 30
0.0
 11
17035.22595599701
 21
27168.52161431039
 31
0.0
  0
LINE
  5
853E
330
8083
100
AcDbEntity
  8
RXDIM
 62
6
370
-2
440
16777216
100
AcDbLine
 10
14185.22595580888
 20
27018.52161431039
 30
0.0
 11
16935.22595599701
 21
27018.52161431039
 31
0.0
  0
INSERT
  5
853F
330
8083
100
AcDbEntity
  8
RXDIM
 62
6
370
-2
440
16777216
100
AcDbBlockReference
  2
_RXDOT
 10
14085.22595580888
 20
27018.52161431039
 30
0.0
 41
100.0
 42
100.0
 43
100.0
 50
180.0
  0
INSERT
  5
8540
330
8083
100
AcDbEntity
  8
RXDIM
 62
6
370
-2
440
16777216
100
AcDbBlockReference
  2
_RXDOT
 10
17035.22595599701
 20
27018.52161431039
 30
0.0
 41
100.0
 42
100.0
 43
100.0
  0
MTEXT
  5
8541
330
8083
100
AcDbEntity
  8
RXDIM
 62
3
440
16777216
100
AcDbMText
 10
15560.22595590295
 20
27220.78225260827
 30
0.0
 40
200.0
 41
0.0
 46
0.0
 71
5
  1
\A1;2950
  7
굴림체
  0
POINT
  5
8542
330
8083
100
AcDbEntity
  8
DEFPOINTS
 62
0
440
16777216
100
AcDbPoint
 10
14085.22595580888
 20
25118.52161422378
 30
0.0
  0
POINT
  5
8543
330
8083
100
AcDbEntity
  8
DEFPOINTS
 62
0
440
16777216
100
AcDbPoint
 10
17035.22595599701
 20
25118.52161423216
 30
0.0
  0
POINT
  5
8544
330
8083
100
AcDbEntity
  8
DEFPOINTS
 62
0
440
16777216
100
AcDbPoint
 10
17035.22595599701
 20
27018.52161431039
 30
0.0
  0
ENDBLK
  5
808E
330
8083
100
AcDbEntity
  8
0
100
AcDbBlockEnd
  0
BLOCK
  5
8099
330
808F
100
AcDbEntity
  8
0
100
AcDbBlockBegin
  2
*D33
 70
1
 10
0.0
 20
0.0
 30
0.0
  3
*D33
  1

  0
LINE
  5
8545
330
808F
100
AcDbEntity
  8
RXDIM
 62
6
370
-2
440
16777216
100
AcDbLine
 10
17035.22595599701
 20
25268.52161423216
 30
0.0
 11
17035.22595599701
 21
27168.52161431039
 31
0.0
  0
LINE
  5
8546
330
808F
100
AcDbEntity
  8
RXDIM
 62
6
370
-2
440
16777216
100
AcDbLine
 10
18735.22595583612
 20
25268.52161422331
 30
0.0
 11
18735.22595583612
 21
27168.52161431039
 31
0.0
  0
LINE
  5
8547
330
808F
100
AcDbEntity
  8
RXDIM
 62
6
370
-2
440
16777216
100
AcDbLine
 10
17135.22595599701
 20
27018.52161431039
 30
0.0
 11
18635.22595583612
 21
27018.52161431039
 31
0.0
  0
INSERT
  5
8548
330
808F
100
AcDbEntity
  8
RXDIM
 62
6
370
-2
440
16777216
100
AcDbBlockReference
  2
_RXDOT
 10
17035.22595599701
 20
27018.52161431039
 30
0.0
 41
100.0
 42
100.0
 43
100.0
 50
180.0
  0
INSERT
  5
8549
330
808F
100
AcDbEntity
  8
RXDIM
 62
6
370
-2
440
16777216
100
AcDbBlockReference
  2
_RXDOT
 10
18735.22595583612
 20
27018.52161431039
 30
0.0
 41
100.0
 42
100.0
 43
100.0
  0
MTEXT
  5
854A
330
808F
100
AcDbEntity
  8
RXDIM
 62
3
440
16777216
100
AcDbMText
 10
17885.22595591657
 20
27221.18118877848
 30
0.0
 40
200.0
 41
0.0
 46
0.0
 71
5
  1
\A1;1700
  7
굴림체
  0
POINT
  5
854B
330
808F
100
AcDbEntity
  8
DEFPOINTS
 62
0
440
16777216
100
AcDbPoint
 10
17035.22595599701
 20
25118.52161423216
 30
0.0
  0
POINT
  5
854C
330
808F
100
AcDbEntity
  8
DEFPOINTS
 62
0
440
16777216
100
AcDbPoint
 10
18735.22595583612
 20
25118.52161422331
 30
0.0
  0
POINT
  5
854D
330
808F
100
AcDbEntity
  8
DEFPOINTS
 62
0
440
16777216
100
AcDbPoint
 10
18735.22595583612
 20
27018.52161431039
 30
0.0
  0
ENDBLK
  5
809A
330
808F
100
AcDbEntity
  8
0
100
AcDbBlockEnd
  0
BLOCK
  5
80A5
330
809B
100
AcDbEntity
  8
0
100
AcDbBlockBegin
  2
*D34
 70
1
 10
0.0
 20
0.0
 30
0.0
  3
*D34
  1

  0
LINE
  5
854E
330
809B
100
AcDbEntity
  8
RXDIM
 62
6
370
-2
440
16777216
100
AcDbLine
 10
18735.22595583612
 20
25268.52161422331
 30
0.0
 11
18735.22595583612
 21
27168.52161431039
 31
0.0
  0
LINE
  5
854F
330
809B
100
AcDbEntity
  8
RXDIM
 62
6
370
-2
440
16777216
100
AcDbLine
 10
22635.2259557863
 20
25268.52161431458
 30
0.0
 11
22635.2259557863
 21
27168.52161431039
 31
0.0
  0
LINE
  5
8550
330
809B
100
AcDbEntity
  8
RXDIM
 62
6
370
-2
440
16777216
100
AcDbLine
 10
18835.22595583612
 20
27018.52161431039
 30
0.0
 11
22535.2259557863
 21
27018.52161431039
 31
0.0
  0
INSERT
  5
8551
330
809B
100
AcDbEntity
  8
RXDIM
 62
6
370
-2
440
16777216
100
AcDbBlockReference
  2
_RXDOT
 10
18735.22595583612
 20
27018.52161431039
 30
0.0
 41
100.0
 42
100.0
 43
100.0
 50
180.0
  0
INSERT
  5
8552
330
809B
100
AcDbEntity
  8
RXDIM
 62
6
370
-2
440
16777216
100
AcDbBlockReference
  2
_RXDOT
 10
22635.2259557863
 20
27018.52161431039
 30
0.0
 41
100.0
 42
100.0
 43
100.0
  0
MTEXT
  5
8553
330
809B
100
AcDbEntity
  8
RXDIM
 62
3
440
16777216
100
AcDbMText
 10
20685.22595581121
 20
27220.78225260827
 30
0.0
 40
200.0
 41
0.0
 46
0.0
 71
5
  1
\A1;3900
  7
굴림체
  0
POINT
  5
8554
330
809B
100
AcDbEntity
  8
DEFPOINTS
 62
0
440
16777216
100
AcDbPoint
 10
18735.22595583612
 20
25118.52161422331
 30
0.0
  0
POINT
  5
8555
330
809B
100
AcDbEntity
  8
DEFPOINTS
 62
0
440
16777216
100
AcDbPoint
 10
22635.2259557863
 20
25118.52161431458
 30
0.0
  0
POINT
  5
8556
330
809B
100
AcDbEntity
  8
DEFPOINTS
 62
0
440
16777216
100
AcDbPoint
 10
22635.2259557863
 20
27018.52161431039
 30
0.0
  0
ENDBLK
  5
80A6
330
809B
100
AcDbEntity
  8
0
100
AcDbBlockEnd
  0
BLOCK
  5
80B1
330
80A7
100
AcDbEntity
  8
0
100
AcDbBlockBegin
  2
*D35
 70
1
 10
0.0
 20
0.0
 30
0.0
  3
*D35
  1

  0
LINE
  5
8557
330
80A7
100
AcDbEntity
  8
RXDIM
 62
6
370
-2
440
16777216
100
AcDbLine
 10
22635.2259557863
 20
25268.52161431458
 30
0.0
 11
22635.2259557863
 21
26568.52161431039
 31
0.0
  0
LINE
  5
8558
330
80A7
100
AcDbEntity
  8
RXDIM
 62
6
370
-2
440
16777216
100
AcDbLine
 10
24035.22595578607
 20
25268.52161429177
 30
0.0
 11
24035.22595578607
 21
26568.52161431039
 31
0.0
  0
LINE
  5
8559
330
80A7
100
AcDbEntity
  8
RXDIM
 62
6
370
-2
440
16777216
100
AcDbLine
 10
22735.2259557863
 20
26418.52161431039
 30
0.0
 11
23935.22595578607
 21
26418.52161431039
 31
0.0
  0
INSERT
  5
855A
330
80A7
100
AcDbEntity
  8
RXDIM
 62
6
370
-2
440
16777216
100
AcDbBlockReference
  2
_RXDOT
 10
22635.2259557863
 20
26418.52161431039
 30
0.0
 41
100.0
 42
100.0
 43
100.0
 50
180.0
  0
INSERT
  5
855B
330
80A7
100
AcDbEntity
  8
RXDIM
 62
6
370
-2
440
16777216
100
AcDbBlockReference
  2
_RXDOT
 10
24035.22595578607
 20
26418.52161431039
 30
0.0
 41
100.0
 42
100.0
 43
100.0
  0
MTEXT
  5
855C
330
80A7
100
AcDbEntity
  8
RXDIM
 62
3
440
16777216
100
AcDbMText
 10
23335.22595578618
 20
26621.18118877847
 30
0.0
 40
200.0
 41
0.0
 46
0.0
 71
5
  1
\A1;1400
  7
굴림체
  0
POINT
  5
855D
330
80A7
100
AcDbEntity
  8
DEFPOINTS
 62
0
440
16777216
100
AcDbPoint
 10
22635.2259557863
 20
25118.52161431458
 30
0.0
  0
POINT
  5
855E
330
80A7
100
AcDbEntity
  8
DEFPOINTS
 62
0
440
16777216
100
AcDbPoint
 10
24035.22595578607
 20
25118.52161429176
 30
0.0
  0
POINT
  5
855F
330
80A7
100
AcDbEntity
  8
DEFPOINTS
 62
0
440
16777216
100
AcDbPoint
 10
24035.22595578607
 20
26418.52161431039
 30
0.0
  0
ENDBLK
  5
80B2
330
80A7
100
AcDbEntity
  8
0
100
AcDbBlockEnd
  0
BLOCK
  5
80BD
330
80B3
100
AcDbEntity
  8
0
100
AcDbBlockBegin
  2
*D36
 70
1
 10
0.0
 20
0.0
 30
0.0
  3
*D36
  1

  0
LINE
  5
8560
330
80B3
100
AcDbEntity
  8
RXDIM
 62
6
370
-2
440
16777216
100
AcDbLine
 10
22635.2259557863
 20
25268.52161428199
 30
0.0
 11
22635.2259557863
 21
27168.52161431039
 31
0.0
  0
LINE
  5
8561
330
80B3
100
AcDbEntity
  8
RXDIM
 62
6
370
-2
440
16777216
100
AcDbLine
 10
26835.22595578607
 20
25268.52161430666
 30
0.0
 11
26835.22595578607
 21
27168.52161431039
 31
0.0
  0
LINE
  5
8562
330
80B3
100
AcDbEntity
  8
RXDIM
 62
6
370
-2
440
16777216
100
AcDbLine
 10
22735.2259557863
 20
27018.52161431039
 30
0.0
 11
26735.22595578607
 21
27018.52161431039
 31
0.0
  0
INSERT
  5
8563
330
80B3
100
AcDbEntity
  8
RXDIM
 62
6
370
-2
440
16777216
100
AcDbBlockReference
  2
_RXDOT
 10
22635.2259557863
 20
27018.52161431039
 30
0.0
 41
100.0
 42
100.0
 43
100.0
 50
180.0
  0
INSERT
  5
8564
330
80B3
100
AcDbEntity
  8
RXDIM
 62
6
370
-2
440
16777216
100
AcDbBlockReference
  2
_RXDOT
 10
26835.22595578607
 20
27018.52161431039
 30
0.0
 41
100.0
 42
100.0
 43
100.0
  0
MTEXT
  5
8565
330
80B3
100
AcDbEntity
  8
RXDIM
 62
3
440
16777216
100
AcDbMText
 10
24735.22595578618
 20
27221.04821005507
 30
0.0
 40
200.0
 41
0.0
 46
0.0
 71
5
  1
\A1;4200
  7
굴림체
  0
POINT
  5
8566
330
80B3
100
AcDbEntity
  8
DEFPOINTS
 62
0
440
16777216
100
AcDbPoint
 10
22635.2259557863
 20
25118.52161428199
 30
0.0
  0
POINT
  5
8567
330
80B3
100
AcDbEntity
  8
DEFPOINTS
 62
0
440
16777216
100
AcDbPoint
 10
26835.22595578607
 20
25118.52161430666
 30
0.0
  0
POINT
  5
8568
330
80B3
100
AcDbEntity
  8
DEFPOINTS
 62
0
440
16777216
100
AcDbPoint
 10
26835.22595578607
 20
27018.52161431039
 30
0.0
  0
ENDBLK
  5
80BE
330
80B3
100
AcDbEntity
  8
0
100
AcDbBlockEnd
  0
BLOCK
  5
80C9
330
80BF
100
AcDbEntity
  8
0
100
AcDbBlockBegin
  2
*D37
 70
1
 10
0.0
 20
0.0
 30
0.0
  3
*D37
  1

  0
LINE
  5
8569
330
80BF
100
AcDbEntity
  8
RXDIM
 62
6
370
-2
440
16777216
100
AcDbLine
 10
12035.22595573438
 20
5152.530932109396
 30
0.0
 11
12035.22595573438
 21
3052.530932215101
 31
0.0
  0
LINE
  5
856A
330
80BF
100
AcDbEntity
  8
RXDIM
 62
6
370
-2
440
16777216
100
AcDbLine
 10
26835.2259558955
 20
5152.530932166206
 30
0.0
 11
26835.2259558955
 21
3052.530932215101
 31
0.0
  0
LINE
  5
856B
330
80BF
100
AcDbEntity
  8
RXDIM
 62
6
370
-2
440
16777216
100
AcDbLine
 10
12135.22595573438
 20
3202.530932215101
 30
0.0
 11
26735.2259558955
 21
3202.530932215101
 31
0.0
  0
INSERT
  5
856C
330
80BF
100
AcDbEntity
  8
RXDIM
 62
6
370
-2
440
16777216
100
AcDbBlockReference
  2
_RXDOT
 10
12035.22595573438
 20
3202.530932215101
 30
0.0
 41
100.0
 42
100.0
 43
100.0
 50
180.0
  0
INSERT
  5
856D
330
80BF
100
AcDbEntity
  8
RXDIM
 62
6
370
-2
440
16777216
100
AcDbBlockReference
  2
_RXDOT
 10
26835.2259558955
 20
3202.530932215101
 30
0.0
 41
100.0
 42
100.0
 43
100.0
  0
MTEXT
  5
856E
330
80BF
100
AcDbEntity
  8
RXDIM
 62
3
440
16777216
100
AcDbMText
 10
19435.22595581494
 20
3405.190506683186
 30
0.0
 40
200.0
 41
0.0
 46
0.0
 71
5
  1
\A1;14800
  7
굴림체
  0
POINT
  5
856F
330
80BF
100
AcDbEntity
  8
DEFPOINTS
 62
0
440
16777216
100
AcDbPoint
 10
12035.22595573438
 20
5302.530932109395
 30
0.0
  0
POINT
  5
8570
330
80BF
100
AcDbEntity
  8
DEFPOINTS
 62
0
440
16777216
100
AcDbPoint
 10
26835.2259558955
 20
5302.530932166206
 30
0.0
  0
POINT
  5
8571
330
80BF
100
AcDbEntity
  8
DEFPOINTS
 62
0
440
16777216
100
AcDbPoint
 10
26835.2259558955
 20
3202.530932215101
 30
0.0
  0
ENDBLK
  5
80CA
330
80BF
100
AcDbEntity
  8
0
100
AcDbBlockEnd
  0
BLOCK
  5
80D5
330
80CB
100
AcDbEntity
  8
0
100
AcDbBlockBegin
  2
*D38
 70
1
 10
0.0
 20
0.0
 30
0.0
  3
*D38
  1

  0
LINE
  5
8572
330
80CB
100
AcDbEntity
  8
RXDIM
 62
6
370
-2
440
16777216
100
AcDbLine
 10
12035.22595573461
 20
5152.530932109396
 30
0.0
 11
12035.22595573461
 21
3652.530932215101
 31
0.0
  0
LINE
  5
8573
330
80CB
100
AcDbEntity
  8
RXDIM
 62
6
370
-2
440
16777216
100
AcDbLine
 10
12635.22595573414
 20
5152.530932106602
 30
0.0
 11
12635.22595573414
 21
3652.530932215101
 31
0.0
  0
LINE
  5
8574
330
80CB
100
AcDbEntity
  8
RXDIM
 62
6
370
-2
440
16777216
100
AcDbLine
 10
12135.22595573461
 20
3802.530932215101
 30
0.0
 11
12535.22595573414
 21
3802.530932215101
 31
0.0
  0
INSERT
  5
8575
330
80CB
100
AcDbEntity
  8
RXDIM
 62
6
370
-2
440
16777216
100
AcDbBlockReference
  2
_RXDOT
 10
12035.22595573461
 20
3802.530932215101
 30
0.0
 41
100.0
 42
100.0
 43
100.0
 50
180.0
  0
INSERT
  5
8576
330
80CB
100
AcDbEntity
  8
RXDIM
 62
6
370
-2
440
16777216
100
AcDbBlockReference
  2
_RXDOT
 10
12635.22595573414
 20
3802.530932215101
 30
0.0
 41
100.0
 42
100.0
 43
100.0
  0
MTEXT
  5
8577
330
80CB
100
AcDbEntity
  8
RXDIM
 62
3
440
16777216
100
AcDbMText
 10
12335.22595573438
 20
4004.791570512973
 30
0.0
 40
200.0
 41
0.0
 46
0.0
 71
5
  1
\A1;600
  7
굴림체
  0
POINT
  5
8578
330
80CB
100
AcDbEntity
  8
DEFPOINTS
 62
0
440
16777216
100
AcDbPoint
 10
12035.22595573461
 20
5302.530932109395
 30
0.0
  0
POINT
  5
8579
330
80CB
100
AcDbEntity
  8
DEFPOINTS
 62
0
440
16777216
100
AcDbPoint
 10
12635.22595573414
 20
5302.530932106602
 30
0.0
  0
POINT
  5
857A
330
80CB
100
AcDbEntity
  8
DEFPOINTS
 62
0
440
16777216
100
AcDbPoint
 10
12635.22595573414
 20
3802.530932215101
 30
0.0
  0
ENDBLK
  5
80D6
330
80CB
100
AcDbEntity
  8
0
100
AcDbBlockEnd
  0
BLOCK
  5
80E1
330
80D7
100
AcDbEntity
  8
0
100
AcDbBlockBegin
  2
*D39
 70
1
 10
0.0
 20
0.0
 30
0.0
  3
*D39
  1

  0
LINE
  5
857B
330
80D7
100
AcDbEntity
  8
RXDIM
 62
6
370
-2
440
16777216
100
AcDbLine
 10
17035.22595596907
 20
5152.530932100548
 30
0.0
 11
17035.22595596907
 21
3652.530932215101
 31
0.0
  0
LINE
  5
857C
330
80D7
100
AcDbEntity
  8
RXDIM
 62
6
370
-2
440
16777216
100
AcDbLine
 10
18735.22595573461
 20
5152.5309320917
 30
0.0
 11
18735.22595573461
 21
3652.530932215101
 31
0.0
  0
LINE
  5
857D
330
80D7
100
AcDbEntity
  8
RXDIM
 62
6
370
-2
440
16777216
100
AcDbLine
 10
17135.22595596907
 20
3802.530932215101
 30
0.0
 11
18635.22595573461
 21
3802.530932215101
 31
0.0
  0
INSERT
  5
857E
330
80D7
100
AcDbEntity
  8
RXDIM
 62
6
370
-2
440
16777216
100
AcDbBlockReference
  2
_RXDOT
 10
17035.22595596907
 20
3802.530932215101
 30
0.0
 41
100.0
 42
100.0
 43
100.0
 50
180.0
  0
INSERT
  5
857F
330
80D7
100
AcDbEntity
  8
RXDIM
 62
6
370
-2
440
16777216
100
AcDbBlockReference
  2
_RXDOT
 10
18735.22595573461
 20
3802.530932215101
 30
0.0
 41
100.0
 42
100.0
 43
100.0
  0
MTEXT
  5
8580
330
80D7
100
AcDbEntity
  8
RXDIM
 62
3
440
16777216
100
AcDbMText
 10
17885.22595585184
 20
4005.190506683185
 30
0.0
 40
200.0
 41
0.0
 46
0.0
 71
5
  1
\A1;1700
  7
굴림체
  0
POINT
  5
8581
330
80D7
100
AcDbEntity
  8
DEFPOINTS
 62
0
440
16777216
100
AcDbPoint
 10
17035.22595596907
 20
5302.530932100548
 30
0.0
  0
POINT
  5
8582
330
80D7
100
AcDbEntity
  8
DEFPOINTS
 62
0
440
16777216
100
AcDbPoint
 10
18735.22595573461
 20
5302.5309320917
 30
0.0
  0
POINT
  5
8583
330
80D7
100
AcDbEntity
  8
DEFPOINTS
 62
0
440
16777216
100
AcDbPoint
 10
18735.22595573461
 20
3802.530932215101
 30
0.0
  0
ENDBLK
  5
80E2
330
80D7
100
AcDbEntity
  8
0
100
AcDbBlockEnd
  0
BLOCK
  5
80ED
330
80E3
100
AcDbEntity
  8
0
100
AcDbBlockBegin
  2
*D40
 70
1
 10
0.0
 20
0.0
 30
0.0
  3
*D40
  1

  0
LINE
  5
8584
330
80E3
100
AcDbEntity
  8
RXDIM
 62
6
370
-2
440
16777216
100
AcDbLine
 10
18735.22595573461
 20
5152.5309320917
 30
0.0
 11
18735.22595573461
 21
3652.530932215101
 31
0.0
  0
LINE
  5
8585
330
80E3
100
AcDbEntity
  8
RXDIM
 62
6
370
-2
440
16777216
100
AcDbLine
 10
22635.22595589573
 20
5152.530932141527
 30
0.0
 11
22635.22595589573
 21
3652.530932215101
 31
0.0
  0
LINE
  5
8586
330
80E3
100
AcDbEntity
  8
RXDIM
 62
6
370
-2
440
16777216
100
AcDbLine
 10
18835.22595573461
 20
3802.530932215101
 30
0.0
 11
22535.22595589573
 21
3802.530932215101
 31
0.0
  0
INSERT
  5
8587
330
80E3
100
AcDbEntity
  8
RXDIM
 62
6
370
-2
440
16777216
100
AcDbBlockReference
  2
_RXDOT
 10
18735.22595573461
 20
3802.530932215101
 30
0.0
 41
100.0
 42
100.0
 43
100.0
 50
180.0
  0
INSERT
  5
8588
330
80E3
100
AcDbEntity
  8
RXDIM
 62
6
370
-2
440
16777216
100
AcDbBlockReference
  2
_RXDOT
 10
22635.22595589573
 20
3802.530932215101
 30
0.0
 41
100.0
 42
100.0
 43
100.0
  0
MTEXT
  5
8589
330
80E3
100
AcDbEntity
  8
RXDIM
 62
3
440
16777216
100
AcDbMText
 10
20685.22595581517
 20
4004.791570512973
 30
0.0
 40
200.0
 41
0.0
 46
0.0
 71
5
  1
\A1;3900
  7
굴림체
  0
POINT
  5
858A
330
80E3
100
AcDbEntity
  8
DEFPOINTS
 62
0
440
16777216
100
AcDbPoint
 10
18735.22595573461
 20
5302.5309320917
 30
0.0
  0
POINT
  5
858B
330
80E3
100
AcDbEntity
  8
DEFPOINTS
 62
0
440
16777216
100
AcDbPoint
 10
22635.22595589573
 20
5302.530932141526
 30
0.0
  0
POINT
  5
858C
330
80E3
100
AcDbEntity
  8
DEFPOINTS
 62
0
440
16777216
100
AcDbPoint
 10
22635.22595589573
 20
3802.530932215101
 30
0.0
  0
ENDBLK
  5
80EE
330
80E3
100
AcDbEntity
  8
0
100
AcDbBlockEnd
  0
BLOCK
  5
80F9
330
80EF
100
AcDbEntity
  8
0
100
AcDbBlockBegin
  2
*D41
 70
1
 10
0.0
 20
0.0
 30
0.0
  3
*D41
  1

  0
LINE
  5
858D
330
80EF
100
AcDbEntity
  8
RXDIM
 62
6
370
-2
440
16777216
100
AcDbLine
 10
22635.22595589573
 20
5152.530932141527
 30
0.0
 11
22635.22595589573
 21
3652.530932215101
 31
0.0
  0
LINE
  5
858E
330
80EF
100
AcDbEntity
  8
RXDIM
 62
6
370
-2
440
16777216
100
AcDbLine
 10
26835.2259558955
 20
5152.530932166206
 30
0.0
 11
26835.2259558955
 21
3652.530932215101
 31
0.0
  0
LINE
  5
858F
330
80EF
100
AcDbEntity
  8
RXDIM
 62
6
370
-2
440
16777216
100
AcDbLine
 10
22735.22595589573
 20
3802.530932215101
 30
0.0
 11
26735.2259558955
 21
3802.530932215101
 31
0.0
  0
INSERT
  5
8590
330
80EF
100
AcDbEntity
  8
RXDIM
 62
6
370
-2
440
16777216
100
AcDbBlockReference
  2
_RXDOT
 10
22635.22595589573
 20
3802.530932215101
 30
0.0
 41
100.0
 42
100.0
 43
100.0
 50
180.0
  0
INSERT
  5
8591
330
80EF
100
AcDbEntity
  8
RXDIM
 62
6
370
-2
440
16777216
100
AcDbBlockReference
  2
_RXDOT
 10
26835.2259558955
 20
3802.530932215101
 30
0.0
 41
100.0
 42
100.0
 43
100.0
  0
MTEXT
  5
8592
330
80EF
100
AcDbEntity
  8
RXDIM
 62
3
440
16777216
100
AcDbMText
 10
24735.22595589562
 20
4005.057527959781
 30
0.0
 40
200.0
 41
0.0
 46
0.0
 71
5
  1
\A1;4200
  7
굴림체
  0
POINT
  5
8593
330
80EF
100
AcDbEntity
  8
DEFPOINTS
 62
0
440
16777216
100
AcDbPoint
 10
22635.22595589573
 20
5302.530932141526
 30
0.0
  0
POINT
  5
8594
330
80EF
100
AcDbEntity
  8
DEFPOINTS
 62
0
440
16777216
100
AcDbPoint
 10
26835.2259558955
 20
5302.530932166206
 30
0.0
  0
POINT
  5
8595
330
80EF
100
AcDbEntity
  8
DEFPOINTS
 62
0
440
16777216
100
AcDbPoint
 10
26835.2259558955
 20
3802.530932215101
 30
0.0
  0
ENDBLK
  5
80FA
330
80EF
100
AcDbEntity
  8
0
100
AcDbBlockEnd
  0
BLOCK
  5
8105
330
80FB
100
AcDbEntity
  8
0
100
AcDbBlockBegin
  2
*D42
 70
1
 10
0.0
 20
0.0
 30
0.0
  3
*D42
  1

  0
LINE
  5
8596
330
80FB
100
AcDbEntity
  8
RXDIM
 62
6
370
-2
440
16777216
100
AcDbLine
 10
31507.57887904986
 20
21253.72752030619
 30
0.0
 11
32407.5788790501
 21
21253.72752030619
 31
0.0
  0
LINE
  5
8597
330
80FB
100
AcDbEntity
  8
RXDIM
 62
6
370
-2
440
16777216
100
AcDbLine
 10
31507.57887904986
 20
18453.72752030619
 30
0.0
 11
32407.5788790501
 21
18453.72752030619
 31
0.0
  0
LINE
  5
8598
330
80FB
100
AcDbEntity
  8
RXDIM
 62
6
370
-2
440
16777216
100
AcDbLine
 10
32257.5788790501
 20
21153.72752030619
 30
0.0
 11
32257.5788790501
 21
18553.72752030619
 31
0.0
  0
INSERT
  5
8599
330
80FB
100
AcDbEntity
  8
RXDIM
 62
6
370
-2
440
16777216
100
AcDbBlockReference
  2
_RXDOT
 10
32257.5788790501
 20
21253.72752030619
 30
0.0
 41
100.0
 42
100.0
 43
100.0
 50
90.0
  0
INSERT
  5
859A
330
80FB
100
AcDbEntity
  8
RXDIM
 62
6
370
-2
440
16777216
100
AcDbBlockReference
  2
_RXDOT
 10
32257.5788790501
 20
18453.72752030619
 30
0.0
 41
100.0
 42
100.0
 43
100.0
 50
270.0
  0
MTEXT
  5
859B
330
80FB
100
AcDbEntity
  8
RXDIM
 62
3
440
16777216
100
AcDbMText
 10
32055.31824075222
 20
19853.72752030619
 30
0.0
 40
200.0
 41
0.0
 46
0.0
 71
5
  1
\A1;2800
  7
굴림체
 11
1e-16
 21
1.0
 31
0.0
  0
POINT
  5
859C
330
80FB
100
AcDbEntity
  8
DEFPOINTS
 62
0
440
16777216
100
AcDbPoint
 10
31357.57887904986
 20
21253.72752030619
 30
0.0
  0
POINT
  5
859D
330
80FB
100
AcDbEntity
  8
DEFPOINTS
 62
0
440
16777216
100
AcDbPoint
 10
31357.57887904986
 20
18453.72752030619
 30
0.0
  0
POINT
  5
859E
330
80FB
100
AcDbEntity
  8
DEFPOINTS
 62
0
440
16777216
100
AcDbPoint
 10
32257.5788790501
 20
18453.72752030619
 30
0.0
  0
ENDBLK
  5
8106
330
80FB
100
AcDbEntity
  8
0
100
AcDbBlockEnd
  0
BLOCK
  5
8111
330
8107
100
AcDbEntity
  8
0
100
AcDbBlockBegin
  2
*D43
 70
1
 10
0.0
 20
0.0
 30
0.0
  3
*D43
  1

  0
LINE
  5
859F
330
8107
100
AcDbEntity
  8
RXDIM
 62
6
370
-2
440
16777216
100
AcDbLine
 10
31507.57887904986
 20
18453.72752030619
 30
0.0
 11
32407.57887904986
 21
18453.72752030619
 31
0.0
  0
LINE
  5
85A0
330
8107
100
AcDbEntity
  8
RXDIM
 62
6
370
-2
440
16777216
100
AcDbLine
 10
31507.57887905009
 20
16453.72752030618
 30
0.0
 11
32407.57887904986
 21
16453.72752030618
 31
0.0
  0
LINE
  5
85A1
330
8107
100
AcDbEntity
  8
RXDIM
 62
6
370
-2
440
16777216
100
AcDbLine
 10
32257.57887904987
 20
18353.72752030619
 30
0.0
 11
32257.57887904987
 21
16553.72752030618
 31
0.0
  0
INSERT
  5
85A2
330
8107
100
AcDbEntity
  8
RXDIM
 62
6
370
-2
440
16777216
100
AcDbBlockReference
  2
_RXDOT
 10
32257.57887904987
 20
18453.72752030619
 30
0.0
 41
100.0
 42
100.0
 43
100.0
 50
90.0
  0
INSERT
  5
85A3
330
8107
100
AcDbEntity
  8
RXDIM
 62
6
370
-2
440
16777216
100
AcDbBlockReference
  2
_RXDOT
 10
32257.57887904987
 20
16453.72752030618
 30
0.0
 41
100.0
 42
100.0
 43
100.0
 50
270.0
  0
MTEXT
  5
85A4
330
8107
100
AcDbEntity
  8
RXDIM
 62
3
440
16777216
100
AcDbMText
 10
32055.31824075199
 20
17453.72752030619
 30
0.0
 40
200.0
 41
0.0
 46
0.0
 71
5
  1
\A1;2000
  7
굴림체
 11
1e-16
 21
1.0
 31
0.0
  0
POINT
  5
85A5
330
8107
100
AcDbEntity
  8
DEFPOINTS
 62
0
440
16777216
100
AcDbPoint
 10
31357.57887904986
 20
18453.72752030619
 30
0.0
  0
POINT
  5
85A6
330
8107
100
AcDbEntity
  8
DEFPOINTS
 62
0
440
16777216
100
AcDbPoint
 10
31357.5788790501
 20
16453.72752030618
 30
0.0
  0
POINT
  5
85A7
330
8107
100
AcDbEntity
  8
DEFPOINTS
 62
0
440
16777216
100
AcDbPoint
 10
32257.57887904987
 20
16453.72752030618
 30
0.0
  0
ENDBLK
  5
8112
330
8107
100
AcDbEntity
  8
0
100
AcDbBlockEnd
  0
BLOCK
  5
811D
330
8113
100
AcDbEntity
  8
0
100
AcDbBlockBegin
  2
*D44
 70
1
 10
0.0
 20
0.0
 30
0.0
  3
*D44
  1

  0
LINE
  5
85A8
330
8113
100
AcDbEntity
  8
RXDIM
 62
6
370
-2
440
16777216
100
AcDbLine
 10
31507.57887905009
 20
16453.72752030618
 30
0.0
 11
33007.57887904987
 21
16453.72752030618
 31
0.0
  0
LINE
  5
85A9
330
8113
100
AcDbEntity
  8
RXDIM
 62
6
370
-2
440
16777216
100
AcDbLine
 10
31507.57887904963
 20
13453.72752030618
 30
0.0
 11
33007.57887904986
 21
13453.72752030618
 31
0.0
  0
LINE
  5
85AA
330
8113
100
AcDbEntity
  8
RXDIM
 62
6
370
-2
440
16777216
100
AcDbLine
 10
32857.57887904986
 20
16353.72752030618
 30
0.0
 11
32857.57887904986
 21
13553.72752030618
 31
0.0
  0
INSERT
  5
85AB
330
8113
100
AcDbEntity
  8
RXDIM
 62
6
370
-2
440
16777216
100
AcDbBlockReference
  2
_RXDOT
 10
32857.57887904987
 20
16453.72752030618
 30
0.0
 41
100.0
 42
100.0
 43
100.0
 50
90.0
  0
INSERT
  5
85AC
330
8113
100
AcDbEntity
  8
RXDIM
 62
6
370
-2
440
16777216
100
AcDbBlockReference
  2
_RXDOT
 10
32857.57887904986
 20
13453.72752030618
 30
0.0
 41
100.0
 42
100.0
 43
100.0
 50
270.0
  0
MTEXT
  5
85AD
330
8113
100
AcDbEntity
  8
RXDIM
 62
3
440
16777216
100
AcDbMText
 10
32655.31824075199
 20
14953.72752030619
 30
0.0
 40
200.0
 41
0.0
 46
0.0
 71
5
  1
\A1;3000
  7
굴림체
 11
1e-16
 21
1.0
 31
0.0
  0
POINT
  5
85AE
330
8113
100
AcDbEntity
  8
DEFPOINTS
 62
0
440
16777216
100
AcDbPoint
 10
31357.5788790501
 20
16453.72752030618
 30
0.0
  0
POINT
  5
85AF
330
8113
100
AcDbEntity
  8
DEFPOINTS
 62
0
440
16777216
100
AcDbPoint
 10
31357.57887904963
 20
13453.72752030618
 30
0.0
  0
POINT
  5
85B0
330
8113
100
AcDbEntity
  8
DEFPOINTS
 62
0
440
16777216
100
AcDbPoint
 10
32857.57887904986
 20
13453.72752030618
 30
0.0
  0
ENDBLK
  5
811E
330
8113
100
AcDbEntity
  8
0
100
AcDbBlockEnd
  0
BLOCK
  5
8129
330
811F
100
AcDbEntity
  8
0
100
AcDbBlockBegin
  2
*D45
 70
1
 10
0.0
 20
0.0
 30
0.0
  3
*D45
  1

  0
LINE
  5
85B1
330
811F
100
AcDbEntity
  8
RXDIM
 62
6
370
-2
440
16777216
100
AcDbLine
 10
31507.57887904963
 20
13453.72752030618
 30
0.0
 11
33007.5788790501
 21
13453.72752030618
 31
0.0
  0
LINE
  5
85B2
330
811F
100
AcDbEntity
  8
RXDIM
 62
6
370
-2
440
16777216
100
AcDbLine
 10
31507.57887905009
 20
9953.727520306187
 30
0.0
 11
33007.5788790501
 21
9953.727520306187
 31
0.0
  0
LINE
  5
85B3
330
811F
100
AcDbEntity
  8
RXDIM
 62
6
370
-2
440
16777216
100
AcDbLine
 10
32857.5788790501
 20
13353.72752030619
 30
0.0
 11
32857.5788790501
 21
10053.72752030619
 31
0.0
  0
INSERT
  5
85B4
330
811F
100
AcDbEntity
  8
RXDIM
 62
6
370
-2
440
16777216
100
AcDbBlockReference
  2
_RXDOT
 10
32857.5788790501
 20
13453.72752030618
 30
0.0
 41
100.0
 42
100.0
 43
100.0
 50
90.0
  0
INSERT
  5
85B5
330
811F
100
AcDbEntity
  8
RXDIM
 62
6
370
-2
440
16777216
100
AcDbBlockReference
  2
_RXDOT
 10
32857.5788790501
 20
9953.727520306187
 30
0.0
 41
100.0
 42
100.0
 43
100.0
 50
270.0
  0
MTEXT
  5
85B6
330
811F
100
AcDbEntity
  8
RXDIM
 62
3
440
16777216
100
AcDbMText
 10
32655.31824075222
 20
11703.72752030619
 30
0.0
 40
200.0
 41
0.0
 46
0.0
 71
5
  1
\A1;3500
  7
굴림체
 11
1e-16
 21
1.0
 31
0.0
  0
POINT
  5
85B7
330
811F
100
AcDbEntity
  8
DEFPOINTS
 62
0
440
16777216
100
AcDbPoint
 10
31357.57887904963
 20
13453.72752030618
 30
0.0
  0
POINT
  5
85B8
330
811F
100
AcDbEntity
  8
DEFPOINTS
 62
0
440
16777216
100
AcDbPoint
 10
31357.5788790501
 20
9953.727520306187
 30
0.0
  0
POINT
  5
85B9
330
811F
100
AcDbEntity
  8
DEFPOINTS
 62
0
440
16777216
100
AcDbPoint
 10
32857.5788790501
 20
9953.727520306187
 30
0.0
  0
ENDBLK
  5
812A
330
811F
100
AcDbEntity
  8
0
100
AcDbBlockEnd
  0
BLOCK
  5
8135
330
812B
100
AcDbEntity
  8
0
100
AcDbBlockBegin
  2
*D46
 70
1
 10
0.0
 20
0.0
 30
0.0
  3
*D46
  1

  0
LINE
  5
85BA
330
812B
100
AcDbEntity
  8
RXDIM
 62
6
370
-2
440
16777216
100
AcDbLine
 10
31507.57887904986
 20
21253.72752030619
 30
0.0
 11
33607.5788790501
 21
21253.72752030619
 31
0.0
  0
LINE
  5
85BB
330
812B
100
AcDbEntity
  8
RXDIM
 62
6
370
-2
440
16777216
100
AcDbLine
 10
31507.57887905009
 20
9953.727520306187
 30
0.0
 11
33607.57887905009
 21
9953.727520306187
 31
0.0
  0
LINE
  5
85BC
330
812B
100
AcDbEntity
  8
RXDIM
 62
6
370
-2
440
16777216
100
AcDbLine
 10
33457.5788790501
 20
21153.72752030619
 30
0.0
 11
33457.5788790501
 21
10053.72752030619
 31
0.0
  0
INSERT
  5
85BD
330
812B
100
AcDbEntity
  8
RXDIM
 62
6
370
-2
440
16777216
100
AcDbBlockReference
  2
_RXDOT
 10
33457.5788790501
 20
21253.72752030619
 30
0.0
 41
100.0
 42
100.0
 43
100.0
 50
90.0
  0
INSERT
  5
85BE
330
812B
100
AcDbEntity
  8
RXDIM
 62
6
370
-2
440
16777216
100
AcDbBlockReference
  2
_RXDOT
 10
33457.5788790501
 20
9953.727520306187
 30
0.0
 41
100.0
 42
100.0
 43
100.0
 50
270.0
  0
MTEXT
  5
85BF
330
812B
100
AcDbEntity
  8
RXDIM
 62
3
440
16777216
100
AcDbMText
 10
33254.91930458202
 20
15603.72752030619
 30
0.0
 40
200.0
 41
0.0
 46
0.0
 71
5
  1
\A1;11300
  7
굴림체
 11
1e-16
 21
1.0
 31
0.0
  0
POINT
  5
85C0
330
812B
100
AcDbEntity
  8
DEFPOINTS
 62
0
440
16777216
100
AcDbPoint
 10
31357.57887904986
 20
21253.72752030619
 30
0.0
  0
POINT
  5
85C1
330
812B
100
AcDbEntity
  8
DEFPOINTS
 62
0
440
16777216
100
AcDbPoint
 10
31357.5788790501
 20
9953.727520306187
 30
0.0
  0
POINT
  5
85C2
330
812B
100
AcDbEntity
  8
DEFPOINTS
 62
0
440
16777216
100
AcDbPoint
 10
33457.5788790501
 20
9953.727520306187
 30
0.0
  0
ENDBLK
  5
8136
330
812B
100
AcDbEntity
  8
0
100
AcDbBlockEnd
  0
BLOCK
  5
8141
330
8137
100
AcDbEntity
  8
0
100
AcDbBlockBegin
  2
*D47
 70
1
 10
0.0
 20
0.0
 30
0.0
  3
*D47
  1

  0
LINE
  5
85C3
330
8137
100
AcDbEntity
  8
RXDIM
 62
6
370
-2
440
16777216
100
AcDbLine
 10
31507.57887905009
 20
16453.72752030618
 30
0.0
 11
33007.57887904986
 21
16453.72752030618
 31
0.0
  0
LINE
  5
85C4
330
8137
100
AcDbEntity
  8
RXDIM
 62
6
370
-2
440
16777216
100
AcDbLine
 10
31507.57887904986
 20
21253.72752030619
 30
0.0
 11
33007.57887904986
 21
21253.72752030619
 31
0.0
  0
LINE
  5
85C5
330
8137
100
AcDbEntity
  8
RXDIM
 62
6
370
-2
440
16777216
100
AcDbLine
 10
32857.57887904986
 20
16553.72752030618
 30
0.0
 11
32857.57887904986
 21
21153.72752030619
 31
0.0
  0
INSERT
  5
85C6
330
8137
100
AcDbEntity
  8
RXDIM
 62
6
370
-2
440
16777216
100
AcDbBlockReference
  2
_RXDOT
 10
32857.57887904986
 20
16453.72752030618
 30
0.0
 41
100.0
 42
100.0
 43
100.0
 50
270.0
  0
INSERT
  5
85C7
330
8137
100
AcDbEntity
  8
RXDIM
 62
6
370
-2
440
16777216
100
AcDbBlockReference
  2
_RXDOT
 10
32857.57887904986
 20
21253.72752030619
 30
0.0
 41
100.0
 42
100.0
 43
100.0
 50
90.0
  0
MTEXT
  5
85C8
330
8137
100
AcDbEntity
  8
RXDIM
 62
3
440
16777216
100
AcDbMText
 10
32655.05228330518
 20
18853.72752030619
 30
0.0
 40
200.0
 41
0.0
 46
0.0
 71
5
  1
\A1;4800
  7
굴림체
 11
1e-16
 21
1.0
 31
0.0
  0
POINT
  5
85C9
330
8137
100
AcDbEntity
  8
DEFPOINTS
 62
0
440
16777216
100
AcDbPoint
 10
31357.5788790501
 20
16453.72752030618
 30
0.0
  0
POINT
  5
85CA
330
8137
100
AcDbEntity
  8
DEFPOINTS
 62
0
440
16777216
100
AcDbPoint
 10
31357.57887904986
 20
21253.72752030619
 30
0.0
  0
POINT
  5
85CB
330
8137
100
AcDbEntity
  8
DEFPOINTS
 62
0
440
16777216
100
AcDbPoint
 10
32857.57887904986
 20
21253.72752030619
 30
0.0
  0
ENDBLK
  5
8142
330
8137
100
AcDbEntity
  8
0
100
AcDbBlockEnd
  0
BLOCK
  5
814D
330
8143
100
AcDbEntity
  8
0
100
AcDbBlockBegin
  2
*D48
 70
1
 10
0.0
 20
0.0
 30
0.0
  3
*D48
  1

  0
LINE
  5
85CC
330
8143
100
AcDbEntity
  8
RXDIM
 62
6
370
-2
440
16777216
100
AcDbLine
 10
26835.22595578607
 20
25268.52161430713
 30
0.0
 11
26835.22595578607
 21
26568.52161431039
 31
0.0
  0
LINE
  5
85CD
330
8143
100
AcDbEntity
  8
RXDIM
 62
6
370
-2
440
16777216
100
AcDbLine
 10
24035.22595578607
 20
25268.5216142913
 30
0.0
 11
24035.22595578607
 21
26568.52161431039
 31
0.0
  0
LINE
  5
85CE
330
8143
100
AcDbEntity
  8
RXDIM
 62
6
370
-2
440
16777216
100
AcDbLine
 10
26735.22595578607
 20
26418.52161431039
 30
0.0
 11
24135.22595578607
 21
26418.52161431039
 31
0.0
  0
INSERT
  5
85CF
330
8143
100
AcDbEntity
  8
RXDIM
 62
6
370
-2
440
16777216
100
AcDbBlockReference
  2
_RXDOT
 10
26835.22595578607
 20
26418.52161431039
 30
0.0
 41
100.0
 42
100.0
 43
100.0
  0
INSERT
  5
85D0
330
8143
100
AcDbEntity
  8
RXDIM
 62
6
370
-2
440
16777216
100
AcDbBlockReference
  2
_RXDOT
 10
24035.22595578607
 20
26418.52161431039
 30
0.0
 41
100.0
 42
100.0
 43
100.0
 50
180.0
  0
MTEXT
  5
85D1
330
8143
100
AcDbEntity
  8
RXDIM
 62
3
440
16777216
100
AcDbMText
 10
25435.22595578607
 20
26620.78225260827
 30
0.0
 40
200.0
 41
0.0
 46
0.0
 71
5
  1
\A1;2800
  7
굴림체
  0
POINT
  5
85D2
330
8143
100
AcDbEntity
  8
DEFPOINTS
 62
0
440
16777216
100
AcDbPoint
 10
26835.22595578607
 20
25118.52161430713
 30
0.0
  0
POINT
  5
85D3
330
8143
100
AcDbEntity
  8
DEFPOINTS
 62
0
440
16777216
100
AcDbPoint
 10
24035.22595578607
 20
25118.5216142913
 30
0.0
  0
POINT
  5
85D4
330
8143
100
AcDbEntity
  8
DEFPOINTS
 62
0
440
16777216
100
AcDbPoint
 10
24035.22595578607
 20
26418.52161431039
 30
0.0
  0
ENDBLK
  5
814E
330
8143
100
AcDbEntity
  8
0
100
AcDbBlockEnd
  0
BLOCK
  5
8159
330
814F
100
AcDbEntity
  8
0
100
AcDbBlockBegin
  2
*D49
 70
1
 10
0.0
 20
0.0
 30
0.0
  3
*D49
  1

  0
LINE
  5
85D5
330
814F
100
AcDbEntity
  8
RXDIM
 62
6
370
-2
440
16777216
100
AcDbLine
 10
8035.229058673722
 20
17653.72752039373
 30
0.0
 11
6535.22905866534
 21
17653.72752039373
 31
0.0
  0
LINE
  5
85D6
330
814F
100
AcDbEntity
  8
RXDIM
 62
6
370
-2
440
16777216
100
AcDbLine
 10
8035.229058673722
 20
16153.72752030664
 30
0.0
 11
6535.22905866534
 21
16153.72752030664
 31
0.0
  0
LINE
  5
85D7
330
814F
100
AcDbEntity
  8
RXDIM
 62
6
370
-2
440
16777216
100
AcDbLine
 10
6685.229058665339
 20
17553.72752039373
 30
0.0
 11
6685.229058665339
 21
16253.72752030664
 31
0.0
  0
INSERT
  5
85D8
330
814F
100
AcDbEntity
  8
RXDIM
 62
6
370
-2
440
16777216
100
AcDbBlockReference
  2
_RXDOT
 10
6685.229058665339
 20
17653.72752039373
 30
0.0
 41
100.0
 42
100.0
 43
100.0
 50
90.0
  0
INSERT
  5
85D9
330
814F
100
AcDbEntity
  8
RXDIM
 62
6
370
-2
440
16777216
100
AcDbBlockReference
  2
_RXDOT
 10
6685.229058665339
 20
16153.72752030664
 30
0.0
 41
100.0
 42
100.0
 43
100.0
 50
270.0
  0
MTEXT
  5
85DA
330
814F
100
AcDbEntity
  8
RXDIM
 62
3
440
16777216
100
AcDbMText
 10
6482.569484197252
 20
16903.72752035019
 30
0.0
 40
200.0
 41
0.0
 46
0.0
 71
5
  1
\A1;1500
  7
굴림체
 11
1e-16
 21
1.0
 31
0.0
  0
POINT
  5
85DB
330
814F
100
AcDbEntity
  8
DEFPOINTS
 62
0
440
16777216
100
AcDbPoint
 10
8185.229058673723
 20
17653.72752039373
 30
0.0
  0
POINT
  5
85DC
330
814F
100
AcDbEntity
  8
DEFPOINTS
 62
0
440
16777216
100
AcDbPoint
 10
8185.229058673723
 20
16153.72752030664
 30
0.0
  0
POINT
  5
85DD
330
814F
100
AcDbEntity
  8
DEFPOINTS
 62
0
440
16777216
100
AcDbPoint
 10
6685.229058665339
 20
16153.72752030664
 30
0.0
  0
ENDBLK
  5
815A
330
814F
100
AcDbEntity
  8
0
100
AcDbBlockEnd
  0
BLOCK
  5
8165
330
815B
100
AcDbEntity
  8
0
100
AcDbBlockBegin
  2
*D50
 70
1
 10
0.0
 20
0.0
 30
0.0
  3
*D50
  1

  0
LINE
  5
85DE
330
815B
100
AcDbEntity
  8
RXDIM
 62
6
370
-2
440
16777216
100
AcDbLine
 10
8035.229058673257
 20
16153.72752030664
 30
0.0
 11
6535.229058665341
 21
16153.72752030664
 31
0.0
  0
LINE
  5
85DF
330
815B
100
AcDbEntity
  8
RXDIM
 62
6
370
-2
440
16777216
100
AcDbLine
 10
8035.229058673257
 20
14153.72752039326
 30
0.0
 11
6535.22905866534
 21
14153.72752039326
 31
0.0
  0
LINE
  5
85E0
330
815B
100
AcDbEntity
  8
RXDIM
 62
6
370
-2
440
16777216
100
AcDbLine
 10
6685.229058665341
 20
16053.72752030664
 30
0.0
 11
6685.229058665339
 21
14253.72752039326
 31
0.0
  0
INSERT
  5
85E1
330
815B
100
AcDbEntity
  8
RXDIM
 62
6
370
-2
440
16777216
100
AcDbBlockReference
  2
_RXDOT
 10
6685.229058665341
 20
16153.72752030664
 30
0.0
 41
100.0
 42
100.0
 43
100.0
 50
90.0
  0
INSERT
  5
85E2
330
815B
100
AcDbEntity
  8
RXDIM
 62
6
370
-2
440
16777216
100
AcDbBlockReference
  2
_RXDOT
 10
6685.229058665339
 20
14153.72752039326
 30
0.0
 41
100.0
 42
100.0
 43
100.0
 50
270.0
  0
MTEXT
  5
85E3
330
815B
100
AcDbEntity
  8
RXDIM
 62
3
440
16777216
100
AcDbMText
 10
6482.968420367466
 20
15153.72752034996
 30
0.0
 40
200.0
 41
0.0
 46
0.0
 71
5
  1
\A1;2000
  7
굴림체
 11
1e-16
 21
1.0
 31
0.0
  0
POINT
  5
85E4
330
815B
100
AcDbEntity
  8
DEFPOINTS
 62
0
440
16777216
100
AcDbPoint
 10
8185.229058673256
 20
16153.72752030664
 30
0.0
  0
POINT
  5
85E5
330
815B
100
AcDbEntity
  8
DEFPOINTS
 62
0
440
16777216
100
AcDbPoint
 10
8185.229058673256
 20
14153.72752039326
 30
0.0
  0
POINT
  5
85E6
330
815B
100
AcDbEntity
  8
DEFPOINTS
 62
0
440
16777216
100
AcDbPoint
 10
6685.229058665339
 20
14153.72752039326
 30
0.0
  0
ENDBLK
  5
8166
330
815B
100
AcDbEntity
  8
0
100
AcDbBlockEnd
  0
BLOCK
  5
8171
330
8167
100
AcDbEntity
  8
0
100
AcDbBlockBegin
  2
*D51
 70
1
 10
0.0
 20
0.0
 30
0.0
  3
*D51
  1

  0
LINE
  5
85E7
330
8167
100
AcDbEntity
  8
RXDIM
 62
6
370
-2
440
16777216
100
AcDbLine
 10
8035.229058673257
 20
14153.72752039326
 30
0.0
 11
6535.22905866534
 21
14153.72752039326
 31
0.0
  0
LINE
  5
85E8
330
8167
100
AcDbEntity
  8
RXDIM
 62
6
370
-2
440
16777216
100
AcDbLine
 10
8035.229058673257
 20
12753.72752030619
 30
0.0
 11
6535.22905866534
 21
12753.72752030619
 31
0.0
  0
LINE
  5
85E9
330
8167
100
AcDbEntity
  8
RXDIM
 62
6
370
-2
440
16777216
100
AcDbLine
 10
6685.229058665339
 20
14053.72752039326
 30
0.0
 11
6685.229058665339
 21
12853.72752030619
 31
0.0
  0
INSERT
  5
85EA
330
8167
100
AcDbEntity
  8
RXDIM
 62
6
370
-2
440
16777216
100
AcDbBlockReference
  2
_RXDOT
 10
6685.229058665339
 20
14153.72752039326
 30
0.0
 41
100.0
 42
100.0
 43
100.0
 50
90.0
  0
INSERT
  5
85EB
330
8167
100
AcDbEntity
  8
RXDIM
 62
6
370
-2
440
16777216
100
AcDbBlockReference
  2
_RXDOT
 10
6685.229058665339
 20
12753.72752030619
 30
0.0
 41
100.0
 42
100.0
 43
100.0
 50
270.0
  0
MTEXT
  5
85EC
330
8167
100
AcDbEntity
  8
RXDIM
 62
3
440
16777216
100
AcDbMText
 10
6482.569484197253
 20
13453.72752034973
 30
0.0
 40
200.0
 41
0.0
 46
0.0
 71
5
  1
\A1;1400
  7
굴림체
 11
1e-16
 21
1.0
 31
0.0
  0
POINT
  5
85ED
330
8167
100
AcDbEntity
  8
DEFPOINTS
 62
0
440
16777216
100
AcDbPoint
 10
8185.229058673256
 20
14153.72752039326
 30
0.0
  0
POINT
  5
85EE
330
8167
100
AcDbEntity
  8
DEFPOINTS
 62
0
440
16777216
100
AcDbPoint
 10
8185.229058673256
 20
12753.72752030619
 30
0.0
  0
POINT
  5
85EF
330
8167
100
AcDbEntity
  8
DEFPOINTS
 62
0
440
16777216
100
AcDbPoint
 10
6685.229058665339
 20
12753.72752030619
 30
0.0
  0
ENDBLK
  5
8172
330
8167
100
AcDbEntity
  8
0
100
AcDbBlockEnd
  0
BLOCK
  5
817D
330
8173
100
AcDbEntity
  8
0
100
AcDbBlockBegin
  2
*D52
 70
1
 10
0.0
 20
0.0
 30
0.0
  3
*D52
  1

  0
LINE
  5
85F0
330
8173
100
AcDbEntity
  8
RXDIM
 62
6
370
-2
440
16777216
100
AcDbLine
 10
8035.229058673722
 20
17653.72752039373
 30
0.0
 11
5935.229058665338
 21
17653.72752039373
 31
0.0
  0
LINE
  5
85F1
330
8173
100
AcDbEntity
  8
RXDIM
 62
6
370
-2
440
16777216
100
AcDbLine
 10
8035.229058664642
 20
21253.72752030619
 30
0.0
 11
5935.229058665339
 21
21253.72752030619
 31
0.0
  0
LINE
  5
85F2
330
8173
100
AcDbEntity
  8
RXDIM
 62
6
370
-2
440
16777216
100
AcDbLine
 10
6085.229058665339
 20
17753.72752039373
 30
0.0
 11
6085.22905866534
 21
21153.72752030619
 31
0.0
  0
INSERT
  5
85F3
330
8173
100
AcDbEntity
  8
RXDIM
 62
6
370
-2
440
16777216
100
AcDbBlockReference
  2
_RXDOT
 10
6085.229058665339
 20
17653.72752039373
 30
0.0
 41
100.0
 42
100.0
 43
100.0
 50
270.0
  0
INSERT
  5
85F4
330
8173
100
AcDbEntity
  8
RXDIM
 62
6
370
-2
440
16777216
100
AcDbBlockReference
  2
_RXDOT
 10
6085.22905866534
 20
21253.72752030619
 30
0.0
 41
100.0
 42
100.0
 43
100.0
 50
90.0
  0
MTEXT
  5
85F5
330
8173
100
AcDbEntity
  8
RXDIM
 62
3
440
16777216
100
AcDbMText
 10
5882.968420367465
 20
19453.72752034996
 30
0.0
 40
200.0
 41
0.0
 46
0.0
 71
5
  1
\A1;3600
  7
굴림체
 11
1e-16
 21
1.0
 31
0.0
  0
POINT
  5
85F6
330
8173
100
AcDbEntity
  8
DEFPOINTS
 62
0
440
16777216
100
AcDbPoint
 10
8185.229058673723
 20
17653.72752039373
 30
0.0
  0
POINT
  5
85F7
330
8173
100
AcDbEntity
  8
DEFPOINTS
 62
0
440
16777216
100
AcDbPoint
 10
8185.229058664642
 20
21253.72752030619
 30
0.0
  0
POINT
  5
85F8
330
8173
100
AcDbEntity
  8
DEFPOINTS
 62
0
440
16777216
100
AcDbPoint
 10
6085.22905866534
 20
21253.72752030619
 30
0.0
  0
ENDBLK
  5
817E
330
8173
100
AcDbEntity
  8
0
100
AcDbBlockEnd
  0
BLOCK
  5
8189
330
817F
100
AcDbEntity
  8
0
100
AcDbBlockBegin
  2
*D53
 70
1
 10
0.0
 20
0.0
 30
0.0
  3
*D53
  1

  0
LINE
  5
85F9
330
817F
100
AcDbEntity
  8
RXDIM
 62
6
370
-2
440
16777216
100
AcDbLine
 10
12635.22595573414
 20
5152.530245537462
 30
0.0
 11
12635.22595573414
 21
3652.530932215101
 31
0.0
  0
LINE
  5
85FA
330
817F
100
AcDbEntity
  8
RXDIM
 62
6
370
-2
440
16777216
100
AcDbLine
 10
15435.22595573414
 20
5152.530245523027
 30
0.0
 11
15435.22595573414
 21
3652.530932215101
 31
0.0
  0
LINE
  5
85FB
330
817F
100
AcDbEntity
  8
RXDIM
 62
6
370
-2
440
16777216
100
AcDbLine
 10
12735.22595573414
 20
3802.530932215101
 30
0.0
 11
15335.22595573414
 21
3802.530932215101
 31
0.0
  0
INSERT
  5
85FC
330
817F
100
AcDbEntity
  8
RXDIM
 62
6
370
-2
440
16777216
100
AcDbBlockReference
  2
_RXDOT
 10
12635.22595573414
 20
3802.530932215101
 30
0.0
 41
100.0
 42
100.0
 43
100.0
 50
180.0
  0
INSERT
  5
85FD
330
817F
100
AcDbEntity
  8
RXDIM
 62
6
370
-2
440
16777216
100
AcDbBlockReference
  2
_RXDOT
 10
15435.22595573414
 20
3802.530932215101
 30
0.0
 41
100.0
 42
100.0
 43
100.0
  0
MTEXT
  5
85FE
330
817F
100
AcDbEntity
  8
RXDIM
 62
3
440
16777216
100
AcDbMText
 10
14035.22595573415
 20
4004.791570512973
 30
0.0
 40
200.0
 41
0.0
 46
0.0
 71
5
  1
\A1;2800
  7
굴림체
  0
POINT
  5
85FF
330
817F
100
AcDbEntity
  8
DEFPOINTS
 62
0
440
16777216
100
AcDbPoint
 10
12635.22595573414
 20
5302.530245537462
 30
0.0
  0
POINT
  5
8600
330
817F
100
AcDbEntity
  8
DEFPOINTS
 62
0
440
16777216
100
AcDbPoint
 10
15435.22595573414
 20
5302.530245523026
 30
0.0
  0
POINT
  5
8601
330
817F
100
AcDbEntity
  8
DEFPOINTS
 62
0
440
16777216
100
AcDbPoint
 10
15435.22595573414
 20
3802.530932215101
 30
0.0
  0
ENDBLK
  5
818A
330
817F
100
AcDbEntity
  8
0
100
AcDbBlockEnd
  0
BLOCK
  5
8195
330
818B
100
AcDbEntity
  8
0
100
AcDbBlockBegin
  2
*D54
 70
1
 10
0.0
 20
0.0
 30
0.0
  3
*D54
  1

  0
LINE
  5
8602
330
818B
100
AcDbEntity
  8
RXDIM
 62
6
370
-2
440
16777216
100
AcDbLine
 10
15435.22595573414
 20
5152.530245523027
 30
0.0
 11
15435.22595573414
 21
3652.530932215101
 31
0.0
  0
LINE
  5
8603
330
818B
100
AcDbEntity
  8
RXDIM
 62
6
370
-2
440
16777216
100
AcDbLine
 10
17035.22595596907
 20
5152.530245520698
 30
0.0
 11
17035.22595596907
 21
3652.530932215101
 31
0.0
  0
LINE
  5
8604
330
818B
100
AcDbEntity
  8
RXDIM
 62
6
370
-2
440
16777216
100
AcDbLine
 10
15535.22595573414
 20
3802.530932215101
 30
0.0
 11
16935.22595596907
 21
3802.530932215101
 31
0.0
  0
INSERT
  5
8605
330
818B
100
AcDbEntity
  8
RXDIM
 62
6
370
-2
440
16777216
100
AcDbBlockReference
  2
_RXDOT
 10
15435.22595573414
 20
3802.530932215101
 30
0.0
 41
100.0
 42
100.0
 43
100.0
 50
180.0
  0
INSERT
  5
8606
330
818B
100
AcDbEntity
  8
RXDIM
 62
6
370
-2
440
16777216
100
AcDbBlockReference
  2
_RXDOT
 10
17035.22595596907
 20
3802.530932215101
 30
0.0
 41
100.0
 42
100.0
 43
100.0
  0
MTEXT
  5
8607
330
818B
100
AcDbEntity
  8
RXDIM
 62
3
440
16777216
100
AcDbMText
 10
16235.22595585161
 20
4005.190506683185
 30
0.0
 40
200.0
 41
0.0
 46
0.0
 71
5
  1
\A1;1600
  7
굴림체
  0
POINT
  5
8608
330
818B
100
AcDbEntity
  8
DEFPOINTS
 62
0
440
16777216
100
AcDbPoint
 10
15435.22595573414
 20
5302.530245523026
 30
0.0
  0
POINT
  5
8609
330
818B
100
AcDbEntity
  8
DEFPOINTS
 62
0
440
16777216
100
AcDbPoint
 10
17035.22595596907
 20
5302.530245520698
 30
0.0
  0
POINT
  5
860A
330
818B
100
AcDbEntity
  8
DEFPOINTS
 62
0
440
16777216
100
AcDbPoint
 10
17035.22595596907
 20
3802.530932215101
 30
0.0
  0
ENDBLK
  5
8196
330
818B
100
AcDbEntity
  8
0
100
AcDbBlockEnd
  0
BLOCK
  5
81A1
330
8197
100
AcDbEntity
  8
0
100
AcDbBlockBegin
  2
*D55
 70
1
 10
0.0
 20
0.0
 30
0.0
  3
*D55
  1

  0
LINE
  5
860B
330
8197
100
AcDbEntity
  8
RXDIM
 62
6
370
-2
440
16777216
100
AcDbLine
 10
26835.2259558955
 20
5152.530932166206
 30
0.0
 11
26835.2259558955
 21
4252.5309322151
 31
0.0
  0
LINE
  5
860C
330
8197
100
AcDbEntity
  8
RXDIM
 62
6
370
-2
440
16777216
100
AcDbLine
 10
25335.22595588386
 20
5152.5309322924
 30
0.0
 11
25335.22595588386
 21
4252.5309322151
 31
0.0
  0
LINE
  5
860D
330
8197
100
AcDbEntity
  8
RXDIM
 62
6
370
-2
440
16777216
100
AcDbLine
 10
26735.2259558955
 20
4402.530932215101
 30
0.0
 11
25435.22595588386
 21
4402.530932215101
 31
0.0
  0
INSERT
  5
860E
330
8197
100
AcDbEntity
  8
RXDIM
 62
6
370
-2
440
16777216
100
AcDbBlockReference
  2
_RXDOT
 10
26835.2259558955
 20
4402.530932215101
 30
0.0
 41
100.0
 42
100.0
 43
100.0
  0
INSERT
  5
860F
330
8197
100
AcDbEntity
  8
RXDIM
 62
6
370
-2
440
16777216
100
AcDbBlockReference
  2
_RXDOT
 10
25335.22595588386
 20
4402.530932215101
 30
0.0
 41
100.0
 42
100.0
 43
100.0
 50
180.0
  0
MTEXT
  5
8610
330
8197
100
AcDbEntity
  8
RXDIM
 62
3
440
16777216
100
AcDbMText
 10
26085.22595588968
 20
4605.190506683185
 30
0.0
 40
200.0
 41
0.0
 46
0.0
 71
5
  1
\A1;1500
  7
굴림체
  0
POINT
  5
8611
330
8197
100
AcDbEntity
  8
DEFPOINTS
 62
0
440
16777216
100
AcDbPoint
 10
26835.2259558955
 20
5302.530932166206
 30
0.0
  0
POINT
  5
8612
330
8197
100
AcDbEntity
  8
DEFPOINTS
 62
0
440
16777216
100
AcDbPoint
 10
25335.22595588386
 20
5302.5309322924
 30
0.0
  0
POINT
  5
8613
330
8197
100
AcDbEntity
  8
DEFPOINTS
 62
0
440
16777216
100
AcDbPoint
 10
25335.22595588386
 20
4402.530932215101
 30
0.0
  0
ENDBLK
  5
81A2
330
8197
100
AcDbEntity
  8
0
100
AcDbBlockEnd
  0
BLOCK
  5
81AD
330
81A3
100
AcDbEntity
  8
0
100
AcDbBlockBegin
  2
*D56
 70
1
 10
0.0
 20
0.0
 30
0.0
  3
*D56
  1

  0
LINE
  5
8614
330
81A3
100
AcDbEntity
  8
RXDIM
 62
6
370
-2
440
16777216
100
AcDbLine
 10
25335.22595588386
 20
5152.5309322924
 30
0.0
 11
25335.22595588386
 21
4252.5309322151
 31
0.0
  0
LINE
  5
8615
330
81A3
100
AcDbEntity
  8
RXDIM
 62
6
370
-2
440
16777216
100
AcDbLine
 10
22635.22595589573
 20
5152.530932197405
 30
0.0
 11
22635.22595589573
 21
4252.5309322151
 31
0.0
  0
LINE
  5
8616
330
81A3
100
AcDbEntity
  8
RXDIM
 62
6
370
-2
440
16777216
100
AcDbLine
 10
25235.22595588385
 20
4402.530932215101
 30
0.0
 11
22735.22595589573
 21
4402.530932215101
 31
0.0
  0
INSERT
  5
8617
330
81A3
100
AcDbEntity
  8
RXDIM
 62
6
370
-2
440
16777216
100
AcDbBlockReference
  2
_RXDOT
 10
25335.22595588386
 20
4402.530932215101
 30
0.0
 41
100.0
 42
100.0
 43
100.0
  0
INSERT
  5
8618
330
81A3
100
AcDbEntity
  8
RXDIM
 62
6
370
-2
440
16777216
100
AcDbBlockReference
  2
_RXDOT
 10
22635.22595589573
 20
4402.530932215101
 30
0.0
 41
100.0
 42
100.0
 43
100.0
 50
180.0
  0
MTEXT
  5
8619
330
81A3
100
AcDbEntity
  8
RXDIM
 62
3
440
16777216
100
AcDbMText
 10
23985.22595588979
 20
4605.057527959782
 30
0.0
 40
200.0
 41
0.0
 46
0.0
 71
5
  1
\A1;2700
  7
굴림체
  0
POINT
  5
861A
330
81A3
100
AcDbEntity
  8
DEFPOINTS
 62
0
440
16777216
100
AcDbPoint
 10
25335.22595588386
 20
5302.5309322924
 30
0.0
  0
POINT
  5
861B
330
81A3
100
AcDbEntity
  8
DEFPOINTS
 62
0
440
16777216
100
AcDbPoint
 10
22635.22595589573
 20
5302.530932197406
 30
0.0
  0
POINT
  5
861C
330
81A3
100
AcDbEntity
  8
DEFPOINTS
 62
0
440
16777216
100
AcDbPoint
 10
22635.22595589573
 20
4402.530932215101
 30
0.0
  0
ENDBLK
  5
81AE
330
81A3
100
AcDbEntity
  8
0
100
AcDbBlockEnd
  0
BLOCK
  5
81B9
330
81AF
100
AcDbEntity
  8
0
100
AcDbBlockBegin
  2
*D57
 70
1
 10
0.0
 20
0.0
 30
0.0
  3
*D57
  1

  0
LINE
  5
861D
330
81AF
100
AcDbEntity
  8
RXDIM
 62
6
370
-2
440
16777216
100
AcDbLine
 10
19385.22595581214
 20
21253.72752030619
 30
0.0
 11
19385.22595581191
 21
21253.72752030619
 31
0.0
  0
LINE
  5
861E
330
81AF
100
AcDbEntity
  8
RXDIM
 62
6
370
-2
440
16777216
100
AcDbLine
 10
19385.22595581238
 20
19003.72752030619
 30
0.0
 11
19385.22595581191
 21
19003.72752030619
 31
0.0
  0
LINE
  5
861F
330
81AF
100
AcDbEntity
  8
RXDIM
 62
6
370
-2
440
16777216
100
AcDbLine
 10
19535.22595581191
 20
21153.72752030619
 30
0.0
 11
19535.22595581191
 21
19103.72752030619
 31
0.0
  0
INSERT
  5
8620
330
81AF
100
AcDbEntity
  8
RXDIM
 62
6
370
-2
440
16777216
100
AcDbBlockReference
  2
_RXDOT
 10
19535.22595581191
 20
21253.72752030619
 30
0.0
 41
100.0
 42
100.0
 43
100.0
 50
90.0
  0
INSERT
  5
8621
330
81AF
100
AcDbEntity
  8
RXDIM
 62
6
370
-2
440
16777216
100
AcDbBlockReference
  2
_RXDOT
 10
19535.22595581191
 20
19003.72752030619
 30
0.0
 41
100.0
 42
100.0
 43
100.0
 50
270.0
  0
MTEXT
  5
8622
330
81AF
100
AcDbEntity
  8
RXDIM
 62
3
440
16777216
100
AcDbMText
 10
19332.96531751403
 20
20128.72752030619
 30
0.0
 40
200.0
 41
0.0
 46
0.0
 71
5
  1
\A1;2250
  7
굴림체
 11
1e-16
 21
1.0
 31
0.0
  0
POINT
  5
8623
330
81AF
100
AcDbEntity
  8
DEFPOINTS
 62
0
440
16777216
100
AcDbPoint
 10
19535.22595581214
 20
21253.72752030619
 30
0.0
  0
POINT
  5
8624
330
81AF
100
AcDbEntity
  8
DEFPOINTS
 62
0
440
16777216
100
AcDbPoint
 10
19535.22595581238
 20
19003.72752030619
 30
0.0
  0
POINT
  5
8625
330
81AF
100
AcDbEntity
  8
DEFPOINTS
 62
0
440
16777216
100
AcDbPoint
 10
19535.22595581191
 20
19003.72752030619
 30
0.0
  0
ENDBLK
  5
81BA
330
81AF
100
AcDbEntity
  8
0
100
AcDbBlockEnd
  0
BLOCK
  5
81C5
330
81BB
100
AcDbEntity
  8
0
100
AcDbBlockBegin
  2
*D58
 70
1
 10
0.0
 20
0.0
 30
0.0
  3
*D58
  1

  0
LINE
  5
8626
330
81BB
100
AcDbEntity
  8
RXDIM
 62
6
370
-2
440
16777216
100
AcDbLine
 10
19385.22595581238
 20
19003.72752030619
 30
0.0
 11
19385.22595581191
 21
19003.72752030619
 31
0.0
  0
LINE
  5
8627
330
81BB
100
AcDbEntity
  8
RXDIM
 62
6
370
-2
440
16777216
100
AcDbLine
 10
19385.22595581238
 20
17653.72752039373
 30
0.0
 11
19385.22595581191
 21
17653.72752039373
 31
0.0
  0
LINE
  5
8628
330
81BB
100
AcDbEntity
  8
RXDIM
 62
6
370
-2
440
16777216
100
AcDbLine
 10
19535.22595581191
 20
18903.72752030619
 30
0.0
 11
19535.22595581191
 21
17753.72752039373
 31
0.0
  0
INSERT
  5
8629
330
81BB
100
AcDbEntity
  8
RXDIM
 62
6
370
-2
440
16777216
100
AcDbBlockReference
  2
_RXDOT
 10
19535.22595581191
 20
19003.72752030619
 30
0.0
 41
100.0
 42
100.0
 43
100.0
 50
90.0
  0
INSERT
  5
862A
330
81BB
100
AcDbEntity
  8
RXDIM
 62
6
370
-2
440
16777216
100
AcDbBlockReference
  2
_RXDOT
 10
19535.22595581191
 20
17653.72752039373
 30
0.0
 41
100.0
 42
100.0
 43
100.0
 50
270.0
  0
MTEXT
  5
862B
330
81BB
100
AcDbEntity
  8
RXDIM
 62
3
440
16777216
100
AcDbMText
 10
19332.56638134382
 20
18328.72752034996
 30
0.0
 40
200.0
 41
0.0
 46
0.0
 71
5
  1
\A1;1350
  7
굴림체
 11
1e-16
 21
1.0
 31
0.0
  0
POINT
  5
862C
330
81BB
100
AcDbEntity
  8
DEFPOINTS
 62
0
440
16777216
100
AcDbPoint
 10
19535.22595581238
 20
19003.72752030619
 30
0.0
  0
POINT
  5
862D
330
81BB
100
AcDbEntity
  8
DEFPOINTS
 62
0
440
16777216
100
AcDbPoint
 10
19535.22595581238
 20
17653.72752039373
 30
0.0
  0
POINT
  5
862E
330
81BB
100
AcDbEntity
  8
DEFPOINTS
 62
0
440
16777216
100
AcDbPoint
 10
19535.22595581191
 20
17653.72752039373
 30
0.0
  0
ENDBLK
  5
81C6
330
81BB
100
AcDbEntity
  8
0
100
AcDbBlockEnd
  0
BLOCK
  5
81D1
330
81C7
100
AcDbEntity
  8
0
100
AcDbBlockBegin
  2
*D59
 70
1
 10
0.0
 20
0.0
 30
0.0
  3
*D59
  1

  0
LINE
  5
862F
330
81C7
100
AcDbEntity
  8
RXDIM
 62
6
370
-2
440
16777216
100
AcDbLine
 10
19385.22595581238
 20
17653.72752039373
 30
0.0
 11
19385.22595581191
 21
17653.72752039373
 31
0.0
  0
LINE
  5
8630
330
81C7
100
AcDbEntity
  8
RXDIM
 62
6
370
-2
440
16777216
100
AcDbLine
 10
19385.22595581238
 20
15803.72752030618
 30
0.0
 11
19385.22595581191
 21
15803.72752030618
 31
0.0
  0
LINE
  5
8631
330
81C7
100
AcDbEntity
  8
RXDIM
 62
6
370
-2
440
16777216
100
AcDbLine
 10
19535.22595581191
 20
17553.72752039373
 30
0.0
 11
19535.22595581191
 21
15903.72752030618
 31
0.0
  0
INSERT
  5
8632
330
81C7
100
AcDbEntity
  8
RXDIM
 62
6
370
-2
440
16777216
100
AcDbBlockReference
  2
_RXDOT
 10
19535.22595581191
 20
17653.72752039373
 30
0.0
 41
100.0
 42
100.0
 43
100.0
 50
90.0
  0
INSERT
  5
8633
330
81C7
100
AcDbEntity
  8
RXDIM
 62
6
370
-2
440
16777216
100
AcDbBlockReference
  2
_RXDOT
 10
19535.22595581191
 20
15803.72752030618
 30
0.0
 41
100.0
 42
100.0
 43
100.0
 50
270.0
  0
MTEXT
  5
8634
330
81C7
100
AcDbEntity
  8
RXDIM
 62
3
440
16777216
100
AcDbMText
 10
19332.56638134382
 20
16728.72752034996
 30
0.0
 40
200.0
 41
0.0
 46
0.0
 71
5
  1
\A1;1850
  7
굴림체
 11
1e-16
 21
1.0
 31
0.0
  0
POINT
  5
8635
330
81C7
100
AcDbEntity
  8
DEFPOINTS
 62
0
440
16777216
100
AcDbPoint
 10
19535.22595581238
 20
17653.72752039373
 30
0.0
  0
POINT
  5
8636
330
81C7
100
AcDbEntity
  8
DEFPOINTS
 62
0
440
16777216
100
AcDbPoint
 10
19535.22595581238
 20
15803.72752030618
 30
0.0
  0
POINT
  5
8637
330
81C7
100
AcDbEntity
  8
DEFPOINTS
 62
0
440
16777216
100
AcDbPoint
 10
19535.22595581191
 20
15803.72752030618
 30
0.0
  0
ENDBLK
  5
81D2
330
81C7
100
AcDbEntity
  8
0
100
AcDbBlockEnd
  0
BLOCK
  5
81DC
330
81D3
100
AcDbEntity
  8
0
100
AcDbBlockBegin
  2
*D60
 70
1
 10
0.0
 20
0.0
 30
0.0
  3
*D60
  1

  0
LINE
  5
8638
330
81D3
100
AcDbEntity
  8
RXDIM
 62
6
370
-2
440
16777216
100
AcDbLine
 10
19685.22595581168
 20
14153.72752039326
 30
0.0
 11
19685.22595581191
 21
14153.72752039326
 31
0.0
  0
LINE
  5
8639
330
81D3
100
AcDbEntity
  8
RXDIM
 62
6
370
-2
440
16777216
100
AcDbLine
 10
19535.22595581191
 20
15703.72752030618
 30
0.0
 11
19535.22595581191
 21
14253.72752039326
 31
0.0
  0
INSERT
  5
863A
330
81D3
100
AcDbEntity
  8
RXDIM
 62
6
370
-2
440
16777216
100
AcDbBlockReference
  2
_RXDOT
 10
19535.22595581191
 20
15803.72752030618
 30
0.0
 41
100.0
 42
100.0
 43
100.0
 50
90.0
  0
INSERT
  5
863B
330
81D3
100
AcDbEntity
  8
RXDIM
 62
6
370
-2
440
16777216
100
AcDbBlockReference
  2
_RXDOT
 10
19535.22595581191
 20
14153.72752039326
 30
0.0
 41
100.0
 42
100.0
 43
100.0
 50
270.0
  0
MTEXT
  5
863C
330
81D3
100
AcDbEntity
  8
RXDIM
 62
3
440
16777216
100
AcDbMText
 10
19332.56638134382
 20
14978.72752034972
 30
0.0
 40
200.0
 41
0.0
 46
0.0
 71
5
  1
\A1;1650
  7
굴림체
 11
1e-16
 21
1.0
 31
0.0
  0
POINT
  5
863D
330
81D3
100
AcDbEntity
  8
DEFPOINTS
 62
0
440
16777216
100
AcDbPoint
 10
19535.22595581191
 20
15803.72752030618
 30
0.0
  0
POINT
  5
863E
330
81D3
100
AcDbEntity
  8
DEFPOINTS
 62
0
440
16777216
100
AcDbPoint
 10
19535.22595581168
 20
14153.72752039326
 30
0.0
  0
POINT
  5
863F
330
81D3
100
AcDbEntity
  8
DEFPOINTS
 62
0
440
16777216
100
AcDbPoint
 10
19535.22595581191
 20
14153.72752039326
 30
0.0
  0
ENDBLK
  5
81DD
330
81D3
100
AcDbEntity
  8
0
100
AcDbBlockEnd
  0
BLOCK
  5
81E7
330
81DE
100
AcDbEntity
  8
0
100
AcDbBlockBegin
  2
*D61
 70
1
 10
0.0
 20
0.0
 30
0.0
  3
*D61
  1

  0
LINE
  5
8640
330
81DE
100
AcDbEntity
  8
RXDIM
 62
6
370
-2
440
16777216
100
AcDbLine
 10
19685.22595581145
 20
12353.72752030619
 30
0.0
 11
19685.22595581168
 21
12353.72752030619
 31
0.0
  0
LINE
  5
8641
330
81DE
100
AcDbEntity
  8
RXDIM
 62
6
370
-2
440
16777216
100
AcDbLine
 10
19535.22595581168
 20
14053.72752039326
 30
0.0
 11
19535.22595581168
 21
12453.72752030619
 31
0.0
  0
INSERT
  5
8642
330
81DE
100
AcDbEntity
  8
RXDIM
 62
6
370
-2
440
16777216
100
AcDbBlockReference
  2
_RXDOT
 10
19535.22595581168
 20
14153.72752039326
 30
0.0
 41
100.0
 42
100.0
 43
100.0
 50
90.0
  0
INSERT
  5
8643
330
81DE
100
AcDbEntity
  8
RXDIM
 62
6
370
-2
440
16777216
100
AcDbBlockReference
  2
_RXDOT
 10
19535.22595581168
 20
12353.72752030619
 30
0.0
 41
100.0
 42
100.0
 43
100.0
 50
270.0
  0
MTEXT
  5
8644
330
81DE
100
AcDbEntity
  8
RXDIM
 62
3
440
16777216
100
AcDbMText
 10
19332.56638134359
 20
13253.72752034973
 30
0.0
 40
200.0
 41
0.0
 46
0.0
 71
5
  1
\A1;1800
  7
굴림체
 11
1e-16
 21
1.0
 31
0.0
  0
POINT
  5
8645
330
81DE
100
AcDbEntity
  8
DEFPOINTS
 62
0
440
16777216
100
AcDbPoint
 10
19535.22595581168
 20
14153.72752039326
 30
0.0
  0
POINT
  5
8646
330
81DE
100
AcDbEntity
  8
DEFPOINTS
 62
0
440
16777216
100
AcDbPoint
 10
19535.22595581144
 20
12353.72752030619
 30
0.0
  0
POINT
  5
8647
330
81DE
100
AcDbEntity
  8
DEFPOINTS
 62
0
440
16777216
100
AcDbPoint
 10
19535.22595581168
 20
12353.72752030619
 30
0.0
  0
ENDBLK
  5
81E8
330
81DE
100
AcDbEntity
  8
0
100
AcDbBlockEnd
  0
BLOCK
  5
81F3
330
81E9
100
AcDbEntity
  8
0
100
AcDbBlockBegin
  2
*D62
 70
1
 10
0.0
 20
0.0
 30
0.0
  3
*D62
  1

  0
LINE
  5
8648
330
81E9
100
AcDbEntity
  8
RXDIM
 62
6
370
-2
440
16777216
100
AcDbLine
 10
19685.22595581145
 20
12353.72752030619
 30
0.0
 11
19685.22595581168
 21
12353.72752030619
 31
0.0
  0
LINE
  5
8649
330
81E9
100
AcDbEntity
  8
RXDIM
 62
6
370
-2
440
16777216
100
AcDbLine
 10
19385.22595581214
 20
9953.727520306187
 30
0.0
 11
19385.22595581168
 21
9953.727520306187
 31
0.0
  0
LINE
  5
864A
330
81E9
100
AcDbEntity
  8
RXDIM
 62
6
370
-2
440
16777216
100
AcDbLine
 10
19535.22595581168
 20
12253.72752030619
 30
0.0
 11
19535.22595581168
 21
10053.72752030619
 31
0.0
  0
INSERT
  5
864B
330
81E9
100
AcDbEntity
  8
RXDIM
 62
6
370
-2
440
16777216
100
AcDbBlockReference
  2
_RXDOT
 10
19535.22595581168
 20
12353.72752030619
 30
0.0
 41
100.0
 42
100.0
 43
100.0
 50
90.0
  0
INSERT
  5
864C
330
81E9
100
AcDbEntity
  8
RXDIM
 62
6
370
-2
440
16777216
100
AcDbBlockReference
  2
_RXDOT
 10
19535.22595581168
 20
9953.727520306187
 30
0.0
 41
100.0
 42
100.0
 43
100.0
 50
270.0
  0
MTEXT
  5
864D
330
81E9
100
AcDbEntity
  8
RXDIM
 62
3
440
16777216
100
AcDbMText
 10
19332.69936006699
 20
11153.72752030619
 30
0.0
 40
200.0
 41
0.0
 46
0.0
 71
5
  1
\A1;2400
  7
굴림체
 11
1e-16
 21
1.0
 31
0.0
  0
POINT
  5
864E
330
81E9
100
AcDbEntity
  8
DEFPOINTS
 62
0
440
16777216
100
AcDbPoint
 10
19535.22595581144
 20
12353.72752030619
 30
0.0
  0
POINT
  5
864F
330
81E9
100
AcDbEntity
  8
DEFPOINTS
 62
0
440
16777216
100
AcDbPoint
 10
19535.22595581214
 20
9953.727520306187
 30
0.0
  0
POINT
  5
8650
330
81E9
100
AcDbEntity
  8
DEFPOINTS
 62
0
440
16777216
100
AcDbPoint
 10
19535.22595581168
 20
9953.727520306187
 30
0.0
  0
ENDBLK
  5
81F4
330
81E9
100
AcDbEntity
  8
0
100
AcDbBlockEnd
  0
BLOCK
  5
81FF
330
81F5
100
AcDbEntity
  8
0
100
AcDbBlockBegin
  2
*D63
 70
1
 10
0.0
 20
0.0
 30
0.0
  3
*D63
  1

  0
LINE
  5
8651
330
81F5
100
AcDbEntity
  8
RXDIM
 62
6
370
-2
440
16777216
100
AcDbLine
 10
12635.22595573461
 20
5152.530932211841
 30
0.0
 11
12635.22595573461
 21
4252.5309322151
 31
0.0
  0
LINE
  5
8652
330
81F5
100
AcDbEntity
  8
RXDIM
 62
6
370
-2
440
16777216
100
AcDbLine
 10
14035.22595579468
 20
5152.530932210909
 30
0.0
 11
14035.22595579468
 21
4252.5309322151
 31
0.0
  0
LINE
  5
8653
330
81F5
100
AcDbEntity
  8
RXDIM
 62
6
370
-2
440
16777216
100
AcDbLine
 10
12735.22595573461
 20
4402.530932215101
 30
0.0
 11
13935.22595579468
 21
4402.530932215101
 31
0.0
  0
INSERT
  5
8654
330
81F5
100
AcDbEntity
  8
RXDIM
 62
6
370
-2
440
16777216
100
AcDbBlockReference
  2
_RXDOT
 10
12635.22595573461
 20
4402.530932215101
 30
0.0
 41
100.0
 42
100.0
 43
100.0
 50
180.0
  0
INSERT
  5
8655
330
81F5
100
AcDbEntity
  8
RXDIM
 62
6
370
-2
440
16777216
100
AcDbBlockReference
  2
_RXDOT
 10
14035.22595579468
 20
4402.530932215101
 30
0.0
 41
100.0
 42
100.0
 43
100.0
  0
MTEXT
  5
8656
330
81F5
100
AcDbEntity
  8
RXDIM
 62
3
440
16777216
100
AcDbMText
 10
13335.22595576464
 20
4605.190506683185
 30
0.0
 40
200.0
 41
0.0
 46
0.0
 71
5
  1
\A1;1400
  7
굴림체
  0
POINT
  5
8657
330
81F5
100
AcDbEntity
  8
DEFPOINTS
 62
0
440
16777216
100
AcDbPoint
 10
12635.22595573461
 20
5302.530932211841
 30
0.0
  0
POINT
  5
8658
330
81F5
100
AcDbEntity
  8
DEFPOINTS
 62
0
440
16777216
100
AcDbPoint
 10
14035.22595579468
 20
5302.53093221091
 30
0.0
  0
POINT
  5
8659
330
81F5
100
AcDbEntity
  8
DEFPOINTS
 62
0
440
16777216
100
AcDbPoint
 10
14035.22595579468
 20
4402.530932215101
 30
0.0
  0
ENDBLK
  5
8200
330
81F5
100
AcDbEntity
  8
0
100
AcDbBlockEnd
  0
BLOCK
  5
820B
330
8201
100
AcDbEntity
  8
0
100
AcDbBlockBegin
  2
*D64
 70
1
 10
0.0
 20
0.0
 30
0.0
  3
*D64
  1

  0
LINE
  5
865A
330
8201
100
AcDbEntity
  8
RXDIM
 62
6
370
-2
440
16777216
100
AcDbLine
 10
14035.22595579468
 20
5152.530932210909
 30
0.0
 11
14035.22595579468
 21
4252.5309322151
 31
0.0
  0
LINE
  5
865B
330
8201
100
AcDbEntity
  8
RXDIM
 62
6
370
-2
440
16777216
100
AcDbLine
 10
15435.22595573414
 20
5152.530932203459
 30
0.0
 11
15435.22595573414
 21
4252.5309322151
 31
0.0
  0
LINE
  5
865C
330
8201
100
AcDbEntity
  8
RXDIM
 62
6
370
-2
440
16777216
100
AcDbLine
 10
14135.22595579468
 20
4402.530932215101
 30
0.0
 11
15335.22595573414
 21
4402.530932215101
 31
0.0
  0
INSERT
  5
865D
330
8201
100
AcDbEntity
  8
RXDIM
 62
6
370
-2
440
16777216
100
AcDbBlockReference
  2
_RXDOT
 10
14035.22595579468
 20
4402.530932215101
 30
0.0
 41
100.0
 42
100.0
 43
100.0
 50
180.0
  0
INSERT
  5
865E
330
8201
100
AcDbEntity
  8
RXDIM
 62
6
370
-2
440
16777216
100
AcDbBlockReference
  2
_RXDOT
 10
15435.22595573414
 20
4402.530932215101
 30
0.0
 41
100.0
 42
100.0
 43
100.0
  0
MTEXT
  5
865F
330
8201
100
AcDbEntity
  8
RXDIM
 62
3
440
16777216
100
AcDbMText
 10
14735.22595576441
 20
4605.190506683185
 30
0.0
 40
200.0
 41
0.0
 46
0.0
 71
5
  1
\A1;1400
  7
굴림체
  0
POINT
  5
8660
330
8201
100
AcDbEntity
  8
DEFPOINTS
 62
0
440
16777216
100
AcDbPoint
 10
14035.22595579468
 20
5302.53093221091
 30
0.0
  0
POINT
  5
8661
330
8201
100
AcDbEntity
  8
DEFPOINTS
 62
0
440
16777216
100
AcDbPoint
 10
15435.22595573414
 20
5302.53093220346
 30
0.0
  0
POINT
  5
8662
330
8201
100
AcDbEntity
  8
DEFPOINTS
 62
0
440
16777216
100
AcDbPoint
 10
15435.22595573414
 20
4402.530932215101
 30
0.0
  0
ENDBLK
  5
820C
330
8201
100
AcDbEntity
  8
0
100
AcDbBlockEnd
  0
BLOCK
  5
8217
330
820D
100
AcDbEntity
  8
0
100
AcDbBlockBegin
  2
*D65
 70
1
 10
0.0
 20
0.0
 30
0.0
  3
*D65
  1

  0
LINE
  5
8663
330
820D
100
AcDbEntity
  8
RXDIM
 62
6
370
-2
440
16777216
100
AcDbLine
 10
14085.22595580888
 20
25268.52161422378
 30
0.0
 11
14085.22595580888
 21
27168.52161431039
 31
0.0
  0
LINE
  5
8664
330
820D
100
AcDbEntity
  8
RXDIM
 62
6
370
-2
440
16777216
100
AcDbLine
 10
12035.22595583612
 20
25268.52161423402
 30
0.0
 11
12035.22595583612
 21
27168.52161431039
 31
0.0
  0
LINE
  5
8665
330
820D
100
AcDbEntity
  8
RXDIM
 62
6
370
-2
440
16777216
100
AcDbLine
 10
13985.22595580888
 20
27018.52161431039
 30
0.0
 11
12135.22595583612
 21
27018.52161431039
 31
0.0
  0
INSERT
  5
8666
330
820D
100
AcDbEntity
  8
RXDIM
 62
6
370
-2
440
16777216
100
AcDbBlockReference
  2
_RXDOT
 10
14085.22595580888
 20
27018.52161431039
 30
0.0
 41
100.0
 42
100.0
 43
100.0
  0
INSERT
  5
8667
330
820D
100
AcDbEntity
  8
RXDIM
 62
6
370
-2
440
16777216
100
AcDbBlockReference
  2
_RXDOT
 10
12035.22595583612
 20
27018.52161431039
 30
0.0
 41
100.0
 42
100.0
 43
100.0
 50
180.0
  0
MTEXT
  5
8668
330
820D
100
AcDbEntity
  8
RXDIM
 62
3
440
16777216
100
AcDbMText
 10
13060.2259558225
 20
27220.78225260827
 30
0.0
 40
200.0
 41
0.0
 46
0.0
 71
5
  1
\A1;2050
  7
굴림체
  0
POINT
  5
8669
330
820D
100
AcDbEntity
  8
DEFPOINTS
 62
0
440
16777216
100
AcDbPoint
 10
14085.22595580888
 20
25118.52161422378
 30
0.0
  0
POINT
  5
866A
330
820D
100
AcDbEntity
  8
DEFPOINTS
 62
0
440
16777216
100
AcDbPoint
 10
12035.22595583612
 20
25118.52161423402
 30
0.0
  0
POINT
  5
866B
330
820D
100
AcDbEntity
  8
DEFPOINTS
 62
0
440
16777216
100
AcDbPoint
 10
12035.22595583612
 20
27018.52161431039
 30
0.0
  0
ENDBLK
  5
8218
330
820D
100
AcDbEntity
  8
0
100
AcDbBlockEnd
  0
BLOCK
  5
8224
330
8219
100
AcDbEntity
  8
0
100
AcDbBlockBegin
  2
*D66
 70
1
 10
0.0
 20
0.0
 30
0.0
  3
*D66
  1

  0
LINE
  5
866C
330
8219
100
AcDbEntity
  8
RXDIM
 62
6
370
-2
440
16777216
100
AcDbLine
 10
11235.22595579934
 20
18197.18150509451
 30
0.0
 11
11235.22595579934
 21
18197.18150509178
 31
0.0
  0
LINE
  5
866D
330
8219
100
AcDbEntity
  8
RXDIM
 62
6
370
-2
440
16777216
100
AcDbLine
 10
11835.22595579916
 20
18347.18150509178
 30
0.0
 11
11935.22595579916
 21
18347.18150509178
 31
0.0
  0
LINE
  5
866E
330
8219
100
AcDbEntity
  8
RXDIM
 62
6
370
-2
440
16777216
100
AcDbLine
 10
11135.22595579934
 20
18347.18150509178
 30
0.0
 11
11035.22595579934
 21
18347.18150509178
 31
0.0
  0
LINE
  5
866F
330
8219
100
AcDbEntity
  8
RXDIM
 62
6
370
-2
440
16777216
100
AcDbLine
 10
11735.22595579916
 20
18347.18150509178
 30
0.0
 11
11235.22595579934
 21
18347.18150509178
 31
0.0
  0
INSERT
  5
8670
330
8219
100
AcDbEntity
  8
RXDIM
 62
6
370
-2
440
16777216
100
AcDbBlockReference
  2
_RXDOT
 10
11735.22595579916
 20
18347.18150509178
 30
0.0
 41
100.0
 42
100.0
 43
100.0
 50
180.0
  0
INSERT
  5
8671
330
8219
100
AcDbEntity
  8
RXDIM
 62
6
370
-2
440
16777216
100
AcDbBlockReference
  2
_RXDOT
 10
11235.22595579934
 20
18347.18150509178
 30
0.0
 41
100.0
 42
100.0
 43
100.0
  0
MTEXT
  5
8672
330
8219
100
AcDbEntity
  8
RXDIM
 62
3
440
16777216
100
AcDbMText
 10
11485.22595579925
 20
18549.44214338965
 30
0.0
 40
200.0
 41
0.0
 46
0.0
 71
5
  1
\A1;500
  7
굴림체
  0
POINT
  5
8673
330
8219
100
AcDbEntity
  8
DEFPOINTS
 62
0
440
16777216
100
AcDbPoint
 10
11735.22595579916
 20
18347.18150509178
 30
0.0
  0
POINT
  5
8674
330
8219
100
AcDbEntity
  8
DEFPOINTS
 62
0
440
16777216
100
AcDbPoint
 10
11235.22595579934
 20
18347.18150509451
 30
0.0
  0
POINT
  5
8675
330
8219
100
AcDbEntity
  8
DEFPOINTS
 62
0
440
16777216
100
AcDbPoint
 10
11235.22595579934
 20
18347.18150509178
 30
0.0
  0
ENDBLK
  5
8225
330
8219
100
AcDbEntity
  8
0
100
AcDbBlockEnd
  0
BLOCK
  5
8920
330
891C
100
AcDbEntity
  8
0
100
AcDbBlockBegin
  2
*B67
 70
1
 10
12245.22595571866
 20
13921.15804786364
 30
0.0
  3
*B67
  1

  0
LWPOLYLINE
  5
891D
330
891C
100
AcDbEntity
  8
RXLEADER
 62
6
100
AcDbPolyline
 90
2
 70
1
 43
50.0
 10
12270.22595571866
 20
13921.15804786364
 42
1.0
 10
12220.22595571866
 20
13921.15804786364
 42
1.0
  0
LWPOLYLINE
  5
891E
330
891C
100
AcDbEntity
  8
RXLEADER
 62
6
100
AcDbPolyline
 90
2
 70
0
 10
12195.22595571866
 20
13921.15804786364
 10
10800.86741645535
 20
13921.15804786364
  0
TEXT
  5
891F
330
891C
100
AcDbEntity
  8
RXANNOT
 62
3
100
AcDbText
 10
7605.122735604289
 20
13821.15804786364
 30
0.0
 40
200.0
  1
차면시설(불투명쉬트지)
  7
굴림체
 72
2
 11
10600.86741645535
 21
13921.15804786364
 31
0.0
100
AcDbText
 73
2
  0
ENDBLK
  5
8921
330
891C
100
AcDbEntity
  8
0
100
AcDbBlockEnd
  0
BLOCK
  5
8926
330
8922
100
AcDbEntity
  8
0
100
AcDbBlockBegin
  2
*B68
 70
1
 10
11645.22595573688
 20
16497.97852359143
 30
0.0
  3
*B68
  1

  0
LWPOLYLINE
  5
8923
330
8922
100
AcDbEntity
  8
RXLEADER
 62
6
100
AcDbPolyline
 90
2
 70
1
 43
50.0
 10
11670.22595573688
 20
16497.97852359143
 42
1.0
 10
11620.22595573688
 20
16497.97852359143
 42
1.0
  0
LWPOLYLINE
  5
8924
330
8922
100
AcDbEntity
  8
RXLEADER
 62
6
100
AcDbPolyline
 90
2
 70
0
 10
11595.22595573688
 20
16497.97852359143
 10
10300.86741645535
 20
16497.97852359143
  0
TEXT
  5
8925
330
8922
100
AcDbEntity
  8
RXANNOT
 62
3
100
AcDbText
 10
7105.122735604289
 20
16397.97852359143
 30
0.0
 40
200.0
  1
차면시설(불투명쉬트지)
  7
굴림체
 72
2
 11
10100.86741645535
 21
16497.97852359143
 31
0.0
100
AcDbText
 73
2
  0
ENDBLK
  5
8927
330
8922
100
AcDbEntity
  8
0
100
AcDbBlockEnd
  0
BLOCK
  5
892C
330
8928
100
AcDbEntity
  8
0
100
AcDbBlockBegin
  2
*B69
 70
1
 10
12245.22595571866
 20
11880.15473910751
 30
0.0
  3
*B69
  1

  0
LWPOLYLINE
  5
8929
330
8928
100
AcDbEntity
  8
RXLEADER
 62
6
100
AcDbPolyline
 90
2
 70
1
 43
50.0
 10
12270.22595571866
 20
11880.15473910751
 42
1.0
 10
12220.22595571866
 20
11880.15473910751
 42
1.0
  0
LWPOLYLINE
  5
892A
330
8928
100
AcDbEntity
  8
RXLEADER
 62
6
100
AcDbPolyline
 90
2
 70
0
 10
12195.22595571866
 20
11880.15473910751
 10
10800.86741645535
 20
11880.15473910751
  0
TEXT
  5
892B
330
8928
100
AcDbEntity
  8
RXANNOT
 62
3
100
AcDbText
 10
7605.122735604289
 20
11780.15473910751
 30
0.0
 40
200.0
  1
차면시설(불투명쉬트지)
  7
굴림체
 72
2
 11
10600.86741645535
 21
11880.15473910751
 31
0.0
100
AcDbText
 73
2
  0
ENDBLK
  5
892D
330
8928
100
AcDbEntity
  8
0
100
AcDbBlockEnd
  0
BLOCK
  5
8932
330
892E
100
AcDbEntity
  8
0
100
AcDbBlockBegin
  2
*B70
 70
1
 10
20685.22595583103
 20
21623.72752031106
 30
0.0
  3
*B70
  1

  0
LWPOLYLINE
  5
892F
330
892E
100
AcDbEntity
  8
RXLEADER
 62
6
100
AcDbPolyline
 90
2
 70
1
 43
50.0
 10
20685.22595583103
 20
21598.72752031106
 42
1.0
 10
20685.22595583103
 20
21648.72752031106
 42
1.0
  0
LWPOLYLINE
  5
8930
330
892E
100
AcDbEntity
  8
RXLEADER
 62
6
100
AcDbPolyline
 90
3
 70
0
 10
20685.22595583103
 20
21673.72752031106
 10
20685.22595583103
 20
22041.2301294052
 10
20871.63746461825
 20
22041.2301294052
  0
TEXT
  5
8931
330
892E
100
AcDbEntity
  8
RXANNOT
 62
3
100
AcDbText
 10
21071.63746461825
 20
21941.2301294052
 30
0.0
 40
200.0
  1
난간설치
  7
굴림체
 11
21071.63746461825
 21
22041.2301294052
 31
0.0
100
AcDbText
 73
2
  0
ENDBLK
  5
8933
330
892E
100
AcDbEntity
  8
0
100
AcDbBlockEnd
  0
BLOCK
  5
8938
330
8934
100
AcDbEntity
  8
0
100
AcDbBlockBegin
  2
*B71
 70
1
 10
20685.22595582275
 20
9583.727543030094
 30
0.0
  3
*B71
  1

  0
LWPOLYLINE
  5
8935
330
8934
100
AcDbEntity
  8
RXLEADER
 62
6
100
AcDbPolyline
 90
2
 70
1
 43
50.0
 10
20685.22595582275
 20
9608.727543030094
 42
1.0
 10
20685.22595582275
 20
9558.727543030094
 42
1.0
  0
LWPOLYLINE
  5
8936
330
8934
100
AcDbEntity
  8
RXLEADER
 62
6
100
AcDbPolyline
 90
3
 70
0
 10
20685.22595582275
 20
9533.727543030094
 10
20685.22595582275
 20
9166.224933935955
 10
20871.63746460997
 20
9166.224933935955
  0
TEXT
  5
8937
330
8934
100
AcDbEntity
  8
RXANNOT
 62
3
100
AcDbText
 10
21071.63746460997
 20
9066.224933935953
 30
0.0
 40
200.0
  1
난간설치
  7
굴림체
 11
21071.63746460997
 21
9166.224933935955
 31
0.0
100
AcDbText
 73
2
  0
ENDBLK
  5
8939
330
8934
100
AcDbEntity
  8
0
100
AcDbBlockEnd
  0
ENDSEC
  0
SECTION
  2
ENTITIES
  0
INSERT
  5
13C
330
1F
100
AcDbEntity
  8
RXINFO
100
AcDbBlockReference
  2
*B2
 10
0.0
 20
0.0
 30
0.0
  0
LWPOLYLINE
  5
7C81
330
1F
100
AcDbEntity
  8
HAT
 62
5
100
AcDbPolyline
 90
2
 70
0
 10
13935.22595580003
 20
12596.53528453866
 42
0.2425356295092397
 10
13935.22595580003
 20
12575.91975607263
 42
0.2425356295092397
  0
LINE
  5
7C82
330
1F
100
AcDbEntity
  8
HAT
100
AcDbLine
 10
17185.22595601802
 20
20872.72752030037
 30
0.0
 11
17190.22595601802
 21
20872.72752030037
 31
0.0
1001
ACAD
1010
102199.8526549796
1020
38942.53715614396
1030
0.0
  0
LINE
  5
7C83
330
1F
100
AcDbEntity
  8
HAT
100
AcDbLine
 10
18600.22595580562
 20
19672.72752030036
 30
0.0
 11
18605.22595580824
 21
19672.72752030036
 31
0.0
1001
ACAD
1010
102199.8526549796
1020
38942.53715614396
1030
0.0
  0
LINE
  5
7C84
330
1F
100
AcDbEntity
  8
HAT
100
AcDbLine
 10
18600.22595580498
 20
19272.72752030036
 30
0.0
 11
18605.22595580603
 21
19272.72752030036
 31
0.0
1001
ACAD
1010
102199.8526549796
1020
38942.53715614396
1030
0.0
  0
LINE
  5
7C85
330
1F
100
AcDbEntity
  8
HAT
100
AcDbLine
 10
18600.22595580533
 20
19472.72752030037
 30
0.0
 11
18605.22595580714
 21
19472.72752030037
 31
0.0
1001
ACAD
1010
102199.8526549796
1020
38942.53715614396
1030
0.0
  0
LINE
  5
7C86
330
1F
100
AcDbEntity
  8
HAT
100
AcDbLine
 10
17215.17583038192
 20
20872.72752030037
 30
0.0
 11
18052.23223738663
 21
20872.72752030037
 31
0.0
1001
ACAD
1010
102199.8526549796
1020
38942.53715614396
1030
0.0
  0
LINE
  5
7C87
330
1F
100
AcDbEntity
  8
HAT
100
AcDbLine
 10
18335.22595581726
 20
21072.72752030037
 30
0.0
 11
18605.22595581587
 21
21072.72752030037
 31
0.0
1001
ACAD
1010
102199.8526549796
1020
38942.53715614396
1030
0.0
  0
LINE
  5
7C88
330
1F
100
AcDbEntity
  8
HAT
100
AcDbLine
 10
18450.22595599707
 20
20872.72752030037
 30
0.0
 11
18605.22595581482
 21
20872.72752030037
 31
0.0
1001
ACAD
1010
102199.8526549796
1020
38942.53715614396
1030
0.0
  0
LINE
  5
7C89
330
1F
100
AcDbEntity
  8
HAT
100
AcDbLine
 10
18052.23223738663
 20
20872.72752030037
 30
0.0
 11
18378.22595599701
 21
20872.72752030037
 31
0.0
1001
ACAD
1010
102199.8526549796
1020
38942.53715614396
1030
0.0
  0
LINE
  5
7C8A
330
1F
100
AcDbEntity
  8
HAT
100
AcDbLine
 10
17165.22595599131
 20
21072.72752030037
 30
0.0
 11
18335.22595581726
 21
21072.72752030037
 31
0.0
1001
ACAD
1010
102199.8526549796
1020
38942.53715614396
1030
0.0
  0
LINE
  5
7C8B
330
1F
100
AcDbEntity
  8
HAT
100
AcDbLine
 10
17904.33310934173
 20
20672.72752030037
 30
0.0
 11
18378.22595599718
 21
20672.72752030037
 31
0.0
1001
ACAD
1010
102199.8526549796
1020
38942.53715614396
1030
0.0
  0
LINE
  5
7C8C
330
1F
100
AcDbEntity
  8
HAT
100
AcDbLine
 10
17165.22595599078
 20
20672.72752030037
 30
0.0
 11
17904.33310934168
 21
20672.72752030037
 31
0.0
1001
ACAD
1010
102199.8526549796
1020
38942.53715614396
1030
0.0
  0
LINE
  5
7C8D
330
1F
100
AcDbEntity
  8
HAT
100
AcDbLine
 10
18450.22595599713
 20
20672.72752030037
 30
0.0
 11
18605.22595581371
 21
20672.72752030037
 31
0.0
1001
ACAD
1010
102199.8526549796
1020
38942.53715614396
1030
0.0
  0
LINE
  5
7C8E
330
1F
100
AcDbEntity
  8
HAT
100
AcDbLine
 10
17165.22595599026
 20
20272.72752030037
 30
0.0
 11
18605.2259558115
 21
20272.72752030037
 31
0.0
1001
ACAD
1010
102199.8526549796
1020
38942.53715614396
1030
0.0
  0
LINE
  5
7C8F
330
1F
100
AcDbEntity
  8
HAT
100
AcDbLine
 10
18450.22595599724
 20
20472.72752030037
 30
0.0
 11
18605.22595581261
 21
20472.72752030037
 31
0.0
1001
ACAD
1010
102199.8526549796
1020
38942.53715614396
1030
0.0
  0
LINE
  5
7C90
330
1F
100
AcDbEntity
  8
HAT
100
AcDbLine
 10
17570.17513488873
 20
19872.72752030037
 30
0.0
 11
17786.79199578462
 21
19872.72752030037
 31
0.0
1001
ACAD
1010
102199.8526549796
1020
38942.53715614396
1030
0.0
  0
LINE
  5
7C91
330
1F
100
AcDbEntity
  8
HAT
100
AcDbLine
 10
17165.22595599049
 20
20472.72752030037
 30
0.0
 11
17852.230136609
 21
20472.72752030037
 31
0.0
1001
ACAD
1010
102199.8526549796
1020
38942.53715614396
1030
0.0
  0
LINE
  5
7C92
330
1F
100
AcDbEntity
  8
HAT
100
AcDbLine
 10
17852.230136609
 20
20472.72752030037
 30
0.0
 11
18420.22595599724
 21
20472.72752030037
 31
0.0
1001
ACAD
1010
102199.8526549796
1020
38942.53715614396
1030
0.0
  0
LINE
  5
7C93
330
1F
100
AcDbEntity
  8
HAT
100
AcDbLine
 10
17969.75919128576
 20
19472.72752030037
 30
0.0
 11
18560.22595580527
 21
19472.72752030037
 31
0.0
1001
ACAD
1010
102199.8526549796
1020
38942.53715614396
1030
0.0
  0
LINE
  5
7C94
330
1F
100
AcDbEntity
  8
HAT
100
AcDbLine
 10
17888.32492142491
 20
19272.72752030036
 30
0.0
 11
18560.22595580498
 21
19272.72752030036
 31
0.0
1001
ACAD
1010
102199.8526549796
1020
38942.53715614396
1030
0.0
  0
LINE
  5
7C95
330
1F
100
AcDbEntity
  8
HAT
100
AcDbLine
 10
17165.22595598944
 20
19672.72752030036
 30
0.0
 11
18152.97787416121
 21
19672.72752030036
 31
0.0
1001
ACAD
1010
102199.8526549796
1020
38942.53715614396
1030
0.0
  0
LINE
  5
7C96
330
1F
100
AcDbEntity
  8
HAT
100
AcDbLine
 10
17915.01387138403
 20
19472.72752030037
 30
0.0
 11
17969.75919128576
 21
19472.72752030037
 31
0.0
1001
ACAD
1010
102199.8526549796
1020
38942.53715614396
1030
0.0
  0
LINE
  5
7C97
330
1F
100
AcDbEntity
  8
HAT
100
AcDbLine
 10
17634.46970775042
 20
20072.72752030037
 30
0.0
 11
18605.2259558104
 21
20072.72752030037
 31
0.0
1001
ACAD
1010
102199.8526549796
1020
38942.53715614396
1030
0.0
  0
LINE
  5
7C98
330
1F
100
AcDbEntity
  8
HAT
100
AcDbLine
 10
18152.97787416121
 20
19672.72752030036
 30
0.0
 11
18560.22595580562
 21
19672.72752030036
 31
0.0
1001
ACAD
1010
102199.8526549796
1020
38942.53715614396
1030
0.0
  0
LINE
  5
7C99
330
1F
100
AcDbEntity
  8
HAT
100
AcDbLine
 10
17365.22595598863
 20
20423.72752035948
 30
0.0
 11
17365.22595598863
 21
21123.72752035849
 31
0.0
1001
ACAD
1010
102199.8526549796
1020
38942.53715614396
1030
0.0
  0
LINE
  5
7C9A
330
1F
100
AcDbEntity
  8
HAT
100
AcDbLine
 10
17165.22595598886
 20
19272.72752030036
 30
0.0
 11
17888.32492142491
 21
19272.72752030036
 31
0.0
1001
ACAD
1010
102199.8526549796
1020
38942.53715614396
1030
0.0
  0
LINE
  5
7C9B
330
1F
100
AcDbEntity
  8
HAT
100
AcDbLine
 10
17365.22595598863
 20
19133.72752030511
 30
0.0
 11
17365.22595598863
 21
19270.02889833692
 31
0.0
1001
ACAD
1010
102199.8526549796
1020
38942.53715614396
1030
0.0
  0
LINE
  5
7C9C
330
1F
100
AcDbEntity
  8
HAT
100
AcDbLine
 10
17365.22595598863
 20
20320.00105771067
 30
0.0
 11
17365.22595598863
 21
20393.72752035948
 31
0.0
1001
ACAD
1010
102199.8526549796
1020
38942.53715614396
1030
0.0
  0
LINE
  5
7C9D
330
1F
100
AcDbEntity
  8
HAT
100
AcDbLine
 10
17565.22595598863
 20
19654.37744001596
 30
0.0
 11
17565.22595598863
 21
19866.95973699461
 31
0.0
1001
ACAD
1010
102199.8526549796
1020
38942.53715614396
1030
0.0
  0
LINE
  5
7C9E
330
1F
100
AcDbEntity
  8
HAT
100
AcDbLine
 10
17365.22595598863
 20
19659.94180090193
 30
0.0
 11
17365.22595598863
 21
19784.16232818743
 31
0.0
1001
ACAD
1010
102199.8526549796
1020
38942.53715614396
1030
0.0
  0
LINE
  5
7C9F
330
1F
100
AcDbEntity
  8
HAT
100
AcDbLine
 10
17565.22595598863
 20
19133.72752030458
 30
0.0
 11
17565.22595598863
 21
19275.67127597026
 31
0.0
1001
ACAD
1010
102199.8526549796
1020
38942.53715614396
1030
0.0
  0
LINE
  5
7CA0
330
1F
100
AcDbEntity
  8
HAT
100
AcDbLine
 10
17765.22595598863
 20
19633.06460070505
 30
0.0
 11
17765.22595598863
 21
20393.72752035951
 31
0.0
1001
ACAD
1010
102199.8526549796
1020
38942.53715614396
1030
0.0
  0
LINE
  5
7CA1
330
1F
100
AcDbEntity
  8
HAT
100
AcDbLine
 10
17565.22595598863
 20
20423.72752035951
 30
0.0
 11
17565.22595598863
 21
21123.727520357
 31
0.0
1001
ACAD
1010
102199.8526549796
1020
38942.53715614396
1030
0.0
  0
LINE
  5
7CA2
330
1F
100
AcDbEntity
  8
HAT
100
AcDbLine
 10
17565.22595598863
 20
20237.36492054627
 30
0.0
 11
17565.22595598863
 21
20393.72752035951
 31
0.0
1001
ACAD
1010
102199.8526549796
1020
38942.53715614396
1030
0.0
  0
LINE
  5
7CA3
330
1F
100
AcDbEntity
  8
HAT
100
AcDbLine
 10
17765.22595598863
 20
19133.72752030403
 30
0.0
 11
17765.22595598863
 21
19296.98411528117
 31
0.0
1001
ACAD
1010
102199.8526549796
1020
38942.53715614396
1030
0.0
  0
LINE
  5
7CA4
330
1F
100
AcDbEntity
  8
HAT
100
AcDbLine
 10
17765.22595598863
 20
20423.72752035951
 30
0.0
 11
17765.22595598863
 21
21123.72752035549
 31
0.0
1001
ACAD
1010
102199.8526549796
1020
38942.53715614396
1030
0.0
  0
LINE
  5
7CA5
330
1F
100
AcDbEntity
  8
HAT
100
AcDbLine
 10
17965.22595598863
 20
19072.72752030263
 30
0.0
 11
17965.22595598863
 21
19465.1198502396
 31
0.0
1001
ACAD
1010
102199.8526549796
1020
38942.53715614396
1030
0.0
  0
LINE
  5
7CA6
330
1F
100
AcDbEntity
  8
HAT
100
AcDbLine
 10
17965.22595598863
 20
20776.9625695718
 30
0.0
 11
17965.22595598863
 21
21123.72752035403
 31
0.0
1001
ACAD
1010
102199.8526549796
1020
38942.53715614396
1030
0.0
  0
LINE
  5
7CA7
330
1F
100
AcDbEntity
  8
HAT
100
AcDbLine
 10
18165.22595598863
 20
19681.47923275706
 30
0.0
 11
18165.22595598863
 21
19731.50091328384
 31
0.0
1001
ACAD
1010
102199.8526549796
1020
38942.53715614396
1030
0.0
  0
LINE
  5
7CA8
330
1F
100
AcDbEntity
  8
HAT
100
AcDbLine
 10
17965.22595598863
 20
19465.1198502396
 30
0.0
 11
17965.22595598863
 21
19731.50091328384
 31
0.0
1001
ACAD
1010
102199.8526549796
1020
38942.53715614396
1030
0.0
  0
LINE
  5
7CA9
330
1F
100
AcDbEntity
  8
HAT
100
AcDbLine
 10
18165.22595598863
 20
19072.72752030191
 30
0.0
 11
18165.22595598863
 21
19681.47923275706
 31
0.0
1001
ACAD
1010
102199.8526549796
1020
38942.53715614396
1030
0.0
  0
LINE
  5
7CAA
330
1F
100
AcDbEntity
  8
HAT
100
AcDbLine
 10
18165.22595598863
 20
20951.71899755928
 30
0.0
 11
18165.22595598863
 21
21123.72752035252
 31
0.0
1001
ACAD
1010
102199.8526549796
1020
38942.53715614396
1030
0.0
  0
LINE
  5
7CAB
330
1F
100
AcDbEntity
  8
WAL
100
AcDbLine
 10
11745.22595573214
 20
16403.72752013734
 30
0.0
 11
11745.22595572957
 21
15863.72752030665
 31
0.0
  0
LINE
  5
7CAC
330
1F
100
AcDbEntity
  8
WAL
100
AcDbLine
 10
11845.2259557301
 20
15963.72752030665
 30
0.0
 11
12445.22595572956
 21
15963.72752030705
 31
0.0
  0
LINE
  5
7CAD
330
1F
100
AcDbEntity
  8
HAT
100
AcDbLine
 10
18365.22595598863
 20
21017.67617133795
 30
0.0
 11
18365.22595598863
 21
21123.72752035104
 31
0.0
1001
ACAD
1010
102199.8526549796
1020
38942.53715614396
1030
0.0
  0
LINE
  5
7CAE
330
1F
100
AcDbEntity
  8
HAT
100
AcDbLine
 10
18365.22595598863
 20
19072.72752030118
 30
0.0
 11
18365.22595598863
 21
19777.59986454394
 31
0.0
1001
ACAD
1010
102199.8526549796
1020
38942.53715614396
1030
0.0
  0
LINE
  5
7CAF
330
1F
100
AcDbEntity
  8
WAL
100
AcDbLine
 10
11745.22595572957
 20
15863.72752030665
 30
0.0
 11
12345.22595572928
 21
15863.72752030665
 31
0.0
  0
LINE
  5
7CB0
330
1F
100
AcDbEntity
  8
WAL
100
AcDbLine
 10
12445.22595572956
 20
15963.72752030705
 30
0.0
 11
12445.22595572176
 21
14053.72752013511
 31
0.0
  0
LINE
  5
7CB1
330
1F
100
AcDbEntity
  8
WAL
100
AcDbLine
 10
12345.22595572909
 20
15863.72752030572
 30
0.0
 11
12345.22595572131
 21
13953.72752013652
 31
0.0
  0
LINE
  5
7CB2
330
1F
100
AcDbEntity
  8
HAT
100
AcDbLine
 10
18365.22595598863
 20
19777.59986454394
 30
0.0
 11
18365.22595598863
 21
21017.67617133793
 31
0.0
1001
ACAD
1010
102199.8526549796
1020
38942.53715614396
1030
0.0
  0
LINE
  5
7CB3
330
1F
100
AcDbEntity
  8
HAT
100
AcDbLine
 10
18565.22595598863
 20
19072.72752030045
 30
0.0
 11
18565.22595598863
 21
19115.72752030246
 31
0.0
1001
ACAD
1010
102199.8526549796
1020
38942.53715614396
1030
0.0
  0
LINE
  5
7CB4
330
1F
100
AcDbEntity
  8
HAT
100
AcDbLine
 10
18565.22595598863
 20
20423.72752035997
 30
0.0
 11
18565.22595598863
 21
21123.72752034955
 31
0.0
1001
ACAD
1010
102199.8526549796
1020
38942.53715614396
1030
0.0
  0
LINE
  5
7CB5
330
1F
100
AcDbEntity
  8
HAT
100
AcDbLine
 10
18565.22595598863
 20
19805.72752030246
 30
0.0
 11
18565.22595598863
 21
20393.72752035997
 31
0.0
1001
ACAD
1010
102199.8526549796
1020
38942.53715614396
1030
0.0
  0
LINE
  5
7CB6
330
1F
100
AcDbEntity
  8
HAT
100
AcDbLine
 10
17965.22595598863
 20
20051.50091328385
 30
0.0
 11
17965.22595598863
 21
20776.96256957177
 31
0.0
1001
ACAD
1010
102199.8526549796
1020
38942.53715614396
1030
0.0
  0
LINE
  5
7CB7
330
1F
100
AcDbEntity
  8
HAT
100
AcDbLine
 10
18172.63798306731
 20
19872.72752030037
 30
0.0
 11
18605.22595580935
 21
19872.72752030037
 31
0.0
1001
ACAD
1010
102199.8526549796
1020
38942.53715614396
1030
0.0
  0
LINE
  5
7CB8
330
1F
100
AcDbEntity
  8
HAT
100
AcDbLine
 10
18165.22595598863
 20
20051.50091328385
 30
0.0
 11
18165.22595598863
 21
20951.71899755928
 31
0.0
1001
ACAD
1010
102199.8526549796
1020
38942.53715614396
1030
0.0
  0
HATCH
  5
7CB9
330
1F
100
AcDbEntity
  8
HAT
100
AcDbHatch
 10
0.0
 20
0.0
 30
0.0
210
0.0
220
0.0
230
1.0
  2
NET
 70
0
 71
0
 91
3
 92
22
 72
0
 73
1
 93
4
 10
18160.00951476034
 20
14874.17465970191
 10
18160.00951476034
 20
14554.17465970191
 10
17538.66456042125
 20
14554.17465970191
 10
17538.66456042125
 20
14874.17465970188
 97
0
 92
24
 93
4
 72
1
 10
17544.67519871914
 20
14551.40870225488
 11
18197.33477318723
 21
14551.40870225488
 72
1
 10
18197.33477318723
 20
14551.40870225488
 11
18197.33477318723
 21
14875.34487246765
 72
1
 10
18197.33477318723
 20
14875.34487246763
 11
17544.67519871914
 21
14875.34487246763
 72
1
 10
17544.67519871914
 20
14875.34487246763
 11
17544.67519871914
 21
14551.40870225485
 97
0
 92
1
 93
14
 72
1
 10
18617.2259557863
 20
15285.72752031444
 11
17245.2259559849
 21
15285.72752030682
 72
1
 10
17245.22595598484
 20
15285.72752030682
 11
17245.22595598496
 21
15233.72752039326
 72
1
 10
17245.22595598496
 20
15233.72752039326
 11
17110.22595598537
 21
15233.72752039326
 72
1
 10
17110.22595598537
 20
15233.72752039326
 11
17110.22595598537
 21
15218.72752039326
 72
1
 10
17110.22595598537
 20
15218.72752039326
 11
17067.22595598537
 21
15203.72752039326
 72
1
 10
17067.22595598537
 20
15203.72752039326
 11
17035.22595598304
 21
15203.72752039326
 72
1
 10
17035.22595598304
 20
15203.72752039326
 11
17035.22595598176
 21
14303.72752039326
 72
1
 10
17035.22595598176
 20
14303.72752039326
 11
17067.22595598537
 21
14303.72752039326
 72
1
 10
17067.22595598537
 20
14303.72752039326
 11
17110.22595598537
 21
14288.72752039326
 72
1
 10
17110.22595598537
 20
14288.72752039326
 11
17110.22595598537
 21
14271.72752039326
 72
1
 10
17110.22595598537
 20
14271.72752039326
 11
17153.22595598164
 21
14271.72752039326
 72
1
 10
17153.22595598164
 20
14271.72752039326
 11
17153.22595598176
 21
14153.72752038441
 72
1
 10
17153.22595598176
 20
14153.72752038441
 11
18617.22595578054
 21
14153.72752038441
 72
1
 10
18617.22595578054
 20
14153.72752038441
 11
18617.2259557863
 21
15285.72752031445
 97
0
 75
0
 76
1
 52
0.0
 41
300.0
 77
0
 78
2
 53
0.0
 43
18617.22595578635
 44
15303.72752031444
 45
0.0
 46
300.0
 79
0
 53
90.0
 43
18617.22595578635
 44
15303.72752031444
 45
-300.0
 46
1.84e-14
 79
0
 47
2.892234967461614
 98
2
 10
17731.67071422568
 20
14988.063505377
 10
17731.67071422568
 20
14988.063505377
1001
ACAD
1010
103651.8526547773
1020
35173.53715615805
1030
0.0
  0
HATCH
  5
7CBA
330
1F
100
AcDbEntity
  8
HAT
100
AcDbHatch
 10
0.0
 20
0.0
 30
0.0
210
0.0
220
0.0
230
1.0
  2
NET
 70
0
 71
0
 91
3
 92
22
 72
0
 73
1
 93
4
 10
17540.88793698128
 20
17027.69661590695
 10
18162.23289132037
 20
17027.69661590695
 10
18162.23289132037
 20
16707.69661590695
 10
17540.88793698128
 20
16707.69661590695
 97
0
 92
24
 93
4
 72
1
 10
17546.89857527916
 20
16706.52640314097
 11
18199.55814974726
 21
16706.52640314097
 72
1
 10
18199.55814974726
 20
16706.52640314097
 11
18199.55814974726
 21
17030.46257335375
 72
1
 10
18199.55814974726
 20
17030.46257335375
 11
17546.89857527916
 21
17030.46257335375
 72
1
 10
17546.89857527916
 20
17030.46257335375
 11
17546.89857527916
 21
16706.52640314097
 97
0
 92
1
 93
14
 72
1
 10
17245.22595598473
 20
16321.72752030536
 11
18617.22595579125
 21
16321.72752029791
 72
1
 10
18617.22595579125
 20
16321.72752029791
 11
18617.22595579794
 21
17653.72752038487
 72
1
 10
18617.22595579788
 20
17653.72752038488
 11
17153.22595598706
 21
17653.72752038488
 72
1
 10
17153.22595598706
 20
17653.72752038488
 11
17153.22595598729
 21
17535.72752039373
 72
1
 10
17153.22595598729
 20
17535.72752039373
 11
17110.22595598537
 21
17535.72752039373
 72
1
 10
17110.22595598537
 20
17535.72752039373
 11
17110.22595598537
 21
17518.72752039373
 72
1
 10
17110.22595598537
 20
17518.72752039373
 11
17067.22595598537
 21
17503.72752039373
 72
1
 10
17067.22595598537
 20
17503.72752039373
 11
17035.2259559863
 21
17503.72752039373
 72
1
 10
17035.2259559863
 20
17503.72752039373
 11
17035.22595598502
 21
16603.72752039373
 72
1
 10
17035.22595598502
 20
16603.72752039373
 11
17067.22595598537
 21
16603.72752039373
 72
1
 10
17067.22595598543
 20
16603.72752039373
 11
17110.22595598537
 21
16588.72752039373
 72
1
 10
17110.22595598537
 20
16588.7275203937
 11
17110.22595598537
 21
16573.72752039373
 72
1
 10
17110.22595598537
 20
16573.72752039373
 11
17245.22595598467
 21
16573.72752039373
 72
1
 10
17245.22595598467
 20
16573.72752039373
 11
17245.22595598473
 21
16321.72752030537
 97
0
 75
0
 76
1
 52
0.0
 41
300.0
 77
0
 78
2
 53
0.0
 43
18617.22595579113
 44
16303.72752029791
 45
0.0
 46
300.0
 79
0
 53
90.0
 43
18617.22595579113
 44
16303.72752029791
 45
-300.0
 46
1.84e-14
 79
0
 47
6.519650277595348
 98
2
 10
17524.64847288473
 20
17259.02898684112
 10
17524.64847288473
 20
17259.02898684112
1001
ACAD
1010
103651.852654782
1020
36173.5371561415
1030
0.0
  0
LINE
  5
7CBB
330
1F
100
AcDbEntity
  8
HAT
100
AcDbLine
 10
17165.22595597891
 20
12103.72752031445
 30
0.0
 11
17884.16678676224
 21
12103.72752031445
 31
0.0
1001
ACAD
1010
103651.8526547773
1020
35173.53715615805
1030
0.0
  0
LINE
  5
7CBC
330
1F
100
AcDbEntity
  8
HAT
100
AcDbLine
 10
17884.16678676224
 20
12103.72752031445
 30
0.0
 11
18560.22595577233
 21
12103.72752031445
 31
0.0
1001
ACAD
1010
103651.8526547773
1020
35173.53715615805
1030
0.0
  0
LINE
  5
7CBD
330
1F
100
AcDbEntity
  8
HAT
100
AcDbLine
 10
17914.30875385646
 20
11903.72752031445
 30
0.0
 11
17958.68127746001
 21
11903.72752031445
 31
0.0
1001
ACAD
1010
103651.8526547773
1020
35173.53715615805
1030
0.0
  0
LINE
  5
7CBE
330
1F
100
AcDbEntity
  8
HAT
100
AcDbLine
 10
17958.68127746001
 20
11903.72752031445
 30
0.0
 11
18560.22595577268
 21
11903.72752031445
 31
0.0
1001
ACAD
1010
103651.8526547773
1020
35173.53715615805
1030
0.0
  0
LINE
  5
7CBF
330
1F
100
AcDbEntity
  8
HAT
100
AcDbLine
 10
17686.94262579112
 20
11703.72752031445
 30
0.0
 11
18128.18892031233
 21
11703.72752031445
 31
0.0
1001
ACAD
1010
103651.8526547773
1020
35173.53715615805
1030
0.0
  0
LINE
  5
7CC0
330
1F
100
AcDbEntity
  8
HAT
100
AcDbLine
 10
18128.18892031233
 20
11703.72752031445
 30
0.0
 11
18560.22595577303
 21
11703.72752031445
 31
0.0
1001
ACAD
1010
103651.8526547773
1020
35173.53715615805
1030
0.0
  0
LINE
  5
7CC1
330
1F
100
AcDbEntity
  8
HAT
100
AcDbLine
 10
17438.91429488745
 20
11503.72752031445
 30
0.0
 11
17841.79199554759
 21
11503.72752031445
 31
0.0
1001
ACAD
1010
103651.8526547773
1020
35173.53715615805
1030
0.0
  0
LINE
  5
7CC2
330
1F
100
AcDbEntity
  8
HAT
100
AcDbLine
 10
17628.37902794534
 20
11303.72752031445
 30
0.0
 11
17841.79199554759
 21
11303.72752031445
 31
0.0
1001
ACAD
1010
103651.8526547773
1020
35173.53715615805
1030
0.0
  0
LINE
  5
7CC3
330
1F
100
AcDbEntity
  8
HAT
100
AcDbLine
 10
17598.59674440376
 20
11103.72752031445
 30
0.0
 11
18605.22595576517
 21
11103.72752031445
 31
0.0
1001
ACAD
1010
103651.8526547773
1020
35173.53715615805
1030
0.0
  0
LINE
  5
7CC4
330
1F
100
AcDbEntity
  8
HAT
100
AcDbLine
 10
17165.22595598874
 20
10903.72752031445
 30
0.0
 11
18605.22595576395
 21
10903.72752031445
 31
0.0
1001
ACAD
1010
103651.8526547773
1020
35173.53715615805
1030
0.0
  0
LINE
  5
7CC5
330
1F
100
AcDbEntity
  8
HAT
100
AcDbLine
 10
17165.22595597681
 20
10703.72752031445
 30
0.0
 11
17910.58320586616
 21
10703.72752031445
 31
0.0
1001
ACAD
1010
103651.8526547773
1020
35173.53715615805
1030
0.0
  0
LINE
  5
7CC6
330
1F
100
AcDbEntity
  8
HAT
100
AcDbLine
 10
18505.22595575999
 20
10703.72752031445
 30
0.0
 11
18605.22595576273
 21
10703.72752031445
 31
0.0
1001
ACAD
1010
103651.8526547773
1020
35173.53715615805
1030
0.0
  0
LINE
  5
7CC7
330
1F
100
AcDbEntity
  8
HAT
100
AcDbLine
 10
17910.58320586616
 20
10703.72752031445
 30
0.0
 11
18475.22595575999
 21
10703.72752031445
 31
0.0
1001
ACAD
1010
103651.8526547773
1020
35173.53715615805
1030
0.0
  0
LINE
  5
7CC8
330
1F
100
AcDbEntity
  8
HAT
100
AcDbLine
 10
17175.22595589782
 20
10503.72752031445
 30
0.0
 11
17974.56598929874
 21
10503.72752031445
 31
0.0
1001
ACAD
1010
103651.8526547773
1020
35173.53715615805
1030
0.0
  0
LINE
  5
7CC9
330
1F
100
AcDbEntity
  8
HAT
100
AcDbLine
 10
18505.22595575987
 20
10503.72752031445
 30
0.0
 11
18605.2259557615
 21
10503.72752031445
 31
0.0
1001
ACAD
1010
103651.8526547773
1020
35173.53715615805
1030
0.0
  0
LINE
  5
7CCA
330
1F
100
AcDbEntity
  8
HAT
100
AcDbLine
 10
17974.56598929874
 20
10503.72752031445
 30
0.0
 11
18433.22595575987
 21
10503.72752031445
 31
0.0
1001
ACAD
1010
103651.8526547773
1020
35173.53715615805
1030
0.0
  0
LINE
  5
7CCB
330
1F
100
AcDbEntity
  8
HAT
100
AcDbLine
 10
17165.22595597617
 20
10303.72752031445
 30
0.0
 11
18145.22595574893
 21
10303.72752031445
 31
0.0
1001
ACAD
1010
103651.8526547773
1020
35173.53715615805
1030
0.0
  0
LINE
  5
7CCC
330
1F
100
AcDbEntity
  8
HAT
100
AcDbLine
 10
18505.22595575981
 20
10303.72752031445
 30
0.0
 11
18605.22595576034
 21
10303.72752031445
 31
0.0
1001
ACAD
1010
103651.8526547773
1020
35173.53715615805
1030
0.0
  0
LINE
  5
7CCD
330
1F
100
AcDbEntity
  8
HAT
100
AcDbLine
 10
18145.22595574899
 20
10303.72752031445
 30
0.0
 11
18451.23637693259
 21
10303.72752031445
 31
0.0
1001
ACAD
1010
103651.8526547773
1020
35173.53715615805
1030
0.0
  0
LINE
  5
7CCE
330
1F
100
AcDbEntity
  8
HAT
100
AcDbLine
 10
17165.22595597588
 20
10103.72752031445
 30
0.0
 11
18335.22595575877
 21
10103.72752031445
 31
0.0
1001
ACAD
1010
103651.8526547773
1020
35173.53715615805
1030
0.0
  0
LINE
  5
7CCF
330
1F
100
AcDbEntity
  8
HAT
100
AcDbLine
 10
18335.22595575877
 20
10103.72752031445
 30
0.0
 11
18605.22595575911
 21
10103.72752031445
 31
0.0
1001
ACAD
1010
103651.8526547773
1020
35173.53715615805
1030
0.0
  0
LINE
  5
7CD0
330
1F
100
AcDbEntity
  8
HAT
100
AcDbLine
 10
17217.22595578636
 20
10083.72752030618
 30
0.0
 11
17217.22595578636
 21
10423.72752029652
 31
0.0
1001
ACAD
1010
103651.8526547773
1020
35173.53715615805
1030
0.0
  0
LINE
  5
7CD1
330
1F
100
AcDbEntity
  8
HAT
100
AcDbLine
 10
17217.22595578636
 20
12082.72829104034
 30
0.0
 11
17217.22595578636
 21
12223.72752030601
 31
0.0
1001
ACAD
1010
103651.8526547773
1020
35173.53715615805
1030
0.0
  0
LINE
  5
7CD2
330
1F
100
AcDbEntity
  8
HAT
100
AcDbLine
 10
17217.22595578636
 20
10443.72752029652
 30
0.0
 11
17217.22595578636
 21
10783.72752030671
 31
0.0
1001
ACAD
1010
103651.8526547773
1020
35173.53715615805
1030
0.0
  0
LINE
  5
7CD3
330
1F
100
AcDbEntity
  8
HAT
100
AcDbLine
 10
17217.22595578636
 20
11511.6656706318
 30
0.0
 11
17217.22595578636
 21
11692.72829104034
 31
0.0
1001
ACAD
1010
103651.8526547773
1020
35173.53715615805
1030
0.0
  0
LINE
  5
7CD4
330
1F
100
AcDbEntity
  8
HAT
100
AcDbLine
 10
17217.22595578636
 20
10813.72752030671
 30
0.0
 11
17217.22595578636
 21
10972.70567056519
 31
0.0
1001
ACAD
1010
103651.8526547773
1020
35173.53715615805
1030
0.0
  0
LINE
  5
7CD5
330
1F
100
AcDbEntity
  8
HAT
100
AcDbLine
 10
17417.22595578636
 20
10083.72752030618
 30
0.0
 11
17417.22595578636
 21
10783.72752030668
 31
0.0
1001
ACAD
1010
103651.8526547773
1020
35173.53715615805
1030
0.0
  0
LINE
  5
7CD6
330
1F
100
AcDbEntity
  8
HAT
100
AcDbLine
 10
17417.22595578636
 20
12081.21474437378
 30
0.0
 11
17417.22595578636
 21
12223.7275203056
 31
0.0
1001
ACAD
1010
103651.8526547773
1020
35173.53715615805
1030
0.0
  0
LINE
  5
7CD7
330
1F
100
AcDbEntity
  8
HAT
100
AcDbLine
 10
17417.22595578636
 20
10813.72752030668
 30
0.0
 11
17417.22595578636
 21
10972.75956119457
 31
0.0
1001
ACAD
1010
103651.8526547773
1020
35173.53715615805
1030
0.0
  0
LINE
  5
7CD8
330
1F
100
AcDbEntity
  8
HAT
100
AcDbLine
 10
17617.22595578636
 20
10083.72752030618
 30
0.0
 11
17617.22595578636
 21
10783.72752030665
 31
0.0
1001
ACAD
1010
103651.8526547773
1020
35173.53715615805
1030
0.0
  0
LINE
  5
7CD9
330
1F
100
AcDbEntity
  8
HAT
100
AcDbLine
 10
17617.22595578636
 20
12075.71093829334
 30
0.0
 11
17617.22595578636
 21
12223.72752030522
 31
0.0
1001
ACAD
1010
103651.8526547773
1020
35173.53715615805
1030
0.0
  0
LINE
  5
7CDA
330
1F
100
AcDbEntity
  8
HAT
100
AcDbLine
 10
17617.22595578636
 20
10813.72752030665
 30
0.0
 11
17617.22595578636
 21
11143.41320413962
 31
0.0
1001
ACAD
1010
103651.8526547773
1020
35173.53715615805
1030
0.0
  0
LINE
  5
7CDB
330
1F
100
AcDbEntity
  8
HAT
100
AcDbLine
 10
17817.22595578636
 20
10083.72752030618
 30
0.0
 11
17817.22595578636
 21
10783.72752030665
 31
0.0
1001
ACAD
1010
103651.8526547773
1020
35173.53715615805
1030
0.0
  0
LINE
  5
7CDC
330
1F
100
AcDbEntity
  8
HAT
100
AcDbLine
 10
17817.22595578636
 20
12032.5874501109
 30
0.0
 11
17817.22595578636
 21
12223.72752030482
 31
0.0
1001
ACAD
1010
103651.8526547773
1020
35173.53715615805
1030
0.0
  0
LINE
  5
7CDD
330
1F
100
AcDbEntity
  8
HAT
100
AcDbLine
 10
17817.22595578636
 20
10813.72752030665
 30
0.0
 11
17817.22595578636
 21
11742.86913196975
 31
0.0
1001
ACAD
1010
103651.8526547773
1020
35173.53715615805
1030
0.0
  0
LINE
  5
7CDE
330
1F
100
AcDbEntity
  8
HAT
100
AcDbLine
 10
18017.22595578636
 20
10083.72752030618
 30
0.0
 11
18017.22595578636
 21
10434.64873260096
 31
0.0
1001
ACAD
1010
103651.8526547773
1020
35173.53715615805
1030
0.0
  0
LINE
  5
7CDF
330
1F
100
AcDbEntity
  8
HAT
100
AcDbLine
 10
18017.22595578636
 20
11815.99168670102
 30
0.0
 11
18017.22595578636
 21
12284.72752030825
 31
0.0
1001
ACAD
1010
103651.8526547773
1020
35173.53715615805
1030
0.0
  0
LINE
  5
7CE0
330
1F
100
AcDbEntity
  8
HAT
100
AcDbLine
 10
18017.22595578636
 20
10434.64873260099
 30
0.0
 11
18017.22595578636
 21
11209.17139985988
 31
0.0
1001
ACAD
1010
103651.8526547773
1020
35173.53715615805
1030
0.0
  0
LINE
  5
7CE1
330
1F
100
AcDbEntity
  8
HAT
100
AcDbLine
 10
18217.22595578636
 20
10083.72752030618
 30
0.0
 11
18217.22595578636
 21
10257.36642750469
 31
0.0
1001
ACAD
1010
103651.8526547773
1020
35173.53715615805
1030
0.0
  0
LINE
  5
7CE2
330
1F
100
AcDbEntity
  8
HAT
100
AcDbLine
 10
18217.22595578636
 20
11643.01974516894
 30
0.0
 11
18217.22595578636
 21
12284.72752030752
 31
0.0
1001
ACAD
1010
103651.8526547773
1020
35173.53715615805
1030
0.0
  0
LINE
  5
7CE3
330
1F
100
AcDbEntity
  8
HAT
100
AcDbLine
 10
18217.22595578636
 20
10257.36642750469
 30
0.0
 11
18217.22595578636
 21
11209.17139985988
 31
0.0
1001
ACAD
1010
103651.8526547773
1020
35173.53715615805
1030
0.0
  0
LINE
  5
7CE4
330
1F
100
AcDbEntity
  8
HAT
100
AcDbLine
 10
18417.22595578636
 20
10083.72752030618
 30
0.0
 11
18417.22595578636
 21
10190.21593659054
 31
0.0
1001
ACAD
1010
103651.8526547773
1020
35173.53715615805
1030
0.0
  0
LINE
  5
7CE5
330
1F
100
AcDbEntity
  8
HAT
100
AcDbLine
 10
18417.22595578636
 20
11566.70826131865
 30
0.0
 11
18417.22595578636
 21
12284.7275203068
 31
0.0
1001
ACAD
1010
103651.8526547773
1020
35173.53715615805
1030
0.0
  0
LINE
  5
7CE6
330
1F
100
AcDbEntity
  8
HAT
100
AcDbLine
 10
18417.22595578636
 20
10190.21593659054
 30
0.0
 11
18417.22595578636
 21
11566.70826131865
 31
0.0
1001
ACAD
1010
103651.8526547773
1020
35173.53715615805
1030
0.0
  0
LINE
  5
7CE7
330
1F
100
AcDbEntity
  8
HAT
100
AcDbLine
 10
18217.22595578636
 20
11529.17139985988
 30
0.0
 11
18217.22595578636
 21
11643.01974516894
 31
0.0
1001
ACAD
1010
103651.8526547773
1020
35173.53715615805
1030
0.0
  0
LINE
  5
7CE8
330
1F
100
AcDbEntity
  8
HAT
100
AcDbLine
 10
18017.22595578636
 20
11529.17139985988
 30
0.0
 11
18017.22595578636
 21
11815.99168670102
 31
0.0
1001
ACAD
1010
103651.8526547773
1020
35173.53715615805
1030
0.0
  0
LINE
  5
7CE9
330
1F
100
AcDbEntity
  8
HAT
100
AcDbLine
 10
18227.63798283029
 20
11303.72752031445
 30
0.0
 11
18605.22595576639
 21
11303.72752031445
 31
0.0
1001
ACAD
1010
103651.8526547773
1020
35173.53715615805
1030
0.0
  0
LINE
  5
7CEA
330
1F
100
AcDbEntity
  8
HAT
100
AcDbLine
 10
18227.63798283029
 20
11503.72752031445
 30
0.0
 11
18605.22595576755
 21
11503.72752031445
 31
0.0
1001
ACAD
1010
103651.8526547773
1020
35173.53715615805
1030
0.0
  0
LINE
  5
7CEB
330
1F
100
AcDbEntity
  8
HAT
100
AcDbLine
 10
17417.22595578636
 20
11511.6656706318
 30
0.0
 11
17417.22595578636
 21
11694.24183770688
 31
0.0
1001
ACAD
1010
103651.8526547773
1020
35173.53715615805
1030
0.0
  0
LINE
  5
7CEC
330
1F
100
AcDbEntity
  8
HAT
100
AcDbLine
 10
17617.22595578636
 20
11340.95813681677
 30
0.0
 11
17617.22595578636
 21
11699.74564378732
 31
0.0
1001
ACAD
1010
103651.8526547773
1020
35173.53715615805
1030
0.0
  0
HATCH
  5
7CED
330
1F
100
AcDbEntity
  8
HAT
100
AcDbHatch
 10
0.0
 20
0.0
 30
0.0
210
0.0
220
0.0
230
1.0
  2
NET
 70
0
 71
0
 91
5
 92
7
 72
0
 73
1
 93
16
 10
13967.22595580388
 20
21135.72752038362
 10
13760.22595580888
 20
21135.72752038445
 10
13760.22595580888
 20
21153.72752038445
 10
13760.22595580894
 20
21253.72752030619
 10
13750.22595580813
 20
21253.72752030619
 10
13750.22595580818
 20
21153.72752030697
 10
13700.22595580818
 20
21153.72752030697
 10
12420.22595580795
 20
21153.72752030697
 10
12370.22595580789
 20
21153.72752030697
 10
12370.22595580789
 20
21253.72752030619
 10
12360.2259558083
 20
21253.72752030619
 10
12360.22595580772
 20
21153.72752039021
 10
12360.22595580749
 20
21135.72752039021
 10
12153.22595580632
 20
21135.72752039222
 10
12153.22595579759
 20
19571.72752039466
 10
13967.22595580498
 20
19571.72752039466
 97
0
 92
22
 72
0
 73
1
 93
4
 10
13606.10287756083
 20
20450.3535927741
 10
13606.10287756071
 20
20130.3535927741
 10
12460.48209562269
 20
20130.3535927741
 10
12460.48209562269
 20
20450.3535927741
 97
0
 92
6
 72
0
 73
1
 93
4
 10
13606.10287756077
 20
20450.3535927741
 10
13606.10287756077
 20
20130.3535927741
 10
12460.48209562269
 20
20130.3535927741
 10
12460.48209562269
 20
20450.3535927741
 97
0
 92
24
 93
4
 72
1
 10
12464.89698923973
 20
20121.20465660386
 11
13665.42890413332
 21
20121.20465660386
 72
1
 10
13665.42890413332
 20
20121.20465660386
 11
13665.42890413332
 21
20454.71529490175
 72
1
 10
13665.42890413332
 20
20454.71529490175
 11
12464.89698923973
 21
20454.71529490175
 72
1
 10
12464.89698923973
 20
20454.71529490175
 11
12464.89698923973
 21
20121.20465660386
 97
0
 92
24
 93
4
 72
1
 10
12464.89698923973
 20
20121.20465660389
 11
13665.42890413332
 21
20121.20465660389
 72
1
 10
13665.42890413332
 20
20121.20465660389
 11
13665.42890413332
 21
20454.71529490176
 72
1
 10
13665.42890413332
 20
20454.71529490176
 11
12464.89698923973
 21
20454.71529490176
 72
1
 10
12464.89698923973
 20
20454.71529490176
 11
12464.89698923973
 21
20121.20465660389
 97
0
 75
0
 76
1
 52
0.0
 41
200.0
 77
0
 78
2
 53
0.0
 43
-338605.7970216305
 44
66452.4612411184
 45
0.0
 46
200.0
 79
0
 53
90.0
 43
-338605.7970216305
 44
66452.4612411184
 45
-200.0
 46
1.22e-14
 79
0
 47
6.597436420056923
 98
4
 10
13073.39489882847
 20
20704.45462902542
 10
13073.39489882847
 20
20704.45462902542
 10
12864.62947952369
 20
20885.87475022438
 10
12864.62947952369
 20
20885.87475022438
1001
ACAD
1010
103651.8526547773
1020
35173.53715615805
1030
0.0
  0
LWPOLYLINE
  5
7CEE
330
1F
100
AcDbEntity
  8
COL
100
AcDbPolyline
 90
24
 70
1
 10
13985.22595580492
 20
19553.72752039466
 10
12135.22595579747
 20
19553.72752039466
 10
12135.22595580632
 20
21153.72752039233
 10
12360.22595580772
 20
21153.72752039021
 10
12360.22595580888
 20
21353.72752038881
 10
11935.22595580679
 20
21353.7275203928
 10
11935.22595573828
 20
17403.72752035031
 10
12135.2259557381
 20
17403.72752034926
 10
12135.2259557388
 20
17553.72752039373
 10
12635.22595579747
 20
17553.72752039373
 10
12635.22595579817
 20
17753.72752039373
 10
12135.2259557395
 20
17753.72752039373
 10
12135.22595574788
 20
19353.72890911862
 10
13985.22595580446
 20
19353.72752039513
 10
13985.22595580353
 20
17753.72752039373
 10
13435.22595580493
 20
17753.72752039373
 10
13435.22595580493
 20
17553.72752039373
 10
17135.22595598723
 20
17553.72752039373
 10
17135.22595598607
 20
17853.72752039373
 10
16935.22595598607
 20
17853.72752039373
 10
16935.22595598653
 20
17753.72752039373
 10
14185.22595580353
 20
17753.72752039373
 10
14185.22595580539
 20
19653.72752038162
 10
13985.22595580492
 20
19653.72752038116
  0
LWPOLYLINE
  5
7CEF
330
1F
100
AcDbEntity
  8
WAL
100
AcDbPolyline
 90
5
 70
0
 10
12260.22595580888
 20
21353.72752039207
 10
12260.22595580888
 20
21443.72752038976
 10
11845.22595580765
 20
21443.72752039326
 10
11845.22595574001
 20
17503.72752013666
 10
11935.22595573857
 20
17503.72752013639
  0
LWPOLYLINE
  5
7CF0
330
1F
100
AcDbEntity
  8
CEN
100
AcDbPolyline
 90
2
 70
0
 10
12035.22595583589
 20
25118.52161431039
 10
12035.22595573438
 20
5302.530932215101
  0
LINE
  5
7CF1
330
1F
100
AcDbEntity
  8
CEN
100
AcDbLine
 10
13462.96108404628
 20
16153.72752030664
 30
0.0
 11
8185.229058673256
 21
16153.72752030664
 31
0.0
  0
LINE
  5
7CF2
330
1F
100
AcDbEntity
  8
CEN
100
AcDbLine
 10
16435.05622828647
 20
15803.72752030618
 30
0.0
 11
23074.50838308234
 21
15803.72752030618
 31
0.0
  0
LINE
  5
7CF3
330
1F
100
AcDbEntity
  8
CEN
100
AcDbLine
 10
25335.22595585004
 20
17072.27925688077
 30
0.0
 11
25335.22595588386
 21
5302.5309322924
 31
0.0
  0
LINE
  5
7CF4
330
1F
100
AcDbEntity
  8
CEN
100
AcDbLine
 10
22635.2259557863
 20
25118.52161428199
 30
0.0
 11
22635.22595589573
 21
5302.530932141526
 31
0.0
  0
LWPOLYLINE
  5
7CF5
330
1F
100
AcDbEntity
  8
CEN
100
AcDbPolyline
 90
2
 70
0
 10
15435.2259558005
 20
18172.19110866688
 10
15435.22595573414
 20
5302.530932212306
  0
LWPOLYLINE
  5
7CF6
330
1F
100
AcDbEntity
  8
CEN
100
AcDbPolyline
 90
2
 70
0
 10
18735.22595583612
 20
25118.52161422331
 10
18735.22595573461
 20
5302.5309320917
  0
INSERT
  5
7CF7
330
1F
100
AcDbEntity
  8
0
100
AcDbBlockReference
  2
A$C641937F6
 10
3180.715481853695
 20
24227.85974580987
 30
0.0
 41
49.99999999993979
 42
50.0
 43
50.0
 50
23.94946729215702
  0
LWPOLYLINE
  5
7CF8
330
1F
100
AcDbEntity
  8
0
100
AcDbPolyline
 90
4
 70
1
 10
37499.99958225771
 20
28399.99983746425
 10
1599.999582257704
 20
28399.99983746425
 10
1599.999582257704
 20
1299.999837464245
 10
37499.99958225771
 20
1299.999837464245
  0
LWPOLYLINE
  5
7CF9
330
1F
100
AcDbEntity
  8
CEN
100
AcDbPolyline
 90
2
 70
0
 10
17035.22595599701
 20
25118.52161424147
 10
17035.22595596907
 20
5302.530932206253
  0
LINE
  5
7CFA
330
1F
100
AcDbEntity
  8
CEN
100
AcDbLine
 10
23099.84530074138
 20
19753.72752030619
 30
0.0
 11
13593.83289638761
 21
19753.72752030619
 31
0.0
  0
CIRCLE
  5
7CFB
330
1F
100
AcDbEntity
  8
RXSYMBOL
 62
2
100
AcDbCircle
 10
16736.09882473829
 20
2361.250253769627
 30
0.0
 40
540.0
  0
LINE
  5
7CFC
330
1F
100
AcDbEntity
  8
RXSYMBOL
 62
2
100
AcDbLine
 10
15656.09882473829
 20
2361.250253769627
 30
0.0
 11
21964.28516027169
 21
2361.250253769627
 31
0.0
  0
LINE
  5
7CFD
330
1F
100
AcDbEntity
  8
RXSYMBOL
 62
2
100
AcDbLine
 10
16736.09882473829
 20
2361.250253769627
 30
0.0
 11
16736.09882473829
 21
1420.768430880329
 31
0.0
  0
TEXT
  5
7CFE
330
1F
100
AcDbEntity
  8
RXDWGTITLE
 62
3
100
AcDbText
 10
17816.09882473806
 20
2481.250253769628
 30
0.0
 40
420.0
  1
2 층 평 면 도
  7
굴림체
100
AcDbText
  0
TEXT
  5
7CFF
330
1F
100
AcDbEntity
  8
RXSBTXT
 62
3
100
AcDbText
 10
16644.18393112127
 20
2481.250253769628
 30
0.0
 40
270.0
  1
1
  7
굴림체
 72
1
 11
16736.09882473829
 21
2481.250253769628
 31
0.0
100
AcDbText
  0
TEXT
  5
7D00
330
1F
100
AcDbEntity
  8
RXSBTXT
 62
3
100
AcDbText
 10
16493.54563324893
 20
2061.250253769627
 30
0.0
 40
180.0
  1
A
  7
굴림체
 72
2
 11
16616.09882473829
 21
2241.250253769627
 31
0.0
100
AcDbText
 73
3
  0
TEXT
  5
7D01
330
1F
100
AcDbEntity
  8
RXSBTXT
 62
3
100
AcDbText
 10
20171.1544559116
 20
2076.555545492622
 30
0.0
 40
180.0
  1
축척 : 1/100 
  7
굴림체
100
AcDbText
  0
INSERT
  5
7D02
102
{ACAD_XDICTIONARY
360
7D03
102
}
330
1F
100
AcDbEntity
  8
0
100
AcDbBlockReference
  2
A$C4838202B
 10
-0.000435805064626
 20
-0.0001440671621822
 30
0.0
 41
50.0
 42
50.0
 43
50.0
  0
TEXT
  5
7D04
330
1F
100
AcDbEntity
  8
TEXT
100
AcDbText
 10
38527.0260339197
 20
3049.999837464711
 30
0.0
 40
200.0
  1
2019. 07.  .
  7
굴림체
 72
2
 11
40161.06858711119
 21
3149.999837464712
 31
0.0
100
AcDbText
 73
2
  0
TEXT
  5
7D05
330
1F
100
AcDbEntity
  8
TEXT
100
AcDbText
 10
38114.89319927921
 20
5873.769993808179
 30
0.0
 40
200.0
  1
2 층 평 면 도
  7
굴림체
 72
1
 11
38999.99958225794
 21
5973.769993808179
 31
0.0
100
AcDbText
 73
2
  0
TEXT
  5
7D06
330
1F
100
AcDbEntity
  8
TEXT
100
AcDbText
 10
38886.31426440543
 20
3737.28306911845
 30
0.0
 40
200.0
  1
1/100
  7
굴림체
 72
1
 11
39226.73979632033
 21
3837.28306911845
 31
0.0
100
AcDbText
 73
2
  0
TEXT
  5
7D07
330
1F
100
AcDbEntity
  8
TEXT
100
AcDbText
 10
15563.6866491356
 20
11506.22015768551
 30
0.0
 40
200.0
  1
방2
  7
굴림체
 11
15563.6866491356
 21
11606.22015768551
 31
0.0
100
AcDbText
 73
2
  0
TEXT
  5
7D08
330
1F
100
AcDbEntity
  8
TEXT
100
AcDbText
 10
17600.88793698128
 20
16767.69661590696
 30
0.0
 40
200.0
  1
현관
  7
굴림체
 11
17600.88793698128
 21
16867.69661590695
 31
0.0
100
AcDbText
 73
2
  0
TEXT
  5
7D09
330
1F
100
AcDbEntity
  8
TEXT
100
AcDbText
 10
15348.69852764008
 20
19049.86893375611
 30
0.0
 40
200.0
  1
방1
  7
굴림체
 11
15348.69852764008
 21
19149.86893375611
 31
0.0
100
AcDbText
 73
2
  0
TEXT
  5
7D0A
330
1F
100
AcDbEntity
  8
TEXT
100
AcDbText
 10
20257.31030857854
 20
16973.92447891977
 30
0.0
 40
200.0
  1
주방
  7
굴림체
 11
20257.31030857854
 21
17073.92447891977
 31
0.0
100
AcDbText
 73
2
  0
TEXT
  5
7D0B
330
1F
100
AcDbEntity
  8
TEXT
100
AcDbText
 10
24155.73732699698
 20
18498.43390697945
 30
0.0
 40
200.0
  1
안방
  7
굴림체
 11
24155.73732699698
 21
18598.43390697945
 31
0.0
100
AcDbText
 73
2
  0
TEXT
  5
7D0C
330
1F
100
AcDbEntity
  8
TEXT
100
AcDbText
 10
23752.90888625069
 20
11550.71653704397
 30
0.0
 40
200.0
  1
안방
  7
굴림체
 11
23752.90888625069
 21
11650.71653704397
 31
0.0
100
AcDbText
 73
2
  0
TEXT
  5
7D0D
330
1F
100
AcDbEntity
  8
TEXT
100
AcDbText
 10
24212.09766794962
 20
14903.01613418437
 30
0.0
 40
200.0
  1
방1
  7
굴림체
 11
24212.09766794962
 21
15003.01613418437
 31
0.0
100
AcDbText
 73
2
  0
TEXT
  5
7D0E
330
1F
100
AcDbEntity
  8
TEXT
100
AcDbText
 10
20257.31030857877
 20
14462.81518547662
 30
0.0
 40
200.0
  1
주방
  7
굴림체
 11
20257.31030857877
 21
14562.81518547662
 31
0.0
100
AcDbText
 73
2
  0
TEXT
  5
7D0F
330
1F
100
AcDbEntity
  8
TEXT
100
AcDbText
 10
20444.02200294042
 20
11811.14489968872
 30
0.0
 40
200.0
  1
거실
  7
굴림체
 11
20444.02200294042
 21
11911.14489968872
 31
0.0
100
AcDbText
 73
2
  0
TEXT
  5
7D10
330
1F
100
AcDbEntity
  8
TEXT
100
AcDbText
 10
20257.31030857877
 20
19162.97678822285
 30
0.0
 40
200.0
  1
거실
  7
굴림체
 11
20257.31030857877
 21
19262.97678822285
 31
0.0
100
AcDbText
 73
2
  0
LWPOLYLINE
  5
7D11
330
1F
100
AcDbEntity
  8
ETC
 62
6
100
AcDbPolyline
 90
4
 70
1
 10
20197.31030857877
 20
19102.97678822285
 10
20197.31030857877
 20
19422.97678822285
 10
20800.83769693167
 20
19422.97678822285
 10
20800.83769693167
 20
19102.97678822285
  0
LWPOLYLINE
  5
7D12
330
1F
100
AcDbEntity
  8
ETC
 62
6
100
AcDbPolyline
 90
4
 70
1
 10
20384.02200294042
 20
11751.14489968872
 10
20384.02200294042
 20
12071.14489968872
 10
20987.54939129332
 20
12071.14489968872
 10
20987.54939129332
 20
11751.14489968872
  0
LWPOLYLINE
  5
7D13
330
1F
100
AcDbEntity
  8
ETC
 62
6
100
AcDbPolyline
 90
4
 70
1
 10
20197.31030857877
 20
14402.81518547662
 10
20197.31030857877
 20
14722.81518547662
 10
20824.02039033047
 20
14722.81518547662
 10
20824.02039033047
 20
14402.81518547662
  0
LWPOLYLINE
  5
7D14
330
1F
100
AcDbEntity
  8
ETC
 62
6
100
AcDbPolyline
 90
4
 70
1
 10
24152.09766794963
 20
14843.01613418438
 10
24152.09766794963
 20
15163.01613418437
 10
24615.72703996918
 20
15163.01613418437
 10
24615.72703996918
 20
14843.01613418438
  0
LWPOLYLINE
  5
7D15
330
1F
100
AcDbEntity
  8
ETC
 62
6
100
AcDbPolyline
 90
4
 70
1
 10
23692.90888625069
 20
11490.71653704397
 10
23692.90888625069
 20
11810.71653704397
 10
24311.01218101883
 20
11810.71653704397
 10
24311.01218101883
 20
11490.71653704397
  0
LWPOLYLINE
  5
7D16
330
1F
100
AcDbEntity
  8
ETC
 62
6
100
AcDbPolyline
 90
4
 70
1
 10
24095.73732699698
 20
18438.43390697945
 10
24095.73732699698
 20
18758.43390697945
 10
24713.84062176512
 20
18758.43390697945
 10
24713.84062176512
 20
18438.43390697945
  0
LWPOLYLINE
  5
7D17
330
1F
100
AcDbEntity
  8
ETC
 62
6
100
AcDbPolyline
 90
4
 70
1
 10
20197.31030857854
 20
16913.92447891977
 10
20197.31030857854
 20
17233.92447891977
 10
20824.02039033023
 20
17233.92447891977
 10
20824.02039033023
 20
16913.92447891977
  0
LWPOLYLINE
  5
7D18
330
1F
100
AcDbEntity
  8
ETC
 62
6
100
AcDbPolyline
 90
4
 70
1
 10
15288.69852764008
 20
18989.86893375611
 10
15288.69852764008
 20
19309.86893375611
 10
15752.32789965963
 20
19309.86893375611
 10
15752.32789965963
 20
18989.86893375611
  0
LWPOLYLINE
  5
7D19
330
1F
100
AcDbEntity
  8
ETC
 62
6
100
AcDbPolyline
 90
4
 70
1
 10
17540.88793698128
 20
16707.69661590695
 10
17540.88793698128
 20
17027.69661590695
 10
18162.23289132037
 20
17027.69661590695
 10
18162.23289132037
 20
16707.69661590695
  0
LWPOLYLINE
  5
7D1A
330
1F
100
AcDbEntity
  8
ETC
 62
6
100
AcDbPolyline
 90
4
 70
1
 10
15503.6866491356
 20
11446.22015768551
 10
15503.6866491356
 20
11766.22015768551
 10
15967.31602115516
 20
11766.22015768551
 10
15967.31602115516
 20
11446.22015768551
  0
TEXT
  5
7D1B
330
1F
100
AcDbEntity
  8
TEXT
100
AcDbText
 10
19904.32122236807
 20
20474.96202715632
 30
0.0
 40
200.0
  1
확장형발코니
  7
굴림체
 72
1
 11
20721.34249896381
 21
20574.96202715632
 31
0.0
100
AcDbText
 73
2
  0
LINE
  5
7D1C
330
1F
100
AcDbEntity
  8
HID
100
AcDbLine
 10
22417.22595583671
 20
16571.72752030619
 30
0.0
 11
22417.22595583671
 21
15921.72752030618
 31
0.0
  0
LINE
  5
7D1D
330
1F
100
AcDbEntity
  8
HID
100
AcDbLine
 10
21817.22595583671
 20
16571.72752030619
 30
0.0
 11
21817.22595583671
 21
15921.72752030618
 31
0.0
  0
LINE
  5
7D1E
330
1F
100
AcDbEntity
  8
HID
100
AcDbLine
 10
21317.22595583671
 20
15921.72752030618
 30
0.0
 11
21317.22595583671
 21
16571.72752030619
 31
0.0
  0
LINE
  5
7D1F
330
1F
100
AcDbEntity
  8
HID
100
AcDbLine
 10
20567.22595583671
 20
15921.72752030618
 30
0.0
 11
20567.22595583671
 21
16571.72752030619
 31
0.0
  0
INSERT
  5
7D20
330
1F
100
AcDbEntity
  8
HID
100
AcDbBlockReference
  2
A$C50B84BD0
 10
19815.22590910701
 20
16751.72748382954
 30
0.0
 50
180.0
  0
LWPOLYLINE
  5
7D21
330
1F
100
AcDbEntity
  8
FUR
100
AcDbPolyline
 90
4
 70
1
 10
22517.22595583671
 20
16571.72752030619
 10
22517.22595583671
 20
15921.72752030618
 10
19844.11131330905
 20
15921.72752030618
 10
19844.11131330905
 20
16571.72752030619
  0
LWPOLYLINE
  5
7D22
330
1F
100
AcDbEntity
  8
FUR
100
AcDbPolyline
 90
2
 70
0
 10
22517.22595583671
 20
15971.72752030618
 10
19844.11131330905
 20
15971.72752030618
  0
LWPOLYLINE
  5
7D23
330
1F
100
AcDbEntity
  8
HID
100
AcDbPolyline
 90
2
 70
0
 10
22517.22595583671
 20
16251.72752030618
 10
19844.11131330905
 20
16251.72752030618
  0
INSERT
  5
7D24
330
1F
100
AcDbEntity
  8
FUR
100
AcDbBlockReference
  2
A$C4B5353AF
 10
21307.22600628808
 20
16541.7275016653
 30
0.0
 50
180.0
  0
INSERT
  5
7D25
330
1F
100
AcDbEntity
  8
FUR
100
AcDbBlockReference
  2
A$C4DDB60C8
 10
22407.22590229241
 20
16531.72755333182
 30
0.0
 50
180.0
  0
LWPOLYLINE
  5
7D26
330
1F
100
AcDbEntity
  8
HID
100
AcDbPolyline
 90
4
 70
0
 10
22417.22595583671
 20
15921.72752030618
 10
22417.22595583671
 20
16421.72752030619
 10
21817.22595583671
 20
16421.72752030619
 10
21817.22595583671
 20
15921.72752030618
  0
LWPOLYLINE
  5
7D27
330
1F
100
AcDbEntity
  8
HID
100
AcDbPolyline
 90
4
 70
1
 10
22417.22595583671
 20
16691.72752030618
 10
21817.22595583671
 20
16691.72752030618
 10
21817.22595583671
 20
16671.72752030618
 10
22417.22595583671
 20
16671.72752030618
  0
LINE
  5
7D28
330
1F
100
AcDbEntity
  8
HID
100
AcDbLine
 10
21837.22595583671
 20
16571.72752030619
 30
0.0
 11
21837.22595583671
 21
16671.72752030618
 31
0.0
  0
LINE
  5
7D29
330
1F
100
AcDbEntity
  8
HID
100
AcDbLine
 10
22397.22595583671
 20
16571.72752030619
 30
0.0
 11
22397.22595583671
 21
16671.72752030618
 31
0.0
  0
LINE
  5
7D2A
330
1F
100
AcDbEntity
  8
HID
100
AcDbLine
 10
22417.22595583717
 20
15035.72752030618
 30
0.0
 11
22417.22595583717
 21
15685.72752030618
 31
0.0
  0
LINE
  5
7D2B
330
1F
100
AcDbEntity
  8
HID
100
AcDbLine
 10
21817.22595583718
 20
15035.72752030618
 30
0.0
 11
21817.22595583718
 21
15685.72752030618
 31
0.0
  0
LINE
  5
7D2C
330
1F
100
AcDbEntity
  8
HID
100
AcDbLine
 10
21317.22595583717
 20
15685.72752030618
 30
0.0
 11
21317.22595583717
 21
15035.72752030618
 31
0.0
  0
LINE
  5
7D2D
330
1F
100
AcDbEntity
  8
HID
100
AcDbLine
 10
20567.22595583718
 20
15685.72752030618
 30
0.0
 11
20567.22595583718
 21
15035.72752030618
 31
0.0
  0
INSERT
  5
7D2E
330
1F
100
AcDbEntity
  8
HID
100
AcDbBlockReference
  2
A$C50B84BD0
 10
19815.22590910701
 20
14855.72755678295
 30
0.0
 41
-1.0
  0
LWPOLYLINE
  5
7D2F
330
1F
100
AcDbEntity
  8
FUR
100
AcDbPolyline
 90
4
 70
1
 10
22517.22595583717
 20
15035.72752030618
 10
22517.22595583717
 20
15685.72752030618
 10
19844.11131330952
 20
15685.72752030618
 10
19844.11131330952
 20
15035.72752030618
  0
LWPOLYLINE
  5
7D30
330
1F
100
AcDbEntity
  8
FUR
100
AcDbPolyline
 90
2
 70
0
 10
22517.22595583717
 20
15635.72752030618
 10
19844.11131330952
 20
15635.72752030618
  0
LWPOLYLINE
  5
7D31
330
1F
100
AcDbEntity
  8
HID
100
AcDbPolyline
 90
2
 70
0
 10
22517.22595583717
 20
15355.72752030618
 10
19844.11131330952
 20
15355.72752030618
  0
INSERT
  5
7D32
330
1F
100
AcDbEntity
  8
FUR
100
AcDbBlockReference
  2
A$C4B5353AF
 10
21307.22600628855
 20
15065.72753894706
 30
0.0
 41
-1.0
  0
INSERT
  5
7D33
330
1F
100
AcDbEntity
  8
FUR
100
AcDbBlockReference
  2
A$C4DDB60C8
 10
22407.22590229288
 20
15075.72748728055
 30
0.0
 41
-1.0
  0
LWPOLYLINE
  5
7D34
330
1F
100
AcDbEntity
  8
HID
100
AcDbPolyline
 90
4
 70
0
 10
22417.22595583717
 20
15685.72752030618
 10
22417.22595583717
 20
15185.72752030618
 10
21817.22595583718
 20
15185.72752030618
 10
21817.22595583718
 20
15685.72752030618
  0
LWPOLYLINE
  5
7D35
330
1F
100
AcDbEntity
  8
HID
100
AcDbPolyline
 90
4
 70
1
 10
22417.22595583717
 20
14915.72752030618
 10
21817.22595583718
 20
14915.72752030618
 10
21817.22595583718
 20
14935.72752030618
 10
22417.22595583717
 20
14935.72752030618
  0
LINE
  5
7D36
330
1F
100
AcDbEntity
  8
HID
100
AcDbLine
 10
21837.22595583717
 20
15035.72752030618
 30
0.0
 11
21837.22595583717
 21
14935.72752030618
 31
0.0
  0
LINE
  5
7D37
330
1F
100
AcDbEntity
  8
HID
100
AcDbLine
 10
22397.22595583717
 20
15035.72752030618
 30
0.0
 11
22397.22595583717
 21
14935.72752030618
 31
0.0
  0
LINE
  5
7D38
330
1F
100
AcDbEntity
  8
CEN
100
AcDbLine
 10
19329.59349063656
 20
17653.72752039373
 30
0.0
 11
8185.229058673723
 21
17653.72752039373
 31
0.0
  0
LINE
  5
7D39
330
1F
100
AcDbEntity
  8
CEN
100
AcDbLine
 10
14523.06941341131
 20
19453.72752039466
 30
0.0
 11
8185.229011986288
 21
19453.72752039466
 31
0.0
  0
LINE
  5
7D3A
330
1F
100
AcDbEntity
  8
CEN
100
AcDbLine
 10
8185.229058665106
 20
12753.72752030619
 30
0.0
 11
15936.34664886113
 21
12753.72752030619
 31
0.0
  0
LINE
  5
7D3B
330
1F
100
AcDbEntity
  8
CEN
100
AcDbLine
 10
8185.229058664642
 20
21253.72752030619
 30
0.0
 11
31357.57887904986
 21
21253.72752030619
 31
0.0
  0
LINE
  5
7D3C
330
1F
100
AcDbEntity
  8
CEN
100
AcDbLine
 10
16564.51245864771
 20
19003.72752030572
 30
0.0
 11
19329.59349063679
 21
19003.72752030619
 31
0.0
  0
LINE
  5
7D3D
330
1F
100
AcDbEntity
  8
CEN
100
AcDbLine
 10
26835.22595578607
 20
25118.52161430666
 30
0.0
 11
26835.2259558955
 21
5302.530932166206
 31
0.0
  0
TEXT
  5
7D3E
330
1F
100
AcDbEntity
  8
TEXT
100
AcDbText
 10
17598.66456042125
 20
14612.57891502083
 30
0.0
 40
200.0
  1
현관
  7
굴림체
 11
17598.66456042125
 21
14712.57891502083
 31
0.0
100
AcDbText
 73
2
  0
LWPOLYLINE
  5
7D3F
330
1F
100
AcDbEntity
  8
ETC
 62
6
100
AcDbPolyline
 90
4
 70
1
 10
17538.66456042125
 20
14874.17465970191
 10
17538.66456042125
 20
14554.17465970191
 10
18160.00951476034
 20
14554.17465970191
 10
18160.00951476034
 20
14874.17465970191
  0
LWPOLYLINE
  5
7D40
330
1F
100
AcDbEntity
  8
CEN
100
AcDbPolyline
 90
2
 70
0
 10
12035.22595583612
 20
25118.52161431039
 10
12035.22595573461
 20
5302.530932215101
  0
LWPOLYLINE
  5
7D41
330
1F
100
AcDbEntity
  8
CEN
100
AcDbPolyline
 90
2
 70
0
 10
12635.22595579247
 20
16591.80550953088
 10
12635.22595573461
 20
5302.530932211841
  0
TEXT
  5
7D42
330
1F
100
AcDbEntity
  8
TEXT
100
AcDbText
 10
17901.79199554759
 20
11269.17139985988
 30
0.0
 40
200.0
  1
WC
  7
굴림체
 11
17901.79199554759
 21
11369.17139985988
 31
0.0
100
AcDbText
 73
2
  0
LWPOLYLINE
  5
7D43
330
1F
100
AcDbEntity
  8
ETC
 62
6
100
AcDbPolyline
 90
4
 70
1
 10
17841.79199554759
 20
11209.17139985988
 10
17841.79199554759
 20
11529.17139985988
 10
18227.63798283029
 20
11529.17139985988
 10
18227.63798283029
 20
11209.17139985988
  0
LINE
  5
7D44
330
1F
100
AcDbEntity
  8
0
100
AcDbLine
 10
17153.22595598467
 20
16321.72752030586
 30
0.0
 11
18617.22595579113
 21
16321.72752029791
 31
0.0
  0
LINE
  5
7D45
330
1F
100
AcDbEntity
  8
0
100
AcDbLine
 10
18617.22595578921
 20
15921.72752030618
 30
0.0
 11
17153.22595598467
 21
16321.72752030586
 31
0.0
  0
LINE
  5
7D46
330
1F
100
AcDbEntity
  8
0
100
AcDbLine
 10
18617.22595579794
 20
17653.72752038488
 30
0.0
 11
17153.22595598706
 21
17653.72752038488
 31
0.0
  0
LINE
  5
7D47
330
1F
100
AcDbEntity
  8
0
100
AcDbLine
 10
18617.22595579841
 20
17753.72752038488
 30
0.0
 11
17153.22595598682
 21
17753.72752038488
 31
0.0
  0
DIMENSION
  5
7D48
330
1F
100
AcDbEntity
  8
RXDIM
100
AcDbDimension
280
0
  2
*D26
  3
NDIM 100
 10
6085.22905866534
 20
12753.72752021911
 30
0.0
 11
5882.968420367466
 21
11353.72752026265
 31
0.0
 70
32
 71
5
 42
-1.0
 73
0
 74
0
 75
0
100
AcDbAlignedDimension
 13
8185.229058661148
 23
9953.727520306187
 33
0.0
 14
8185.229058661382
 24
12753.72752021911
 34
0.0
 50
90.0
100
AcDbRotatedDimension
  0
DIMENSION
  5
7D49
330
1F
100
AcDbEntity
  8
RXDIM
100
AcDbDimension
280
0
  2
*D27
  3
NDIM 100
 10
6085.22905866534
 20
17653.72752039373
 30
0.0
 11
5882.702462920656
 21
15203.72752034996
 31
0.0
 70
32
 71
5
 42
-1.0
 73
0
 74
0
 75
0
100
AcDbAlignedDimension
 13
8185.229058665106
 23
12753.72752030619
 33
0.0
 14
8185.229058665106
 24
17653.72752039373
 34
0.0
 50
90.0
100
AcDbRotatedDimension
  0
DIMENSION
  5
7D4A
330
1F
100
AcDbEntity
  8
RXDIM
100
AcDbDimension
280
0
  2
*D28
  3
NDIM 100
 10
6685.229058665339
 20
19453.72752039466
 30
0.0
 11
6482.56948419725
 21
18553.7275203942
 31
0.0
 70
32
 71
5
 42
-1.0
 73
0
 74
0
 75
0
100
AcDbAlignedDimension
 13
8185.229058665106
 23
17653.72752039373
 33
0.0
 14
8185.229058664875
 24
19453.72752039466
 34
0.0
 50
90.0
100
AcDbRotatedDimension
  0
DIMENSION
  5
7D4B
330
1F
100
AcDbEntity
  8
RXDIM
100
AcDbDimension
280
0
  2
*D29
  3
NDIM 100
 10
6685.229058665339
 20
21253.72752030619
 30
0.0
 11
6482.56948419725
 21
20353.72752035042
 31
0.0
 70
32
 71
5
 42
-1.0
 73
0
 74
0
 75
0
100
AcDbAlignedDimension
 13
8185.229058664875
 23
19453.72752039466
 33
0.0
 14
8185.229058655794
 24
21253.72752030619
 34
0.0
 50
90.0
100
AcDbRotatedDimension
  0
DIMENSION
  5
7D4C
330
1F
100
AcDbEntity
  8
RXDIM
100
AcDbDimension
280
0
  2
*D30
  3
NDIM 100
 10
5485.229058665339
 20
9953.727520306187
 30
0.0
 11
5282.569484197253
 21
15603.72752030619
 31
0.0
 70
32
 71
5
 42
-1.0
 73
0
 74
0
 75
0
100
AcDbAlignedDimension
 13
8185.229058655794
 23
21253.72752030619
 33
0.0
 14
8185.229058664875
 24
9953.727520306187
 34
0.0
 50
90.0
100
AcDbRotatedDimension
  0
DIMENSION
  5
7D4D
330
1F
100
AcDbEntity
  8
RXDIM
100
AcDbDimension
280
0
  2
*D31
  3
NDIM 100
 10
26835.22595578607
 20
27618.52161431039
 30
0.0
 11
19435.22595581098
 21
27821.18118877848
 31
0.0
 70
32
 71
5
 42
-1.0
 73
0
 74
0
 75
0
100
AcDbAlignedDimension
 13
12035.22595583589
 23
25118.52161424101
 33
0.0
 14
26835.22595578607
 24
25118.52161439421
 34
0.0
 50
0.0
100
AcDbRotatedDimension
  0
DIMENSION
  5
7D4E
330
1F
100
AcDbEntity
  8
RXDIM
100
AcDbDimension
280
0
  2
*D32
  3
NDIM 100
 10
17035.22595599701
 20
27018.52161431039
 30
0.0
 11
15560.22595590295
 21
27220.78225260827
 31
0.0
 70
32
 71
5
 42
-1.0
 73
0
 74
0
 75
0
100
AcDbAlignedDimension
 13
14085.22595580888
 23
25118.52161422378
 33
0.0
 14
17035.22595599701
 24
25118.52161423216
 34
0.0
 50
0.0
100
AcDbRotatedDimension
  0
DIMENSION
  5
7D4F
330
1F
100
AcDbEntity
  8
RXDIM
100
AcDbDimension
280
0
  2
*D33
  3
NDIM 100
 10
18735.22595583612
 20
27018.52161431039
 30
0.0
 11
17885.22595591657
 21
27221.18118877848
 31
0.0
 70
32
 71
5
 42
-1.0
 73
0
 74
0
 75
0
100
AcDbAlignedDimension
 13
17035.22595599701
 23
25118.52161423216
 33
0.0
 14
18735.22595583612
 24
25118.52161422331
 34
0.0
 50
0.0
100
AcDbRotatedDimension
  0
DIMENSION
  5
7D50
330
1F
100
AcDbEntity
  8
RXDIM
100
AcDbDimension
280
0
  2
*D34
  3
NDIM 100
 10
22635.2259557863
 20
27018.52161431039
 30
0.0
 11
20685.22595581121
 21
27220.78225260827
 31
0.0
 70
32
 71
5
 42
-1.0
 73
0
 74
0
 75
0
100
AcDbAlignedDimension
 13
18735.22595583612
 23
25118.52161422331
 33
0.0
 14
22635.2259557863
 24
25118.52161431458
 34
0.0
 50
0.0
100
AcDbRotatedDimension
  0
DIMENSION
  5
7D51
330
1F
100
AcDbEntity
  8
RXDIM
100
AcDbDimension
280
0
  2
*D35
  3
NDIM 100
 10
24035.22595578607
 20
26418.52161431039
 30
0.0
 11
23335.22595578618
 21
26621.18118877847
 31
0.0
 70
32
 71
5
 42
-1.0
 73
0
 74
0
 75
0
100
AcDbAlignedDimension
 13
22635.2259557863
 23
25118.52161431458
 33
0.0
 14
24035.22595578607
 24
25118.52161429176
 34
0.0
 50
0.0
100
AcDbRotatedDimension
  0
DIMENSION
  5
7D52
330
1F
100
AcDbEntity
  8
RXDIM
100
AcDbDimension
280
0
  2
*D36
  3
NDIM 100
 10
26835.22595578607
 20
27018.52161431039
 30
0.0
 11
24735.22595578618
 21
27221.04821005507
 31
0.0
 70
32
 71
5
 42
-1.0
 73
0
 74
0
 75
0
100
AcDbAlignedDimension
 13
22635.2259557863
 23
25118.52161428199
 33
0.0
 14
26835.22595578607
 24
25118.52161430666
 34
0.0
 50
0.0
100
AcDbRotatedDimension
  0
DIMENSION
  5
7D53
330
1F
100
AcDbEntity
  8
RXDIM
100
AcDbDimension
280
0
  2
*D37
  3
NDIM 100
 10
26835.2259558955
 20
3202.530932215101
 30
0.0
 11
19435.22595581494
 21
3405.190506683186
 31
0.0
 70
32
 71
5
 42
-1.0
 73
0
 74
0
 75
0
100
AcDbAlignedDimension
 13
12035.22595573438
 23
5302.530932109395
 33
0.0
 14
26835.2259558955
 24
5302.530932166206
 34
0.0
 50
0.0
100
AcDbRotatedDimension
  0
DIMENSION
  5
7D54
330
1F
100
AcDbEntity
  8
RXDIM
100
AcDbDimension
280
0
  2
*D38
  3
NDIM 100
 10
12635.22595573414
 20
3802.530932215101
 30
0.0
 11
12335.22595573438
 21
4004.791570512973
 31
0.0
 70
32
 71
5
 42
-1.0
 73
0
 74
0
 75
0
100
AcDbAlignedDimension
 13
12035.22595573461
 23
5302.530932109395
 33
0.0
 14
12635.22595573414
 24
5302.530932106602
 34
0.0
 50
0.0
100
AcDbRotatedDimension
  0
DIMENSION
  5
7D55
330
1F
100
AcDbEntity
  8
RXDIM
100
AcDbDimension
280
0
  2
*D39
  3
NDIM 100
 10
18735.22595573461
 20
3802.530932215101
 30
0.0
 11
17885.22595585184
 21
4005.190506683185
 31
0.0
 70
32
 71
5
 42
-1.0
 73
0
 74
0
 75
0
100
AcDbAlignedDimension
 13
17035.22595596907
 23
5302.530932100548
 33
0.0
 14
18735.22595573461
 24
5302.5309320917
 34
0.0
 50
0.0
100
AcDbRotatedDimension
  0
DIMENSION
  5
7D56
330
1F
100
AcDbEntity
  8
RXDIM
100
AcDbDimension
280
0
  2
*D40
  3
NDIM 100
 10
22635.22595589573
 20
3802.530932215101
 30
0.0
 11
20685.22595581517
 21
4004.791570512973
 31
0.0
 70
32
 71
5
 42
-1.0
 73
0
 74
0
 75
0
100
AcDbAlignedDimension
 13
18735.22595573461
 23
5302.5309320917
 33
0.0
 14
22635.22595589573
 24
5302.530932141526
 34
0.0
 50
0.0
100
AcDbRotatedDimension
  0
DIMENSION
  5
7D57
330
1F
100
AcDbEntity
  8
RXDIM
100
AcDbDimension
280
0
  2
*D41
  3
NDIM 100
 10
26835.2259558955
 20
3802.530932215101
 30
0.0
 11
24735.22595589562
 21
4005.057527959781
 31
0.0
 70
32
 71
5
 42
-1.0
 73
0
 74
0
 75
0
100
AcDbAlignedDimension
 13
22635.22595589573
 23
5302.530932141526
 33
0.0
 14
26835.2259558955
 24
5302.530932166206
 34
0.0
 50
0.0
100
AcDbRotatedDimension
  0
DIMENSION
  5
7D58
330
1F
100
AcDbEntity
  8
RXDIM
100
AcDbDimension
280
0
  2
*D42
  3
NDIM 100
 10
32257.5788790501
 20
18453.72752030619
 30
0.0
 11
32055.31824075222
 21
19853.72752030619
 31
0.0
 70
32
 71
5
 42
-1.0
 73
0
 74
0
 75
0
100
AcDbAlignedDimension
 13
31357.57887904986
 23
21253.72752030619
 33
0.0
 14
31357.57887904986
 24
18453.72752030619
 34
0.0
 50
90.0
100
AcDbRotatedDimension
  0
DIMENSION
  5
7D59
330
1F
100
AcDbEntity
  8
RXDIM
100
AcDbDimension
280
0
  2
*D43
  3
NDIM 100
 10
32257.57887904987
 20
16453.72752030618
 30
0.0
 11
32055.31824075199
 21
17453.72752030619
 31
0.0
 70
32
 71
5
 42
-1.0
 73
0
 74
0
 75
0
100
AcDbAlignedDimension
 13
31357.57887904986
 23
18453.72752030619
 33
0.0
 14
31357.5788790501
 24
16453.72752030618
 34
0.0
 50
90.0
100
AcDbRotatedDimension
  0
DIMENSION
  5
7D5A
330
1F
100
AcDbEntity
  8
RXDIM
100
AcDbDimension
280
0
  2
*D44
  3
NDIM 100
 10
32857.57887904986
 20
13453.72752030618
 30
0.0
 11
32655.31824075199
 21
14953.72752030619
 31
0.0
 70
32
 71
5
 42
-1.0
 73
0
 74
0
 75
0
100
AcDbAlignedDimension
 13
31357.5788790501
 23
16453.72752030618
 33
0.0
 14
31357.57887904963
 24
13453.72752030618
 34
0.0
 50
90.0
100
AcDbRotatedDimension
  0
DIMENSION
  5
7D5B
330
1F
100
AcDbEntity
  8
RXDIM
100
AcDbDimension
280
0
  2
*D45
  3
NDIM 100
 10
32857.5788790501
 20
9953.727520306187
 30
0.0
 11
32655.31824075222
 21
11703.72752030619
 31
0.0
 70
32
 71
5
 42
-1.0
 73
0
 74
0
 75
0
100
AcDbAlignedDimension
 13
31357.57887904963
 23
13453.72752030618
 33
0.0
 14
31357.5788790501
 24
9953.727520306187
 34
0.0
 50
90.0
100
AcDbRotatedDimension
  0
DIMENSION
  5
7D5C
330
1F
100
AcDbEntity
  8
RXDIM
100
AcDbDimension
280
0
  2
*D46
  3
NDIM 100
 10
33457.5788790501
 20
9953.727520306187
 30
0.0
 11
33254.91930458202
 21
15603.72752030619
 31
0.0
 70
32
 71
5
 42
-1.0
 73
0
 74
0
 75
0
100
AcDbAlignedDimension
 13
31357.57887904986
 23
21253.72752030619
 33
0.0
 14
31357.5788790501
 24
9953.727520306187
 34
0.0
 50
90.0
100
AcDbRotatedDimension
  0
DIMENSION
  5
7D5D
330
1F
100
AcDbEntity
  8
RXDIM
100
AcDbDimension
280
0
  2
*D47
  3
NDIM 100
 10
32857.57887904986
 20
21253.72752030619
 30
0.0
 11
32655.05228330518
 21
18853.72752030619
 31
0.0
 70
32
 71
5
 42
-1.0
 73
0
 74
0
 75
0
100
AcDbAlignedDimension
 13
31357.5788790501
 23
16453.72752030618
 33
0.0
 14
31357.57887904986
 24
21253.72752030619
 34
0.0
 50
90.0
100
AcDbRotatedDimension
  0
LWPOLYLINE
  5
7D5E
330
1F
100
AcDbEntity
  8
CEN
100
AcDbPolyline
 90
2
 70
0
 10
14085.22595580888
 20
25118.52161422378
 10
14085.22595580324
 20
17212.55802068565
  0
LINE
  5
7D5F
330
1F
100
AcDbEntity
  8
CEN
100
AcDbLine
 10
24035.22595578607
 20
25118.5216142913
 30
0.0
 11
24035.22595581121
 21
20513.19843084231
 31
0.0
  0
LINE
  5
7D60
330
1F
100
AcDbEntity
  8
CEN
100
AcDbLine
 10
26186.71162411629
 20
18453.72752030619
 30
0.0
 11
31357.57887904963
 21
18453.72752030619
 31
0.0
  0
LINE
  5
7D61
330
1F
100
AcDbEntity
  8
CEN
100
AcDbLine
 10
22016.5680417415
 20
16453.72752030618
 30
0.0
 11
31357.5788790494
 21
16453.72752030618
 31
0.0
  0
LINE
  5
7D62
330
1F
100
AcDbEntity
  8
CEN
100
AcDbLine
 10
22016.56804174173
 20
13453.72752030618
 30
0.0
 11
31357.57887904963
 21
13453.72752030618
 31
0.0
  0
LINE
  5
7D63
330
1F
100
AcDbEntity
  8
CEN
100
AcDbLine
 10
8185.229058668832
 20
9953.727520306187
 30
0.0
 11
31357.57887904963
 21
9953.727520306187
 31
0.0
  0
DIMENSION
  5
7D64
330
1F
100
AcDbEntity
  8
RXDIM
100
AcDbDimension
280
0
  2
*D48
  3
NDIM 100
 10
24035.22595578607
 20
26418.52161431039
 30
0.0
 11
25435.22595578607
 21
26620.78225260827
 31
0.0
 70
32
 71
5
 42
-1.0
 73
0
 74
0
 75
0
100
AcDbAlignedDimension
 13
26835.22595578607
 23
25118.52161430713
 33
0.0
 14
24035.22595578607
 24
25118.5216142913
 34
0.0
 50
0.0
100
AcDbRotatedDimension
  0
DIMENSION
  5
7D65
330
1F
100
AcDbEntity
  8
RXDIM
100
AcDbDimension
280
0
  2
*D49
  3
NDIM 100
 10
6685.229058665339
 20
16153.72752030664
 30
0.0
 11
6482.569484197252
 21
16903.72752035019
 31
0.0
 70
32
 71
5
 42
-1.0
 73
0
 74
0
 75
0
100
AcDbAlignedDimension
 13
8185.229058673723
 23
17653.72752039373
 33
0.0
 14
8185.229058673723
 24
16153.72752030664
 34
0.0
 50
90.0
100
AcDbRotatedDimension
  0
DIMENSION
  5
7D66
330
1F
100
AcDbEntity
  8
RXDIM
100
AcDbDimension
280
0
  2
*D50
  3
NDIM 100
 10
6685.229058665339
 20
14153.72752039326
 30
0.0
 11
6482.968420367466
 21
15153.72752034996
 31
0.0
 70
32
 71
5
 42
-1.0
 73
0
 74
0
 75
0
100
AcDbAlignedDimension
 13
8185.229058673256
 23
16153.72752030664
 33
0.0
 14
8185.229058673256
 24
14153.72752039326
 34
0.0
 50
90.0
100
AcDbRotatedDimension
  0
DIMENSION
  5
7D67
330
1F
100
AcDbEntity
  8
RXDIM
100
AcDbDimension
280
0
  2
*D51
  3
NDIM 100
 10
6685.229058665339
 20
12753.72752030619
 30
0.0
 11
6482.569484197253
 21
13453.72752034973
 31
0.0
 70
32
 71
5
 42
-1.0
 73
0
 74
0
 75
0
100
AcDbAlignedDimension
 13
8185.229058673256
 23
14153.72752039326
 33
0.0
 14
8185.229058673256
 24
12753.72752030619
 34
0.0
 50
90.0
100
AcDbRotatedDimension
  0
TEXT
  5
7D68
330
1F
100
AcDbEntity
  8
TEXT
100
AcDbText
 10
12715.99287099612
 20
16792.71495606244
 30
0.0
 40
200.0
  1
ELEV홀
  7
굴림체
 11
12715.99287099612
 21
16892.71495606244
 31
0.0
100
AcDbText
 73
2
  0
DIMENSION
  5
7D69
330
1F
100
AcDbEntity
  8
RXDIM
100
AcDbDimension
280
0
  2
*D52
  3
NDIM 100
 10
6085.22905866534
 20
21253.72752030619
 30
0.0
 11
5882.968420367465
 21
19453.72752034996
 31
0.0
 70
32
 71
5
 42
-1.0
 73
0
 74
0
 75
0
100
AcDbAlignedDimension
 13
8185.229058673723
 23
17653.72752039373
 33
0.0
 14
8185.229058664642
 24
21253.72752030619
 34
0.0
 50
90.0
100
AcDbRotatedDimension
  0
LINE
  5
7D6A
330
1F
100
AcDbEntity
  8
0
100
AcDbLine
 10
17153.22595598479
 20
15285.7275203063
 30
0.0
 11
18617.22595578635
 21
15285.72752031444
 31
0.0
  0
LINE
  5
7D6B
330
1F
100
AcDbEntity
  8
0
100
AcDbLine
 10
18617.22595578828
 20
15685.72752030664
 30
0.0
 11
17153.22595598479
 21
15285.7275203063
 31
0.0
  0
DIMENSION
  5
7D6C
330
1F
100
AcDbEntity
  8
RXDIM
100
AcDbDimension
280
0
  2
*D53
  3
NDIM 100
 10
15435.22595573414
 20
3802.530932215101
 30
0.0
 11
14035.22595573415
 21
4004.791570512973
 31
0.0
 70
32
 71
5
 42
-1.0
 73
0
 74
0
 75
0
100
AcDbAlignedDimension
 13
12635.22595573414
 23
5302.530245537462
 33
0.0
 14
15435.22595573414
 24
5302.530245523026
 34
0.0
 50
0.0
100
AcDbRotatedDimension
  0
DIMENSION
  5
7D6D
330
1F
100
AcDbEntity
  8
RXDIM
100
AcDbDimension
280
0
  2
*D54
  3
NDIM 100
 10
17035.22595596907
 20
3802.530932215101
 30
0.0
 11
16235.22595585161
 21
4005.190506683185
 31
0.0
 70
32
 71
5
 42
-1.0
 73
0
 74
0
 75
0
100
AcDbAlignedDimension
 13
15435.22595573414
 23
5302.530245523026
 33
0.0
 14
17035.22595596907
 24
5302.530245520698
 34
0.0
 50
0.0
100
AcDbRotatedDimension
  0
TEXT
  5
7D6E
330
1F
100
AcDbEntity
  8
TEXT
100
AcDbText
 10
12520.48209562269
 20
20190.35359277411
 30
0.0
 40
200.0
  1
보일러실
  7
굴림체
 11
12520.48209562269
 21
20290.3535927741
 31
0.0
100
AcDbText
 73
2
  0
LWPOLYLINE
  5
7D6F
330
1F
100
AcDbEntity
  8
0
 62
6
100
AcDbPolyline
 90
4
 70
1
 10
12460.48209562269
 20
20130.3535927741
 10
12460.48209562269
 20
20450.3535927741
 10
13606.10287756077
 20
20450.3535927741
 10
13606.10287756077
 20
20130.3535927741
  0
DIMENSION
  5
7D70
330
1F
100
AcDbEntity
  8
RXDIM
100
AcDbDimension
280
0
  2
*D55
  3
NDIM 100
 10
25335.22595588386
 20
4402.530932215101
 30
0.0
 11
26085.22595588968
 21
4605.190506683185
 31
0.0
 70
32
 71
5
 42
-1.0
 73
0
 74
0
 75
0
100
AcDbAlignedDimension
 13
26835.2259558955
 23
5302.530932166206
 33
0.0
 14
25335.22595588386
 24
5302.5309322924
 34
0.0
 50
0.0
100
AcDbRotatedDimension
  0
DIMENSION
  5
7D71
330
1F
100
AcDbEntity
  8
RXDIM
100
AcDbDimension
280
0
  2
*D56
  3
NDIM 100
 10
22635.22595589573
 20
4402.530932215101
 30
0.0
 11
23985.22595588979
 21
4605.057527959782
 31
0.0
 70
32
 71
5
 42
-1.0
 73
0
 74
0
 75
0
100
AcDbAlignedDimension
 13
25335.22595588386
 23
5302.5309322924
 33
0.0
 14
22635.22595589573
 24
5302.530932197406
 34
0.0
 50
0.0
100
AcDbRotatedDimension
  0
DIMENSION
  5
7D72
330
1F
100
AcDbEntity
  8
RXDIM
100
AcDbDimension
280
0
  2
*D57
  3
NDIM 100
 10
19535.22595581191
 20
19003.72752030619
 30
0.0
 11
19332.96531751403
 21
20128.72752030619
 31
0.0
 70
32
 71
5
 42
-1.0
 73
0
 74
0
 75
0
100
AcDbAlignedDimension
 13
19535.22595581214
 23
21253.72752030619
 33
0.0
 14
19535.22595581238
 24
19003.72752030619
 34
0.0
 50
90.0
100
AcDbRotatedDimension
  0
DIMENSION
  5
7D73
330
1F
100
AcDbEntity
  8
RXDIM
100
AcDbDimension
280
0
  2
*D58
  3
NDIM 100
 10
19535.22595581191
 20
17653.72752039373
 30
0.0
 11
19332.56638134382
 21
18328.72752034996
 31
0.0
 70
32
 71
5
 42
-1.0
 73
0
 74
0
 75
0
100
AcDbAlignedDimension
 13
19535.22595581238
 23
19003.72752030619
 33
0.0
 14
19535.22595581238
 24
17653.72752039373
 34
0.0
 50
90.0
100
AcDbRotatedDimension
  0
DIMENSION
  5
7D74
330
1F
100
AcDbEntity
  8
RXDIM
100
AcDbDimension
280
0
  2
*D59
  3
NDIM 100
 10
19535.22595581191
 20
15803.72752030618
 30
0.0
 11
19332.56638134382
 21
16728.72752034996
 31
0.0
 70
32
 71
5
 42
-1.0
 73
0
 74
0
 75
0
100
AcDbAlignedDimension
 13
19535.22595581238
 23
17653.72752039373
 33
0.0
 14
19535.22595581238
 24
15803.72752030618
 34
0.0
 50
90.0
100
AcDbRotatedDimension
  0
DIMENSION
  5
7D75
330
1F
100
AcDbEntity
  8
RXDIM
100
AcDbDimension
280
0
  2
*D60
  3
NDIM 100
 10
19535.22595581191
 20
14153.72752039326
 30
0.0
 11
19332.56638134382
 21
14978.72752034972
 31
0.0
 70
32
 71
5
 42
-1.0
 73
0
 74
0
 75
0
100
AcDbAlignedDimension
 13
19535.22595581191
 23
15803.72752030618
 33
0.0
 14
19535.22595581168
 24
14153.72752039326
 34
0.0
 50
90.0
100
AcDbRotatedDimension
  0
DIMENSION
  5
7D76
330
1F
100
AcDbEntity
  8
RXDIM
100
AcDbDimension
280
0
  2
*D61
  3
NDIM 100
 10
19535.22595581168
 20
12353.72752030619
 30
0.0
 11
19332.56638134359
 21
13253.72752034973
 31
0.0
 70
32
 71
5
 42
-1.0
 73
0
 74
0
 75
0
100
AcDbAlignedDimension
 13
19535.22595581168
 23
14153.72752039326
 33
0.0
 14
19535.22595581144
 24
12353.72752030619
 34
0.0
 50
90.0
100
AcDbRotatedDimension
  0
DIMENSION
  5
7D77
330
1F
100
AcDbEntity
  8
RXDIM
100
AcDbDimension
280
0
  2
*D62
  3
NDIM 100
 10
19535.22595581168
 20
9953.727520306187
 30
0.0
 11
19332.69936006699
 21
11153.72752030619
 31
0.0
 70
32
 71
5
 42
-1.0
 73
0
 74
0
 75
0
100
AcDbAlignedDimension
 13
19535.22595581144
 23
12353.72752030619
 33
0.0
 14
19535.22595581214
 24
9953.727520306187
 34
0.0
 50
90.0
100
AcDbRotatedDimension
  0
TEXT
  5
7D78
330
1F
100
AcDbEntity
  8
TEXT
100
AcDbText
 10
37800.04012901177
 20
26913.9721452329
 30
0.0
 40
200.0
  1
(가림)
  7
굴림체
 72
1
 11
39025.57204390538
 21
27013.9721452329
 31
0.0
100
AcDbText
 73
2
  0
TEXT
  5
7D79
330
1F
100
AcDbEntity
  8
TEXT
100
AcDbText
 10
37731.95502262879
 20
26554.02233889006
 30
0.0
 40
200.0
  1
다가구주택 신축공사
  7
굴림체
 72
1
 11
39025.57204390538
 21
26654.02233889007
 31
0.0
100
AcDbText
 73
2
  0
LINE
  5
7D7A
330
1F
100
AcDbEntity
  8
WAL
100
AcDbLine
 10
13795.2259557984
 20
9763.727520307119
 30
0.0
 11
13795.2259557984
 21
9763.727520306187
 31
0.0
  0
LINE
  5
7D7B
330
1F
100
AcDbEntity
  8
WAL
100
AcDbLine
 10
12445.22595570248
 20
9763.727520306187
 30
0.0
 11
17635.22595575882
 21
9763.727520306187
 31
0.0
  0
LINE
  5
7D7C
330
1F
100
AcDbEntity
  8
WAL
100
AcDbLine
 10
27025.22595581041
 20
9763.727520306187
 30
0.0
 11
27025.22595580829
 21
10203.72752030478
 31
0.0
  0
LINE
  5
7D7D
330
1F
100
AcDbEntity
  8
단열재
100
AcDbLine
 10
26985.22595581022
 20
9803.727521028211
 30
0.0
 11
26985.22595580829
 21
10203.72752030459
 31
0.0
  0
LINE
  5
7D7E
330
1F
100
AcDbEntity
  8
WAL
100
AcDbLine
 10
24113.92653265955
 20
21443.7275203057
 30
0.0
 11
22185.22595580912
 21
21443.72752031952
 31
0.0
  0
LINE
  5
7D7F
330
1F
100
AcDbEntity
  8
WAL
100
AcDbLine
 10
13695.2259557984
 20
9663.727520307119
 30
0.0
 11
13695.2259557984
 21
9663.727520306187
 31
0.0
  0
LINE
  5
7D80
330
1F
100
AcDbEntity
  8
WAL
100
AcDbLine
 10
27125.22595581088
 20
9663.727520306187
 30
0.0
 11
27125.22595580765
 21
10303.72752030479
 31
0.0
  0
LINE
  5
7D81
330
1F
100
AcDbEntity
  8
WAL
100
AcDbLine
 10
24155.34788889706
 20
21543.72752030523
 30
0.0
 11
22085.2259558091
 21
21543.72752032005
 31
0.0
  0
LINE
  5
7D82
330
1F
100
AcDbEntity
  8
COR
100
AcDbLine
 10
14060.22595573112
 20
15613.72752030664
 30
0.0
 11
14085.22595573112
 21
15613.72752030664
 31
0.0
  0
LINE
  5
7D83
330
1F
100
AcDbEntity
  8
COR
100
AcDbLine
 10
14135.22595573112
 20
15613.72752030664
 30
0.0
 11
15317.22595578461
 21
15613.72752030627
 31
0.0
  0
LWPOLYLINE
  5
7D84
330
1F
100
AcDbEntity
  8
ELE-2
100
AcDbPolyline
 90
4
 70
0
 10
14185.22595573088
 20
14263.72752030665
 10
14185.22595573088
 20
14213.72752030665
 10
15267.22595578438
 20
14213.72752030627
 10
15267.22595578438
 20
14263.72752030627
  0
LINE
  5
7D85
330
1F
100
AcDbEntity
  8
COR
100
AcDbLine
 10
14060.22595573112
 20
15343.72752030664
 30
0.0
 11
14085.22595573112
 21
15343.72752030664
 31
0.0
  0
LINE
  5
7D86
330
1F
100
AcDbEntity
  8
COR
100
AcDbLine
 10
14135.22595573112
 20
15343.72752030664
 30
0.0
 11
15317.22595578461
 21
15343.72752030626
 31
0.0
  0
LWPOLYLINE
  5
7D87
330
1F
100
AcDbEntity
  8
ELE-2
100
AcDbPolyline
 90
4
 70
0
 10
14185.22595573088
 20
14533.72752030665
 10
14185.22595573088
 20
14483.72752030665
 10
15267.22595578438
 20
14483.72752030627
 10
15267.22595578438
 20
14533.72752030627
  0
LINE
  5
7D88
330
1F
100
AcDbEntity
  8
COR
100
AcDbLine
 10
14060.22595573112
 20
15073.72752030664
 30
0.0
 11
14085.22595573112
 21
15073.72752030664
 31
0.0
  0
LINE
  5
7D89
330
1F
100
AcDbEntity
  8
COR
100
AcDbLine
 10
14135.22595573112
 20
15073.72752030664
 30
0.0
 11
15317.22595578461
 21
15073.72752030627
 31
0.0
  0
LWPOLYLINE
  5
7D8A
330
1F
100
AcDbEntity
  8
ELE-2
100
AcDbPolyline
 90
4
 70
0
 10
14185.22595573088
 20
14803.72752030665
 10
14185.22595573088
 20
14753.72752030665
 10
15267.22595578438
 20
14753.72752030627
 10
15267.22595578438
 20
14803.72752030627
  0
LINE
  5
7D8B
330
1F
100
AcDbEntity
  8
COR
100
AcDbLine
 10
14060.22595573088
 20
14803.72752030665
 30
0.0
 11
14085.22595573088
 21
14803.72752030665
 31
0.0
  0
LINE
  5
7D8C
330
1F
100
AcDbEntity
  8
COR
100
AcDbLine
 10
14135.22595573089
 20
14803.72752030665
 30
0.0
 11
15317.22595578438
 21
14803.72752030627
 31
0.0
  0
LWPOLYLINE
  5
7D8D
330
1F
100
AcDbEntity
  8
ELE-2
100
AcDbPolyline
 90
4
 70
0
 10
14185.22595573112
 20
15073.72752030664
 10
14185.22595573112
 20
15023.72752030664
 10
15267.22595578461
 20
15023.72752030626
 10
15267.22595578461
 20
15073.72752030627
  0
LINE
  5
7D8E
330
1F
100
AcDbEntity
  8
COR
100
AcDbLine
 10
14060.22595573088
 20
14533.72752030665
 30
0.0
 11
14085.22595573088
 21
14533.72752030665
 31
0.0
  0
LINE
  5
7D8F
330
1F
100
AcDbEntity
  8
COR
100
AcDbLine
 10
14135.22595573089
 20
14533.72752030665
 30
0.0
 11
15317.22595578438
 21
14533.72752030627
 31
0.0
  0
LWPOLYLINE
  5
7D90
330
1F
100
AcDbEntity
  8
ELE-2
100
AcDbPolyline
 90
4
 70
0
 10
14185.22595573112
 20
15343.72752030664
 10
14185.22595573112
 20
15293.72752030664
 10
15267.22595578461
 20
15293.72752030627
 10
15267.22595578461
 20
15343.72752030626
  0
LINE
  5
7D91
330
1F
100
AcDbEntity
  8
COR
100
AcDbLine
 10
14060.22595573088
 20
14263.72752030665
 30
0.0
 11
14085.22595573088
 21
14263.72752030665
 31
0.0
  0
LINE
  5
7D92
330
1F
100
AcDbEntity
  8
COR
100
AcDbLine
 10
14135.22595573089
 20
14263.72752030665
 30
0.0
 11
15317.22595578438
 21
14263.72752030627
 31
0.0
  0
LWPOLYLINE
  5
7D93
330
1F
100
AcDbEntity
  8
ELE-2
100
AcDbPolyline
 90
4
 70
0
 10
14185.22595573112
 20
15613.72752030664
 10
14185.22595573112
 20
15563.72752030664
 10
15267.22595578461
 20
15563.72752030626
 10
15267.22595578461
 20
15613.72752030627
  0
LWPOLYLINE
  5
7D94
330
1F
100
AcDbEntity
  8
ELE-2
100
AcDbPolyline
 90
4
 70
0
 10
14185.22595573112
 20
15883.72752030664
 10
14185.22595573112
 20
15833.72752030664
 10
15267.22595578461
 20
15833.72752030627
 10
15267.22595578461
 20
15883.72752030626
  0
LWPOLYLINE
  5
7D95
330
1F
100
AcDbEntity
  8
COR
100
AcDbPolyline
 90
4
 70
1
 10
14010.22595573112
 20
16153.72752030664
 10
14060.22595573112
 20
16153.72752030664
 10
14060.22595573088
 20
14263.72752030665
 10
14010.22595573088
 20
14263.72752030665
  0
LWPOLYLINE
  5
7D96
330
1F
100
AcDbEntity
  8
COR
100
AcDbPolyline
 90
4
 70
1
 10
13985.22595573112
 20
16178.72752030664
 10
14085.22595573112
 20
16178.72752030664
 10
14085.22595573088
 20
14238.72752030665
 10
13985.22595573088
 20
14238.72752030665
  0
LWPOLYLINE
  5
7D97
330
1F
100
AcDbEntity
  8
COR
100
AcDbPolyline
 90
4
 70
1
 10
13935.22595573112
 20
16228.72752030664
 10
14135.22595573112
 20
16228.72752030664
 10
14135.22595573089
 20
14188.72752030665
 10
13935.22595573088
 20
14188.72752030665
  0
LINE
  5
7D98
330
1F
100
AcDbEntity
  8
COR
100
AcDbLine
 10
14060.22595573112
 20
15883.72752030664
 30
0.0
 11
14085.22595573112
 21
15883.72752030664
 31
0.0
  0
LINE
  5
7D99
330
1F
100
AcDbEntity
  8
COR
100
AcDbLine
 10
14135.22595573112
 20
15883.72752030664
 30
0.0
 11
15317.22595578461
 21
15883.72752030626
 31
0.0
  0
LINE
  5
7D9A
330
1F
100
AcDbEntity
  8
COR
100
AcDbLine
 10
14060.22595573135
 20
16153.72752030664
 30
0.0
 11
14085.22595573135
 21
16153.72752030664
 31
0.0
  0
LINE
  5
7D9B
330
1F
100
AcDbEntity
  8
COR
100
AcDbLine
 10
14010.22595573088
 20
15883.72752030664
 30
0.0
 11
13985.22595573088
 21
15883.72752030664
 31
0.0
  0
LINE
  5
7D9C
330
1F
100
AcDbEntity
  8
COR
100
AcDbLine
 10
13935.22595573088
 20
15883.72752030664
 30
0.0
 11
12753.22595573088
 21
15883.72752030656
 31
0.0
  0
LINE
  5
7D9D
330
1F
100
AcDbEntity
  8
COR
100
AcDbLine
 10
14010.22595573088
 20
15613.72752030664
 30
0.0
 11
13985.22595573088
 21
15613.72752030664
 31
0.0
  0
LINE
  5
7D9E
330
1F
100
AcDbEntity
  8
COR
100
AcDbLine
 10
13935.22595573088
 20
15613.72752030664
 30
0.0
 11
12753.22595573088
 21
15613.72752030656
 31
0.0
  0
LINE
  5
7D9F
330
1F
100
AcDbEntity
  8
COR
100
AcDbLine
 10
14010.22595573088
 20
15343.72752030664
 30
0.0
 11
13985.22595573088
 21
15343.72752030664
 31
0.0
  0
LINE
  5
7DA0
330
1F
100
AcDbEntity
  8
COR
100
AcDbLine
 10
13935.22595573088
 20
15343.72752030664
 30
0.0
 11
12753.22595573088
 21
15343.72752030655
 31
0.0
  0
LWPOLYLINE
  5
7DA1
330
1F
100
AcDbEntity
  8
ELE-2
100
AcDbPolyline
 90
4
 70
0
 10
13885.22595573065
 20
14263.72752030665
 10
13885.22595573065
 20
14313.72752030665
 10
12803.22595573065
 20
14313.72752030656
 10
12803.22595573065
 20
14263.72752030656
  0
LINE
  5
7DA2
330
1F
100
AcDbEntity
  8
COR
100
AcDbLine
 10
14010.22595573088
 20
15073.72752030664
 30
0.0
 11
13985.22595573088
 21
15073.72752030664
 31
0.0
  0
LINE
  5
7DA3
330
1F
100
AcDbEntity
  8
COR
100
AcDbLine
 10
13935.22595573088
 20
15073.72752030664
 30
0.0
 11
12753.22595573088
 21
15073.72752030656
 31
0.0
  0
LWPOLYLINE
  5
7DA4
330
1F
100
AcDbEntity
  8
ELE-2
100
AcDbPolyline
 90
4
 70
0
 10
13885.22595573065
 20
14533.72752030665
 10
13885.22595573065
 20
14583.72752030665
 10
12803.22595573065
 20
14583.72752030656
 10
12803.22595573065
 20
14533.72752030656
  0
LINE
  5
7DA5
330
1F
100
AcDbEntity
  8
COR
100
AcDbLine
 10
14010.22595573065
 20
14803.72752030665
 30
0.0
 11
13985.22595573065
 21
14803.72752030665
 31
0.0
  0
LINE
  5
7DA6
330
1F
100
AcDbEntity
  8
COR
100
AcDbLine
 10
13935.22595573065
 20
14803.72752030665
 30
0.0
 11
12753.22595573065
 21
14803.72752030656
 31
0.0
  0
LWPOLYLINE
  5
7DA7
330
1F
100
AcDbEntity
  8
ELE-2
100
AcDbPolyline
 90
4
 70
0
 10
13885.22595573065
 20
14803.72752030665
 10
13885.22595573088
 20
14853.72752030665
 10
12803.22595573088
 20
14853.72752030656
 10
12803.22595573065
 20
14803.72752030656
  0
LINE
  5
7DA8
330
1F
100
AcDbEntity
  8
COR
100
AcDbLine
 10
14010.22595573065
 20
14533.72752030665
 30
0.0
 11
13985.22595573065
 21
14533.72752030665
 31
0.0
  0
LINE
  5
7DA9
330
1F
100
AcDbEntity
  8
COR
100
AcDbLine
 10
13935.22595573065
 20
14533.72752030665
 30
0.0
 11
12753.22595573065
 21
14533.72752030656
 31
0.0
  0
LWPOLYLINE
  5
7DAA
330
1F
100
AcDbEntity
  8
ELE-2
100
AcDbPolyline
 90
4
 70
0
 10
13885.22595573088
 20
15073.72752030664
 10
13885.22595573088
 20
15123.72752030664
 10
12803.22595573088
 20
15123.72752030656
 10
12803.22595573088
 20
15073.72752030656
  0
LINE
  5
7DAB
330
1F
100
AcDbEntity
  8
COR
100
AcDbLine
 10
14010.22595573065
 20
14263.72752030665
 30
0.0
 11
13985.22595573065
 21
14263.72752030665
 31
0.0
  0
LINE
  5
7DAC
330
1F
100
AcDbEntity
  8
COR
100
AcDbLine
 10
13935.22595573065
 20
14263.72752030665
 30
0.0
 11
12753.22595573065
 21
14263.72752030656
 31
0.0
  0
LWPOLYLINE
  5
7DAD
330
1F
100
AcDbEntity
  8
ELE-2
100
AcDbPolyline
 90
4
 70
0
 10
13885.22595573088
 20
15343.72752030664
 10
13885.22595573088
 20
15393.72752030664
 10
12803.22595573088
 20
15393.72752030656
 10
12803.22595573088
 20
15343.72752030655
  0
LWPOLYLINE
  5
7DAE
330
1F
100
AcDbEntity
  8
ELE-2
100
AcDbPolyline
 90
4
 70
0
 10
13885.22595573088
 20
15613.72752030664
 10
13885.22595573088
 20
15663.72752030664
 10
12803.22595573088
 20
15663.72752030656
 10
12803.22595573088
 20
15613.72752030656
  0
LWPOLYLINE
  5
7DAF
330
1F
100
AcDbEntity
  8
ELE-2
100
AcDbPolyline
 90
4
 70
0
 10
13885.22595573088
 20
15883.72752030664
 10
13885.22595573088
 20
15933.72752030664
 10
12803.22595573088
 20
15933.72752030656
 10
12803.22595573088
 20
15883.72752030656
  0
LINE
  5
7DB0
330
1F
100
AcDbEntity
  8
ETC
100
AcDbLine
 10
14735.22595573071
 20
14803.72752030645
 30
0.0
 11
14735.22595573123
 21
15883.72752030644
 31
0.0
  0
HATCH
  5
7DB1
330
1F
100
AcDbEntity
  8
ETC
100
AcDbHatch
 10
0.0
 20
0.0
 30
0.0
210
0.0
220
0.0
230
1.0
  2
SOLID
 70
1
 71
0
 91
1
 92
1
 93
6
 72
1
 10
14839.36966551299
 20
14869.61824585261
 11
14847.72595573071
 21
14848.72752030796
 72
1
 10
14847.72595573071
 20
14848.72752030796
 11
14735.22595573071
 21
14803.72752030796
 72
1
 10
14735.22595573071
 20
14803.72752030796
 11
14622.72595573071
 21
14848.72752030796
 72
1
 10
14622.72595573071
 20
14848.72752030796
 11
14631.08224594878
 21
14869.61824585261
 72
1
 10
14631.08224594878
 20
14869.61824585261
 11
14735.22595573071
 21
14827.96076193984
 72
1
 10
14735.22595573071
 20
14827.96076193984
 11
14839.36966551264
 21
14869.61824585261
 97
0
 75
0
 76
1
 98
1
 10
5413.446057548107
 20
24283.20310233178
450
0
451
0
460
0.0
461
0.0
452
0
462
0.0
453
0
470

1001
ACAD
1010
-8894.816635069956
1020
-106.1582634137113
1030
0.0
  0
LWPOLYLINE
  5
7DB2
330
1F
100
AcDbEntity
  8
ETC
100
AcDbPolyline
 90
6
 70
1
 10
14631.08224594878
 20
14869.61824585261
 10
14735.22595573071
 20
14827.96076193984
 10
14839.36966551299
 20
14869.61824585261
 10
14847.72595573071
 20
14848.72752030796
 10
14735.22595573071
 20
14803.72752030796
 10
14622.72595573071
 20
14848.72752030796
  0
LINE
  5
7DB3
330
1F
100
AcDbEntity
  8
ETC
100
AcDbLine
 10
13335.22595573018
 20
13558.72752030665
 30
0.0
 11
13335.22595573112
 21
16153.72752030664
 31
0.0
  0
LINE
  5
7DB4
330
1F
100
AcDbEntity
  8
ETC
100
AcDbLine
 10
14735.22595573042
 20
13558.72752030619
 30
0.0
 11
13335.22595573018
 21
13558.72752030665
 31
0.0
  0
LINE
  5
7DB5
330
1F
100
AcDbEntity
  8
ETC
100
AcDbLine
 10
14735.22595573053
 20
14533.72752031139
 30
0.0
 11
14735.22595573042
 21
13558.72752030619
 31
0.0
  0
HATCH
  5
7DB6
330
1F
100
AcDbEntity
  8
ETC
100
AcDbHatch
 10
0.0
 20
0.0
 30
0.0
210
0.0
220
0.0
230
1.0
  2
SOLID
 70
1
 71
0
 91
1
 92
1
 93
6
 72
1
 10
14839.36966551724
 20
14467.83679476287
 11
14847.72595573496
 21
14488.72752030752
 72
1
 10
14847.72595573496
 20
14488.72752030822
 11
14735.22595573496
 21
14533.72752030822
 72
1
 10
14735.22595573496
 20
14533.72752030822
 11
14622.72595573496
 21
14488.72752030822
 72
1
 10
14622.72595573496
 20
14488.72752030822
 11
14631.08224595303
 21
14467.83679476357
 72
1
 10
14631.08224595303
 20
14467.83679476287
 11
14735.22595573496
 21
14509.49427867564
 72
1
 10
14735.22595573496
 20
14509.49427867634
 11
14839.36966551689
 21
14467.83679476357
 97
0
 75
0
 76
1
 98
1
 10
5413.446057548863
 20
5054.251938288565
450
0
451
0
460
0.0
461
0.0
452
0
462
0.0
453
0
470

1001
ACAD
1010
-8894.816635069956
1020
-106.1582634137113
1030
0.0
  0
LWPOLYLINE
  5
7DB7
330
1F
100
AcDbEntity
  8
ETC
100
AcDbPolyline
 90
6
 70
1
 10
14631.08224595303
 20
14467.83679476287
 10
14735.22595573496
 20
14509.49427867634
 10
14839.36966551724
 20
14467.83679476287
 10
14847.72595573496
 20
14488.72752030822
 10
14735.22595573496
 20
14533.72752030822
 10
14622.72595573496
 20
14488.72752030822
  0
LINE
  5
7DB8
330
1F
100
AcDbEntity
  8
COR
100
AcDbLine
 10
14010.22595573112
 20
16153.72752030664
 30
0.0
 11
13985.22595573112
 21
16153.72752030664
 31
0.0
  0
LINE
  5
7DB9
330
1F
100
AcDbEntity
  8
COR
100
AcDbLine
 10
13935.22595573112
 20
16153.72752030664
 30
0.0
 11
12753.22595573112
 21
16153.72752030656
 31
0.0
  0
LWPOLYLINE
  5
7DBA
330
1F
100
AcDbEntity
  8
ELE-2
100
AcDbPolyline
 90
4
 70
0
 10
13885.22595573112
 20
16153.72752030664
 10
13885.22595573112
 20
16203.72752030664
 10
12803.22595573112
 20
16203.72752030656
 10
12803.22595573112
 20
16153.72752030656
  0
LWPOLYLINE
  5
7DBB
330
1F
100
AcDbEntity
  8
0
100
AcDbPolyline
 90
6
 70
0
 10
13956.47595573112
 20
14955.33838921092
 10
14700.60301247507
 20
14645.74331199058
 10
14729.41285803506
 20
14714.98919850221
 10
14741.0390534267
 20
14547.68757991871
 10
14769.8488989867
 20
14616.93346643034
 10
15513.97595573065
 20
14307.33838921046
  0
TEXT
  5
7DBC
330
1F
100
AcDbEntity
  8
TEXT
100
AcDbText
 10
14627.80363156986
 20
16010.11159691362
 30
0.0
 40
200.0
  1
UP
  7
굴림체
 72
1
 11
14763.97384433582
 21
16110.11159691362
 31
0.0
100
AcDbText
 73
2
  0
LWPOLYLINE
  5
7DBD
330
1F
100
AcDbEntity
  8
ETC
100
AcDbPolyline
 90
2
 70
1
 43
50.0
 10
14710.22595573123
 20
15883.72752030644
 42
-1.0
 10
14760.22595573123
 20
15883.72752030644
 42
-1.0
  0
LWPOLYLINE
  5
7DBE
330
1F
100
AcDbEntity
  8
ETC
100
AcDbPolyline
 90
2
 70
1
 43
50.0
 10
13310.22595573112
 20
16153.72752030711
 42
-1.0
 10
13360.22595573112
 20
16153.72752030711
 42
-1.0
  0
TEXT
  5
7DBF
330
1F
100
AcDbEntity
  8
TEXT
100
AcDbText
 10
13227.8036315698
 20
16327.73361699708
 30
0.0
 40
200.0
  1
DN
  7
굴림체
 72
1
 11
13363.97384433576
 21
16427.73361699708
 31
0.0
100
AcDbText
 73
2
  0
INSERT
  5
7DC0
330
1F
100
AcDbEntity
  8
COL
100
AcDbBlockReference
  2
1000문WELKJWLT
 10
16960.22595598537
 20
17033.72752039373
 30
0.0
 50
90.0
  0
INSERT
  5
7DC1
330
1F
100
AcDbEntity
  8
COL
100
AcDbBlockReference
  2
1000문WELKJWLT
 10
16960.22595598537
 20
14773.72752039326
 30
0.0
 41
-1.0
 50
90.0
  0
LINE
  5
7DC2
330
1F
100
AcDbEntity
  8
1-세부분할
100
AcDbLine
 10
13435.22595580493
 20
18083.72752039513
 30
0.0
 11
13435.22595580493
 21
17998.72752039513
 31
0.0
  0
LINE
  5
7DC3
330
1F
100
AcDbEntity
  8
1-세부분할
100
AcDbLine
 10
13735.22595580492
 20
18083.72752039513
 30
0.0
 11
13435.22595580493
 21
18083.72752039513
 31
0.0
  0
LINE
  5
7DC4
330
1F
100
AcDbEntity
  8
1-세부분할
100
AcDbLine
 10
13735.22595580446
 20
19113.72752039513
 30
0.0
 11
13735.22595580492
 21
18083.72752039513
 31
0.0
  0
LINE
  5
7DC5
330
1F
100
AcDbEntity
  8
1-세부분할
100
AcDbLine
 10
12385.22595580492
 20
18083.72752039466
 30
0.0
 11
12385.22595580446
 21
19113.72752039466
 31
0.0
  0
LINE
  5
7DC6
330
1F
100
AcDbEntity
  8
1-세부분할
100
AcDbLine
 10
12635.22595580492
 20
18083.72752039513
 30
0.0
 11
12385.22595580492
 21
18083.72752039466
 31
0.0
  0
LINE
  5
7DC7
330
1F
100
AcDbEntity
  8
1-세부분할
100
AcDbLine
 10
12635.22595580492
 20
17998.72752039513
 30
0.0
 11
12635.22595580492
 21
18083.72752039513
 31
0.0
  0
LINE
  5
7DC8
330
1F
100
AcDbEntity
  8
1-세부분할
100
AcDbLine
 10
13760.22595580446
 20
19138.72752039513
 30
0.0
 11
13760.22595580493
 21
17926.72752039513
 31
0.0
  0
LINE
  5
7DC9
330
1F
100
AcDbEntity
  8
1-세부분할
100
AcDbLine
 10
12360.22595580492
 20
17926.72752039466
 30
0.0
 11
12360.22595580446
 21
19138.72752039466
 31
0.0
  0
LINE
  5
7DCA
330
1F
100
AcDbEntity
  8
1-세부분할
100
AcDbLine
 10
13035.22595580446
 20
18532.72752039513
 30
0.0
 11
13035.22595580492
 21
17526.72752039513
 31
0.0
  0
LINE
  5
7DCB
330
1F
100
AcDbEntity
  8
1-세부분할
100
AcDbLine
 10
12360.22595580446
 20
19138.72752039466
 30
0.0
 11
13760.22595580493
 21
17926.72752039513
 31
0.0
  0
LINE
  5
7DCC
330
1F
100
AcDbEntity
  8
1-세부분할
100
AcDbLine
 10
13760.22595580446
 20
19138.72752039513
 30
0.0
 11
12360.22595580492
 21
17926.72752039466
 31
0.0
  0
LINE
  5
7DCD
330
1F
100
AcDbEntity
  8
1-세부분할
100
AcDbLine
 10
13035.22595580446
 20
18532.72752039513
 30
0.0
 11
12160.22595580446
 21
18532.72752039466
 31
0.0
  0
LINE
  5
7DCE
330
1F
100
AcDbEntity
  8
1-세부분할
100
AcDbLine
 10
13035.22595580446
 20
18532.72752039513
 30
0.0
 11
13035.22595580446
 21
19538.72752039513
 31
0.0
  0
LINE
  5
7DCF
330
1F
100
AcDbEntity
  8
1-세부분할
100
AcDbLine
 10
13035.22595580446
 20
18532.72752039513
 30
0.0
 11
13960.22595580446
 21
18532.72752039513
 31
0.0
  0
LINE
  5
7DD0
330
1F
100
AcDbEntity
  8
1-세부분할
100
AcDbLine
 10
12385.22595580446
 20
19113.72752039466
 30
0.0
 11
13735.22595580446
 21
19113.72752039513
 31
0.0
  0
LINE
  5
7DD1
330
1F
100
AcDbEntity
  8
1-세부분할
100
AcDbLine
 10
12360.22595580446
 20
19138.72752039466
 30
0.0
 11
13760.22595580446
 21
19138.72752039513
 31
0.0
  0
LWPOLYLINE
  5
7DD2
330
1F
100
AcDbEntity
  8
_ELEV
100
AcDbPolyline
 90
5
 70
1
 10
12635.22595580492
 20
17783.72752039513
 10
12695.22595580492
 20
17783.72752039513
 10
12695.22595580492
 20
17753.72752039513
 10
12665.22595580492
 20
17523.72752039513
 10
12635.22595580492
 20
17523.72752039513
  0
LWPOLYLINE
  5
7DD3
330
1F
100
AcDbEntity
  8
_ELEV
100
AcDbPolyline
 90
5
 70
1
 10
13435.22595580493
 20
17783.72752039513
 10
13375.22595580493
 20
17783.72752039513
 10
13375.22595580493
 20
17753.72752039513
 10
13405.22595580492
 20
17523.72752039513
 10
13435.22595580493
 20
17523.72752039513
  0
LWPOLYLINE
  5
7DD4
330
1F
100
AcDbEntity
  8
1-세부분할
100
AcDbPolyline
 90
4
 70
0
 10
12635.22595580492
 20
17813.72752039513
 10
12695.22595580492
 20
17813.72752039513
 10
12695.22595580492
 20
17863.72752039513
 10
12635.22595580492
 20
17863.72752039513
  0
LWPOLYLINE
  5
7DD5
330
1F
100
AcDbEntity
  8
1-세부분할
100
AcDbPolyline
 90
4
 70
0
 10
13435.22595580493
 20
17813.72752039513
 10
13375.22595580493
 20
17813.72752039513
 10
13375.22595580493
 20
17863.72752039513
 10
13435.22595580493
 20
17863.72752039513
  0
LINE
  5
7DD6
330
1F
100
AcDbEntity
  8
1-세부분할
100
AcDbLine
 10
12575.22595580492
 20
17873.72752039513
 30
0.0
 11
12575.22595580492
 21
17913.72752039513
 31
0.0
  0
LINE
  5
7DD7
330
1F
100
AcDbEntity
  8
1-세부분할
100
AcDbLine
 10
13495.22595580492
 20
17873.72752039513
 30
0.0
 11
12575.22595580492
 21
17873.72752039513
 31
0.0
  0
LINE
  5
7DD8
330
1F
100
AcDbEntity
  8
1-세부분할
100
AcDbLine
 10
13495.22595580492
 20
17913.72752039513
 30
0.0
 11
13495.22595580492
 21
17873.72752039513
 31
0.0
  0
LINE
  5
7DD9
330
1F
100
AcDbEntity
  8
1-세부분할
100
AcDbLine
 10
12575.22595580492
 20
17913.72752039513
 30
0.0
 11
13495.22595580492
 21
17913.72752039513
 31
0.0
  0
LINE
  5
7DDA
330
1F
100
AcDbEntity
  8
1-세부분할
100
AcDbLine
 10
12595.22595580492
 20
17948.72752039513
 30
0.0
 11
13485.22595580492
 21
17948.72752039513
 31
0.0
  0
LINE
  5
7DDB
330
1F
100
AcDbEntity
  8
1-세부분할
100
AcDbLine
 10
12595.22595580492
 20
17988.72752039513
 30
0.0
 11
12595.22595580492
 21
17948.72752039513
 31
0.0
  0
LINE
  5
7DDC
330
1F
100
AcDbEntity
  8
1-세부분할
100
AcDbLine
 10
13485.22595580492
 20
17988.72752039513
 30
0.0
 11
12595.22595580492
 21
17988.72752039513
 31
0.0
  0
LINE
  5
7DDD
330
1F
100
AcDbEntity
  8
1-세부분할
100
AcDbLine
 10
13485.22595580492
 20
17948.72752039513
 30
0.0
 11
13485.22595580492
 21
17988.72752039513
 31
0.0
  0
LINE
  5
7DDE
330
1F
100
AcDbEntity
  8
1-세부분할
100
AcDbLine
 10
13435.22595580493
 20
17998.72752039513
 30
0.0
 11
13445.22595580492
 21
17998.72752039513
 31
0.0
  0
LINE
  5
7DDF
330
1F
100
AcDbEntity
  8
1-세부분할
100
AcDbLine
 10
12625.22595580492
 20
17998.72752039513
 30
0.0
 11
12635.22595580492
 21
17998.72752039513
 31
0.0
  0
LINE
  5
7DE0
330
1F
100
AcDbEntity
  8
1-세부분할
100
AcDbLine
 10
12635.22595580492
 20
17926.72752039513
 30
0.0
 11
12360.22595580492
 21
17926.72752039466
 31
0.0
  0
LINE
  5
7DE1
330
1F
100
AcDbEntity
  8
1-세부분할
100
AcDbLine
 10
12625.22595580492
 20
17938.72752039513
 30
0.0
 11
12635.22595580492
 21
17938.72752039513
 31
0.0
  0
LINE
  5
7DE2
330
1F
100
AcDbEntity
  8
1-세부분할
100
AcDbLine
 10
12635.22595580492
 20
17938.72752039513
 30
0.0
 11
12635.22595580492
 21
17926.72752039513
 31
0.0
  0
LINE
  5
7DE3
330
1F
100
AcDbEntity
  8
1-세부분할
100
AcDbLine
 10
13760.22595580493
 20
17926.72752039513
 30
0.0
 11
13435.22595580493
 21
17926.72752039513
 31
0.0
  0
LINE
  5
7DE4
330
1F
100
AcDbEntity
  8
1-세부분할
100
AcDbLine
 10
13435.22595580493
 20
17938.72752039513
 30
0.0
 11
13445.22595580492
 21
17938.72752039513
 31
0.0
  0
LINE
  5
7DE5
330
1F
100
AcDbEntity
  8
1-세부분할
100
AcDbLine
 10
13445.22595580492
 20
17938.72752039513
 30
0.0
 11
13435.22595580493
 21
17938.72752039513
 31
0.0
  0
LINE
  5
7DE6
330
1F
100
AcDbEntity
  8
1-세부분할
100
AcDbLine
 10
13435.22595580493
 20
17926.72752039513
 30
0.0
 11
13435.22595580493
 21
17938.72752039513
 31
0.0
  0
LWPOLYLINE
  5
7DE7
330
1F
100
AcDbEntity
  8
RXDOOR
100
AcDbPolyline
 90
9
 70
0
 10
16947.22595598653
 20
17863.72752039373
 10
16923.22595598653
 20
17863.72752039373
 10
16923.22595598653
 20
17888.72752039373
 10
16966.22595598653
 20
17888.72752039373
 10
16966.22595598653
 20
17903.72752039373
 10
17030.22595598653
 20
17903.72752039373
 10
17073.22595598653
 20
17888.72752039373
 10
17073.22595598653
 20
17863.72752039373
 10
17049.22595598653
 20
17863.72752039373
1001
INERCAD20
1000
UnNamed
1070
3001
1071
1
  0
LWPOLYLINE
  5
7DE8
330
1F
100
AcDbEntity
  8
RXDOOR
100
AcDbPolyline
 90
9
 70
0
 10
16947.22595598653
 20
18743.72752039373
 10
16923.22595598653
 20
18743.72752039373
 10
16923.22595598653
 20
18718.72752039373
 10
16966.22595598653
 20
18718.72752039373
 10
16966.22595598653
 20
18703.72752039373
 10
17030.22595598653
 20
18703.72752039373
 10
17073.22595598653
 20
18718.72752039373
 10
17073.22595598653
 20
18743.72752039373
 10
17049.22595598653
 20
18743.72752039373
1001
INERCAD20
1000
UnNamed
1070
3001
1071
1
  0
LWPOLYLINE
  5
7DE9
330
1F
100
AcDbEntity
  8
RXDOOR
100
AcDbPolyline
 90
4
 70
1
 10
16923.22595598653
 20
17888.72752039373
 10
16133.22595598653
 20
17888.72752039373
 10
16133.22595598653
 20
17928.72752039373
 10
16923.22595598653
 20
17928.72752039373
1001
INERCAD20
1000
UnNamed
1070
3001
1071
2
  0
ARC
  5
7DEA
330
1F
100
AcDbEntity
  8
RXDOOR
 62
7
100
AcDbCircle
 10
16923.22595598653
 20
17928.72752039373
 30
0.0
 40
790.0
100
AcDbArc
 50
90.0
 51
180.0
1001
INERCAD20
1000
UnNamed
1070
3001
1071
3
  0
LWPOLYLINE
  5
7DEB
330
1F
100
AcDbEntity
  8
RXDOOR
100
AcDbPolyline
 90
9
 70
0
 10
18625.22595580469
 20
19091.72752030246
 10
18625.22595580469
 20
19115.72752030246
 10
18600.22595580469
 20
19115.72752030246
 10
18600.22595580469
 20
19072.72752030246
 10
18585.22595580469
 20
19072.72752030246
 10
18585.22595580446
 20
19008.72752030246
 10
18600.22595580446
 20
18965.72752030246
 10
18625.22595580446
 20
18965.72752030246
 10
18625.22595580446
 20
18989.72752030246
1001
INERCAD20
1000
UnNamed
1070
3001
1071
1
  0
LWPOLYLINE
  5
7DEC
330
1F
100
AcDbEntity
  8
RXDOOR
100
AcDbPolyline
 90
9
 70
0
 10
17845.22595580469
 20
19091.72752030293
 10
17845.22595580469
 20
19115.72752030292
 10
17870.22595580469
 20
19115.72752030292
 10
17870.22595580469
 20
19072.72752030293
 10
17885.22595580469
 20
19072.72752030293
 10
17885.22595580446
 20
19008.72752030293
 10
17870.22595580446
 20
18965.72752030293
 10
17845.22595580446
 20
18965.72752030293
 10
17845.22595580446
 20
18989.72752030292
1001
INERCAD20
1000
UnNamed
1070
3001
1071
1
  0
LWPOLYLINE
  5
7DED
330
1F
100
AcDbEntity
  8
RXDOOR
100
AcDbPolyline
 90
4
 70
1
 10
18600.22595580469
 20
19115.72752030246
 10
18600.22595580586
 20
19805.72752030246
 10
18560.22595580586
 20
19805.72752030246
 10
18560.22595580469
 20
19115.72752030246
1001
INERCAD20
1000
UnNamed
1070
3001
1071
2
  0
ARC
  5
7DEE
330
1F
100
AcDbEntity
  8
RXDOOR
 62
7
100
AcDbCircle
 10
18560.22595580469
 20
19115.72752030246
 30
0.0
 40
690.0
100
AcDbArc
 50
90.0
 51
180.0
1001
INERCAD20
1000
UnNamed
1070
3001
1071
3
  0
LWPOLYLINE
  5
7DEF
330
1F
100
AcDbEntity
  8
RXDOOR
100
AcDbPolyline
 90
9
 70
0
 10
18625.2259557721
 20
12265.72752030619
 10
18625.2259557721
 20
12241.72752030618
 10
18600.22595577209
 20
12241.72752030618
 10
18600.22595577209
 20
12284.72752030618
 10
18585.22595577209
 20
12284.72752030618
 10
18585.22595577186
 20
12348.72752030619
 10
18600.22595577186
 20
12391.72752030619
 10
18625.22595577186
 20
12391.72752030619
 10
18625.22595577186
 20
12367.72752030619
1001
INERCAD20
1000
UnNamed
1070
3001
1071
1
  0
LWPOLYLINE
  5
7DF0
330
1F
100
AcDbEntity
  8
RXDOOR
100
AcDbPolyline
 90
9
 70
0
 10
17845.22595577209
 20
12265.72752030572
 10
17845.22595577209
 20
12241.72752030572
 10
17870.2259557721
 20
12241.72752030572
 10
17870.2259557721
 20
12284.72752030572
 10
17885.22595577209
 20
12284.72752030572
 10
17885.22595577186
 20
12348.72752030572
 10
17870.22595577186
 20
12391.72752030572
 10
17845.22595577186
 20
12391.72752030572
 10
17845.22595577186
 20
12367.72752030572
1001
INERCAD20
1000
UnNamed
1070
3001
1071
1
  0
LWPOLYLINE
  5
7DF1
330
1F
100
AcDbEntity
  8
RXDOOR
100
AcDbPolyline
 90
4
 70
1
 10
18600.22595577209
 20
12241.72752030618
 10
18600.22595577326
 20
11551.72752030618
 10
18560.22595577326
 20
11551.72752030618
 10
18560.2259557721
 20
12241.72752030618
1001
INERCAD20
1000
UnNamed
1070
3001
1071
2
  0
ARC
  5
7DF2
330
1F
100
AcDbEntity
  8
RXDOOR
 62
7
100
AcDbCircle
 10
18560.2259557721
 20
12241.72752030618
 30
0.0
 40
690.0
100
AcDbArc
 50
180.0
 51
270.0
1001
INERCAD20
1000
UnNamed
1070
3001
1071
3
  0
LWPOLYLINE
  5
7DF3
330
1F
100
AcDbEntity
  8
RXDOOR
100
AcDbPolyline
 90
9
 70
0
 10
16947.22595598141
 20
13943.72752039326
 10
16923.22595598141
 20
13943.72752039326
 10
16923.22595598187
 20
13918.72752039326
 10
16966.22595598188
 20
13918.72752039326
 10
16966.22595598188
 20
13903.72752039326
 10
17030.22595598188
 20
13903.72752039326
 10
17073.22595598188
 20
13918.72752039326
 10
17073.22595598141
 20
13943.72752039326
 10
17049.22595598141
 20
13943.72752039326
1001
INERCAD20
1000
UnNamed
1070
3001
1071
1
  0
LWPOLYLINE
  5
7DF4
330
1F
100
AcDbEntity
  8
RXDOOR
100
AcDbPolyline
 90
9
 70
0
 10
16947.22595598281
 20
13063.72752039326
 10
16923.22595598281
 20
13063.72752039326
 10
16923.22595598281
 20
13088.72752039326
 10
16966.22595598281
 20
13088.72752039326
 10
16966.22595598281
 20
13103.72752039326
 10
17030.22595598281
 20
13103.72752039326
 10
17073.22595598281
 20
13088.72752039326
 10
17073.22595598281
 20
13063.72752039326
 10
17049.22595598281
 20
13063.72752039326
1001
INERCAD20
1000
UnNamed
1070
3001
1071
1
  0
LWPOLYLINE
  5
7DF5
330
1F
100
AcDbEntity
  8
RXDOOR
100
AcDbPolyline
 90
4
 70
1
 10
16923.22595598187
 20
13918.72752039326
 10
16133.22595598187
 20
13918.72752039233
 10
16133.22595598187
 20
13878.72752039233
 10
16923.22595598187
 20
13878.72752039326
1001
INERCAD20
1000
UnNamed
1070
3001
1071
2
  0
ARC
  5
7DF6
330
1F
100
AcDbEntity
  8
RXDOOR
 62
7
100
AcDbCircle
 10
16923.22595598187
 20
13878.72752039326
 30
0.0
 40
790.0
100
AcDbArc
 50
180.0
 51
270.0
1001
INERCAD20
1000
UnNamed
1070
3001
1071
3
  0
LWPOLYLINE
  5
7DF7
330
1F
100
AcDbEntity
  8
RXDOOR
100
AcDbPolyline
 90
9
 70
0
 10
22723.22595584823
 20
13343.72752030665
 10
22747.22595584823
 20
13343.72752030665
 10
22747.22595584823
 20
13318.72752030665
 10
22704.22595584823
 20
13318.72752030665
 10
22704.22595584823
 20
13303.72752030665
 10
22640.22595584823
 20
13303.72752030665
 10
22597.22595584823
 20
13318.72752030665
 10
22597.22595584823
 20
13343.72752030665
 10
22621.22595584823
 20
13343.72752030665
1001
INERCAD20
1000
UnNamed
1070
3001
1071
1
  0
LWPOLYLINE
  5
7DF8
330
1F
100
AcDbEntity
  8
RXDOOR
100
AcDbPolyline
 90
9
 70
0
 10
22723.22595584916
 20
12463.72752030665
 10
22747.22595584917
 20
12463.72752030665
 10
22747.22595584917
 20
12488.72752030665
 10
22704.22595584916
 20
12488.72752030665
 10
22704.22595584916
 20
12503.72752030665
 10
22640.22595584917
 20
12503.72752030665
 10
22597.22595584916
 20
12488.72752030665
 10
22597.22595584916
 20
12463.72752030665
 10
22621.22595584917
 20
12463.72752030665
1001
INERCAD20
1000
UnNamed
1070
3001
1071
1
  0
LWPOLYLINE
  5
7DF9
330
1F
100
AcDbEntity
  8
RXDOOR
100
AcDbPolyline
 90
4
 70
1
 10
22747.22595584823
 20
13318.72752030665
 10
23537.22595584823
 20
13318.72752030758
 10
23537.22595584823
 20
13278.72752030758
 10
22747.22595584823
 20
13278.72752030665
1001
INERCAD20
1000
UnNamed
1070
3001
1071
2
  0
ARC
  5
7DFA
330
1F
100
AcDbEntity
  8
RXDOOR
 62
7
100
AcDbCircle
 10
22747.22595584823
 20
13278.72752030665
 30
0.0
 40
790.0
100
AcDbArc
 50
270.0
 51
0.0
1001
INERCAD20
1000
UnNamed
1070
3001
1071
3
  0
LWPOLYLINE
  5
7DFB
330
1F
100
AcDbEntity
  8
RXDOOR
100
AcDbPolyline
 90
9
 70
0
 10
22723.22595584823
 20
13563.72752030572
 10
22747.22595584823
 20
13563.72752030572
 10
22747.22595584823
 20
13588.72752030572
 10
22704.22595584823
 20
13588.72752030572
 10
22704.22595584823
 20
13603.72752030572
 10
22640.22595584823
 20
13603.72752030572
 10
22597.22595584823
 20
13588.72752030572
 10
22597.22595584823
 20
13563.72752030572
 10
22621.22595584823
 20
13563.72752030572
1001
INERCAD20
1000
UnNamed
1070
3001
1071
1
  0
LWPOLYLINE
  5
7DFC
330
1F
100
AcDbEntity
  8
RXDOOR
100
AcDbPolyline
 90
9
 70
0
 10
22723.22595584916
 20
14443.72752030572
 10
22747.22595584917
 20
14443.72752030572
 10
22747.22595584917
 20
14418.72752030572
 10
22704.22595584916
 20
14418.72752030572
 10
22704.22595584916
 20
14403.72752030572
 10
22640.22595584917
 20
14403.72752030572
 10
22597.22595584916
 20
14418.72752030572
 10
22597.22595584916
 20
14443.72752030572
 10
22621.22595584917
 20
14443.72752030572
1001
INERCAD20
1000
UnNamed
1070
3001
1071
1
  0
LWPOLYLINE
  5
7DFD
330
1F
100
AcDbEntity
  8
RXDOOR
100
AcDbPolyline
 90
4
 70
1
 10
22747.22595584823
 20
13588.72752030572
 10
23537.22595584823
 20
13588.72752030479
 10
23537.22595584823
 20
13628.72752030479
 10
22747.22595584823
 20
13628.72752030572
1001
INERCAD20
1000
UnNamed
1070
3001
1071
2
  0
ARC
  5
7DFE
330
1F
100
AcDbEntity
  8
RXDOOR
 62
7
100
AcDbCircle
 10
22747.22595584823
 20
13628.72752030572
 30
0.0
 40
790.0
100
AcDbArc
 50
0.0
 51
90.0
1001
INERCAD20
1000
UnNamed
1070
3001
1071
3
  0
DIMENSION
  5
7DFF
330
1F
100
AcDbEntity
  8
RXDIM
100
AcDbDimension
280
0
  2
*D63
  3
NDIM 100
 10
14035.22595579468
 20
4402.530932215101
 30
0.0
 11
13335.22595576464
 21
4605.190506683185
 31
0.0
 70
32
 71
5
 42
-1.0
 73
0
 74
0
 75
0
100
AcDbAlignedDimension
 13
12635.22595573461
 23
5302.530932211841
 33
0.0
 14
14035.22595579468
 24
5302.53093221091
 34
0.0
 50
0.0
100
AcDbRotatedDimension
  0
DIMENSION
  5
7E00
330
1F
100
AcDbEntity
  8
RXDIM
100
AcDbDimension
280
0
  2
*D64
  3
NDIM 100
 10
15435.22595573414
 20
4402.530932215101
 30
0.0
 11
14735.22595576441
 21
4605.190506683185
 31
0.0
 70
32
 71
5
 42
-1.0
 73
0
 74
0
 75
0
100
AcDbAlignedDimension
 13
14035.22595579468
 23
5302.53093221091
 33
0.0
 14
15435.22595573414
 24
5302.53093220346
 34
0.0
 50
0.0
100
AcDbRotatedDimension
  0
LINE
  5
7E01
330
1F
100
AcDbEntity
  8
0
100
AcDbLine
 10
18617.22595578001
 20
14053.72752038442
 30
0.0
 11
17153.22595598164
 21
14053.72752038442
 31
0.0
  0
LINE
  5
7E02
330
1F
100
AcDbEntity
  8
0
100
AcDbLine
 10
18617.22595578054
 20
14153.72752038441
 30
0.0
 11
17153.22595598164
 21
14153.72752038441
 31
0.0
  0
LWPOLYLINE
  5
7E03
330
1F
100
AcDbEntity
  8
RXDOOR
100
AcDbPolyline
 90
9
 70
0
 10
22723.225955848
 20
17763.72752030618
 10
22747.225955848
 20
17763.72752030618
 10
22747.225955848
 20
17788.72752030619
 10
22704.225955848
 20
17788.72752030619
 10
22704.225955848
 20
17803.72752030618
 10
22640.225955848
 20
17803.72752030618
 10
22597.225955848
 20
17788.72752030619
 10
22597.225955848
 20
17763.72752030618
 10
22621.225955848
 20
17763.72752030618
1001
INERCAD20
1000
UnNamed
1070
3001
1071
1
  0
LWPOLYLINE
  5
7E04
330
1F
100
AcDbEntity
  8
RXDOOR
100
AcDbPolyline
 90
9
 70
0
 10
22723.22595584893
 20
18643.72752030618
 10
22747.22595584893
 20
18643.72752030618
 10
22747.22595584893
 20
18618.72752030619
 10
22704.22595584893
 20
18618.72752030619
 10
22704.22595584893
 20
18603.72752030619
 10
22640.22595584893
 20
18603.72752030619
 10
22597.22595584893
 20
18618.72752030619
 10
22597.22595584893
 20
18643.72752030618
 10
22621.22595584893
 20
18643.72752030618
1001
INERCAD20
1000
UnNamed
1070
3001
1071
1
  0
LWPOLYLINE
  5
7E05
330
1F
100
AcDbEntity
  8
RXDOOR
100
AcDbPolyline
 90
4
 70
1
 10
22747.225955848
 20
17788.72752030619
 10
23537.225955848
 20
17788.72752030525
 10
23537.225955848
 20
17828.72752030525
 10
22747.225955848
 20
17828.72752030619
1001
INERCAD20
1000
UnNamed
1070
3001
1071
2
  0
ARC
  5
7E06
330
1F
100
AcDbEntity
  8
RXDOOR
 62
7
100
AcDbCircle
 10
22747.225955848
 20
17828.72752030619
 30
0.0
 40
790.0
100
AcDbArc
 50
0.0
 51
90.0
1001
INERCAD20
1000
UnNamed
1070
3001
1071
3
  0
INSERT
  5
7E07
330
1F
100
AcDbEntity
  8
AA-DWXM-DOOR
100
AcDbBlockReference
  2
샤워기1
 10
17165.22595596302
 20
10433.72752024803
 30
0.0
 41
-1.0
 50
180.0
1001
AcDbBlockRepETag
1070
1
1071
1259
1005
0
  0
LINE
  5
7E08
330
1F
100
AcDbEntity
  8
ELE-2
100
AcDbLine
 10
17195.22595597722
 20
10783.72752030671
 30
0.0
 11
17905.22595575999
 21
10783.72752030665
 31
0.0
1001
AcDbBlockRepETag
1070
1
1071
1582
1005
0
  0
LINE
  5
7E09
330
1F
100
AcDbEntity
  8
ELE-2
100
AcDbLine
 10
17195.22595597675
 20
10813.72752030671
 30
0.0
 11
17905.22595575952
 21
10813.72752030665
 31
0.0
1001
AcDbBlockRepETag
1070
1
1071
1583
1005
0
  0
LINE
  5
7E0A
330
1F
100
AcDbEntity
  8
ELE-2
100
AcDbLine
 10
17905.22595575999
 20
10783.72752030665
 30
0.0
 11
17905.22595575952
 21
10813.72752030665
 31
0.0
1001
AcDbBlockRepETag
1070
1
1071
1584
1005
0
  0
LWPOLYLINE
  5
7E0B
330
1F
100
AcDbEntity
  8
WID-S
100
AcDbPolyline
 90
4
 70
1
 10
17195.22595597722
 20
10783.72752030671
 10
17195.22595597675
 20
10813.72752030671
 10
17165.22595597675
 20
10813.72752030671
 10
17165.22595597722
 20
10783.72752030671
1001
AcDbBlockRepETag
1070
1
1071
1585
1005
0
  0
LWPOLYLINE
  5
7E0C
330
1F
100
AcDbEntity
  8
WID-S
100
AcDbPolyline
 90
4
 70
0
 10
17195.22595597722
 20
10793.72752030671
 10
17905.22595575999
 20
10793.72752030665
 10
17905.22595575952
 20
10803.72752030665
 10
17195.22595597675
 20
10803.72752030671
1001
AcDbBlockRepETag
1070
1
1071
1586
1005
0
  0
LINE
  5
7E0D
330
1F
100
AcDbEntity
  8
ELE-2
100
AcDbLine
 10
18505.22595575999
 20
10783.72752030618
 30
0.0
 11
18505.22595575952
 21
10813.72752030618
 31
0.0
1001
AcDbBlockRepETag
1070
1
1071
1587
1005
0
  0
LWPOLYLINE
  5
7E0E
330
1F
100
AcDbEntity
  8
WID-S
100
AcDbPolyline
 90
4
 70
1
 10
18605.22595575999
 20
10783.72752030618
 10
18605.22595575952
 20
10813.72752030618
 10
18575.22595575952
 20
10813.72752030618
 10
18575.22595575999
 20
10783.72752030618
1001
AcDbBlockRepETag
1070
1
1071
1588
1005
0
  0
LINE
  5
7E0F
330
1F
100
AcDbEntity
  8
ELE-2
100
AcDbLine
 10
18505.22595575999
 20
10783.72752030618
 30
0.0
 11
18505.22595575952
 21
10813.72752030618
 31
0.0
1001
AcDbBlockRepETag
1070
1
1071
1589
1005
0
  0
LINE
  5
7E10
330
1F
100
AcDbEntity
  8
ELE-2
100
AcDbLine
 10
17905.22595575999
 20
10783.72752030665
 30
0.0
 11
17905.22595575952
 21
10813.72752030665
 31
0.0
1001
AcDbBlockRepETag
1070
1
1071
1590
1005
0
  0
LWPOLYLINE
  5
7E11
330
1F
100
AcDbEntity
  8
ELE-2
100
AcDbPolyline
 90
4
 70
1
 10
18505.22595575999
 20
10783.72752030618
 10
18505.22595575976
 20
10183.72752030618
 10
18475.22595575975
 20
10183.72752030618
 10
18475.22595575999
 20
10783.72752030618
1001
AcDbBlockRepETag
1070
1
1071
1591
1005
0
  0
LWPOLYLINE
  5
7E12
330
1F
100
AcDbEntity
  8
WID-S
100
AcDbPolyline
 90
4
 70
1
 10
18485.22595575976
 20
10183.72752030618
 10
18485.22595575999
 20
10783.72752030618
 10
18495.22595575999
 20
10783.72752030618
 10
18495.22595575976
 20
10183.72752030618
1001
AcDbBlockRepETag
1070
1
1071
1592
1005
0
  0
ARC
  5
7E13
330
1F
100
AcDbEntity
  8
ELE-1
100
AcDbCircle
 10
18505.22595575999
 20
10783.72752030618
 30
0.0
 40
600.0
100
AcDbArc
 50
180.0
 51
267.1340160280902
1001
AcDbBlockRepETag
1070
1
1071
1593
1005
0
  0
LWPOLYLINE
  5
7E14
330
1F
100
AcDbEntity
  8
ELE-1
  6
Continuous
100
AcDbPolyline
 90
6
 70
0
 10
18475.22595575999
 20
10666.22752030619
 10
18463.22595575999
 20
10666.22752030619
 42
0.4142135623730951
 10
18433.22595575999
 20
10636.22752030618
 10
18433.22595575975
 20
10331.22752030618
 42
0.4142135623714968
 10
18463.22595575976
 20
10301.22752030619
 10
18475.22595575975
 20
10301.22752030619
1001
AcDbBlockRepETag
1070
1
1071
1594
1005
0
  0
LWPOLYLINE
  5
7E15
330
1F
100
AcDbEntity
  8
ELE-1
  6
Continuous
100
AcDbPolyline
 90
4
 70
1
 10
18485.22595575999
 20
10678.72752030619
 10
18485.22595575999
 20
10638.72752030619
 10
18475.22595575999
 20
10638.72752030619
 10
18475.22595575999
 20
10678.72752030619
1001
AcDbBlockRepETag
1070
1
1071
1595
1005
0
  0
LWPOLYLINE
  5
7E16
330
1F
100
AcDbEntity
  8
ELE-1
  6
Continuous
100
AcDbPolyline
 90
6
 70
0
 10
18475.22595575975
 20
10316.22752030618
 10
18463.22595575976
 20
10316.22752030618
 42
-0.4142135623729696
 10
18448.22595575976
 20
10331.22752030618
 10
18448.22595575999
 20
10636.22752030618
 42
-0.4142135623732725
 10
18463.22595575999
 20
10651.22752030619
 10
18475.22595575999
 20
10651.22752030619
1001
AcDbBlockRepETag
1070
1
1071
1596
1005
0
  0
LWPOLYLINE
  5
7E17
330
1F
100
AcDbEntity
  8
ELE-1
  6
Continuous
100
AcDbPolyline
 90
4
 70
1
 10
18485.22595575976
 20
10328.72752030618
 10
18485.22595575976
 20
10288.72752030618
 10
18475.22595575975
 20
10288.72752030618
 10
18475.22595575975
 20
10328.72752030618
1001
AcDbBlockRepETag
1070
1
1071
1597
1005
0
  0
LINE
  5
7E18
330
1F
100
AcDbEntity
  8
ELE-2
100
AcDbLine
 10
18505.22595575999
 20
10783.72752030618
 30
0.0
 11
18575.22595575999
 21
10783.72752030618
 31
0.0
1001
AcDbBlockRepETag
1070
1
1071
1598
1005
0
  0
LINE
  5
7E19
330
1F
100
AcDbEntity
  8
ELE-2
100
AcDbLine
 10
18505.22595575952
 20
10813.72752030618
 30
0.0
 11
18575.22595575952
 21
10813.72752030618
 31
0.0
1001
AcDbBlockRepETag
1070
1
1071
1599
1005
0
  0
LWPOLYLINE
  5
7E1A
330
1F
100
AcDbEntity
  8
WID-S
100
AcDbPolyline
 90
4
 70
0
 10
18575.22595575999
 20
10793.72752030618
 10
18505.22595575999
 20
10793.72752030618
 10
18505.22595575952
 20
10803.72752030618
 10
18575.22595575952
 20
10803.72752030618
1001
AcDbBlockRepETag
1070
1
1071
1600
1005
0
  0
TEXT
  5
7E1B
330
1F
100
AcDbEntity
  8
TEXT
100
AcDbText
 10
17846.79199578462
 20
19796.02218987938
 30
0.0
 40
200.0
  1
WC
  7
굴림체
 11
17846.79199578462
 21
19896.02218987938
 31
0.0
100
AcDbText
 73
2
  0
LWPOLYLINE
  5
7E1C
330
1F
100
AcDbEntity
  8
ETC
 62
6
100
AcDbPolyline
 90
4
 70
1
 10
17786.79199578462
 20
20051.50091328385
 10
17786.79199578462
 20
19731.50091328384
 10
18172.63798306731
 20
19731.50091328384
 10
18172.63798306731
 20
20051.50091328385
  0
INSERT
  5
7E1D
330
1F
100
AcDbEntity
  8
AA-DWXM-DOOR
100
AcDbBlockReference
  2
샤워기1
 10
17165.22595599101
 20
20843.72752041792
 30
0.0
1001
AcDbBlockRepETag
1070
1
1071
1259
1005
0
  0
LINE
  5
7E1E
330
1F
100
AcDbEntity
  8
ELE-2
100
AcDbLine
 10
17195.22595599049
 20
20423.72752035948
 30
0.0
 11
17850.22595599724
 21
20423.72752035951
 31
0.0
1001
AcDbBlockRepETag
1070
1
1071
1582
1005
0
  0
LINE
  5
7E1F
330
1F
100
AcDbEntity
  8
ELE-2
100
AcDbLine
 10
17195.22595599003
 20
20393.72752035948
 30
0.0
 11
17850.22595599678
 21
20393.72752035951
 31
0.0
1001
AcDbBlockRepETag
1070
1
1071
1583
1005
0
  0
LINE
  5
7E20
330
1F
100
AcDbEntity
  8
ELE-2
100
AcDbLine
 10
17850.22595599724
 20
20423.72752035951
 30
0.0
 11
17850.22595599678
 21
20393.72752035951
 31
0.0
1001
AcDbBlockRepETag
1070
1
1071
1584
1005
0
  0
LWPOLYLINE
  5
7E21
330
1F
100
AcDbEntity
  8
WID-S
100
AcDbPolyline
 90
4
 70
1
 10
17195.22595599049
 20
20423.72752035948
 10
17195.22595599003
 20
20393.72752035948
 10
17165.22595599002
 20
20393.72752035948
 10
17165.22595599049
 20
20423.72752035948
1001
AcDbBlockRepETag
1070
1
1071
1585
1005
0
  0
LWPOLYLINE
  5
7E22
330
1F
100
AcDbEntity
  8
WID-S
100
AcDbPolyline
 90
4
 70
0
 10
17195.22595599049
 20
20413.72752035948
 10
17850.22595599724
 20
20413.72752035951
 10
17850.22595599678
 20
20403.7275203595
 10
17195.22595599003
 20
20403.72752035948
1001
AcDbBlockRepETag
1070
1
1071
1586
1005
0
  0
LINE
  5
7E23
330
1F
100
AcDbEntity
  8
ELE-2
100
AcDbLine
 10
18450.22595599724
 20
20423.72752035997
 30
0.0
 11
18450.22595599678
 21
20393.72752035997
 31
0.0
1001
AcDbBlockRepETag
1070
1
1071
1587
1005
0
  0
LWPOLYLINE
  5
7E24
330
1F
100
AcDbEntity
  8
WID-S
100
AcDbPolyline
 90
4
 70
1
 10
18605.22595581249
 20
20423.72752035997
 10
18605.22595581203
 20
20393.72752035997
 10
18575.22595581203
 20
20393.72752035997
 10
18575.22595581249
 20
20423.72752035997
1001
AcDbBlockRepETag
1070
1
1071
1588
1005
0
  0
LINE
  5
7E25
330
1F
100
AcDbEntity
  8
ELE-2
100
AcDbLine
 10
18450.22595599724
 20
20423.72752035997
 30
0.0
 11
18450.22595599678
 21
20393.72752035997
 31
0.0
1001
AcDbBlockRepETag
1070
1
1071
1589
1005
0
  0
LINE
  5
7E26
330
1F
100
AcDbEntity
  8
ELE-2
100
AcDbLine
 10
17850.22595599724
 20
20423.72752035951
 30
0.0
 11
17850.22595599678
 21
20393.72752035951
 31
0.0
1001
AcDbBlockRepETag
1070
1
1071
1590
1005
0
  0
LWPOLYLINE
  5
7E27
330
1F
100
AcDbEntity
  8
ELE-2
100
AcDbPolyline
 90
4
 70
1
 10
18450.22595599724
 20
20423.72752035997
 10
18450.22595599701
 20
21023.72752035997
 10
18420.22595599701
 20
21023.72752035997
 10
18420.22595599724
 20
20423.72752035997
1001
AcDbBlockRepETag
1070
1
1071
1591
1005
0
  0
LWPOLYLINE
  5
7E28
330
1F
100
AcDbEntity
  8
WID-S
100
AcDbPolyline
 90
4
 70
1
 10
18430.22595599701
 20
21023.72752035997
 10
18430.22595599724
 20
20423.72752035997
 10
18440.22595599724
 20
20423.72752035997
 10
18440.22595599701
 20
21023.72752035997
1001
AcDbBlockRepETag
1070
1
1071
1592
1005
0
  0
ARC
  5
7E29
330
1F
100
AcDbEntity
  8
ELE-1
100
AcDbCircle
 10
18450.22595599724
 20
20423.72752035997
 30
0.0
 40
600.0
100
AcDbArc
 50
92.8659839719098
 51
180.0
1001
AcDbBlockRepETag
1070
1
1071
1593
1005
0
  0
LWPOLYLINE
  5
7E2A
330
1F
100
AcDbEntity
  8
ELE-1
  6
Continuous
100
AcDbPolyline
 90
6
 70
0
 10
18420.22595599724
 20
20541.22752035997
 10
18408.22595599724
 20
20541.22752035997
 42
-0.4142135623730951
 10
18378.22595599724
 20
20571.22752035997
 10
18378.22595599701
 20
20876.22752035997
 42
-0.4142135623714968
 10
18408.22595599701
 20
20906.22752035997
 10
18420.22595599701
 20
20906.22752035997
1001
AcDbBlockRepETag
1070
1
1071
1594
1005
0
  0
LWPOLYLINE
  5
7E2B
330
1F
100
AcDbEntity
  8
ELE-1
  6
Continuous
100
AcDbPolyline
 90
4
 70
1
 10
18430.22595599724
 20
20528.72752035997
 10
18430.22595599724
 20
20568.72752035997
 10
18420.22595599724
 20
20568.72752035997
 10
18420.22595599724
 20
20528.72752035997
1001
AcDbBlockRepETag
1070
1
1071
1595
1005
0
  0
LWPOLYLINE
  5
7E2C
330
1F
100
AcDbEntity
  8
ELE-1
  6
Continuous
100
AcDbPolyline
 90
6
 70
0
 10
18420.22595599701
 20
20891.22752035997
 10
18408.22595599701
 20
20891.22752035997
 42
0.4142135623729696
 10
18393.22595599701
 20
20876.22752035997
 10
18393.22595599724
 20
20571.22752035997
 42
0.4142135623732725
 10
18408.22595599724
 20
20556.22752035997
 10
18420.22595599724
 20
20556.22752035997
1001
AcDbBlockRepETag
1070
1
1071
1596
1005
0
  0
LWPOLYLINE
  5
7E2D
330
1F
100
AcDbEntity
  8
ELE-1
  6
Continuous
100
AcDbPolyline
 90
4
 70
1
 10
18430.22595599701
 20
20948.72752035974
 10
18430.22595599701
 20
20988.72752035974
 10
18420.22595599701
 20
20988.72752035974
 10
18420.22595599701
 20
20948.72752035974
1001
AcDbBlockRepETag
1070
1
1071
1597
1005
0
  0
LINE
  5
7E2E
330
1F
100
AcDbEntity
  8
ELE-2
100
AcDbLine
 10
18450.22595599724
 20
20423.72752035997
 30
0.0
 11
18575.22595581249
 21
20423.72752035997
 31
0.0
1001
AcDbBlockRepETag
1070
1
1071
1598
1005
0
  0
LINE
  5
7E2F
330
1F
100
AcDbEntity
  8
ELE-2
100
AcDbLine
 10
18450.22595599678
 20
20393.72752035997
 30
0.0
 11
18575.22595581203
 21
20393.72752035997
 31
0.0
1001
AcDbBlockRepETag
1070
1
1071
1599
1005
0
  0
LWPOLYLINE
  5
7E30
330
1F
100
AcDbEntity
  8
WID-S
100
AcDbPolyline
 90
4
 70
0
 10
18575.22595581249
 20
20413.72752035997
 10
18450.22595599724
 20
20413.72752035997
 10
18450.22595599678
 20
20403.72752035997
 10
18575.22595581203
 20
20403.72752035997
1001
AcDbBlockRepETag
1070
1
1071
1600
1005
0
  0
TEXT
  5
7E31
330
1F
100
AcDbEntity
  8
글씨
100
AcDbText
 10
16606.32876191874
 20
17126.12976651458
 30
0.0
 40
160.0
  1
갑
  7
굴림체
 72
1
 11
16715.26493213151
 21
17206.12976651458
 31
0.0
100
AcDbText
 73
2
  0
CIRCLE
  5
7E32
330
1F
100
AcDbEntity
  8
RXANNOT
100
AcDbCircle
 10
16715.88400212314
 20
17210.78591244953
 30
0.0
 40
138.4522072803172
  0
TEXT
  5
7E33
330
1F
100
AcDbEntity
  8
글씨
100
AcDbText
 10
16606.32876191851
 20
14591.142710493
 30
0.0
 40
160.0
  1
갑
  7
굴림체
 72
1
 11
16715.26493213128
 21
14671.142710493
 31
0.0
100
AcDbText
 73
2
  0
CIRCLE
  5
7E34
330
1F
100
AcDbEntity
  8
RXANNOT
100
AcDbCircle
 10
16715.88400212291
 20
14675.79885642795
 30
0.0
 40
138.4522072803172
  0
LINE
  5
7E35
330
1F
100
AcDbEntity
  8
CEN
100
AcDbLine
 10
16608.77011705324
 20
12353.72752030619
 30
0.0
 11
19264.20291219547
 21
12353.72752030619
 31
0.0
  0
TEXT
  5
7E36
330
1F
100
AcDbEntity
  8
TEXT
100
AcDbText
 10
14835.74254342119
 20
20474.96202716331
 30
0.0
 40
200.0
  1
확장형발코니
  7
굴림체
 72
1
 11
15652.76382001693
 21
20574.9620271633
 31
0.0
100
AcDbText
 73
2
  0
INSERT
  5
7E37
330
1F
100
AcDbEntity
  8
WAL
100
AcDbBlockReference
  2
ertkjelrky
 10
11235.22595582285
 20
22653.72752030619
 30
0.0
  0
TEXT
  5
7E38
330
1F
100
AcDbEntity
  8
TEXT
100
AcDbText
 10
25931.12642254063
 20
12337.44724083299
 30
0.0
 40
200.0
  1
확장형발코니
 50
270.0
  7
굴림체
 72
1
 11
26031.12642254064
 21
11520.42596423725
 31
0.0
100
AcDbText
 73
2
  0
LINE
  5
7E39
330
1F
100
AcDbEntity
  8
CEN
100
AcDbLine
 10
27988.30245278578
 20
17300.65102334978
 30
0.0
 11
22058.56340139138
 21
23230.39007471135
 31
0.0
  0
LINE
  5
7E3A
330
1F
100
AcDbEntity
  8
WAL
100
AcDbLine
 10
24113.92653265955
 20
21443.7275203057
 30
0.0
 11
24438.20539433882
 21
21119.4486586282
 31
0.0
  0
LINE
  5
7E3B
330
1F
100
AcDbEntity
  8
WAL
100
AcDbLine
 10
24155.34788889706
 20
21543.72752030523
 30
0.0
 11
24579.62675057603
 21
21119.44865862852
 31
0.0
  0
INSERT
  5
7E3C
330
1F
100
AcDbEntity
  8
COL
100
AcDbBlockReference
  2
3000RTREJY
 10
24445.27646215248
 20
20985.09837020241
 30
0.0
 50
315.0000000002948
  0
TEXT
  5
7E3D
330
1F
100
AcDbEntity
  8
TEXT
100
AcDbText
 10
12926.79533716559
 20
11303.50475087785
 30
0.0
 40
200.0
  1
발코니
  7
굴림체
 11
12926.79533716559
 21
11403.50475087785
 31
0.0
100
AcDbText
 73
2
  0
HATCH
  5
7E3E
330
1F
100
AcDbEntity
  8
HAT
100
AcDbHatch
 10
0.0
 20
0.0
 30
0.0
210
0.0
220
0.0
230
1.0
  2
NET
 70
0
 71
0
 91
1
 92
7
 72
0
 73
1
 93
16
 10
13935.22595580003
 20
12253.72752030595
 10
13917.22595580032
 20
12253.72752030493
 10
13917.22595580003
 20
12635.72752030619
 10
12753.22595571342
 20
12635.72752030618
 10
12753.22595570824
 20
11253.72752030602
 10
12903.12978676648
 20
11253.72752030596
 10
12903.12978676654
 20
11563.50475087784
 10
13759.08940375072
 20
11563.50475087785
 10
13759.08940375072
 20
11243.50475087784
 10
12903.12978676648
 20
11243.50475087783
 10
12903.12978676642
 20
11253.72752030596
 10
12753.22595570836
 20
11253.72752030602
 10
12753.22595570376
 20
10071.72752030619
 10
13917.22595579869
 20
10071.72752030619
 10
13917.22595579869
 20
10253.72752030485
 10
13935.22595579881
 20
10253.72752030485
 97
0
 75
0
 76
1
 52
0.0
 41
200.0
 77
0
 78
2
 53
0.0
 43
-338605.7970216305
 44
66452.4612411184
 45
0.0
 46
200.0
 79
0
 53
90.0
 43
-338605.7970216305
 44
66452.4612411184
 45
-200.0
 46
1.22e-14
 79
0
 47
6.692258840201028
 98
3
 10
13444.88959926751
 20
12025.7070666824
 10
13279.06462814996
 20
12102.6022739312
 10
13737.18293230328
 20
10546.14438626883
1001
ACAD
1010
103651.8526547773
1020
35173.53715615805
1030
0.0
  0
LWPOLYLINE
  5
7E3F
330
1F
100
AcDbEntity
  8
ETC
 62
6
100
AcDbPolyline
 90
4
 70
1
 10
12903.12978676648
 20
11243.50475087785
 10
12903.12978676648
 20
11563.50475087785
 10
13759.08940375072
 20
11563.50475087785
 10
13759.08940375072
 20
11243.50475087785
  0
INSERT
  5
7E40
330
1F
100
AcDbEntity
  8
COL
100
AcDbBlockReference
  2
l-209
 10
-17165.22595598979
 20
20052.16232877044
 30
0.0
 41
-1.0
 43
-1.0
 50
270.0
210
0.0
220
0.0
230
-1.0
  0
INSERT
  5
7E41
330
1F
100
AcDbEntity
  8
FIN
100
AcDbBlockReference
  2
A$C3AEE33D6
 10
17915.22590734518
 20
19672.52436582564
 30
0.0
 41
-1.0
 50
90.0
  0
LWPOLYLINE
  5
7E42
330
1F
100
AcDbEntity
  8
WID-S
100
AcDbPolyline
 90
16
 70
1
 10
14048.22595580498
 20
19710.72752038095
 10
14038.22595580498
 20
19710.72752038095
 10
14038.22595580498
 20
19710.72752038095
 10
14038.22595580498
 20
19710.72752038095
 10
14038.22595580498
 20
19710.72752038095
 10
14038.22595580498
 20
19710.72752038095
 10
14038.22595580498
 20
19666.72752038095
 10
14038.22595580498
 20
19666.72752038095
 10
14038.22595580498
 20
19666.72752038095
 10
14038.22595580498
 20
19666.72752038095
 10
14038.22595580498
 20
19666.72752038095
 10
14132.22595580498
 20
19666.72752038095
 10
14132.22595580498
 20
19710.72752038095
 10
14122.22595580498
 20
19710.72752038095
 10
14122.22595580498
 20
19695.72752038095
 10
14048.22595580498
 20
19695.72752038095
  0
LWPOLYLINE
  5
7E43
330
1F
100
AcDbEntity
  8
WID-S
100
AcDbPolyline
 90
16
 70
1
 10
14051.22595580498
 20
19713.72752038096
 10
14035.22595580498
 20
19713.72752038096
 10
14035.22595580498
 20
19713.72752038096
 10
14035.22595580498
 20
19713.72752038096
 10
14035.22595580498
 20
19713.72752038096
 10
14035.22595580498
 20
19713.72752038096
 10
14035.22595580498
 20
19663.72752038095
 10
14035.22595580498
 20
19663.72752038095
 10
14035.22595580498
 20
19663.72752038095
 10
14035.22595580498
 20
19663.72752038095
 10
14035.22595580498
 20
19663.72752038095
 10
14135.22595580498
 20
19663.72752038095
 10
14135.22595580498
 20
19713.72752038096
 10
14119.22595580498
 20
19713.72752038096
 10
14119.22595580498
 20
19698.72752038095
 10
14051.22595580498
 20
19698.72752038095
  0
LINE
  5
7E44
330
1F
100
AcDbEntity
  8
WID-S
100
AcDbLine
 10
14085.22595580498
 20
19698.72752038095
 30
0.0
 11
14085.22595580498
 21
19713.72752038096
 31
0.0
  0
LWPOLYLINE
  5
7E45
330
1F
100
AcDbEntity
  8
WID-S
100
AcDbPolyline
 90
4
 70
1
 10
14083.22595580545
 20
19783.72752038049
 10
14053.22595580545
 20
19783.72752038095
 10
14053.22595580591
 20
19703.72752038142
 10
14083.22595580545
 20
19703.72752038049
1001
INERCAD20
1000
UnNamed
1070
2001
1071
2
  0
LWPOLYLINE
  5
7E46
330
1F
100
AcDbEntity
  8
WID-S
100
AcDbPolyline
 90
4
 70
1
 10
14080.22595580545
 20
19780.72752038049
 10
14056.22595580545
 20
19780.72752038095
 10
14056.22595580591
 20
19706.72752038142
 10
14080.22595580545
 20
19706.72752038072
1001
INERCAD20
1000
UnNamed
1070
2001
1071
2
  0
LINE
  5
7E47
330
1F
100
AcDbEntity
  8
ELE-2
100
AcDbLine
 10
14119.22595580452
 20
19713.72752038096
 30
0.0
 11
14119.22595580498
 21
21093.72752038095
 31
0.0
1001
INERCAD20
1000
UnNamed
1070
2001
1071
4
  0
LINE
  5
7E48
330
1F
100
AcDbEntity
  8
ELE-2
100
AcDbLine
 10
14085.22595580545
 20
21093.72752038095
 30
0.0
 11
14085.22595580545
 21
19713.72752038049
 31
0.0
1001
INERCAD20
1000
UnNamed
1070
2001
1071
4
  0
LINE
  5
7E49
330
1F
100
AcDbEntity
  8
ELE-2
100
AcDbLine
 10
14135.22595580498
 20
19713.72752038096
 30
0.0
 11
14135.22595580545
 21
21093.72752038095
 31
0.0
1001
INERCAD20
1000
UnNamed
1070
2001
1071
4
  0
LINE
  5
7E4A
330
1F
100
AcDbEntity
  8
WID
100
AcDbLine
 10
14065.72595580591
 20
20363.72752038119
 30
0.0
 11
14065.72595580545
 21
19783.72752038142
 31
0.0
1001
INERCAD20
1000
UnNamed
1070
2001
1071
1
  0
LWPOLYLINE
  5
7E4B
330
1F
100
AcDbEntity
  8
WID-S
100
AcDbPolyline
 90
16
 70
1
 10
14051.22595580498
 20
21093.72752038119
 10
14035.22595580498
 20
21093.72752038119
 10
14035.22595580498
 20
21093.72752038119
 10
14035.22595580498
 20
21093.72752038119
 10
14035.22595580498
 20
21093.72752038119
 10
14035.22595580498
 20
21093.72752038119
 10
14035.22595580498
 20
21143.72752038119
 10
14035.22595580498
 20
21143.72752038119
 10
14035.22595580498
 20
21143.72752038119
 10
14035.22595580498
 20
21143.72752038119
 10
14035.22595580498
 20
21143.72752038119
 10
14135.22595580498
 20
21143.72752038119
 10
14135.22595580498
 20
21093.72752038119
 10
14119.22595580498
 20
21093.72752038119
 10
14119.22595580498
 20
21108.72752038119
 10
14051.22595580498
 20
21108.72752038119
  0
LWPOLYLINE
  5
7E4C
330
1F
100
AcDbEntity
  8
WID-S
100
AcDbPolyline
 90
16
 70
1
 10
14048.22595580498
 20
21096.72752038119
 10
14038.22595580498
 20
21096.72752038119
 10
14038.22595580498
 20
21096.72752038119
 10
14038.22595580498
 20
21096.72752038119
 10
14038.22595580498
 20
21096.72752038119
 10
14038.22595580498
 20
21096.72752038119
 10
14038.22595580498
 20
21140.72752038119
 10
14038.22595580498
 20
21140.72752038119
 10
14038.22595580498
 20
21140.72752038119
 10
14038.22595580498
 20
21140.72752038119
 10
14038.22595580498
 20
21140.72752038119
 10
14132.22595580498
 20
21140.72752038119
 10
14132.22595580498
 20
21096.72752038119
 10
14122.22595580498
 20
21096.72752038119
 10
14122.22595580498
 20
21111.72752038119
 10
14048.22595580498
 20
21111.72752038119
  0
LINE
  5
7E4D
330
1F
100
AcDbEntity
  8
WID-S
100
AcDbLine
 10
14085.22595580498
 20
21108.72752038119
 30
0.0
 11
14085.22595580498
 21
21093.72752038119
 31
0.0
  0
LWPOLYLINE
  5
7E4E
330
1F
100
AcDbEntity
  8
WID-S
100
AcDbPolyline
 90
4
 70
1
 10
14083.22595580545
 20
20363.72752038166
 10
14053.22595580545
 20
20363.72752038119
 10
14053.22595580591
 20
20443.72752038072
 10
14083.22595580545
 20
20443.72752038166
1001
INERCAD20
1000
UnNamed
1070
2001
1071
2
  0
LWPOLYLINE
  5
7E4F
330
1F
100
AcDbEntity
  8
WID-S
100
AcDbPolyline
 90
4
 70
1
 10
14080.22595580545
 20
20366.72752038165
 10
14056.22595580545
 20
20366.72752038142
 10
14056.22595580591
 20
20440.72752038096
 10
14080.22595580545
 20
20440.72752038165
1001
INERCAD20
1000
UnNamed
1070
2001
1071
2
  0
LINE
  5
7E50
330
1F
100
AcDbEntity
  8
ELE-2
100
AcDbLine
 10
14385.22595580655
 20
20403.72752038093
 30
0.0
 11
13785.22595580655
 21
20403.72752038116
 31
0.0
  0
LWPOLYLINE
  5
7E51
330
1F
100
AcDbEntity
  8
WID-S
100
AcDbPolyline
 90
4
 70
1
 10
14117.22595580591
 20
20363.72752038189
 10
14087.22595580591
 20
20363.72752038142
 10
14087.22595580638
 20
20443.72752038095
 10
14117.22595580591
 20
20443.72752038189
1001
INERCAD20
1000
UnNamed
1070
2001
1071
2
  0
LWPOLYLINE
  5
7E52
330
1F
100
AcDbEntity
  8
WID-S
100
AcDbPolyline
 90
4
 70
1
 10
14114.22595580591
 20
20366.72752038189
 10
14090.22595580591
 20
20366.72752038165
 10
14090.22595580638
 20
20440.72752038119
 10
14114.22595580591
 20
20440.72752038189
1001
INERCAD20
1000
UnNamed
1070
2001
1071
2
  0
LWPOLYLINE
  5
7E53
330
1F
100
AcDbEntity
  8
WID-S
100
AcDbPolyline
 90
4
 70
1
 10
14117.22595580498
 20
21023.72752038142
 10
14087.22595580498
 20
21023.72752038096
 10
14087.22595580545
 20
21103.72752038049
 10
14117.22595580498
 20
21103.72752038142
1001
INERCAD20
1000
UnNamed
1070
2001
1071
2
  0
LWPOLYLINE
  5
7E54
330
1F
100
AcDbEntity
  8
WID-S
100
AcDbPolyline
 90
4
 70
1
 10
14114.22595580498
 20
21026.72752038142
 10
14090.22595580498
 20
21026.72752038095
 10
14090.22595580545
 20
21100.72752038072
 10
14114.22595580498
 20
21100.72752038142
1001
INERCAD20
1000
UnNamed
1070
2001
1071
2
  0
LINE
  5
7E55
330
1F
100
AcDbEntity
  8
WID
100
AcDbLine
 10
14099.72595580591
 20
20443.72752038072
 30
0.0
 11
14099.72595580498
 21
21023.72752038049
 31
0.0
1001
INERCAD20
1000
UnNamed
1070
2001
1071
1
  0
LINE
  5
7E56
330
1F
100
AcDbEntity
  8
WID
100
AcDbLine
 10
14070.72595580591
 20
20363.72752038119
 30
0.0
 11
14070.72595580545
 21
19783.72752038142
 31
0.0
1001
INERCAD20
1000
UnNamed
1070
2001
1071
1
  0
LINE
  5
7E57
330
1F
100
AcDbEntity
  8
WID
100
AcDbLine
 10
14104.72595580591
 20
20443.72752038072
 30
0.0
 11
14104.72595580498
 21
21023.72752038049
 31
0.0
1001
INERCAD20
1000
UnNamed
1070
2001
1071
1
  0
ARC
  5
7E58
330
1F
100
AcDbEntity
  8
FIN
100
AcDbCircle
 10
14137.89262246917
 20
19658.72752037932
 30
0.0
 40
5.666666664074
100
AcDbArc
 50
118.0724868985788
 51
241.9275131014212
  0
ARC
  5
7E59
330
1F
100
AcDbEntity
  8
FIN
100
AcDbCircle
 10
14138.03928563016
 20
21148.72752038026
 30
0.0
 40
5.737144297840901
100
AcDbArc
 50
119.3649765583565
 51
240.6350234416434
  0
INSERT
  5
7E5A
330
1F
100
AcDbEntity
  8
COL
100
AcDbBlockReference
  2
2800RKEJTRLY
 10
19285.22595579794
 20
21253.7275203304
 30
0.0
  0
INSERT
  5
7E5B
330
1F
100
AcDbEntity
  8
COL
100
AcDbBlockReference
  2
2800RKEJTRLY
 10
19285.22595579771
 20
9953.727519925742
 30
0.0
 41
-1.0
 50
180.0
  0
INSERT
  5
7E5C
330
1F
100
AcDbEntity
  8
COL
100
AcDbBlockReference
  2
2800RKEJTRLY
 10
26835.22595586733
 20
10303.72752029268
 30
0.0
 41
-1.0
 50
270.0
  0
LWPOLYLINE
  5
7E5D
330
1F
100
AcDbEntity
  8
DEFPOINT
100
AcDbPolyline
 90
7
 70
1
 10
24035.22595580749
 20
21253.72752030619
 10
12035.22595581633
 20
21253.72752030619
 10
12035.22595581633
 20
16153.72752030664
 10
12635.2259557902
 20
16153.72752030356
 10
12635.22595575848
 20
9953.727520306187
 10
26835.22595586983
 20
9953.727520306187
 10
26835.22595582286
 20
18453.72752030619
  0
LWPOLYLINE
  5
7E5E
330
1F
100
AcDbEntity
  8
DEFPOINT
100
AcDbPolyline
 90
4
 70
1
 10
17035.2259559916
 20
21253.72752030619
 10
14085.22595580615
 20
21253.72752030619
 10
14085.22595580504
 20
19753.72752030619
 10
17035.2259559916
 20
19753.72752030619
  0
LWPOLYLINE
  5
7E5F
330
1F
100
AcDbEntity
  8
DEFPOINT
100
AcDbPolyline
 90
4
 70
1
 10
22635.22595580766
 20
21253.72752030619
 10
18735.22595580865
 20
21253.72752030619
 10
18735.22595580865
 20
19753.72752030619
 10
22635.22595580766
 20
19753.72752030619
  0
LWPOLYLINE
  5
7E60
330
1F
100
AcDbEntity
  8
DEFPOINT
100
AcDbPolyline
 90
4
 70
1
 10
26835.22595583363
 20
16453.72752030618
 10
25335.22595584975
 20
16453.72752030618
 10
25335.225955865
 20
9953.727520306187
 10
26835.22595585051
 20
9953.727520306187
  0
LWPOLYLINE
  5
7E61
330
1F
100
AcDbEntity
  8
DEFPOINT
100
AcDbPolyline
 90
4
 70
1
 10
14035.22595580003
 20
12753.72752030619
 10
12635.22595575848
 20
12753.72752030619
 10
12635.22595575848
 20
9953.727520306187
 10
14035.22595580003
 20
9953.727520306187
  0
LINE
  5
7E62
330
1F
100
AcDbEntity
  8
HID
100
AcDbLine
 10
25435.22595583566
 20
16353.72752030618
 30
0.0
 11
25435.22595584841
 21
13571.7275203063
 31
0.0
  0
LINE
  5
7E63
330
1F
100
AcDbEntity
  8
HID
100
AcDbLine
 10
25235.22595583636
 20
16353.72752030618
 30
0.0
 11
25235.22595584893
 21
13571.72752030633
 31
0.0
  0
DIMENSION
  5
7E64
330
1F
100
AcDbEntity
  8
RXDIM
100
AcDbDimension
280
0
  2
*D65
  3
NDIM 100
 10
12035.22595583612
 20
27018.52161431039
 30
0.0
 11
13060.2259558225
 21
27220.78225260827
 31
0.0
 70
32
 71
5
 42
-1.0
 73
0
 74
0
 75
0
100
AcDbAlignedDimension
 13
14085.22595580888
 23
25118.52161422378
 33
0.0
 14
12035.22595583612
 24
25118.52161423402
 34
0.0
 50
0.0
100
AcDbRotatedDimension
  0
INSERT
  5
7E65
330
1F
100
AcDbEntity
  8
WAL
100
AcDbBlockReference
  2
2000ertjhery
 10
26835.22595584241
 20
15953.72752030583
 30
0.0
  0
INSERT
  5
7E66
330
1F
100
AcDbEntity
  8
WAL
100
AcDbBlockReference
  2
2000ertjhery
 10
14735.22595581191
 20
21253.72752035892
 30
0.0
 50
90.0
  0
TEXT
  5
7E67
330
1F
100
AcDbEntity
  8
TEXT
100
AcDbText
 10
20297.85857534688
 20
18174.22546674445
 30
0.0
 40
200.0
  1
202호
  7
굴림체
 11
20297.85857534688
 21
18274.22546674445
 31
0.0
100
AcDbText
 73
2
  0
LWPOLYLINE
  5
7E68
330
1F
100
AcDbEntity
  8
WAL
 62
6
100
AcDbPolyline
 90
4
 70
1
 10
20237.85857534688
 20
18114.22546674445
 10
20237.85857534688
 20
18434.22546674445
 10
21012.43301965878
 20
18434.22546674445
 10
21012.43301965878
 20
18114.22546674445
  0
TEXT
  5
7E69
330
1F
100
AcDbEntity
  8
TEXT
100
AcDbText
 10
20297.85857534688
 20
12930.6371663895
 30
0.0
 40
200.0
  1
201호
  7
굴림체
 11
20297.85857534688
 21
13030.6371663895
 31
0.0
100
AcDbText
 73
2
  0
LWPOLYLINE
  5
7E6A
330
1F
100
AcDbEntity
  8
WAL
 62
6
100
AcDbPolyline
 90
4
 70
1
 10
20237.85857534688
 20
12870.6371663895
 10
20237.85857534688
 20
13190.6371663895
 10
21012.43301965878
 20
13190.6371663895
 10
21012.43301965878
 20
12870.6371663895
  0
LINE
  5
7E6B
330
1F
100
AcDbEntity
  8
CEN
100
AcDbLine
 10
8185.229058673256
 20
14153.72752039326
 30
0.0
 11
19194.97443337307
 21
14153.72752039326
 31
0.0
  0
LWPOLYLINE
  5
7E6C
330
1F
100
AcDbEntity
  8
WID-S
100
AcDbPolyline
 90
16
 70
1
 10
14072.22595582058
 20
12196.72752030592
 10
14082.22595582058
 20
12196.72752030592
 10
14082.22595582058
 20
12196.72752030592
 10
14082.22595582058
 20
12196.72752030592
 10
14082.22595582058
 20
12196.72752030592
 10
14082.22595582058
 20
12196.72752030592
 10
14082.22595582058
 20
12240.72752030592
 10
14082.22595582058
 20
12240.72752030592
 10
14082.22595582058
 20
12240.72752030592
 10
14082.22595582058
 20
12240.72752030592
 10
14082.22595582058
 20
12240.72752030592
 10
13988.22595582058
 20
12240.72752030592
 10
13988.22595582058
 20
12196.72752030592
 10
13998.22595582058
 20
12196.72752030592
 10
13998.22595582058
 20
12211.72752030592
 10
14072.22595582058
 20
12211.72752030592
  0
LWPOLYLINE
  5
7E6D
330
1F
100
AcDbEntity
  8
WID-S
100
AcDbPolyline
 90
16
 70
1
 10
14069.22595582058
 20
12193.72752030592
 10
14085.22595582058
 20
12193.72752030592
 10
14085.22595582058
 20
12193.72752030592
 10
14085.22595582058
 20
12193.72752030592
 10
14085.22595582058
 20
12193.72752030592
 10
14085.22595582058
 20
12193.72752030592
 10
14085.22595582058
 20
12243.72752030592
 10
14085.22595582058
 20
12243.72752030592
 10
14085.22595582058
 20
12243.72752030592
 10
14085.22595582058
 20
12243.72752030592
 10
14085.22595582058
 20
12243.72752030592
 10
13985.22595582058
 20
12243.72752030592
 10
13985.22595582058
 20
12193.72752030592
 10
14001.22595582058
 20
12193.72752030592
 10
14001.22595582058
 20
12208.72752030592
 10
14069.22595582058
 20
12208.72752030592
  0
LINE
  5
7E6E
330
1F
100
AcDbEntity
  8
WID-S
100
AcDbLine
 10
14035.22595582058
 20
12208.72752030592
 30
0.0
 11
14035.22595582058
 21
12193.72752030592
 31
0.0
  0
LWPOLYLINE
  5
7E6F
330
1F
100
AcDbEntity
  8
WID-S
100
AcDbPolyline
 90
4
 70
1
 10
14037.22595582012
 20
12123.72752030639
 10
14067.22595582012
 20
12123.72752030592
 10
14067.22595581965
 20
12203.72752030546
 10
14037.22595582012
 20
12203.72752030639
1001
INERCAD20
1000
UnNamed
1070
2001
1071
2
  0
LWPOLYLINE
  5
7E70
330
1F
100
AcDbEntity
  8
WID-S
100
AcDbPolyline
 90
4
 70
1
 10
14040.22595582012
 20
12126.72752030639
 10
14064.22595582012
 20
12126.72752030592
 10
14064.22595581965
 20
12200.72752030546
 10
14040.22595582012
 20
12200.72752030616
1001
INERCAD20
1000
UnNamed
1070
2001
1071
2
  0
LINE
  5
7E71
330
1F
100
AcDbEntity
  8
ELE-2
100
AcDbLine
 10
14001.22595582105
 20
12193.72752030592
 30
0.0
 11
14001.22595582058
 21
10313.72752030592
 31
0.0
1001
INERCAD20
1000
UnNamed
1070
2001
1071
4
  0
LINE
  5
7E72
330
1F
100
AcDbEntity
  8
ELE-2
100
AcDbLine
 10
14069.22595582058
 20
12193.72752030639
 30
0.0
 11
14069.22595582012
 21
10313.72752030592
 31
0.0
1001
INERCAD20
1000
UnNamed
1070
2001
1071
4
  0
LINE
  5
7E73
330
1F
100
AcDbEntity
  8
ELE-2
100
AcDbLine
 10
14035.22595582012
 20
10313.72752030592
 30
0.0
 11
14035.22595582012
 21
12193.72752030639
 31
0.0
1001
INERCAD20
1000
UnNamed
1070
2001
1071
4
  0
LINE
  5
7E74
330
1F
100
AcDbEntity
  8
ELE-2
100
AcDbLine
 10
13985.22595582058
 20
12193.72752030592
 30
0.0
 11
13985.22595582012
 21
10313.72752030592
 31
0.0
1001
INERCAD20
1000
UnNamed
1070
2001
1071
4
  0
LINE
  5
7E75
330
1F
100
AcDbEntity
  8
WID
100
AcDbLine
 10
14054.72595581965
 20
11293.72752030569
 30
0.0
 11
14054.72595582012
 21
12123.72752030546
 31
0.0
1001
INERCAD20
1000
UnNamed
1070
2001
1071
1
  0
LWPOLYLINE
  5
7E76
330
1F
100
AcDbEntity
  8
WID-S
100
AcDbPolyline
 90
16
 70
1
 10
14069.22595582058
 20
10313.72752030569
 10
14085.22595582058
 20
10313.72752030569
 10
14085.22595582058
 20
10313.72752030569
 10
14085.22595582058
 20
10313.72752030569
 10
14085.22595582058
 20
10313.72752030569
 10
14085.22595582058
 20
10313.72752030569
 10
14085.22595582058
 20
10263.72752030569
 10
14085.22595582058
 20
10263.72752030569
 10
14085.22595582058
 20
10263.72752030569
 10
14085.22595582058
 20
10263.72752030569
 10
14085.22595582058
 20
10263.72752030569
 10
13985.22595582058
 20
10263.72752030569
 10
13985.22595582058
 20
10313.72752030569
 10
14001.22595582058
 20
10313.72752030569
 10
14001.22595582058
 20
10298.72752030569
 10
14069.22595582058
 20
10298.72752030569
  0
LINE
  5
7E77
330
1F
100
AcDbEntity
  8
ELE-2
100
AcDbLine
 10
14085.22595582058
 20
12193.72752030592
 30
0.0
 11
14085.22595582012
 21
10313.72752030592
 31
0.0
1001
INERCAD20
1000
UnNamed
1070
2001
1071
4
  0
LWPOLYLINE
  5
7E78
330
1F
100
AcDbEntity
  8
WID-S
100
AcDbPolyline
 90
16
 70
1
 10
14072.22595582058
 20
10310.72752030569
 10
14082.22595582058
 20
10310.72752030569
 10
14082.22595582058
 20
10310.72752030569
 10
14082.22595582058
 20
10310.72752030569
 10
14082.22595582058
 20
10310.72752030569
 10
14082.22595582058
 20
10310.72752030569
 10
14082.22595582058
 20
10266.72752030569
 10
14082.22595582058
 20
10266.72752030569
 10
14082.22595582058
 20
10266.72752030569
 10
14082.22595582058
 20
10266.72752030569
 10
14082.22595582058
 20
10266.72752030569
 10
13988.22595582058
 20
10266.72752030569
 10
13988.22595582058
 20
10310.72752030569
 10
13998.22595582058
 20
10310.72752030569
 10
13998.22595582058
 20
10295.72752030569
 10
14072.22595582058
 20
10295.72752030569
  0
LINE
  5
7E79
330
1F
100
AcDbEntity
  8
WID-S
100
AcDbLine
 10
14035.22595582058
 20
10298.72752030569
 30
0.0
 11
14035.22595582058
 21
10313.72752030569
 31
0.0
  0
LWPOLYLINE
  5
7E7A
330
1F
100
AcDbEntity
  8
WID-S
100
AcDbPolyline
 90
4
 70
1
 10
14037.22595582012
 20
11293.72752030523
 10
14067.22595582012
 20
11293.72752030569
 10
14067.22595581965
 20
11213.72752030616
 10
14037.22595582012
 20
11213.72752030523
1001
INERCAD20
1000
UnNamed
1070
2001
1071
2
  0
LWPOLYLINE
  5
7E7B
330
1F
100
AcDbEntity
  8
WID-S
100
AcDbPolyline
 90
4
 70
1
 10
14040.22595582012
 20
11290.72752030523
 10
14064.22595582012
 20
11290.72752030546
 10
14064.22595581965
 20
11216.72752030592
 10
14040.22595582012
 20
11216.72752030522
1001
INERCAD20
1000
UnNamed
1070
2001
1071
2
  0
LINE
  5
7E7C
330
1F
100
AcDbEntity
  8
ELE-2
100
AcDbLine
 10
13785.22595582058
 20
11253.72752030592
 30
0.0
 11
14385.22595582058
 21
11253.72752030569
 31
0.0
  0
LWPOLYLINE
  5
7E7D
330
1F
100
AcDbEntity
  8
WID-S
100
AcDbPolyline
 90
4
 70
1
 10
14003.22595581965
 20
11293.72752030499
 10
14033.22595581965
 20
11293.72752030546
 10
14033.22595581919
 20
11213.72752030592
 10
14003.22595581965
 20
11213.72752030499
1001
INERCAD20
1000
UnNamed
1070
2001
1071
2
  0
LWPOLYLINE
  5
7E7E
330
1F
100
AcDbEntity
  8
WID-S
100
AcDbPolyline
 90
4
 70
1
 10
14006.22595581965
 20
11290.72752030499
 10
14030.22595581965
 20
11290.72752030523
 10
14030.22595581919
 20
11216.72752030569
 10
14006.22595581965
 20
11216.72752030499
1001
INERCAD20
1000
UnNamed
1070
2001
1071
2
  0
LWPOLYLINE
  5
7E7F
330
1F
100
AcDbEntity
  8
WID-S
100
AcDbPolyline
 90
4
 70
1
 10
14003.22595582058
 20
10383.72752030546
 10
14033.22595582058
 20
10383.72752030592
 10
14033.22595582012
 20
10303.72752030639
 10
14003.22595582058
 20
10303.72752030546
1001
INERCAD20
1000
UnNamed
1070
2001
1071
2
  0
LWPOLYLINE
  5
7E80
330
1F
100
AcDbEntity
  8
WID-S
100
AcDbPolyline
 90
4
 70
1
 10
14006.22595582058
 20
10380.72752030546
 10
14030.22595582058
 20
10380.72752030592
 10
14030.22595582012
 20
10306.72752030616
 10
14006.22595582058
 20
10306.72752030546
1001
INERCAD20
1000
UnNamed
1070
2001
1071
2
  0
LINE
  5
7E81
330
1F
100
AcDbEntity
  8
WID
100
AcDbLine
 10
14020.72595581965
 20
11213.72752030616
 30
0.0
 11
14020.72595582058
 21
10383.72752030639
 31
0.0
1001
INERCAD20
1000
UnNamed
1070
2001
1071
1
  0
LINE
  5
7E82
330
1F
100
AcDbEntity
  8
ELE-2
100
AcDbLine
 10
14085.22595582058
 20
12193.72752030592
 30
0.0
 11
14085.22595582012
 21
10313.72752030592
 31
0.0
1001
INERCAD20
1000
UnNamed
1070
2001
1071
4
  0
LINE
  5
7E83
330
1F
100
AcDbEntity
  8
WID
100
AcDbLine
 10
14049.72595581965
 20
11293.72752030569
 30
0.0
 11
14049.72595582012
 21
12123.72752030546
 31
0.0
1001
INERCAD20
1000
UnNamed
1070
2001
1071
1
  0
LINE
  5
7E84
330
1F
100
AcDbEntity
  8
WID
100
AcDbLine
 10
14015.72595581965
 20
11213.72752030616
 30
0.0
 11
14015.72595582058
 21
10383.72752030639
 31
0.0
1001
INERCAD20
1000
UnNamed
1070
2001
1071
1
  0
ARC
  5
7E85
330
1F
100
AcDbEntity
  8
FIN
100
AcDbCircle
 10
13982.5592891564
 20
12248.72752030755
 30
0.0
 40
5.666666664074
100
AcDbArc
 50
298.0724868985788
 51
61.92751310142117
  0
ARC
  5
7E86
330
1F
100
AcDbEntity
  8
FIN
100
AcDbCircle
 10
13982.4126259954
 20
10258.72752030662
 30
0.0
 40
5.737144297840901
100
AcDbArc
 50
299.3649765620808
 51
60.63502343791918
  0
LWPOLYLINE
  5
7E87
330
1F
100
AcDbEntity
  8
WID-S
100
AcDbPolyline
 90
16
 70
1
 10
12622.22595576563
 20
12096.72752030618
 10
12632.22595576563
 20
12096.72752030618
 10
12632.22595576563
 20
12096.72752030618
 10
12632.22595576563
 20
12096.72752030618
 10
12632.22595576563
 20
12096.72752030618
 10
12632.22595576563
 20
12096.72752030618
 10
12632.22595576563
 20
12140.72752030618
 10
12632.22595576563
 20
12140.72752030618
 10
12632.22595576563
 20
12140.72752030618
 10
12632.22595576563
 20
12140.72752030618
 10
12632.22595576563
 20
12140.72752030618
 10
12538.22595576563
 20
12140.72752030618
 10
12538.22595576563
 20
12096.72752030618
 10
12548.22595576563
 20
12096.72752030618
 10
12548.22595576563
 20
12111.72752030619
 10
12622.22595576563
 20
12111.72752030619
  0
LWPOLYLINE
  5
7E88
330
1F
100
AcDbEntity
  8
WID-S
100
AcDbPolyline
 90
16
 70
1
 10
12619.22595576563
 20
12093.72752030619
 10
12635.22595576563
 20
12093.72752030619
 10
12635.22595576563
 20
12093.72752030619
 10
12635.22595576563
 20
12093.72752030619
 10
12635.22595576563
 20
12093.72752030619
 10
12635.22595576563
 20
12093.72752030619
 10
12635.22595576563
 20
12143.72752030618
 10
12635.22595576563
 20
12143.72752030618
 10
12635.22595576563
 20
12143.72752030618
 10
12635.22595576563
 20
12143.72752030618
 10
12635.22595576563
 20
12143.72752030618
 10
12535.22595576563
 20
12143.72752030618
 10
12535.22595576563
 20
12093.72752030619
 10
12551.22595576563
 20
12093.72752030619
 10
12551.22595576563
 20
12108.72752030619
 10
12619.22595576563
 20
12108.72752030619
  0
LINE
  5
7E89
330
1F
100
AcDbEntity
  8
WID-S
100
AcDbLine
 10
12585.22595576563
 20
12108.72752030619
 30
0.0
 11
12585.22595576563
 21
12093.72752030619
 31
0.0
  0
LWPOLYLINE
  5
7E8A
330
1F
100
AcDbEntity
  8
WID-S
100
AcDbPolyline
 90
4
 70
1
 10
12587.22595576517
 20
12023.72752030665
 10
12617.22595576517
 20
12023.72752030619
 10
12617.2259557647
 20
12103.72752030572
 10
12587.22595576517
 20
12103.72752030665
1001
INERCAD20
1000
UnNamed
1070
2001
1071
2
  0
LWPOLYLINE
  5
7E8B
330
1F
100
AcDbEntity
  8
WID-S
100
AcDbPolyline
 90
4
 70
1
 10
12590.22595576517
 20
12026.72752030665
 10
12614.22595576517
 20
12026.72752030619
 10
12614.2259557647
 20
12100.72752030572
 10
12590.22595576517
 20
12100.72752030642
1001
INERCAD20
1000
UnNamed
1070
2001
1071
2
  0
LINE
  5
7E8C
330
1F
100
AcDbEntity
  8
ELE-2
100
AcDbLine
 10
12551.2259557661
 20
12093.72752030619
 30
0.0
 11
12551.22595576563
 21
10313.72752030619
 31
0.0
1001
INERCAD20
1000
UnNamed
1070
2001
1071
4
  0
LINE
  5
7E8D
330
1F
100
AcDbEntity
  8
ELE-2
100
AcDbLine
 10
12619.22595576563
 20
12093.72752030665
 30
0.0
 11
12619.22595576517
 21
10313.72752030619
 31
0.0
1001
INERCAD20
1000
UnNamed
1070
2001
1071
4
  0
LINE
  5
7E8E
330
1F
100
AcDbEntity
  8
ELE-2
100
AcDbLine
 10
12585.22595576517
 20
10313.72752030619
 30
0.0
 11
12585.22595576517
 21
12093.72752030665
 31
0.0
1001
INERCAD20
1000
UnNamed
1070
2001
1071
4
  0
LINE
  5
7E8F
330
1F
100
AcDbEntity
  8
ELE-2
100
AcDbLine
 10
12535.22595576563
 20
12093.72752030619
 30
0.0
 11
12535.22595576517
 21
10313.72752030619
 31
0.0
1001
INERCAD20
1000
UnNamed
1070
2001
1071
4
  0
LINE
  5
7E90
330
1F
100
AcDbEntity
  8
WID
100
AcDbLine
 10
12604.7259557647
 20
11243.72752030595
 30
0.0
 11
12604.72595576517
 21
12023.72752030572
 31
0.0
1001
INERCAD20
1000
UnNamed
1070
2001
1071
1
  0
LWPOLYLINE
  5
7E91
330
1F
100
AcDbEntity
  8
WID-S
100
AcDbPolyline
 90
16
 70
1
 10
12619.22595576563
 20
10313.72752030595
 10
12635.22595576563
 20
10313.72752030595
 10
12635.22595576563
 20
10313.72752030595
 10
12635.22595576563
 20
10313.72752030595
 10
12635.22595576563
 20
10313.72752030595
 10
12635.22595576563
 20
10313.72752030595
 10
12635.22595576563
 20
10263.72752030595
 10
12635.22595576563
 20
10263.72752030595
 10
12635.22595576563
 20
10263.72752030595
 10
12635.22595576563
 20
10263.72752030595
 10
12635.22595576563
 20
10263.72752030595
 10
12535.22595576563
 20
10263.72752030595
 10
12535.22595576563
 20
10313.72752030595
 10
12551.22595576563
 20
10313.72752030595
 10
12551.22595576563
 20
10298.72752030595
 10
12619.22595576563
 20
10298.72752030595
  0
LINE
  5
7E92
330
1F
100
AcDbEntity
  8
ELE-2
100
AcDbLine
 10
12635.22595576563
 20
12093.72752030619
 30
0.0
 11
12635.22595576517
 21
10313.72752030619
 31
0.0
1001
INERCAD20
1000
UnNamed
1070
2001
1071
4
  0
LWPOLYLINE
  5
7E93
330
1F
100
AcDbEntity
  8
WID-S
100
AcDbPolyline
 90
16
 70
1
 10
12622.22595576563
 20
10310.72752030595
 10
12632.22595576563
 20
10310.72752030595
 10
12632.22595576563
 20
10310.72752030595
 10
12632.22595576563
 20
10310.72752030595
 10
12632.22595576563
 20
10310.72752030595
 10
12632.22595576563
 20
10310.72752030595
 10
12632.22595576563
 20
10266.72752030595
 10
12632.22595576563
 20
10266.72752030595
 10
12632.22595576563
 20
10266.72752030595
 10
12632.22595576563
 20
10266.72752030595
 10
12632.22595576563
 20
10266.72752030595
 10
12538.22595576563
 20
10266.72752030595
 10
12538.22595576563
 20
10310.72752030595
 10
12548.22595576563
 20
10310.72752030595
 10
12548.22595576563
 20
10295.72752030595
 10
12622.22595576563
 20
10295.72752030595
  0
LINE
  5
7E94
330
1F
100
AcDbEntity
  8
WID-S
100
AcDbLine
 10
12585.22595576563
 20
10298.72752030595
 30
0.0
 11
12585.22595576563
 21
10313.72752030595
 31
0.0
  0
LWPOLYLINE
  5
7E95
330
1F
100
AcDbEntity
  8
WID-S
100
AcDbPolyline
 90
4
 70
1
 10
12587.22595576517
 20
11243.72752030549
 10
12617.22595576517
 20
11243.72752030595
 10
12617.2259557647
 20
11163.72752030642
 10
12587.22595576517
 20
11163.72752030549
1001
INERCAD20
1000
UnNamed
1070
2001
1071
2
  0
LWPOLYLINE
  5
7E96
330
1F
100
AcDbEntity
  8
WID-S
100
AcDbPolyline
 90
4
 70
1
 10
12590.22595576517
 20
11240.72752030549
 10
12614.22595576517
 20
11240.72752030572
 10
12614.2259557647
 20
11166.72752030618
 10
12590.22595576517
 20
11166.72752030549
1001
INERCAD20
1000
UnNamed
1070
2001
1071
2
  0
LINE
  5
7E97
330
1F
100
AcDbEntity
  8
ELE-2
100
AcDbLine
 10
12335.22595576563
 20
11203.72752030619
 30
0.0
 11
12935.22595576563
 21
11203.72752030595
 31
0.0
  0
LWPOLYLINE
  5
7E98
330
1F
100
AcDbEntity
  8
WID-S
100
AcDbPolyline
 90
4
 70
1
 10
12553.2259557647
 20
11243.72752030525
 10
12583.2259557647
 20
11243.72752030572
 10
12583.22595576424
 20
11163.72752030619
 10
12553.2259557647
 20
11163.72752030525
1001
INERCAD20
1000
UnNamed
1070
2001
1071
2
  0
LWPOLYLINE
  5
7E99
330
1F
100
AcDbEntity
  8
WID-S
100
AcDbPolyline
 90
4
 70
1
 10
12556.2259557647
 20
11240.72752030525
 10
12580.2259557647
 20
11240.72752030549
 10
12580.22595576424
 20
11166.72752030595
 10
12556.2259557647
 20
11166.72752030525
1001
INERCAD20
1000
UnNamed
1070
2001
1071
2
  0
LWPOLYLINE
  5
7E9A
330
1F
100
AcDbEntity
  8
WID-S
100
AcDbPolyline
 90
4
 70
1
 10
12553.22595576563
 20
10383.72752030572
 10
12583.22595576564
 20
10383.72752030618
 10
12583.22595576517
 20
10303.72752030665
 10
12553.22595576563
 20
10303.72752030572
1001
INERCAD20
1000
UnNamed
1070
2001
1071
2
  0
LWPOLYLINE
  5
7E9B
330
1F
100
AcDbEntity
  8
WID-S
100
AcDbPolyline
 90
4
 70
1
 10
12556.22595576563
 20
10380.72752030572
 10
12580.22595576563
 20
10380.72752030618
 10
12580.22595576517
 20
10306.72752030642
 10
12556.22595576563
 20
10306.72752030572
1001
INERCAD20
1000
UnNamed
1070
2001
1071
2
  0
LINE
  5
7E9C
330
1F
100
AcDbEntity
  8
WID
100
AcDbLine
 10
12570.7259557647
 20
11163.72752030642
 30
0.0
 11
12570.72595576563
 21
10383.72752030665
 31
0.0
1001
INERCAD20
1000
UnNamed
1070
2001
1071
1
  0
LWPOLYLINE
  5
7E9D
330
1F
100
AcDbEntity
  8
WID-S
100
AcDbPolyline
 90
16
 70
1
 10
12722.22595576563
 20
12096.72752030618
 10
12732.22595576563
 20
12096.72752030618
 10
12732.22595576563
 20
12096.72752030618
 10
12732.22595576563
 20
12096.72752030618
 10
12732.22595576563
 20
12096.72752030618
 10
12732.22595576563
 20
12096.72752030618
 10
12732.22595576563
 20
12140.72752030618
 10
12732.22595576563
 20
12140.72752030618
 10
12732.22595576563
 20
12140.72752030618
 10
12732.22595576563
 20
12140.72752030618
 10
12732.22595576563
 20
12140.72752030618
 10
12638.22595576563
 20
12140.72752030618
 10
12638.22595576563
 20
12096.72752030618
 10
12648.22595576563
 20
12096.72752030618
 10
12648.22595576563
 20
12111.72752030619
 10
12722.22595576563
 20
12111.72752030619
  0
LWPOLYLINE
  5
7E9E
330
1F
100
AcDbEntity
  8
WID-S
100
AcDbPolyline
 90
16
 70
1
 10
12719.22595576563
 20
12093.72752030619
 10
12735.22595576563
 20
12093.72752030619
 10
12735.22595576563
 20
12093.72752030619
 10
12735.22595576563
 20
12093.72752030619
 10
12735.22595576563
 20
12093.72752030619
 10
12735.22595576563
 20
12093.72752030619
 10
12735.22595576563
 20
12143.72752030618
 10
12735.22595576563
 20
12143.72752030618
 10
12735.22595576563
 20
12143.72752030618
 10
12735.22595576563
 20
12143.72752030618
 10
12735.22595576563
 20
12143.72752030618
 10
12635.22595576563
 20
12143.72752030618
 10
12635.22595576563
 20
12093.72752030619
 10
12651.22595576563
 20
12093.72752030619
 10
12651.22595576563
 20
12108.72752030619
 10
12719.22595576563
 20
12108.72752030619
  0
LINE
  5
7E9F
330
1F
100
AcDbEntity
  8
WID-S
100
AcDbLine
 10
12685.22595576563
 20
12108.72752030619
 30
0.0
 11
12685.22595576563
 21
12093.72752030619
 31
0.0
  0
LWPOLYLINE
  5
7EA0
330
1F
100
AcDbEntity
  8
WID-S
100
AcDbPolyline
 90
4
 70
1
 10
12687.22595576517
 20
12023.72752030665
 10
12717.22595576517
 20
12023.72752030619
 10
12717.2259557647
 20
12103.72752030572
 10
12687.22595576517
 20
12103.72752030665
1001
INERCAD20
1000
UnNamed
1070
2001
1071
2
  0
LWPOLYLINE
  5
7EA1
330
1F
100
AcDbEntity
  8
WID-S
100
AcDbPolyline
 90
4
 70
1
 10
12690.22595576517
 20
12026.72752030665
 10
12714.22595576517
 20
12026.72752030619
 10
12714.2259557647
 20
12100.72752030572
 10
12690.22595576517
 20
12100.72752030642
1001
INERCAD20
1000
UnNamed
1070
2001
1071
2
  0
LINE
  5
7EA2
330
1F
100
AcDbEntity
  8
ELE-2
100
AcDbLine
 10
12651.2259557661
 20
12093.72752030619
 30
0.0
 11
12651.22595576563
 21
10313.72752030619
 31
0.0
1001
INERCAD20
1000
UnNamed
1070
2001
1071
4
  0
LINE
  5
7EA3
330
1F
100
AcDbEntity
  8
ELE-2
100
AcDbLine
 10
12719.22595576563
 20
12093.72752030665
 30
0.0
 11
12719.22595576517
 21
10313.72752030619
 31
0.0
1001
INERCAD20
1000
UnNamed
1070
2001
1071
4
  0
LINE
  5
7EA4
330
1F
100
AcDbEntity
  8
ELE-2
100
AcDbLine
 10
12685.22595576517
 20
10313.72752030619
 30
0.0
 11
12685.22595576517
 21
12093.72752030665
 31
0.0
1001
INERCAD20
1000
UnNamed
1070
2001
1071
4
  0
LINE
  5
7EA5
330
1F
100
AcDbEntity
  8
ELE-2
100
AcDbLine
 10
12635.22595576563
 20
12093.72752030619
 30
0.0
 11
12635.22595576517
 21
10313.72752030619
 31
0.0
1001
INERCAD20
1000
UnNamed
1070
2001
1071
4
  0
LINE
  5
7EA6
330
1F
100
AcDbEntity
  8
WID
100
AcDbLine
 10
12704.7259557647
 20
11243.72752030595
 30
0.0
 11
12704.72595576517
 21
12023.72752030572
 31
0.0
1001
INERCAD20
1000
UnNamed
1070
2001
1071
1
  0
LWPOLYLINE
  5
7EA7
330
1F
100
AcDbEntity
  8
WID-S
100
AcDbPolyline
 90
16
 70
1
 10
12719.22595576563
 20
10313.72752030595
 10
12735.22595576563
 20
10313.72752030595
 10
12735.22595576563
 20
10313.72752030595
 10
12735.22595576563
 20
10313.72752030595
 10
12735.22595576563
 20
10313.72752030595
 10
12735.22595576563
 20
10313.72752030595
 10
12735.22595576563
 20
10263.72752030595
 10
12735.22595576563
 20
10263.72752030595
 10
12735.22595576563
 20
10263.72752030595
 10
12735.22595576563
 20
10263.72752030595
 10
12735.22595576563
 20
10263.72752030595
 10
12635.22595576563
 20
10263.72752030595
 10
12635.22595576563
 20
10313.72752030595
 10
12651.22595576563
 20
10313.72752030595
 10
12651.22595576563
 20
10298.72752030595
 10
12719.22595576563
 20
10298.72752030595
  0
LINE
  5
7EA8
330
1F
100
AcDbEntity
  8
ELE-2
100
AcDbLine
 10
12735.22595576563
 20
12093.72752030619
 30
0.0
 11
12735.22595576517
 21
10313.72752030619
 31
0.0
1001
INERCAD20
1000
UnNamed
1070
2001
1071
4
  0
LWPOLYLINE
  5
7EA9
330
1F
100
AcDbEntity
  8
WID-S
100
AcDbPolyline
 90
16
 70
1
 10
12722.22595576563
 20
10310.72752030595
 10
12732.22595576563
 20
10310.72752030595
 10
12732.22595576563
 20
10310.72752030595
 10
12732.22595576563
 20
10310.72752030595
 10
12732.22595576563
 20
10310.72752030595
 10
12732.22595576563
 20
10310.72752030595
 10
12732.22595576563
 20
10266.72752030595
 10
12732.22595576563
 20
10266.72752030595
 10
12732.22595576563
 20
10266.72752030595
 10
12732.22595576563
 20
10266.72752030595
 10
12732.22595576563
 20
10266.72752030595
 10
12638.22595576563
 20
10266.72752030595
 10
12638.22595576563
 20
10310.72752030595
 10
12648.22595576563
 20
10310.72752030595
 10
12648.22595576563
 20
10295.72752030595
 10
12722.22595576563
 20
10295.72752030595
  0
LINE
  5
7EAA
330
1F
100
AcDbEntity
  8
WID-S
100
AcDbLine
 10
12685.22595576563
 20
10298.72752030595
 30
0.0
 11
12685.22595576563
 21
10313.72752030595
 31
0.0
  0
LWPOLYLINE
  5
7EAB
330
1F
100
AcDbEntity
  8
WID-S
100
AcDbPolyline
 90
4
 70
1
 10
12687.22595576517
 20
11243.72752030549
 10
12717.22595576517
 20
11243.72752030595
 10
12717.2259557647
 20
11163.72752030642
 10
12687.22595576517
 20
11163.72752030549
1001
INERCAD20
1000
UnNamed
1070
2001
1071
2
  0
LWPOLYLINE
  5
7EAC
330
1F
100
AcDbEntity
  8
WID-S
100
AcDbPolyline
 90
4
 70
1
 10
12690.22595576517
 20
11240.72752030549
 10
12714.22595576517
 20
11240.72752030572
 10
12714.2259557647
 20
11166.72752030618
 10
12690.22595576517
 20
11166.72752030549
1001
INERCAD20
1000
UnNamed
1070
2001
1071
2
  0
LWPOLYLINE
  5
7EAD
330
1F
100
AcDbEntity
  8
WID-S
100
AcDbPolyline
 90
4
 70
1
 10
12653.2259557647
 20
11243.72752030525
 10
12683.2259557647
 20
11243.72752030572
 10
12683.22595576424
 20
11163.72752030619
 10
12653.2259557647
 20
11163.72752030525
1001
INERCAD20
1000
UnNamed
1070
2001
1071
2
  0
LWPOLYLINE
  5
7EAE
330
1F
100
AcDbEntity
  8
WID-S
100
AcDbPolyline
 90
4
 70
1
 10
12656.2259557647
 20
11240.72752030525
 10
12680.2259557647
 20
11240.72752030549
 10
12680.22595576424
 20
11166.72752030595
 10
12656.2259557647
 20
11166.72752030525
1001
INERCAD20
1000
UnNamed
1070
2001
1071
2
  0
LWPOLYLINE
  5
7EAF
330
1F
100
AcDbEntity
  8
WID-S
100
AcDbPolyline
 90
4
 70
1
 10
12653.22595576563
 20
10383.72752030572
 10
12683.22595576563
 20
10383.72752030618
 10
12683.22595576517
 20
10303.72752030665
 10
12653.22595576563
 20
10303.72752030572
1001
INERCAD20
1000
UnNamed
1070
2001
1071
2
  0
LWPOLYLINE
  5
7EB0
330
1F
100
AcDbEntity
  8
WID-S
100
AcDbPolyline
 90
4
 70
1
 10
12656.22595576563
 20
10380.72752030572
 10
12680.22595576563
 20
10380.72752030618
 10
12680.22595576517
 20
10306.72752030642
 10
12656.22595576563
 20
10306.72752030572
1001
INERCAD20
1000
UnNamed
1070
2001
1071
2
  0
LINE
  5
7EB1
330
1F
100
AcDbEntity
  8
WID
100
AcDbLine
 10
12670.7259557647
 20
11163.72752030642
 30
0.0
 11
12670.72595576563
 21
10383.72752030665
 31
0.0
1001
INERCAD20
1000
UnNamed
1070
2001
1071
1
  0
LINE
  5
7EB2
330
1F
100
AcDbEntity
  8
WID
100
AcDbLine
 10
12599.7259557647
 20
11243.72752030595
 30
0.0
 11
12599.72595576517
 21
12023.72752030572
 31
0.0
1001
INERCAD20
1000
UnNamed
1070
2001
1071
1
  0
LINE
  5
7EB3
330
1F
100
AcDbEntity
  8
WID
100
AcDbLine
 10
12565.7259557647
 20
11163.72752030642
 30
0.0
 11
12565.72595576563
 21
10383.72752030665
 31
0.0
1001
INERCAD20
1000
UnNamed
1070
2001
1071
1
  0
LINE
  5
7EB4
330
1F
100
AcDbEntity
  8
WID
100
AcDbLine
 10
12699.7259557647
 20
11243.72752030595
 30
0.0
 11
12699.72595576517
 21
12023.72752030572
 31
0.0
1001
INERCAD20
1000
UnNamed
1070
2001
1071
1
  0
LINE
  5
7EB5
330
1F
100
AcDbEntity
  8
WID
100
AcDbLine
 10
12665.7259557647
 20
11163.72752030642
 30
0.0
 11
12665.72595576563
 21
10383.72752030665
 31
0.0
1001
INERCAD20
1000
UnNamed
1070
2001
1071
1
  0
ARC
  5
7EB6
330
1F
100
AcDbEntity
  8
FIN
100
AcDbCircle
 10
12532.55928910145
 20
12148.72752030782
 30
0.0
 40
5.666666664074
100
AcDbArc
 50
298.0724868995107
 51
61.92751310048932
  0
ARC
  5
7EB7
330
1F
100
AcDbEntity
  8
FIN
100
AcDbCircle
 10
12532.41262594046
 20
10258.72752030688
 30
0.0
 40
5.737144297840901
100
AcDbArc
 50
299.3649765602187
 51
60.63502343978131
  0
INSERT
  5
7EB8
330
1F
100
AcDbEntity
  8
COL
100
AcDbBlockReference
  2
l-209
 10
-17165.22595598979
 20
11242.18567047821
 30
0.0
 43
-1.0
 50
270.0
210
0.0
220
0.0
230
-1.0
  0
INSERT
  5
7EB9
330
1F
100
AcDbEntity
  8
FIN
100
AcDbBlockReference
  2
A$C3AEE33D6
 10
17915.22590734518
 20
11680.2282832078
 30
0.0
 50
90.0
  0
TEXT
  5
7EBA
330
1F
100
AcDbEntity
  8
TEXT
100
AcDbText
 10
12752.25623213162
 20
18317.46195475643
 30
0.0
 40
200.0
  1
ELEV
  7
굴림체
 11
12752.25623213162
 21
18417.46195475644
 31
0.0
100
AcDbText
 73
2
  0
TEXT
  5
7EBB
330
1F
100
AcDbEntity
  8
TEXT
100
AcDbText
 10
12711.42628602229
 20
18577.26892114922
 30
0.0
 40
200.0
  1
8인승
  7
굴림체
 11
12711.42628602229
 21
18677.26892114922
 31
0.0
100
AcDbText
 73
2
  0
LWPOLYLINE
  5
7EBC
330
1F
100
AcDbEntity
  8
마감선
100
AcDbPolyline
 90
4
 70
0
 10
14735.22595581168
 20
21135.72752036768
 10
16917.22595599142
 20
21135.72752036172
 10
16917.2259559877
 20
18735.72752039422
 10
16923.22595598653
 20
18735.72752039422
  0
LWPOLYLINE
  5
7EBD
330
1F
100
AcDbEntity
  8
마감선
100
AcDbPolyline
 90
2
 70
0
 10
13435.22595580493
 20
17535.72752039373
 10
16960.22595598537
 20
17535.72752039373
  0
LWPOLYLINE
  5
7EBE
330
1F
100
AcDbEntity
  8
마감선
100
AcDbPolyline
 90
9
 70
0
 10
22747.22595584893
 20
18635.72752030619
 10
22753.22595582204
 20
18635.72752030619
 10
22753.2259558083
 20
21135.72752031582
 10
23986.34875544725
 20
21135.72752030671
 10
26717.22595576424
 20
18404.85032000413
 10
26717.22595577088
 20
16571.72752030619
 10
22753.22595582984
 20
16571.72752030619
 10
22753.22595582681
 20
17771.72752030619
 10
22747.225955848
 20
17771.72752030619
  0
LWPOLYLINE
  5
7EBF
330
1F
100
AcDbEntity
  8
마감선
100
AcDbPolyline
 90
3
 70
0
 10
26717.2259557856
 20
13953.72752030432
 10
26717.22595578781
 20
13571.72752030618
 10
22747.22595584823
 20
13571.72752030662
  0
LWPOLYLINE
  5
7EC0
330
1F
100
AcDbEntity
  8
마감선
100
AcDbPolyline
 90
5
 70
0
 10
17073.22595598281
 20
13071.72752039326
 10
17153.22595598054
 20
13071.72752039326
 10
17153.22595597949
 20
12471.72752030619
 10
17853.2259557721
 20
12471.72752030619
 10
17853.2259557721
 20
12391.72752030572
  0
LINE
  5
7EC1
330
1F
100
AcDbEntity
  8
WAL
100
AcDbLine
 10
22085.22595580888
 20
9853.727520306187
 30
0.0
 11
22085.22595580887
 21
9663.727520306187
 31
0.0
  0
LINE
  5
7EC2
330
1F
100
AcDbEntity
  8
WAL
100
AcDbLine
 10
22185.22595580889
 20
9853.727520306187
 30
0.0
 11
22185.22595580889
 21
9763.727520306187
 31
0.0
  0
LINE
  5
7EC3
330
1F
100
AcDbEntity
  8
WAL
100
AcDbLine
 10
17635.22595575882
 20
9853.727520687333
 30
0.0
 11
17635.22595575882
 21
9763.727520306187
 31
0.0
  0
LINE
  5
7EC4
330
1F
100
AcDbEntity
  8
WAL
100
AcDbLine
 10
17735.22595575882
 20
9853.727520687333
 30
0.0
 11
17735.22595575882
 21
9663.727520687038
 31
0.0
  0
LINE
  5
7EC5
330
1F
100
AcDbEntity
  8
WAL
100
AcDbLine
 10
18635.22595575883
 20
9853.727520687333
 30
0.0
 11
18635.22595575883
 21
9663.727520687038
 31
0.0
  0
LINE
  5
7EC6
330
1F
100
AcDbEntity
  8
WAL
100
AcDbLine
 10
18735.22595575883
 20
9853.727520687333
 30
0.0
 11
18735.22595575883
 21
9763.727520306187
 31
0.0
  0
LINE
  5
7EC7
330
1F
100
AcDbEntity
  8
WAL
100
AcDbLine
 10
19185.22595581121
 20
9853.727520306422
 30
0.0
 11
19185.22595581121
 21
9763.727520306158
 31
0.0
  0
LINE
  5
7EC8
330
1F
100
AcDbEntity
  8
WAL
100
AcDbLine
 10
19285.22595581121
 20
9853.727520306422
 30
0.0
 11
19285.22595581121
 21
9663.72752030613
 31
0.0
  0
LINE
  5
7EC9
330
1F
100
AcDbEntity
  8
WAL
100
AcDbLine
 10
26935.22595584241
 20
15953.7275203056
 30
0.0
 11
27125.2259557775
 21
15953.72752030512
 31
0.0
  0
LINE
  5
7ECA
330
1F
100
AcDbEntity
  8
WAL
100
AcDbLine
 10
26935.22595578822
 20
13853.7275203056
 30
0.0
 11
27025.22595578879
 21
13853.7275203056
 31
0.0
  0
LINE
  5
7ECB
330
1F
100
AcDbEntity
  8
WAL
100
AcDbLine
 10
26935.22595578822
 20
13953.7275203056
 30
0.0
 11
27125.22595578821
 21
13953.72752030512
 31
0.0
  0
LINE
  5
7ECC
330
1F
100
AcDbEntity
  8
WAL
100
AcDbLine
 10
26935.22595548688
 20
13103.72752030386
 30
0.0
 11
27125.22595579275
 21
13103.72752030338
 31
0.0
  0
LINE
  5
7ECD
330
1F
100
AcDbEntity
  8
WAL
100
AcDbLine
 10
26935.22595548688
 20
13203.72752030386
 30
0.0
 11
27025.22595579228
 21
13203.72752030386
 31
0.0
  0
LINE
  5
7ECE
330
1F
100
AcDbEntity
  8
WAL
100
AcDbLine
 10
26935.22595586779
 20
10203.72752030479
 30
0.0
 11
27025.22595580829
 21
10203.72752030478
 31
0.0
  0
LINE
  5
7ECF
330
1F
100
AcDbEntity
  8
WAL
100
AcDbLine
 10
26935.22595586779
 20
10303.72752030479
 30
0.0
 11
27125.22595580765
 21
10303.72752030479
 31
0.0
  0
LINE
  5
7ED0
330
1F
100
AcDbEntity
  8
WAL
100
AcDbLine
 10
26566.59680571489
 20
18863.77802664932
 30
0.0
 11
26700.94709414017
 21
18998.1283150753
 31
0.0
  0
LINE
  5
7ED1
330
1F
100
AcDbEntity
  8
WAL
100
AcDbLine
 10
24374.56578403222
 20
21055.80904832133
 30
0.0
 11
24438.20539433882
 21
21119.4486586282
 31
0.0
  0
LINE
  5
7ED2
330
1F
100
AcDbEntity
  8
WAL
100
AcDbLine
 10
24445.27646215109
 20
20985.09837020288
 30
0.0
 11
24579.62675057603
 21
21119.44865862852
 31
0.0
  0
LINE
  5
7ED3
330
1F
100
AcDbEntity
  8
WAL
100
AcDbLine
 10
22085.2259558091
 20
21543.72752032005
 30
0.0
 11
22085.22595580912
 21
21353.7275199492
 31
0.0
  0
LINE
  5
7ED4
330
1F
100
AcDbEntity
  8
WAL
100
AcDbLine
 10
22185.22595580912
 20
21443.72752031952
 30
0.0
 11
22185.22595580912
 21
21353.7275199492
 31
0.0
  0
LINE
  5
7ED5
330
1F
100
AcDbEntity
  8
WAL
100
AcDbLine
 10
18635.22595581745
 20
21543.72752034472
 30
0.0
 11
18635.22595581744
 21
21353.72752039001
 31
0.0
  0
LINE
  5
7ED6
330
1F
100
AcDbEntity
  8
WAL
100
AcDbLine
 10
18735.22595581745
 20
21443.7275203442
 30
0.0
 11
18735.22595581744
 21
21353.72752039001
 31
0.0
  0
LINE
  5
7ED7
330
1F
100
AcDbEntity
  8
WAL
100
AcDbLine
 10
16735.22595581214
 20
21543.72752035828
 30
0.0
 11
16735.22595581214
 21
21353.7275203577
 31
0.0
  0
LINE
  5
7ED8
330
1F
100
AcDbEntity
  8
WAL
100
AcDbLine
 10
16835.22595581216
 20
21443.72752035779
 30
0.0
 11
16835.22595581214
 21
21353.7275203577
 31
0.0
  0
LINE
  5
7ED9
330
1F
100
AcDbEntity
  8
WAL
100
AcDbLine
 10
13760.22595580887
 20
21543.72752037972
 30
0.0
 11
13760.22595580888
 21
21353.72752037921
 31
0.0
  0
LINE
  5
7EDA
330
1F
100
AcDbEntity
  8
WAL
100
AcDbLine
 10
12360.22595580888
 20
21543.7275203883
 30
0.0
 11
12360.22595580888
 21
21353.72752039207
 31
0.0
  0
LINE
  5
7EDB
330
1F
100
AcDbEntity
  8
WAL
100
AcDbLine
 10
14735.22595581213
 20
21543.7275203726
 30
0.0
 11
14735.22595581214
 21
21353.72752037281
 31
0.0
  0
LINE
  5
7EDC
330
1F
100
AcDbEntity
  8
WAL
100
AcDbLine
 10
19285.22595581051
 20
21543.72752034007
 30
0.0
 11
19285.22595581051
 21
21353.72752034012
 31
0.0
  0
LINE
  5
7EDD
330
1F
100
AcDbEntity
  8
WAL
100
AcDbLine
 10
17635.22595581744
 20
21443.72752034993
 30
0.0
 11
17635.22595581744
 21
21353.72752034911
 31
0.0
  0
LINE
  5
7EDE
330
1F
100
AcDbEntity
  8
WAL
100
AcDbLine
 10
17735.22595581744
 20
21543.727520349
 30
0.0
 11
17735.22595581744
 21
21353.72752034911
 31
0.0
  0
LWPOLYLINE
  5
7EDF
330
1F
100
AcDbEntity
  8
마감선
100
AcDbPolyline
 90
4
 70
0
 10
12753.22595573123
 20
16271.72752030664
 10
12153.22595573141
 20
16271.72752030665
 10
12153.22595573828
 20
17535.72752039373
 10
12635.22595579747
 20
17535.72752039373
  0
LWPOLYLINE
  5
7EE0
330
1F
100
AcDbEntity
  8
마감선
100
AcDbPolyline
 90
5
 70
0
 10
17073.22595598653
 20
18735.72752039388
 10
17153.22595598816
 20
18735.72752039367
 10
17153.2259559884
 20
18885.72752030566
 10
17853.22595580446
 20
18885.7275203038
 10
17853.22595580457
 20
18965.72752030293
  0
LWPOLYLINE
  5
7EE1
330
1F
100
AcDbEntity
  8
마감선
100
AcDbPolyline
 90
5
 70
0
 10
18617.22595580434
 20
18965.72752030246
 10
18617.22595580388
 20
18885.72752029789
 10
18853.22595580411
 20
18885.72752029678
 10
18853.22595581598
 20
21135.72752034655
 10
19285.22595580877
 20
21135.72752034312
  0
LWPOLYLINE
  5
7EE2
330
1F
100
AcDbEntity
  8
마감선
100
AcDbPolyline
 90
2
 70
0
 10
14735.22595581156
 20
21135.72752037732
 10
14135.22595580498
 20
21135.72752038155
  0
LWPOLYLINE
  5
7EE3
330
1F
100
AcDbEntity
  8
마감선
100
AcDbPolyline
 90
3
 70
0
 10
14035.22595580498
 20
21135.72752038334
 10
13760.22595580888
 20
21135.72752038445
 10
13760.22595580888
 20
21153.72752038445
  0
LINE
  5
7EE4
330
1F
100
AcDbEntity
  8
WAL
100
AcDbLine
 10
18735.22595575883
 20
9763.727520306187
 30
0.0
 11
19185.22595581121
 21
9763.727520306158
 31
0.0
  0
LINE
  5
7EE5
330
1F
100
AcDbEntity
  8
WAL
100
AcDbLine
 10
18635.22595575883
 20
9663.727520306187
 30
0.0
 11
19285.22595581121
 21
9663.727520306187
 31
0.0
  0
LINE
  5
7EE6
330
1F
100
AcDbEntity
  8
WAL
100
AcDbLine
 10
22185.22595580889
 20
9763.727520306187
 30
0.0
 11
27025.22595581041
 21
9763.727520306187
 31
0.0
  0
LINE
  5
7EE7
330
1F
100
AcDbEntity
  8
WAL
100
AcDbLine
 10
22085.22595580887
 20
9663.727520306187
 30
0.0
 11
27125.22595581088
 21
9663.727520306187
 31
0.0
  0
LINE
  5
7EE8
330
1F
100
AcDbEntity
  8
WAL
100
AcDbLine
 10
27125.22595579275
 20
13103.72752030386
 30
0.0
 11
27125.22595578821
 21
13953.7275203056
 31
0.0
  0
LINE
  5
7EE9
330
1F
100
AcDbEntity
  8
WAL
100
AcDbLine
 10
27025.22595579228
 20
13203.72752030386
 30
0.0
 11
27025.22595578879
 21
13853.7275203056
 31
0.0
  0
LINE
  5
7EEA
330
1F
100
AcDbEntity
  8
WAL
100
AcDbLine
 10
27125.22595577744
 20
15953.7275203056
 30
0.0
 11
27125.22595576334
 21
18573.8494534544
 31
0.0
  0
LINE
  5
7EEB
330
1F
100
AcDbEntity
  8
WAL
100
AcDbLine
 10
26700.94709414017
 20
18998.1283150753
 30
0.0
 11
27125.22595576334
 21
18573.8494534544
 31
0.0
  0
LINE
  5
7EEC
330
1F
100
AcDbEntity
  8
WAL
100
AcDbLine
 10
19285.22595581051
 20
21543.72752034007
 30
0.0
 11
18635.22595581745
 21
21543.72752034472
 31
0.0
  0
LINE
  5
7EED
330
1F
100
AcDbEntity
  8
WAL
100
AcDbLine
 10
19185.22595580986
 20
21443.72752034097
 30
0.0
 11
18735.22595581745
 21
21443.7275203442
 31
0.0
  0
LINE
  5
7EEE
330
1F
100
AcDbEntity
  8
WAL
100
AcDbLine
 10
17735.22595581744
 20
21543.727520349
 30
0.0
 11
16735.22595581214
 21
21543.72752035828
 31
0.0
  0
LINE
  5
7EEF
330
1F
100
AcDbEntity
  8
WAL
100
AcDbLine
 10
17635.22595581744
 20
21443.72752034993
 30
0.0
 11
16835.22595581216
 21
21443.72752035779
 31
0.0
  0
LINE
  5
7EF0
330
1F
100
AcDbEntity
  8
WAL
100
AcDbLine
 10
14735.22595581213
 20
21543.7275203726
 30
0.0
 11
13760.22595580887
 21
21543.72752037972
 31
0.0
  0
LINE
  5
7EF1
330
1F
100
AcDbEntity
  8
ELE-2
100
AcDbLine
 10
17735.22595575882
 20
9663.727520686749
 30
0.0
 11
18635.22595575883
 21
9663.727520305896
 31
0.0
  0
LINE
  5
7EF2
330
1F
100
AcDbEntity
  8
ELE-2
100
AcDbLine
 10
19285.22595581119
 20
9663.727520306187
 30
0.0
 11
22085.22595580887
 21
9663.727520305896
 31
0.0
  0
LINE
  5
7EF3
330
1F
100
AcDbEntity
  8
마감선
100
AcDbLine
 10
26735.22595579026
 20
13103.72752034856
 30
0.0
 11
26717.22595579026
 21
13103.72752034844
 31
0.0
  0
LINE
  5
7EF4
330
1F
100
AcDbEntity
  8
마감선
100
AcDbLine
 10
26735.22595580749
 20
10303.72752027964
 30
0.0
 11
26717.22595580737
 21
10303.72752027953
 31
0.0
  0
LINE
  5
7EF5
330
1F
100
AcDbEntity
  8
ELE-2
100
AcDbLine
 10
27125.22595610253
 20
10303.72752030431
 30
0.0
 11
27125.22595578198
 21
13103.72752030338
 31
0.0
  0
LINE
  5
7EF6
330
1F
100
AcDbEntity
  8
ELE-2
100
AcDbLine
 10
27125.22595577744
 20
13953.72752030512
 30
0.0
 11
27125.22595577744
 21
15953.72752030512
 31
0.0
  0
LINE
  5
7EF7
330
1F
100
AcDbEntity
  8
ELE-2
100
AcDbLine
 10
26700.94709414015
 20
18998.1283150753
 30
0.0
 11
24579.62675057635
 21
21119.44865862886
 31
0.0
  0
LINE
  5
7EF8
330
1F
100
AcDbEntity
  8
ELE-2
100
AcDbLine
 10
22085.22595580846
 20
21543.72751994978
 30
0.0
 11
19285.22595580986
 21
21543.72751994978
 31
0.0
  0
LINE
  5
7EF9
330
1F
100
AcDbEntity
  8
ELE-2
100
AcDbLine
 10
18635.22595581678
 20
21543.72752034472
 30
0.0
 11
17735.22595581678
 21
21543.72752034472
 31
0.0
  0
LINE
  5
7EFA
330
1F
100
AcDbEntity
  8
ELE-2
100
AcDbLine
 10
16735.22595581149
 20
21543.72752035828
 30
0.0
 11
14735.22595581149
 21
21543.72752035828
 31
0.0
  0
LINE
  5
7EFB
330
1F
100
AcDbEntity
  8
ELE-2
100
AcDbLine
 10
13760.22595580823
 20
21543.72752037972
 30
0.0
 11
12360.22595580823
 21
21543.72752037972
 31
0.0
  0
LWPOLYLINE
  5
7EFC
330
1F
100
AcDbEntity
  8
마감선
100
AcDbPolyline
 90
6
 70
0
 10
17865.22595580469
 20
19115.72752030292
 10
17865.22595580475
 20
19133.72752030377
 10
17165.22595598869
 20
19133.72752030563
 10
17165.22595599142
 20
21123.72752035997
 10
18605.22595581622
 20
21123.72752034926
 10
18605.22595580516
 20
19115.72752030246
  0
LWPOLYLINE
  5
7EFD
330
1F
100
AcDbEntity
  8
마감선
100
AcDbPolyline
 90
4
 70
0
 10
22597.22595584893
 20
18635.72752030619
 10
22517.22595582181
 20
18635.72752030619
 10
22517.22595580784
 20
21135.72752031751
 10
19285.22595580877
 20
21135.72752034312
  0
LINE
  5
7EFE
330
1F
100
AcDbEntity
  8
마감선
100
AcDbLine
 10
19285.22595580894
 20
21153.72752034312
 30
0.0
 11
19285.22595580877
 21
21135.72752034312
 31
0.0
  0
LINE
  5
7EFF
330
1F
100
AcDbEntity
  8
마감선
100
AcDbLine
 10
22085.22595580755
 20
21153.72752032091
 30
0.0
 11
22085.22595580755
 21
21135.72752032091
 31
0.0
  0
LINE
  5
7F00
330
1F
100
AcDbEntity
  8
마감선
100
AcDbLine
 10
17735.22595579736
 20
21153.72752035348
 30
0.0
 11
17735.22595579712
 21
21123.72752035351
 31
0.0
  0
LINE
  5
7F01
330
1F
100
AcDbEntity
  8
마감선
100
AcDbLine
 10
14735.22595581168
 20
21153.72752037732
 30
0.0
 11
14735.22595581156
 21
21135.72752037732
 31
0.0
  0
LINE
  5
7F02
330
1F
100
AcDbEntity
  8
마감선
100
AcDbLine
 10
16735.22595581173
 20
21153.72752036303
 30
0.0
 11
16735.22595581156
 21
21135.72752036303
 31
0.0
  0
LINE
  5
7F03
330
1F
100
AcDbEntity
  8
마감선
100
AcDbLine
 10
12360.22595580766
 20
21153.72752039018
 30
0.0
 11
12360.22595580754
 21
21135.72752039021
 31
0.0
  0
LINE
  5
7F04
330
1F
100
AcDbEntity
  8
마감선
100
AcDbLine
 10
12735.22595572029
 20
13953.72752035031
 30
0.0
 11
12753.22595572029
 21
13953.72752035022
 31
0.0
  0
LINE
  5
7F05
330
1F
100
AcDbEntity
  8
마감선
100
AcDbLine
 10
12735.22595576563
 20
12153.72752030595
 30
0.0
 11
12753.22595571121
 21
12153.72752030589
 31
0.0
  0
LWPOLYLINE
  5
7F06
330
1F
100
AcDbEntity
  8
마감선
100
AcDbPolyline
 90
6
 70
0
 10
17865.22595577209
 20
12241.72752030572
 10
17865.22595577209
 20
12223.72752030473
 10
17165.22595597908
 20
12223.72752030613
 10
17165.22595597588
 20
10083.72752030618
 10
18605.225955759
 20
10083.72752030618
 10
18605.22595577204
 20
12241.72752030618
  0
LWPOLYLINE
  5
7F07
330
1F
100
AcDbEntity
  8
마감선
100
AcDbPolyline
 90
7
 70
0
 10
18617.22595577198
 20
12391.72752030619
 10
18617.22595577186
 20
12471.72752030619
 10
18853.22595577314
 20
12471.72752030619
 10
18853.22595575894
 20
10071.72752030619
 10
22517.22595586861
 20
10071.72752030619
 10
22517.2259558551
 20
12471.72752030665
 10
22597.22595584916
 20
12471.72752030665
  0
LWPOLYLINE
  5
7F08
330
1F
100
AcDbEntity
  8
마감선
100
AcDbPolyline
 90
4
 70
0
 10
17073.22595598188
 20
13935.72752040261
 10
17153.22595598199
 20
13935.72752040261
 10
17153.22595598164
 20
14271.72752039326
 10
17110.22595598537
 20
14271.72752039326
  0
LWPOLYLINE
  5
7F09
330
1F
100
AcDbEntity
  8
마감선
100
AcDbPolyline
 90
7
 70
0
 10
16960.22595598537
 20
14271.72752039326
 10
15553.22595578036
 20
14271.72752039326
 10
15553.22595579061
 20
16271.72752030664
 10
15317.22595579084
 20
16271.72752030664
 10
15317.22595577314
 20
12871.72752030619
 10
12753.22595571447
 20
12871.72752030619
 10
12753.22595573123
 20
16271.72752030664
  0
LWPOLYLINE
  5
7F0A
330
1F
100
AcDbEntity
  8
마감선
100
AcDbPolyline
 90
4
 70
0
 10
17110.22595598537
 20
17535.72752039373
 10
17153.22595598729
 20
17535.72752039373
 10
17153.22595598648
 20
17871.72752040258
 10
17073.22595598653
 20
17871.72752040258
  0
LWPOLYLINE
  5
7F0B
330
1F
100
AcDbEntity
  8
마감선
100
AcDbPolyline
 90
4
 70
0
 10
16960.22595598537
 20
16571.72752039414
 10
16917.22595598444
 20
16571.72752039422
 10
16917.22595598537
 20
15235.72752039326
 10
16960.22595598537
 20
15235.72752039326
  0
LINE
  5
7F0C
330
1F
100
AcDbEntity
  8
마감선
100
AcDbLine
 10
22085.22595580888
 20
10053.72752030619
 30
0.0
 11
22085.22595580888
 21
10071.72752030619
 31
0.0
  0
LINE
  5
7F0D
330
1F
100
AcDbEntity
  8
마감선
100
AcDbLine
 10
19285.22595563251
 20
10053.72752030619
 30
0.0
 11
19285.22595563251
 21
10071.72752030619
 31
0.0
  0
LWPOLYLINE
  5
7F0E
330
1F
100
AcDbEntity
  8
마감선
100
AcDbPolyline
 90
5
 70
0
 10
22747.22595584917
 20
12471.72752030665
 10
22753.22595585347
 20
12471.72752030665
 10
22753.22595586861
 20
10071.72752030572
 10
26717.22595580877
 20
10071.72752030572
 10
26717.22595579026
 20
13103.72752034844
  0
LWPOLYLINE
  5
7F0F
330
1F
100
AcDbEntity
  8
마감선
100
AcDbPolyline
 90
3
 70
0
 10
22747.22595584823
 20
13335.72752030712
 10
26717.22595578898
 20
13335.72752030712
 10
26717.22595579026
 20
13103.72752034844
  0
LWPOLYLINE
  5
7F10
330
1F
100
AcDbEntity
  8
마감선
100
AcDbPolyline
 90
4
 70
0
 10
22597.22595584823
 20
13571.72752030665
 10
22517.22595584905
 20
13571.72752030665
 10
22517.22595585044
 20
13335.72752030712
 10
22597.22595584823
 20
13335.72752030712
  0
LWPOLYLINE
  5
7F11
330
1F
100
AcDbEntity
  8
마감선
100
AcDbPolyline
 90
5
 70
0
 10
26717.22595577396
 20
15953.72752030431
 10
26717.22595577175
 20
16335.72752030618
 10
22753.22595583089
 20
16335.72752030618
 10
22753.22595584276
 20
14435.72752030572
 10
22747.22595584917
 20
14435.72752030572
  0
LWPOLYLINE
  5
7F12
330
1F
100
AcDbEntity
  8
마감선
100
AcDbPolyline
 90
10
 70
0
 10
22597.22595584916
 20
14435.72752030572
 10
22517.22595584439
 20
14435.72752030572
 10
22517.22595583764
 20
15685.72752030664
 10
18853.22595578833
 20
15685.72752030618
 10
18853.22595577995
 20
14035.72752039326
 10
18617.22595577995
 20
14035.72752039326
 10
18617.22595578828
 20
15685.72752030664
 10
17153.22595598403
 20
15685.72752030618
 10
17153.22595598496
 20
15235.72752039326
 10
17110.22595598537
 20
15235.72752039326
  0
LINE
  5
7F13
330
1F
100
AcDbEntity
  8
마감선
100
AcDbLine
 10
17735.22595575882
 20
10053.72752030619
 30
0.0
 11
17735.22595575882
 21
10083.72752030618
 31
0.0
  0
LINE
  5
7F14
330
1F
100
AcDbEntity
  8
마감선
100
AcDbLine
 10
26735.2259557856
 20
13953.72752030444
 30
0.0
 11
26717.2259557856
 21
13953.72752030432
 31
0.0
  0
LINE
  5
7F15
330
1F
100
AcDbEntity
  8
마감선
100
AcDbLine
 10
26717.2259557856
 20
13953.72752030432
 30
0.0
 11
26717.22595577396
 21
15953.72752030431
 31
0.0
  0
LINE
  5
7F16
330
1F
100
AcDbEntity
  8
마감선
100
AcDbLine
 10
26735.22595577396
 20
15953.72752034236
 30
0.0
 11
26717.22595577396
 21
15953.72752034224
 31
0.0
  0
LWPOLYLINE
  5
7F17
330
1F
100
AcDbEntity
  8
마감선
100
AcDbPolyline
 90
10
 70
0
 10
22597.225955848
 20
17771.72752030619
 10
22517.22595582646
 20
17771.72752030619
 10
22517.22595583671
 20
15921.72752030618
 10
18853.22595578874
 20
15921.72752030618
 10
18853.22595579852
 20
17771.72752038386
 10
18617.22595579852
 20
17771.72752038497
 10
18617.22595578921
 20
15921.72752030618
 10
17153.22595598467
 20
15921.72752030618
 10
17153.22595598467
 20
16571.72752039367
 10
17110.22595598537
 20
16571.72752039379
  0
LINE
  5
7F18
330
1F
100
AcDbEntity
  8
마감선
100
AcDbLine
 10
24303.85510591482
 20
20843.67701396541
 30
0.0
 11
24291.12718385249
 21
20830.94909190305
 31
0.0
  0
LINE
  5
7F19
330
1F
100
AcDbEntity
  8
마감선
100
AcDbLine
 10
26425.17544947832
 20
18722.35667041136
 30
0.0
 11
26412.44752741687
 21
18709.62874834985
 31
0.0
  0
LWPOLYLINE
  5
7F1A
330
1F
100
AcDbEntity
  8
WID-S
100
AcDbPolyline
 90
16
 70
1
 10
17792.22595575859
 20
9940.727520306187
 10
17792.22595575859
 20
9950.727520306187
 10
17792.22595575859
 20
9950.727520306187
 10
17792.22595575859
 20
9950.727520306187
 10
17792.22595575859
 20
9950.727520306187
 10
17792.22595575859
 20
9950.727520306187
 10
17748.22595575859
 20
9950.727520306187
 10
17748.22595575859
 20
9950.727520306187
 10
17748.22595575859
 20
9950.727520306187
 10
17748.22595575859
 20
9950.727520306187
 10
17748.22595575859
 20
9950.727520306187
 10
17748.22595575859
 20
9856.727520306185
 10
17792.22595575859
 20
9856.727520306185
 10
17792.22595575859
 20
9866.727520306187
 10
17777.22595575859
 20
9866.727520306187
 10
17777.22595575859
 20
9940.727520306187
  0
LWPOLYLINE
  5
7F1B
330
1F
100
AcDbEntity
  8
WID-S
100
AcDbPolyline
 90
16
 70
1
 10
17795.22595575859
 20
9937.727520306187
 10
17795.22595575859
 20
9953.727520306187
 10
17795.22595575859
 20
9953.727520306187
 10
17795.22595575859
 20
9953.727520306187
 10
17795.22595575859
 20
9953.727520306187
 10
17795.22595575859
 20
9953.727520306187
 10
17745.22595575859
 20
9953.727520306187
 10
17745.22595575859
 20
9953.727520306187
 10
17745.22595575859
 20
9953.727520306187
 10
17745.22595575859
 20
9953.727520306187
 10
17745.22595575859
 20
9953.727520306187
 10
17745.22595575859
 20
9853.727520306187
 10
17795.22595575859
 20
9853.727520306187
 10
17795.22595575859
 20
9869.727520306187
 10
17780.22595575859
 20
9869.727520306187
 10
17780.22595575859
 20
9937.727520306187
  0
LINE
  5
7F1C
330
1F
100
AcDbEntity
  8
WID-S
100
AcDbLine
 10
17780.22595575859
 20
9903.727520306189
 30
0.0
 11
17795.22595575859
 21
9903.727520306189
 31
0.0
  0
LWPOLYLINE
  5
7F1D
330
1F
100
AcDbEntity
  8
WID-S
100
AcDbPolyline
 90
4
 70
1
 10
17865.22595575813
 20
9905.727520305722
 10
17865.22595575859
 20
9935.727520305722
 10
17785.22595575906
 20
9935.727520305256
 10
17785.22595575813
 20
9905.727520305722
1001
INERCAD20
1000
UnNamed
1070
2001
1071
2
  0
LWPOLYLINE
  5
7F1E
330
1F
100
AcDbEntity
  8
WID-S
100
AcDbPolyline
 90
4
 70
1
 10
17862.22595575813
 20
9908.727520305722
 10
17862.22595575859
 20
9932.727520305722
 10
17788.22595575906
 20
9932.727520305256
 10
17788.22595575836
 20
9908.727520305722
1001
INERCAD20
1000
UnNamed
1070
2001
1071
2
  0
LINE
  5
7F1F
330
1F
100
AcDbEntity
  8
ELE-2
100
AcDbLine
 10
17795.22595575859
 20
9869.727520306653
 30
0.0
 11
18575.22595575859
 21
9869.727520306187
 31
0.0
1001
INERCAD20
1000
UnNamed
1070
2001
1071
4
  0
LINE
  5
7F20
330
1F
100
AcDbEntity
  8
ELE-2
100
AcDbLine
 10
17795.22595575812
 20
9937.727520306187
 30
0.0
 11
18575.22595575859
 21
9937.727520305722
 31
0.0
1001
INERCAD20
1000
UnNamed
1070
2001
1071
4
  0
LINE
  5
7F21
330
1F
100
AcDbEntity
  8
ELE-2
100
AcDbLine
 10
18575.22595575859
 20
9903.727520305722
 30
0.0
 11
17795.22595575812
 21
9903.727520305722
 31
0.0
1001
INERCAD20
1000
UnNamed
1070
2001
1071
4
  0
LINE
  5
7F22
330
1F
100
AcDbEntity
  8
ELE-2
100
AcDbLine
 10
17795.22595575859
 20
9853.727520306187
 30
0.0
 11
18575.22595575859
 21
9853.727520305723
 31
0.0
1001
INERCAD20
1000
UnNamed
1070
2001
1071
4
  0
LINE
  5
7F23
330
1F
100
AcDbEntity
  8
WID
100
AcDbLine
 10
18145.22595575882
 20
9923.227520305258
 30
0.0
 11
17865.22595575906
 21
9923.227520305722
 31
0.0
1001
INERCAD20
1000
UnNamed
1070
2001
1071
1
  0
LWPOLYLINE
  5
7F24
330
1F
100
AcDbEntity
  8
WID-S
100
AcDbPolyline
 90
16
 70
1
 10
18575.22595575882
 20
9937.727520306187
 10
18575.22595575882
 20
9953.727520306187
 10
18575.22595575882
 20
9953.727520306187
 10
18575.22595575882
 20
9953.727520306187
 10
18575.22595575882
 20
9953.727520306187
 10
18575.22595575882
 20
9953.727520306187
 10
18625.22595575882
 20
9953.727520306187
 10
18625.22595575882
 20
9953.727520306187
 10
18625.22595575882
 20
9953.727520306187
 10
18625.22595575882
 20
9953.727520306187
 10
18625.22595575882
 20
9953.727520306187
 10
18625.22595575882
 20
9853.727520306187
 10
18575.22595575882
 20
9853.727520306187
 10
18575.22595575882
 20
9869.727520306187
 10
18590.22595575883
 20
9869.727520306187
 10
18590.22595575883
 20
9937.727520306187
  0
LINE
  5
7F25
330
1F
100
AcDbEntity
  8
ELE-2
100
AcDbLine
 10
17795.22595575859
 20
9953.727520306187
 30
0.0
 11
18575.22595575859
 21
9953.727520305722
 31
0.0
1001
INERCAD20
1000
UnNamed
1070
2001
1071
4
  0
LWPOLYLINE
  5
7F26
330
1F
100
AcDbEntity
  8
WID-S
100
AcDbPolyline
 90
16
 70
1
 10
18578.22595575882
 20
9940.727520306187
 10
18578.22595575882
 20
9950.727520306187
 10
18578.22595575882
 20
9950.727520306187
 10
18578.22595575882
 20
9950.727520306187
 10
18578.22595575882
 20
9950.727520306187
 10
18578.22595575882
 20
9950.727520306187
 10
18622.22595575882
 20
9950.727520306187
 10
18622.22595575882
 20
9950.727520306187
 10
18622.22595575882
 20
9950.727520306187
 10
18622.22595575882
 20
9950.727520306187
 10
18622.22595575882
 20
9950.727520306187
 10
18622.22595575882
 20
9856.727520306185
 10
18578.22595575882
 20
9856.727520306185
 10
18578.22595575882
 20
9866.727520306187
 10
18593.22595575882
 20
9866.727520306187
 10
18593.22595575882
 20
9940.727520306187
  0
LINE
  5
7F27
330
1F
100
AcDbEntity
  8
WID-S
100
AcDbLine
 10
18590.22595575883
 20
9903.727520306189
 30
0.0
 11
18575.22595575882
 21
9903.727520306189
 31
0.0
  0
LWPOLYLINE
  5
7F28
330
1F
100
AcDbEntity
  8
WID-S
100
AcDbPolyline
 90
4
 70
1
 10
18145.22595575929
 20
9905.727520305722
 10
18145.22595575882
 20
9935.727520305722
 10
18225.22595575836
 20
9935.727520305256
 10
18225.22595575929
 20
9905.727520305722
1001
INERCAD20
1000
UnNamed
1070
2001
1071
2
  0
LWPOLYLINE
  5
7F29
330
1F
100
AcDbEntity
  8
WID-S
100
AcDbPolyline
 90
4
 70
1
 10
18148.22595575929
 20
9908.727520305722
 10
18148.22595575906
 20
9932.727520305722
 10
18222.22595575859
 20
9932.727520305256
 10
18222.22595575929
 20
9908.727520305722
1001
INERCAD20
1000
UnNamed
1070
2001
1071
2
  0
LINE
  5
7F2A
330
1F
100
AcDbEntity
  8
ELE-2
100
AcDbLine
 10
18185.22595575859
 20
9653.727520306189
 30
0.0
 11
18185.22595575882
 21
10253.72752030619
 31
0.0
  0
LWPOLYLINE
  5
7F2B
330
1F
100
AcDbEntity
  8
WID-S
100
AcDbPolyline
 90
4
 70
1
 10
18145.22595575952
 20
9871.727520305256
 10
18145.22595575906
 20
9901.727520305258
 10
18225.22595575859
 20
9901.72752030479
 10
18225.22595575952
 20
9871.727520305256
1001
INERCAD20
1000
UnNamed
1070
2001
1071
2
  0
LWPOLYLINE
  5
7F2C
330
1F
100
AcDbEntity
  8
WID-S
100
AcDbPolyline
 90
4
 70
1
 10
18148.22595575952
 20
9874.727520305256
 10
18148.22595575929
 20
9898.727520305258
 10
18222.22595575882
 20
9898.72752030479
 10
18222.22595575952
 20
9874.727520305256
1001
INERCAD20
1000
UnNamed
1070
2001
1071
2
  0
LWPOLYLINE
  5
7F2D
330
1F
100
AcDbEntity
  8
WID-S
100
AcDbPolyline
 90
4
 70
1
 10
18505.22595575906
 20
9871.727520306187
 10
18505.22595575859
 20
9901.727520306187
 10
18585.22595575813
 20
9901.727520305723
 10
18585.22595575906
 20
9871.727520306187
1001
INERCAD20
1000
UnNamed
1070
2001
1071
2
  0
LWPOLYLINE
  5
7F2E
330
1F
100
AcDbEntity
  8
WID-S
100
AcDbPolyline
 90
4
 70
1
 10
18508.22595575906
 20
9874.727520306187
 10
18508.22595575859
 20
9898.727520306187
 10
18582.22595575836
 20
9898.727520305723
 10
18582.22595575906
 20
9874.727520306187
1001
INERCAD20
1000
UnNamed
1070
2001
1071
2
  0
LINE
  5
7F2F
330
1F
100
AcDbEntity
  8
WID
100
AcDbLine
 10
18225.22595575836
 20
9889.227520305256
 30
0.0
 11
18505.22595575813
 21
9889.227520306187
 31
0.0
1001
INERCAD20
1000
UnNamed
1070
2001
1071
1
  0
LWPOLYLINE
  5
7F30
330
1F
100
AcDbEntity
  8
WID-S
100
AcDbPolyline
 90
16
 70
1
 10
17792.22595575859
 20
10040.72752030618
 10
17792.22595575859
 20
10050.72752030619
 10
17792.22595575859
 20
10050.72752030619
 10
17792.22595575859
 20
10050.72752030619
 10
17792.22595575859
 20
10050.72752030619
 10
17792.22595575859
 20
10050.72752030619
 10
17748.22595575859
 20
10050.72752030619
 10
17748.22595575859
 20
10050.72752030619
 10
17748.22595575859
 20
10050.72752030619
 10
17748.22595575859
 20
10050.72752030619
 10
17748.22595575859
 20
10050.72752030619
 10
17748.22595575859
 20
9956.727520306187
 10
17792.22595575859
 20
9956.727520306187
 10
17792.22595575859
 20
9966.727520306187
 10
17777.22595575859
 20
9966.727520306187
 10
17777.22595575859
 20
10040.72752030618
  0
LWPOLYLINE
  5
7F31
330
1F
100
AcDbEntity
  8
WID-S
100
AcDbPolyline
 90
16
 70
1
 10
17795.22595575859
 20
10037.72752030618
 10
17795.22595575859
 20
10053.72752030619
 10
17795.22595575859
 20
10053.72752030619
 10
17795.22595575859
 20
10053.72752030619
 10
17795.22595575859
 20
10053.72752030619
 10
17795.22595575859
 20
10053.72752030619
 10
17745.22595575859
 20
10053.72752030619
 10
17745.22595575859
 20
10053.72752030619
 10
17745.22595575859
 20
10053.72752030619
 10
17745.22595575859
 20
10053.72752030619
 10
17745.22595575859
 20
10053.72752030619
 10
17745.22595575859
 20
9953.727520306187
 10
17795.22595575859
 20
9953.727520306187
 10
17795.22595575859
 20
9969.727520306187
 10
17780.22595575859
 20
9969.727520306187
 10
17780.22595575859
 20
10037.72752030618
  0
LINE
  5
7F32
330
1F
100
AcDbEntity
  8
WID-S
100
AcDbLine
 10
17780.22595575859
 20
10003.72752030618
 30
0.0
 11
17795.22595575859
 21
10003.72752030618
 31
0.0
  0
LWPOLYLINE
  5
7F33
330
1F
100
AcDbEntity
  8
WID-S
100
AcDbPolyline
 90
4
 70
1
 10
17865.22595575813
 20
10005.72752030572
 10
17865.22595575859
 20
10035.72752030572
 10
17785.22595575906
 20
10035.72752030525
 10
17785.22595575813
 20
10005.72752030572
1001
INERCAD20
1000
UnNamed
1070
2001
1071
2
  0
LWPOLYLINE
  5
7F34
330
1F
100
AcDbEntity
  8
WID-S
100
AcDbPolyline
 90
4
 70
1
 10
17862.22595575813
 20
10008.72752030572
 10
17862.22595575859
 20
10032.72752030572
 10
17788.22595575906
 20
10032.72752030525
 10
17788.22595575836
 20
10008.72752030572
1001
INERCAD20
1000
UnNamed
1070
2001
1071
2
  0
LINE
  5
7F35
330
1F
100
AcDbEntity
  8
ELE-2
100
AcDbLine
 10
17795.22595575859
 20
9969.727520306653
 30
0.0
 11
18575.22595575859
 21
9969.727520306187
 31
0.0
1001
INERCAD20
1000
UnNamed
1070
2001
1071
4
  0
LINE
  5
7F36
330
1F
100
AcDbEntity
  8
ELE-2
100
AcDbLine
 10
17795.22595575812
 20
10037.72752030618
 30
0.0
 11
18575.22595575859
 21
10037.72752030572
 31
0.0
1001
INERCAD20
1000
UnNamed
1070
2001
1071
4
  0
LINE
  5
7F37
330
1F
100
AcDbEntity
  8
ELE-2
100
AcDbLine
 10
18575.22595575859
 20
10003.72752030572
 30
0.0
 11
17795.22595575812
 21
10003.72752030572
 31
0.0
1001
INERCAD20
1000
UnNamed
1070
2001
1071
4
  0
LINE
  5
7F38
330
1F
100
AcDbEntity
  8
ELE-2
100
AcDbLine
 10
17795.22595575859
 20
9953.727520306187
 30
0.0
 11
18575.22595575859
 21
9953.727520305722
 31
0.0
1001
INERCAD20
1000
UnNamed
1070
2001
1071
4
  0
LINE
  5
7F39
330
1F
100
AcDbEntity
  8
WID
100
AcDbLine
 10
18145.22595575882
 20
10023.22752030525
 30
0.0
 11
17865.22595575906
 21
10023.22752030572
 31
0.0
1001
INERCAD20
1000
UnNamed
1070
2001
1071
1
  0
LWPOLYLINE
  5
7F3A
330
1F
100
AcDbEntity
  8
WID-S
100
AcDbPolyline
 90
16
 70
1
 10
18575.22595575882
 20
10037.72752030618
 10
18575.22595575882
 20
10053.72752030619
 10
18575.22595575882
 20
10053.72752030619
 10
18575.22595575882
 20
10053.72752030619
 10
18575.22595575882
 20
10053.72752030619
 10
18575.22595575882
 20
10053.72752030619
 10
18625.22595575882
 20
10053.72752030619
 10
18625.22595575882
 20
10053.72752030619
 10
18625.22595575882
 20
10053.72752030619
 10
18625.22595575882
 20
10053.72752030619
 10
18625.22595575882
 20
10053.72752030619
 10
18625.22595575882
 20
9953.727520306187
 10
18575.22595575882
 20
9953.727520306187
 10
18575.22595575882
 20
9969.727520306187
 10
18590.22595575883
 20
9969.727520306187
 10
18590.22595575883
 20
10037.72752030618
  0
LINE
  5
7F3B
330
1F
100
AcDbEntity
  8
ELE-2
100
AcDbLine
 10
17795.22595575859
 20
10053.72752030619
 30
0.0
 11
18575.22595575859
 21
10053.72752030572
 31
0.0
1001
INERCAD20
1000
UnNamed
1070
2001
1071
4
  0
LWPOLYLINE
  5
7F3C
330
1F
100
AcDbEntity
  8
WID-S
100
AcDbPolyline
 90
16
 70
1
 10
18578.22595575882
 20
10040.72752030618
 10
18578.22595575882
 20
10050.72752030619
 10
18578.22595575882
 20
10050.72752030619
 10
18578.22595575882
 20
10050.72752030619
 10
18578.22595575882
 20
10050.72752030619
 10
18578.22595575882
 20
10050.72752030619
 10
18622.22595575882
 20
10050.72752030619
 10
18622.22595575882
 20
10050.72752030619
 10
18622.22595575882
 20
10050.72752030619
 10
18622.22595575882
 20
10050.72752030619
 10
18622.22595575882
 20
10050.72752030619
 10
18622.22595575882
 20
9956.727520306187
 10
18578.22595575882
 20
9956.727520306187
 10
18578.22595575882
 20
9966.727520306187
 10
18593.22595575882
 20
9966.727520306187
 10
18593.22595575882
 20
10040.72752030618
  0
LINE
  5
7F3D
330
1F
100
AcDbEntity
  8
WID-S
100
AcDbLine
 10
18590.22595575883
 20
10003.72752030618
 30
0.0
 11
18575.22595575882
 21
10003.72752030618
 31
0.0
  0
LWPOLYLINE
  5
7F3E
330
1F
100
AcDbEntity
  8
WID-S
100
AcDbPolyline
 90
4
 70
1
 10
18145.22595575929
 20
10005.72752030572
 10
18145.22595575882
 20
10035.72752030572
 10
18225.22595575836
 20
10035.72752030525
 10
18225.22595575929
 20
10005.72752030572
1001
INERCAD20
1000
UnNamed
1070
2001
1071
2
  0
LWPOLYLINE
  5
7F3F
330
1F
100
AcDbEntity
  8
WID-S
100
AcDbPolyline
 90
4
 70
1
 10
18148.22595575929
 20
10008.72752030572
 10
18148.22595575906
 20
10032.72752030572
 10
18222.22595575859
 20
10032.72752030525
 10
18222.22595575929
 20
10008.72752030572
1001
INERCAD20
1000
UnNamed
1070
2001
1071
2
  0
LWPOLYLINE
  5
7F40
330
1F
100
AcDbEntity
  8
WID-S
100
AcDbPolyline
 90
4
 70
1
 10
18145.22595575952
 20
9971.727520305258
 10
18145.22595575906
 20
10001.72752030525
 10
18225.22595575859
 20
10001.72752030479
 10
18225.22595575952
 20
9971.727520305258
1001
INERCAD20
1000
UnNamed
1070
2001
1071
2
  0
LWPOLYLINE
  5
7F41
330
1F
100
AcDbEntity
  8
WID-S
100
AcDbPolyline
 90
4
 70
1
 10
18148.22595575952
 20
9974.727520305258
 10
18148.22595575929
 20
9998.727520305258
 10
18222.22595575882
 20
9998.72752030479
 10
18222.22595575952
 20
9974.727520305258
1001
INERCAD20
1000
UnNamed
1070
2001
1071
2
  0
LWPOLYLINE
  5
7F42
330
1F
100
AcDbEntity
  8
WID-S
100
AcDbPolyline
 90
4
 70
1
 10
18505.22595575906
 20
9971.727520306187
 10
18505.22595575859
 20
10001.72752030618
 10
18585.22595575813
 20
10001.72752030572
 10
18585.22595575906
 20
9971.727520306187
1001
INERCAD20
1000
UnNamed
1070
2001
1071
2
  0
LWPOLYLINE
  5
7F43
330
1F
100
AcDbEntity
  8
WID-S
100
AcDbPolyline
 90
4
 70
1
 10
18508.22595575906
 20
9974.727520306187
 10
18508.22595575859
 20
9998.727520306187
 10
18582.22595575836
 20
9998.727520305722
 10
18582.22595575906
 20
9974.727520306187
1001
INERCAD20
1000
UnNamed
1070
2001
1071
2
  0
LINE
  5
7F44
330
1F
100
AcDbEntity
  8
WID
100
AcDbLine
 10
18225.22595575836
 20
9989.227520305256
 30
0.0
 11
18505.22595575813
 21
9989.227520306187
 31
0.0
1001
INERCAD20
1000
UnNamed
1070
2001
1071
1
  0
LINE
  5
7F45
330
1F
100
AcDbEntity
  8
WID
100
AcDbLine
 10
18145.22595575882
 20
9918.227520305256
 30
0.0
 11
17865.22595575906
 21
9918.227520305722
 31
0.0
1001
INERCAD20
1000
UnNamed
1070
2001
1071
1
  0
LINE
  5
7F46
330
1F
100
AcDbEntity
  8
WID
100
AcDbLine
 10
18225.22595575836
 20
9884.227520305258
 30
0.0
 11
18505.22595575813
 21
9884.227520306187
 31
0.0
1001
INERCAD20
1000
UnNamed
1070
2001
1071
1
  0
LINE
  5
7F47
330
1F
100
AcDbEntity
  8
WID
100
AcDbLine
 10
18145.22595575882
 20
10018.22752030525
 30
0.0
 11
17865.22595575906
 21
10018.22752030572
 31
0.0
1001
INERCAD20
1000
UnNamed
1070
2001
1071
1
  0
LINE
  5
7F48
330
1F
100
AcDbEntity
  8
WID
100
AcDbLine
 10
18225.22595575836
 20
9984.227520305258
 30
0.0
 11
18505.22595575813
 21
9984.227520306187
 31
0.0
1001
INERCAD20
1000
UnNamed
1070
2001
1071
1
  0
ARC
  5
7F49
330
1F
100
AcDbEntity
  8
FIN
100
AcDbCircle
 10
17740.22595575696
 20
9851.060853642002
 30
0.0
 40
5.666666664074
100
AcDbArc
 50
28.07248689894668
 51
151.9275131010533
  0
ARC
  5
7F4A
330
1F
100
AcDbEntity
  8
FIN
100
AcDbCircle
 10
18630.22595575789
 20
9850.91419048101
 30
0.0
 40
5.737144297840901
100
AcDbArc
 50
29.36497656058201
 51
150.635023439418
  0
LWPOLYLINE
  5
7F4B
330
1F
100
AcDbEntity
  8
COL
100
AcDbPolyline
 90
2
 70
0
 10
12535.22595576563
 20
12153.72752030642
 10
12735.22595576563
 20
12153.72752030595
  0
LWPOLYLINE
  5
7F4C
330
1F
100
AcDbEntity
  8
COL
100
AcDbPolyline
 90
2
 70
0
 10
13935.22595580003
 20
12253.72752030642
 10
14135.22595580003
 20
12253.72752030595
  0
LWPOLYLINE
  5
7F4D
330
1F
100
AcDbEntity
  8
COL
100
AcDbPolyline
 90
3
 70
0
 10
16735.22595581168
 20
21153.72752035846
 10
16735.22595581214
 20
21353.72752035846
 10
17735.22595581744
 20
21353.72752034911
  0
LWPOLYLINE
  5
7F4E
330
1F
100
AcDbEntity
  8
COL
100
AcDbPolyline
 90
2
 70
0
 10
14735.22595581168
 20
21153.72752035892
 10
14735.22595581214
 20
21353.72752035892
  0
LWPOLYLINE
  5
7F4F
330
1F
100
AcDbEntity
  8
COL
100
AcDbPolyline
 90
2
 70
0
 10
26735.22595584195
 20
13953.72752030607
 10
26935.22595584195
 20
13953.7275203056
  0
LWPOLYLINE
  5
7F50
330
1F
100
AcDbEntity
  8
COL
100
AcDbPolyline
 90
2
 70
0
 10
26735.22595584241
 20
15953.72752030606
 10
26935.22595584241
 20
15953.7275203056
  0
LWPOLYLINE
  5
7F51
330
1F
100
AcDbEntity
  8
COL
100
AcDbPolyline
 90
2
 70
0
 10
12735.22595579817
 20
13953.72752035031
 10
12535.22595579817
 20
13953.72752034984
  0
LWPOLYLINE
  5
7F52
330
1F
100
AcDbEntity
  8
COL
100
AcDbPolyline
 90
2
 70
0
 10
17735.22595581744
 20
21153.72752039077
 10
17735.22595581744
 20
21353.72752039077
  0
LWPOLYLINE
  5
7F53
330
1F
100
AcDbEntity
  8
WID-S
100
AcDbPolyline
 90
16
 70
1
 10
17792.22595581721
 20
21240.72752039076
 10
17792.22595581721
 20
21250.72752039076
 10
17792.22595581721
 20
21250.72752039076
 10
17792.22595581721
 20
21250.72752039076
 10
17792.22595581721
 20
21250.72752039076
 10
17792.22595581721
 20
21250.72752039076
 10
17748.22595581721
 20
21250.72752039076
 10
17748.22595581721
 20
21250.72752039076
 10
17748.22595581721
 20
21250.72752039076
 10
17748.22595581721
 20
21250.72752039076
 10
17748.22595581721
 20
21250.72752039076
 10
17748.22595581721
 20
21156.72752039076
 10
17792.22595581721
 20
21156.72752039076
 10
17792.22595581721
 20
21166.72752039076
 10
17777.22595581721
 20
21166.72752039076
 10
17777.22595581721
 20
21240.72752039076
  0
LWPOLYLINE
  5
7F54
330
1F
100
AcDbEntity
  8
WID-S
100
AcDbPolyline
 90
16
 70
1
 10
17795.22595581721
 20
21237.72752039077
 10
17795.22595581721
 20
21253.72752039076
 10
17795.22595581721
 20
21253.72752039076
 10
17795.22595581721
 20
21253.72752039076
 10
17795.22595581721
 20
21253.72752039076
 10
17795.22595581721
 20
21253.72752039076
 10
17745.22595581721
 20
21253.72752039076
 10
17745.22595581721
 20
21253.72752039076
 10
17745.22595581721
 20
21253.72752039076
 10
17745.22595581721
 20
21253.72752039076
 10
17745.22595581721
 20
21253.72752039076
 10
17745.22595581721
 20
21153.72752039077
 10
17795.22595581721
 20
21153.72752039077
 10
17795.22595581721
 20
21169.72752039076
 10
17780.2259558172
 20
21169.72752039076
 10
17780.2259558172
 20
21237.72752039077
  0
LINE
  5
7F55
330
1F
100
AcDbEntity
  8
WID-S
100
AcDbLine
 10
17780.2259558172
 20
21203.72752039076
 30
0.0
 11
17795.22595581721
 21
21203.72752039076
 31
0.0
  0
LWPOLYLINE
  5
7F56
330
1F
100
AcDbEntity
  8
WID-S
100
AcDbPolyline
 90
4
 70
1
 10
17865.22595581674
 20
21205.7275203903
 10
17865.22595581721
 20
21235.7275203903
 10
17785.22595581767
 20
21235.72752038983
 10
17785.22595581674
 20
21205.7275203903
1001
INERCAD20
1000
UnNamed
1070
2001
1071
2
  0
LWPOLYLINE
  5
7F57
330
1F
100
AcDbEntity
  8
WID-S
100
AcDbPolyline
 90
4
 70
1
 10
17862.22595581674
 20
21208.7275203903
 10
17862.22595581721
 20
21232.7275203903
 10
17788.22595581767
 20
21232.72752038983
 10
17788.22595581697
 20
21208.7275203903
1001
INERCAD20
1000
UnNamed
1070
2001
1071
2
  0
LINE
  5
7F58
330
1F
100
AcDbEntity
  8
ELE-2
100
AcDbLine
 10
17795.22595581721
 20
21169.72752039123
 30
0.0
 11
18575.22595581721
 21
21169.72752039076
 31
0.0
1001
INERCAD20
1000
UnNamed
1070
2001
1071
4
  0
LINE
  5
7F59
330
1F
100
AcDbEntity
  8
ELE-2
100
AcDbLine
 10
17795.22595581674
 20
21237.72752039077
 30
0.0
 11
18575.22595581721
 21
21237.7275203903
 31
0.0
1001
INERCAD20
1000
UnNamed
1070
2001
1071
4
  0
LINE
  5
7F5A
330
1F
100
AcDbEntity
  8
ELE-2
100
AcDbLine
 10
18575.22595581721
 20
21203.7275203903
 30
0.0
 11
17795.22595581674
 21
21203.7275203903
 31
0.0
1001
INERCAD20
1000
UnNamed
1070
2001
1071
4
  0
LINE
  5
7F5B
330
1F
100
AcDbEntity
  8
ELE-2
100
AcDbLine
 10
17795.22595581721
 20
21153.72752039077
 30
0.0
 11
18575.22595581721
 21
21153.7275203903
 31
0.0
1001
INERCAD20
1000
UnNamed
1070
2001
1071
4
  0
LINE
  5
7F5C
330
1F
100
AcDbEntity
  8
WID
100
AcDbLine
 10
18145.22595581744
 20
21223.22752038983
 30
0.0
 11
17865.22595581767
 21
21223.2275203903
 31
0.0
1001
INERCAD20
1000
UnNamed
1070
2001
1071
1
  0
LWPOLYLINE
  5
7F5D
330
1F
100
AcDbEntity
  8
WID-S
100
AcDbPolyline
 90
16
 70
1
 10
18575.22595581744
 20
21237.72752039077
 10
18575.22595581744
 20
21253.72752039076
 10
18575.22595581744
 20
21253.72752039076
 10
18575.22595581744
 20
21253.72752039076
 10
18575.22595581744
 20
21253.72752039076
 10
18575.22595581744
 20
21253.72752039076
 10
18625.22595581744
 20
21253.72752039076
 10
18625.22595581744
 20
21253.72752039076
 10
18625.22595581744
 20
21253.72752039076
 10
18625.22595581744
 20
21253.72752039076
 10
18625.22595581744
 20
21253.72752039076
 10
18625.22595581744
 20
21153.72752039077
 10
18575.22595581744
 20
21153.72752039077
 10
18575.22595581744
 20
21169.72752039076
 10
18590.22595581744
 20
21169.72752039076
 10
18590.22595581744
 20
21237.72752039077
  0
LINE
  5
7F5E
330
1F
100
AcDbEntity
  8
ELE-2
100
AcDbLine
 10
17795.22595581721
 20
21253.72752039076
 30
0.0
 11
18575.22595581721
 21
21253.7275203903
 31
0.0
1001
INERCAD20
1000
UnNamed
1070
2001
1071
4
  0
LWPOLYLINE
  5
7F5F
330
1F
100
AcDbEntity
  8
WID-S
100
AcDbPolyline
 90
16
 70
1
 10
18578.22595581744
 20
21240.72752039076
 10
18578.22595581744
 20
21250.72752039076
 10
18578.22595581744
 20
21250.72752039076
 10
18578.22595581744
 20
21250.72752039076
 10
18578.22595581744
 20
21250.72752039076
 10
18578.22595581744
 20
21250.72752039076
 10
18622.22595581744
 20
21250.72752039076
 10
18622.22595581744
 20
21250.72752039076
 10
18622.22595581744
 20
21250.72752039076
 10
18622.22595581744
 20
21250.72752039076
 10
18622.22595581744
 20
21250.72752039076
 10
18622.22595581744
 20
21156.72752039076
 10
18578.22595581744
 20
21156.72752039076
 10
18578.22595581744
 20
21166.72752039076
 10
18593.22595581744
 20
21166.72752039076
 10
18593.22595581744
 20
21240.72752039076
  0
LINE
  5
7F60
330
1F
100
AcDbEntity
  8
WID-S
100
AcDbLine
 10
18590.22595581744
 20
21203.72752039076
 30
0.0
 11
18575.22595581744
 21
21203.72752039076
 31
0.0
  0
LWPOLYLINE
  5
7F61
330
1F
100
AcDbEntity
  8
WID-S
100
AcDbPolyline
 90
4
 70
1
 10
18145.22595581791
 20
21205.7275203903
 10
18145.22595581744
 20
21235.7275203903
 10
18225.22595581697
 20
21235.72752038983
 10
18225.22595581791
 20
21205.7275203903
1001
INERCAD20
1000
UnNamed
1070
2001
1071
2
  0
LWPOLYLINE
  5
7F62
330
1F
100
AcDbEntity
  8
WID-S
100
AcDbPolyline
 90
4
 70
1
 10
18148.22595581791
 20
21208.7275203903
 10
18148.22595581767
 20
21232.7275203903
 10
18222.22595581721
 20
21232.72752038983
 10
18222.22595581791
 20
21208.7275203903
1001
INERCAD20
1000
UnNamed
1070
2001
1071
2
  0
LINE
  5
7F63
330
1F
100
AcDbEntity
  8
ELE-2
100
AcDbLine
 10
18185.2259558172
 20
20953.72752039077
 30
0.0
 11
18185.22595581744
 21
21553.72752039076
 31
0.0
  0
LWPOLYLINE
  5
7F64
330
1F
100
AcDbEntity
  8
WID-S
100
AcDbPolyline
 90
4
 70
1
 10
18145.22595581814
 20
21171.72752038983
 10
18145.22595581767
 20
21201.72752038983
 10
18225.22595581721
 20
21201.72752038937
 10
18225.22595581814
 20
21171.72752038983
1001
INERCAD20
1000
UnNamed
1070
2001
1071
2
  0
LWPOLYLINE
  5
7F65
330
1F
100
AcDbEntity
  8
WID-S
100
AcDbPolyline
 90
4
 70
1
 10
18148.22595581814
 20
21174.72752038983
 10
18148.22595581791
 20
21198.72752038983
 10
18222.22595581744
 20
21198.72752038937
 10
18222.22595581814
 20
21174.72752038983
1001
INERCAD20
1000
UnNamed
1070
2001
1071
2
  0
LWPOLYLINE
  5
7F66
330
1F
100
AcDbEntity
  8
WID-S
100
AcDbPolyline
 90
4
 70
1
 10
18505.22595581767
 20
21171.72752039076
 10
18505.2259558172
 20
21201.72752039076
 10
18585.22595581674
 20
21201.7275203903
 10
18585.22595581767
 20
21171.72752039076
1001
INERCAD20
1000
UnNamed
1070
2001
1071
2
  0
LWPOLYLINE
  5
7F67
330
1F
100
AcDbEntity
  8
WID-S
100
AcDbPolyline
 90
4
 70
1
 10
18508.22595581767
 20
21174.72752039077
 10
18508.2259558172
 20
21198.72752039076
 10
18582.22595581697
 20
21198.7275203903
 10
18582.22595581767
 20
21174.72752039077
1001
INERCAD20
1000
UnNamed
1070
2001
1071
2
  0
LINE
  5
7F68
330
1F
100
AcDbEntity
  8
WID
100
AcDbLine
 10
18225.22595581697
 20
21189.22752038983
 30
0.0
 11
18505.22595581674
 21
21189.22752039076
 31
0.0
1001
INERCAD20
1000
UnNamed
1070
2001
1071
1
  0
LWPOLYLINE
  5
7F69
330
1F
100
AcDbEntity
  8
WID-S
100
AcDbPolyline
 90
16
 70
1
 10
17792.22595581721
 20
21340.72752039076
 10
17792.22595581721
 20
21350.72752039076
 10
17792.22595581721
 20
21350.72752039076
 10
17792.22595581721
 20
21350.72752039076
 10
17792.22595581721
 20
21350.72752039076
 10
17792.22595581721
 20
21350.72752039076
 10
17748.22595581721
 20
21350.72752039076
 10
17748.22595581721
 20
21350.72752039076
 10
17748.22595581721
 20
21350.72752039076
 10
17748.22595581721
 20
21350.72752039076
 10
17748.22595581721
 20
21350.72752039076
 10
17748.22595581721
 20
21256.72752039077
 10
17792.22595581721
 20
21256.72752039077
 10
17792.22595581721
 20
21266.72752039076
 10
17777.22595581721
 20
21266.72752039076
 10
17777.22595581721
 20
21340.72752039076
  0
LWPOLYLINE
  5
7F6A
330
1F
100
AcDbEntity
  8
WID-S
100
AcDbPolyline
 90
16
 70
1
 10
17795.22595581721
 20
21337.72752039076
 10
17795.22595581721
 20
21353.72752039077
 10
17795.22595581721
 20
21353.72752039077
 10
17795.22595581721
 20
21353.72752039077
 10
17795.22595581721
 20
21353.72752039077
 10
17795.22595581721
 20
21353.72752039077
 10
17745.22595581721
 20
21353.72752039077
 10
17745.22595581721
 20
21353.72752039077
 10
17745.22595581721
 20
21353.72752039077
 10
17745.22595581721
 20
21353.72752039077
 10
17745.22595581721
 20
21353.72752039077
 10
17745.22595581721
 20
21253.72752039076
 10
17795.22595581721
 20
21253.72752039076
 10
17795.22595581721
 20
21269.72752039076
 10
17780.2259558172
 20
21269.72752039076
 10
17780.2259558172
 20
21337.72752039076
  0
LINE
  5
7F6B
330
1F
100
AcDbEntity
  8
WID-S
100
AcDbLine
 10
17780.2259558172
 20
21303.72752039076
 30
0.0
 11
17795.22595581721
 21
21303.72752039076
 31
0.0
  0
LWPOLYLINE
  5
7F6C
330
1F
100
AcDbEntity
  8
WID-S
100
AcDbPolyline
 90
4
 70
1
 10
17865.22595581674
 20
21305.7275203903
 10
17865.22595581721
 20
21335.7275203903
 10
17785.22595581767
 20
21335.72752038983
 10
17785.22595581674
 20
21305.7275203903
1001
INERCAD20
1000
UnNamed
1070
2001
1071
2
  0
LWPOLYLINE
  5
7F6D
330
1F
100
AcDbEntity
  8
WID-S
100
AcDbPolyline
 90
4
 70
1
 10
17862.22595581674
 20
21308.7275203903
 10
17862.22595581721
 20
21332.7275203903
 10
17788.22595581767
 20
21332.72752038983
 10
17788.22595581697
 20
21308.7275203903
1001
INERCAD20
1000
UnNamed
1070
2001
1071
2
  0
LINE
  5
7F6E
330
1F
100
AcDbEntity
  8
ELE-2
100
AcDbLine
 10
17795.22595581721
 20
21269.72752039123
 30
0.0
 11
18575.22595581721
 21
21269.72752039076
 31
0.0
1001
INERCAD20
1000
UnNamed
1070
2001
1071
4
  0
LINE
  5
7F6F
330
1F
100
AcDbEntity
  8
ELE-2
100
AcDbLine
 10
17795.22595581674
 20
21337.72752039076
 30
0.0
 11
18575.22595581721
 21
21337.7275203903
 31
0.0
1001
INERCAD20
1000
UnNamed
1070
2001
1071
4
  0
LINE
  5
7F70
330
1F
100
AcDbEntity
  8
ELE-2
100
AcDbLine
 10
18575.22595581721
 20
21303.7275203903
 30
0.0
 11
17795.22595581674
 21
21303.7275203903
 31
0.0
1001
INERCAD20
1000
UnNamed
1070
2001
1071
4
  0
LINE
  5
7F71
330
1F
100
AcDbEntity
  8
ELE-2
100
AcDbLine
 10
17795.22595581721
 20
21253.72752039076
 30
0.0
 11
18575.22595581721
 21
21253.7275203903
 31
0.0
1001
INERCAD20
1000
UnNamed
1070
2001
1071
4
  0
LINE
  5
7F72
330
1F
100
AcDbEntity
  8
WID
100
AcDbLine
 10
18145.22595581744
 20
21323.22752038983
 30
0.0
 11
17865.22595581767
 21
21323.2275203903
 31
0.0
1001
INERCAD20
1000
UnNamed
1070
2001
1071
1
  0
LWPOLYLINE
  5
7F73
330
1F
100
AcDbEntity
  8
WID-S
100
AcDbPolyline
 90
16
 70
1
 10
18575.22595581744
 20
21337.72752039076
 10
18575.22595581744
 20
21353.72752039077
 10
18575.22595581744
 20
21353.72752039077
 10
18575.22595581744
 20
21353.72752039077
 10
18575.22595581744
 20
21353.72752039077
 10
18575.22595581744
 20
21353.72752039077
 10
18625.22595581744
 20
21353.72752039077
 10
18625.22595581744
 20
21353.72752039077
 10
18625.22595581744
 20
21353.72752039077
 10
18625.22595581744
 20
21353.72752039077
 10
18625.22595581744
 20
21353.72752039077
 10
18625.22595581744
 20
21253.72752039076
 10
18575.22595581744
 20
21253.72752039076
 10
18575.22595581744
 20
21269.72752039076
 10
18590.22595581744
 20
21269.72752039076
 10
18590.22595581744
 20
21337.72752039076
  0
LINE
  5
7F74
330
1F
100
AcDbEntity
  8
ELE-2
100
AcDbLine
 10
17795.22595581721
 20
21353.72752039077
 30
0.0
 11
18575.22595581721
 21
21353.7275203903
 31
0.0
1001
INERCAD20
1000
UnNamed
1070
2001
1071
4
  0
LWPOLYLINE
  5
7F75
330
1F
100
AcDbEntity
  8
WID-S
100
AcDbPolyline
 90
16
 70
1
 10
18578.22595581744
 20
21340.72752039076
 10
18578.22595581744
 20
21350.72752039076
 10
18578.22595581744
 20
21350.72752039076
 10
18578.22595581744
 20
21350.72752039076
 10
18578.22595581744
 20
21350.72752039076
 10
18578.22595581744
 20
21350.72752039076
 10
18622.22595581744
 20
21350.72752039076
 10
18622.22595581744
 20
21350.72752039076
 10
18622.22595581744
 20
21350.72752039076
 10
18622.22595581744
 20
21350.72752039076
 10
18622.22595581744
 20
21350.72752039076
 10
18622.22595581744
 20
21256.72752039077
 10
18578.22595581744
 20
21256.72752039077
 10
18578.22595581744
 20
21266.72752039076
 10
18593.22595581744
 20
21266.72752039076
 10
18593.22595581744
 20
21340.72752039076
  0
LINE
  5
7F76
330
1F
100
AcDbEntity
  8
WID-S
100
AcDbLine
 10
18590.22595581744
 20
21303.72752039076
 30
0.0
 11
18575.22595581744
 21
21303.72752039076
 31
0.0
  0
LWPOLYLINE
  5
7F77
330
1F
100
AcDbEntity
  8
WID-S
100
AcDbPolyline
 90
4
 70
1
 10
18145.22595581791
 20
21305.7275203903
 10
18145.22595581744
 20
21335.7275203903
 10
18225.22595581697
 20
21335.72752038983
 10
18225.22595581791
 20
21305.7275203903
1001
INERCAD20
1000
UnNamed
1070
2001
1071
2
  0
LWPOLYLINE
  5
7F78
330
1F
100
AcDbEntity
  8
WID-S
100
AcDbPolyline
 90
4
 70
1
 10
18148.22595581791
 20
21308.7275203903
 10
18148.22595581767
 20
21332.7275203903
 10
18222.22595581721
 20
21332.72752038983
 10
18222.22595581791
 20
21308.7275203903
1001
INERCAD20
1000
UnNamed
1070
2001
1071
2
  0
LWPOLYLINE
  5
7F79
330
1F
100
AcDbEntity
  8
WID-S
100
AcDbPolyline
 90
4
 70
1
 10
18145.22595581814
 20
21271.72752038983
 10
18145.22595581767
 20
21301.72752038983
 10
18225.22595581721
 20
21301.72752038937
 10
18225.22595581814
 20
21271.72752038983
1001
INERCAD20
1000
UnNamed
1070
2001
1071
2
  0
LWPOLYLINE
  5
7F7A
330
1F
100
AcDbEntity
  8
WID-S
100
AcDbPolyline
 90
4
 70
1
 10
18148.22595581814
 20
21274.72752038983
 10
18148.22595581791
 20
21298.72752038983
 10
18222.22595581744
 20
21298.72752038937
 10
18222.22595581814
 20
21274.72752038983
1001
INERCAD20
1000
UnNamed
1070
2001
1071
2
  0
LWPOLYLINE
  5
7F7B
330
1F
100
AcDbEntity
  8
WID-S
100
AcDbPolyline
 90
4
 70
1
 10
18505.22595581767
 20
21271.72752039076
 10
18505.2259558172
 20
21301.72752039076
 10
18585.22595581674
 20
21301.7275203903
 10
18585.22595581767
 20
21271.72752039076
1001
INERCAD20
1000
UnNamed
1070
2001
1071
2
  0
LWPOLYLINE
  5
7F7C
330
1F
100
AcDbEntity
  8
WID-S
100
AcDbPolyline
 90
4
 70
1
 10
18508.22595581767
 20
21274.72752039076
 10
18508.2259558172
 20
21298.72752039076
 10
18582.22595581697
 20
21298.7275203903
 10
18582.22595581767
 20
21274.72752039076
1001
INERCAD20
1000
UnNamed
1070
2001
1071
2
  0
LINE
  5
7F7D
330
1F
100
AcDbEntity
  8
WID
100
AcDbLine
 10
18225.22595581697
 20
21289.22752038983
 30
0.0
 11
18505.22595581674
 21
21289.22752039076
 31
0.0
1001
INERCAD20
1000
UnNamed
1070
2001
1071
1
  0
LINE
  5
7F7E
330
1F
100
AcDbEntity
  8
WID
100
AcDbLine
 10
18145.22595581744
 20
21218.22752038983
 30
0.0
 11
17865.22595581767
 21
21218.2275203903
 31
0.0
1001
INERCAD20
1000
UnNamed
1070
2001
1071
1
  0
LINE
  5
7F7F
330
1F
100
AcDbEntity
  8
WID
100
AcDbLine
 10
18225.22595581697
 20
21184.22752038983
 30
0.0
 11
18505.22595581674
 21
21184.22752039077
 31
0.0
1001
INERCAD20
1000
UnNamed
1070
2001
1071
1
  0
LINE
  5
7F80
330
1F
100
AcDbEntity
  8
WID
100
AcDbLine
 10
18145.22595581744
 20
21318.22752038983
 30
0.0
 11
17865.22595581767
 21
21318.2275203903
 31
0.0
1001
INERCAD20
1000
UnNamed
1070
2001
1071
1
  0
LINE
  5
7F81
330
1F
100
AcDbEntity
  8
WID
100
AcDbLine
 10
18225.22595581697
 20
21284.22752038983
 30
0.0
 11
18505.22595581674
 21
21284.22752039076
 31
0.0
1001
INERCAD20
1000
UnNamed
1070
2001
1071
1
  0
ARC
  5
7F82
330
1F
100
AcDbEntity
  8
FIN
100
AcDbCircle
 10
17740.22595581558
 20
21151.06085372658
 30
0.0
 40
5.666666664074
100
AcDbArc
 50
28.07248689801483
 51
151.9275131019852
  0
ARC
  5
7F83
330
1F
100
AcDbEntity
  8
FIN
100
AcDbCircle
 10
18630.22595581651
 20
21150.91419056558
 30
0.0
 40
5.737144297840901
100
AcDbArc
 50
29.36497656058201
 51
150.635023439418
  0
LWPOLYLINE
  5
7F84
330
1F
100
AcDbEntity
  8
COL
100
AcDbPolyline
 90
2
 70
0
 10
12135.22595581494
 20
16403.72752035077
 10
11935.22595581447
 20
16403.72752035031
  0
LWPOLYLINE
  5
7F85
330
1F
100
AcDbEntity
  8
COL
100
AcDbPolyline
 90
2
 70
0
 10
26735.22595548688
 20
13103.72752027871
 10
26935.22595548688
 20
13103.72752030386
  0
LWPOLYLINE
  5
7F86
330
1F
100
AcDbEntity
  8
COL
100
AcDbPolyline
 90
2
 70
0
 10
26735.22595586686
 20
10303.72752027964
 10
26935.22595586779
 20
10303.72752030479
  0
LWPOLYLINE
  5
7F87
330
1F
100
AcDbEntity
  8
COL
100
AcDbPolyline
 90
4
 70
0
 10
22085.22595578421
 20
10053.72752030619
 10
22085.22595580888
 20
9853.727520306187
 10
26935.22595581028
 20
9853.727520306187
 10
26935.22595580772
 20
10303.72752028104
  0
LWPOLYLINE
  5
7F88
330
1F
100
AcDbEntity
  8
COL
100
AcDbPolyline
 90
2
 70
0
 10
19285.22595578513
 20
10053.7275199262
 10
19285.22595581028
 20
9853.727519925276
  0
LWPOLYLINE
  5
7F89
330
1F
100
AcDbEntity
  8
COL
100
AcDbPolyline
 90
2
 70
0
 10
22085.22595578444
 20
21153.72751994996
 10
22085.22595580912
 20
21353.72751994996
  0
LWPOLYLINE
  5
7F8A
330
1F
100
AcDbEntity
  8
COL
100
AcDbPolyline
 90
2
 70
0
 10
19285.22595578537
 20
21153.72752032994
 10
19285.22595581051
 20
21353.72752033087
  0
LWPOLYLINE
  5
7F8B
330
1F
100
AcDbEntity
  8
COL
100
AcDbPolyline
 90
3
 70
0
 10
14735.22595581173
 20
21153.72752037732
 10
13760.22595580888
 20
21153.72752038445
 10
13760.22595580888
 20
21353.72752039207
  0
LWPOLYLINE
  5
7F8C
330
1F
100
AcDbEntity
  8
COL
100
AcDbPolyline
 90
4
 70
0
 10
26735.22595576442
 20
18412.30616412737
 10
26425.17544947832
 20
18722.35667041136
 10
26566.59680571489
 20
18863.77802664932
 10
26935.22595576348
 20
18495.14887660328
  0
LWPOLYLINE
  5
7F8D
330
1F
100
AcDbEntity
  8
COL
100
AcDbPolyline
 90
6
 70
0
 10
26735.2259557856
 20
13953.72752030444
 10
26735.22595578793
 20
13553.72752030618
 10
22535.22595584917
 20
13553.72752030665
 10
22535.22595585033
 20
13353.72752030712
 10
26735.22595578886
 20
13353.72752030712
 10
26735.22595579026
 20
13103.72752034856
  0
LWPOLYLINE
  5
7F8E
330
1F
100
AcDbEntity
  8
COL
100
AcDbPolyline
 90
4
 70
0
 10
26735.22595577396
 20
15953.72752030443
 10
26735.22595577163
 20
16353.72752030618
 10
22735.22595583077
 20
16353.72752030618
 10
22735.22595584264
 20
14453.72752030665
  0
LWPOLYLINE
  5
7F8F
330
1F
100
AcDbEntity
  8
COL
100
AcDbPolyline
 90
2
 70
0
 10
22735.22595584893
 20
17753.72752030619
 10
22535.22595584893
 20
17753.72752030619
  0
LWPOLYLINE
  5
7F90
330
1F
100
AcDbEntity
  8
COL
100
AcDbPolyline
 90
2
 70
0
 10
22735.22595584893
 20
18653.72752030619
 10
22535.22595584893
 20
18653.72752030619
  0
LWPOLYLINE
  5
7F91
330
1F
100
AcDbEntity
  8
COL
100
AcDbPolyline
 90
2
 70
0
 10
22735.22595584916
 20
14453.72752030572
 10
22535.22595584917
 20
14453.72752030572
  0
LWPOLYLINE
  5
7F92
330
1F
100
AcDbEntity
  8
COL
100
AcDbPolyline
 90
2
 70
0
 10
22735.22595584916
 20
12453.72752030665
 10
22535.22595584917
 20
12453.72752030665
  0
LWPOLYLINE
  5
7F93
330
1F
100
AcDbEntity
  8
COL
100
AcDbPolyline
 90
4
 70
0
 10
12735.22595572029
 20
13953.72752035031
 10
12735.22595573112
 20
16253.72752030664
 10
12135.22595573112
 20
16253.72752030664
 10
12135.22595573182
 20
16403.72752034926
  0
LWPOLYLINE
  5
7F94
330
1F
100
AcDbEntity
  8
COL
100
AcDbPolyline
 90
4
 70
0
 10
17135.22595597955
 20
12453.72752030619
 10
17835.2259557721
 20
12453.72752030619
 10
17835.2259557721
 20
12253.72752030479
 10
17135.22595597931
 20
12253.72752030619
  0
LWPOLYLINE
  5
7F95
330
1F
100
AcDbEntity
  8
COL
100
AcDbPolyline
 90
3
 70
0
 10
22085.22595580888
 20
10053.72752030619
 10
22535.22595586872
 20
10053.72752030619
 10
22535.22595585522
 20
12453.72752030665
  0
LINE
  5
7F96
330
1F
100
AcDbEntity
  8
WAL
100
AcDbLine
 10
18835.2259557984
 20
17753.72752038395
 30
0.0
 11
18635.22595579841
 21
17753.72752038488
 31
0.0
  0
LINE
  5
7F97
330
1F
100
AcDbEntity
  8
WAL
100
AcDbLine
 10
18635.22595578001
 20
14053.72752039326
 30
0.0
 11
18835.22595578001
 21
14053.72752039326
 31
0.0
  0
LWPOLYLINE
  5
7F98
330
1F
100
AcDbEntity
  8
COL
100
AcDbPolyline
 90
3
 70
0
 10
22085.22595580755
 20
21153.72752032091
 10
22535.22595580772
 20
21153.72752031736
 10
22535.22595582169
 20
18653.72752030619
  0
LWPOLYLINE
  5
7F99
330
1F
100
AcDbEntity
  8
COL
100
AcDbPolyline
 90
10
 70
0
 10
16735.22595581173
 20
21153.72752036303
 10
16935.22595599142
 20
21153.7275203616
 10
16935.22595598793
 20
18753.7275203942
 10
17135.22595598822
 20
18753.72752039373
 10
17135.22595598839
 20
18903.72752030572
 10
17835.22595580446
 20
18903.72752030386
 10
17835.22595580469
 20
19103.72752030386
 10
17135.22595598869
 20
19103.72752030572
 10
17135.22595599142
 20
21153.7275203602
 10
17735.22595581744
 20
21153.72752035351
  0
LWPOLYLINE
  5
7F9A
330
1F
100
AcDbEntity
  8
COL
100
AcDbPolyline
 90
6
 70
0
 10
19285.22595581028
 20
10053.72752030619
 10
18835.22595575882
 20
10053.72752030619
 10
18835.22595577303
 20
12453.72752030619
 10
18635.22595575883
 20
12453.72752030619
 10
18635.22595575883
 20
9853.727520306187
 10
19285.22595581028
 20
9853.727520306187
  0
LWPOLYLINE
  5
7F9B
330
1F
100
AcDbEntity
  8
COL
100
AcDbPolyline
 90
3
 70
0
 10
16935.22595597582
 20
10053.72752030619
 10
14135.22595579817
 20
10053.72752030619
 10
14135.22595579829
 20
10253.72752030473
  0
LWPOLYLINE
  5
7F9C
330
1F
100
AcDbEntity
  8
COL
100
AcDbPolyline
 90
4
 70
0
 10
11935.22595573199
 20
16403.72752035031
 10
11935.22595573065
 20
16053.72752030664
 10
12535.22595573019
 20
16053.72752030664
 10
12535.22595572134
 20
13953.72752035118
  0
LWPOLYLINE
  5
7F9D
330
1F
100
AcDbEntity
  8
COL
100
AcDbPolyline
 90
2
 70
0
 10
14735.22595581214
 20
21353.72752037281
 10
13760.22595580888
 20
21353.72752037997
  0
LWPOLYLINE
  5
7F9E
330
1F
100
AcDbEntity
  8
COL
100
AcDbPolyline
 90
6
 70
0
 10
19285.22595581051
 20
21353.72752034012
 10
18635.22595581744
 20
21353.72752034481
 10
18635.22595580399
 20
18903.7275202978
 10
18835.22595580423
 20
18903.72752029687
 10
18835.2259558161
 20
21153.7275203467
 10
19285.22595580894
 20
21153.72752034312
  0
LWPOLYLINE
  5
7F9F
330
1F
100
AcDbEntity
  8
COL
100
AcDbPolyline
 90
2
 70
0
 10
26935.22595577745
 20
15953.7275203056
 10
26935.22595576371
 20
18494.63144001603
  0
LWPOLYLINE
  5
7FA0
330
1F
100
AcDbEntity
  8
COL
100
AcDbPolyline
 90
2
 70
0
 10
26935.22595579282
 20
13103.72752034996
 10
26935.22595578822
 20
13953.7275203056
  0
LWPOLYLINE
  5
7FA1
330
1F
100
AcDbEntity
  8
COL
100
AcDbPolyline
 90
4
 70
0
 10
26735.22595580749
 20
10303.72752027964
 10
26735.22595580889
 20
10053.72752030572
 10
22735.22595586872
 20
10053.72752030572
 10
22735.22595585359
 20
12453.72752030758
  0
LWPOLYLINE
  5
7FA2
330
1F
100
AcDbEntity
  8
COL
100
AcDbPolyline
 90
4
 70
0
 10
26735.22595576418
 20
18412.82360071602
 10
26735.22595577094
 20
16553.72752030618
 10
22735.22595582984
 20
16553.72752030618
 10
22735.22595582681
 20
17753.72752030712
  0
LWPOLYLINE
  5
7FA3
330
1F
100
AcDbEntity
  8
COL
100
AcDbPolyline
 90
7
 70
0
 10
22735.22595582192
 20
18653.72752030712
 10
22735.22595580819
 20
21153.72752031597
 10
23993.80459956999
 20
21153.72752030665
 10
24303.85510591383
 20
20843.67701396445
 10
24445.27646215109
 20
20985.09837020288
 10
24076.64731204545
 20
21353.72752030572
 10
22085.22595580912
 20
21353.72752032001
  0
LINE
  5
7FA4
330
1F
100
AcDbEntity
  8
마감선
100
AcDbLine
 10
13967.22595580399
 20
21135.72752038362
 30
0.0
 11
13967.22595580498
 21
19571.72752039466
 31
0.0
  0
LINE
  5
7FA5
330
1F
100
AcDbEntity
  8
마감선
100
AcDbLine
 10
17885.22595580469
 20
19072.72752030293
 30
0.0
 11
18585.22595580469
 21
19072.72752030037
 31
0.0
  0
LINE
  5
7FA6
330
1F
100
AcDbEntity
  8
마감선
100
AcDbLine
 10
17885.22595577209
 20
12284.72752030872
 30
0.0
 11
18585.22595577209
 21
12284.72752030618
 31
0.0
  0
LINE
  5
7FA7
330
1F
100
AcDbEntity
  8
마감선
100
AcDbLine
 10
12153.22595579759
 20
19571.72752039466
 30
0.0
 11
12153.22595580626
 21
21135.72752039222
 31
0.0
  0
LINE
  5
7FA8
330
1F
100
AcDbEntity
  8
마감선
100
AcDbLine
 10
13967.22595580498
 20
19571.72752039466
 30
0.0
 11
12153.22595579759
 21
19571.72752039466
 31
0.0
  0
LINE
  5
7FA9
330
1F
100
AcDbEntity
  8
마감선
100
AcDbLine
 10
12153.22595580626
 20
21135.72752039222
 30
0.0
 11
12360.2259558076
 21
21135.72752039021
 31
0.0
  0
LINE
  5
7FAA
330
1F
100
AcDbEntity
  8
마감선
100
AcDbLine
 10
12753.22595571336
 20
12635.72752030619
 30
0.0
 11
12753.22595570393
 21
10071.72752030619
 31
0.0
  0
LINE
  5
7FAB
330
1F
100
AcDbEntity
  8
마감선
100
AcDbLine
 10
13917.22595580003
 20
12635.72752030619
 30
0.0
 11
12753.22595571336
 21
12635.72752030619
 31
0.0
  0
LWPOLYLINE
  5
7FAC
330
1F
100
AcDbEntity
  8
COL
100
AcDbPolyline
 90
2
 70
0
 10
17135.22595597582
 20
10053.72703465406
 10
17135.22595597914
 20
12253.72752030619
  0
LWPOLYLINE
  5
7FAD
330
1F
100
AcDbEntity
  8
COL
100
AcDbPolyline
 90
4
 70
0
 10
17135.22595597943
 20
12453.72752030619
 10
17135.2259559803
 20
13053.72752039326
 10
16935.22595598001
 20
13053.72752039326
 10
16935.22595597582
 20
10053.72703465406
  0
LINE
  5
7FAE
330
1F
100
AcDbEntity
  8
WAL
100
AcDbLine
 10
11845.22595573161
 20
16303.7275201368
 30
0.0
 11
11845.2259557301
 21
15963.72752030665
 31
0.0
  0
LINE
  5
7FAF
330
1F
100
AcDbEntity
  8
WAL
100
AcDbLine
 10
12345.22595570207
 20
9663.727520306187
 30
0.0
 11
17735.22595575882
 21
9663.727520306187
 31
0.0
  0
LINE
  5
7FB0
330
1F
100
AcDbEntity
  8
WAL
100
AcDbLine
 10
12445.22595570248
 20
9763.727520306187
 30
0.0
 11
12445.22595570405
 21
10153.72752030814
 31
0.0
  0
LINE
  5
7FB1
330
1F
100
AcDbEntity
  8
WAL
100
AcDbLine
 10
12345.22595570207
 20
9663.727520306187
 30
0.0
 11
12345.2259557044
 21
10253.7275203085
 31
0.0
  0
LINE
  5
7FB2
330
1F
100
AcDbEntity
  8
WAL
100
AcDbLine
 10
12345.22595571342
 20
12153.72752030981
 30
0.0
 11
12345.22595571575
 21
12953.72752009415
 31
0.0
  0
LINE
  5
7FB3
330
1F
100
AcDbEntity
  8
WAL
100
AcDbLine
 10
12445.22595571383
 20
12253.72752030839
 30
0.0
 11
12445.2259557154
 21
12853.72752009273
 31
0.0
  0
LINE
  5
7FB4
330
1F
100
AcDbEntity
  8
WAL
100
AcDbLine
 10
12535.22595582925
 20
13953.72752013442
 30
0.0
 11
12345.22595572131
 21
13953.72752013652
 31
0.0
  0
LINE
  5
7FB5
330
1F
100
AcDbEntity
  8
WAL
100
AcDbLine
 10
12535.22595583065
 20
14053.72752013442
 30
0.0
 11
12445.22595572176
 21
14053.72752013511
 31
0.0
  0
LINE
  5
7FB6
330
1F
100
AcDbEntity
  8
WAL
100
AcDbLine
 10
12535.22595571575
 20
12953.72752009076
 30
0.0
 11
12345.22595571575
 21
12953.72752009415
 31
0.0
  0
LINE
  5
7FB7
330
1F
100
AcDbEntity
  8
WAL
100
AcDbLine
 10
12535.22595571435
 20
12853.72752009076
 30
0.0
 11
12445.2259557154
 21
12853.72752009273
 31
0.0
  0
LINE
  5
7FB8
330
1F
100
AcDbEntity
  8
WAL
100
AcDbLine
 10
12535.22595571266
 20
12153.72752030642
 30
0.0
 11
12345.22595571342
 21
12153.72752030981
 31
0.0
  0
LINE
  5
7FB9
330
1F
100
AcDbEntity
  8
WAL
100
AcDbLine
 10
12535.22595571412
 20
12253.72752030642
 30
0.0
 11
12445.22595571383
 21
12253.72752030839
 31
0.0
  0
LINE
  5
7FBA
330
1F
100
AcDbEntity
  8
WAL
100
AcDbLine
 10
12535.22595570516
 20
10253.72752030619
 30
0.0
 11
12345.22595570446
 21
10253.72752030952
 31
0.0
  0
LINE
  5
7FBB
330
1F
100
AcDbEntity
  8
WAL
100
AcDbLine
 10
12535.22595570376
 20
10153.72752030619
 30
0.0
 11
12445.22595570405
 21
10153.72752030814
 31
0.0
  0
LINE
  5
7FBC
330
1F
100
AcDbEntity
  8
WAL
100
AcDbLine
 10
11935.22595573176
 20
16403.72752013639
 30
0.0
 11
11745.22595573214
 21
16403.72752013734
 31
0.0
  0
LINE
  5
7FBD
330
1F
100
AcDbEntity
  8
WAL
100
AcDbLine
 10
11935.22595573123
 20
16303.72752013639
 30
0.0
 11
11845.22595573161
 21
16303.7275201368
 31
0.0
  0
LINE
  5
7FBE
330
1F
100
AcDbEntity
  8
ELE-2
100
AcDbLine
 10
12345.22595571595
 20
12953.72752009153
 30
0.0
 11
12345.22595572131
 21
13953.72752013652
 31
0.0
  0
LINE
  5
7FBF
330
1F
100
AcDbEntity
  8
ELE-2
100
AcDbLine
 10
11745.22595573829
 20
17403.7275201372
 30
0.0
 11
11745.22595573201
 21
16403.7275201372
 31
0.0
  0
LINE
  5
7FC0
330
1F
100
AcDbEntity
  8
마감선
100
AcDbLine
 10
14153.22595580003
 20
12635.72752030619
 30
0.0
 11
15553.22595577198
 21
12635.72752030572
 31
0.0
  0
LINE
  5
7FC1
330
1F
100
AcDbEntity
  8
마감선
100
AcDbLine
 10
14153.22595579974
 20
12253.72752030493
 30
0.0
 11
14153.22595580003
 21
12635.72752030619
 31
0.0
  0
LINE
  5
7FC2
330
1F
100
AcDbEntity
  8
마감선
100
AcDbLine
 10
15553.22595577198
 20
12635.72752030572
 30
0.0
 11
15553.2259557792
 21
14035.72752039326
 31
0.0
  0
LINE
  5
7FC3
330
1F
100
AcDbEntity
  8
마감선
100
AcDbLine
 10
15553.2259557792
 20
14035.72752039326
 30
0.0
 11
16935.22595598164
 21
14035.72752039326
 31
0.0
  0
LINE
  5
7FC4
330
1F
100
AcDbEntity
  8
마감선
100
AcDbLine
 10
16917.22595598647
 20
17771.72752039373
 30
0.0
 11
14203.22595580353
 21
17771.72752039373
 31
0.0
  0
LINE
  5
7FC5
330
1F
100
AcDbEntity
  8
마감선
100
AcDbLine
 10
14203.22595580353
 20
17771.72752039373
 30
0.0
 11
14203.22595580679
 21
21135.72752038107
 31
0.0
  0
LINE
  5
7FC6
330
1F
100
AcDbEntity
  8
마감선
100
AcDbLine
 10
14135.22595580382
 20
19671.72752038165
 30
0.0
 11
14203.22595580533
 21
19671.72752038165
 31
0.0
  0
LWPOLYLINE
  5
7FC7
330
1F
100
AcDbEntity
  8
마감선
100
AcDbPolyline
 90
3
 70
0
 10
16923.22595598653
 20
17871.72752040258
 10
16917.22595598601
 20
17871.72752040258
 10
16917.22595598647
 20
17771.72752039373
  0
LINE
  5
7FC8
330
1F
100
AcDbEntity
  8
마감선
100
AcDbLine
 10
14135.22595580003
 20
12253.72752030595
 30
0.0
 11
14153.22595579974
 21
12253.72752030493
 31
0.0
  0
CIRCLE
  5
7FC9
330
1F
100
AcDbEntity
  8
ETC
100
AcDbCircle
 10
37976.43559108617
 20
24571.2025623444
 30
0.0
 40
162.5941459326418
  0
TEXT
  5
7FCA
330
1F
100
AcDbEntity
  8
글씨
100
AcDbText
 10
37850.74000003899
 20
24504.21513486074
 30
0.0
 40
180.0
  1
소
  7
굴림체
 11
37850.74000003899
 21
24594.21513486074
 31
0.0
100
AcDbText
 73
2
  0
INSERT
  5
7FCB
330
1F
100
AcDbEntity
  8
감지기
100
AcDbBlockReference
  2
rekjrltert
 10
37808.91865693347
 20
24098.7025623444
 30
0.0
  0
TEXT
  5
7FCC
330
1F
100
AcDbEntity
  8
글씨
100
AcDbText
 10
37572.63118296431
 20
24481.20256234441
 30
0.0
 40
180.0
  1
1.    :수동식 소화기
  7
굴림체
 11
37572.63118296431
 21
24571.2025623444
 31
0.0
100
AcDbText
 73
2
  0
TEXT
  5
7FCD
330
1F
100
AcDbEntity
  8
글씨
100
AcDbText
 10
37572.63118296431
 20
23881.20256234441
 30
0.0
 40
180.0
  1
2.    :단독경보형감지기
  7
굴림체
 11
37572.63118296431
 21
23971.20256234441
 31
0.0
100
AcDbText
 73
2
  0
TEXT
  5
7FCE
330
1F
100
AcDbEntity
  8
글씨
100
AcDbText
 10
38171.14298473008
 20
24231.20256234429
 30
0.0
 40
180.0
  1
(3.3 KG X 2EA)
  7
굴림체
 11
38171.14298473008
 21
24321.20256234429
 31
0.0
100
AcDbText
 73
2
  0
TEXT
  5
7FCF
330
1F
100
AcDbEntity
  8
글씨
100
AcDbText
 10
38238.64335289563
 20
23631.20256234429
 30
0.0
 40
180.0
  1
(9EA)
  7
굴림체
 11
38238.64335289563
 21
23721.20256234429
 31
0.0
100
AcDbText
 73
2
  0
CIRCLE
  5
7FD0
330
1F
100
AcDbEntity
  8
ETC
100
AcDbCircle
 10
18427.14208417159
 20
16559.62767952392
 30
0.0
 40
162.5941459326418
  0
TEXT
  5
7FD1
330
1F
100
AcDbEntity
  8
글씨
100
AcDbText
 10
18307.63174539443
 20
16469.62767952392
 30
0.0
 40
180.0
  1
소
  7
굴림체
 11
18307.63174539443
 21
16559.62767952392
 31
0.0
100
AcDbText
 73
2
  0
CIRCLE
  5
7FD2
330
1F
100
AcDbEntity
  8
ETC
100
AcDbCircle
 10
18427.14208417159
 20
15078.96437763192
 30
0.0
 40
162.5941459326418
  0
TEXT
  5
7FD3
330
1F
100
AcDbEntity
  8
글씨
100
AcDbText
 10
18307.63174539443
 20
14988.96437763192
 30
0.0
 40
180.0
  1
소
  7
굴림체
 11
18307.63174539443
 21
15078.96437763192
 31
0.0
100
AcDbText
 73
2
  0
INSERT
  5
7FD4
330
1F
100
AcDbEntity
  8
감지기
100
AcDbBlockReference
  2
rekjrltert
 10
20462.56561280263
 20
20312.73212643914
 30
0.0
  0
INSERT
  5
7FD5
330
1F
100
AcDbEntity
  8
감지기
100
AcDbBlockReference
  2
rekjrltert
 10
24244.9698242693
 20
19102.8024219723
 30
0.0
  0
INSERT
  5
7FD6
330
1F
100
AcDbEntity
  8
감지기
100
AcDbBlockReference
  2
rekjrltert
 10
15365.1244178355
 20
19590.68264664666
 30
0.0
  0
INSERT
  5
7FD7
330
1F
100
AcDbEntity
  8
감지기
100
AcDbBlockReference
  2
rekjrltert
 10
15533.13735481642
 20
11392.23607697306
 30
0.0
  0
INSERT
  5
7FD8
330
1F
100
AcDbEntity
  8
감지기
100
AcDbBlockReference
  2
rekjrltert
 10
20481.13491540571
 20
11392.23607697306
 30
0.0
  0
INSERT
  5
7FD9
330
1F
100
AcDbEntity
  8
감지기
100
AcDbBlockReference
  2
rekjrltert
 10
24685.30135314644
 20
15126.36637645403
 30
0.0
  0
INSERT
  5
7FDA
330
1F
100
AcDbEntity
  8
감지기
100
AcDbBlockReference
  2
rekjrltert
 10
24685.30135314644
 20
11789.4670286031
 30
0.0
  0
LWPOLYLINE
  5
7FDB
330
1F
100
AcDbEntity
  8
0
  6
HID
 62
10
100
AcDbPolyline
 90
2
 70
0
 43
20.0
 10
12245.22595571622
 20
12953.7275203068
 10
12245.22595572157
 20
13953.72752035182
  0
LWPOLYLINE
  5
7FDC
330
1F
100
AcDbEntity
  8
0
  6
HID
 62
10
100
AcDbPolyline
 90
2
 70
0
 43
20.0
 10
11645.22595573269
 20
16403.72752030726
 10
11645.22595573799
 20
17403.72752035229
  0
LINE
  5
7FDD
330
1F
100
AcDbEntity
  8
0
100
AcDbLine
 10
32237.99691342888
 20
26751.29726911575
 30
0.0
 11
37499.99958225771
 21
26751.29726911575
 31
0.0
  0
LWPOLYLINE
  5
7FDE
330
1F
100
AcDbEntity
  8
0
  6
HID
 62
10
100
AcDbPolyline
 90
2
 70
0
 43
20.0
 10
32476.03075233335
 20
27146.33057156421
 10
33918.68138871761
 20
27146.33057156421
  0
TEXT
  5
7FDF
330
1F
100
AcDbEntity
  8
글씨
100
AcDbText
 10
34300.99487684469
 20
27031.42421841115
 30
0.0
 40
200.0
  1
차면시설(불투명쉬트지)
  7
굴림체
100
AcDbText
  0
LWPOLYLINE
  5
7FE0
330
1F
100
AcDbEntity
  8
0
100
AcDbPolyline
 90
4
 70
1
 10
34124.2848950713
 20
26751.29726911575
 10
37499.99958225724
 20
26751.29726911575
 10
37499.99958225771
 20
27575.64855329023
 10
34124.2848950713
 20
27575.64855329023
  0
LWPOLYLINE
  5
7FE1
330
1F
100
AcDbEntity
  8
0
100
AcDbPolyline
 90
4
 70
1
 10
32237.99691342888
 20
26751.29726911575
 10
34124.2848950713
 20
26751.29726911575
 10
34124.2848950713
 20
27575.64855329023
 10
32237.99691342888
 20
27575.64855329023
  0
LWPOLYLINE
  5
7FE2
330
1F
100
AcDbEntity
  8
0
100
AcDbPolyline
 90
4
 70
1
 10
32237.99691342888
 20
27575.64855329023
 10
37499.99958225771
 20
27575.64855329023
 10
37499.99958225771
 20
28399.9998374646
 10
32237.99691342888
 20
28399.9998374646
  0
TEXT
  5
7FE3
330
1F
100
AcDbEntity
  8
글씨
100
AcDbText
 10
34253.68822095403
 20
27870.11393282894
 30
0.0
 40
200.0
  1
범    례
  7
굴림체
100
AcDbText
  0
INSERT
  5
7FE4
330
1F
100
AcDbEntity
  8
SYMBOL
100
AcDbBlockReference
  2
RD
 10
12245.22595571365
 20
12203.72752030947
 30
0.0
 41
100.0
 42
100.0
 43
100.0
 50
90.0
  0
INSERT
  5
7FE5
330
1F
100
AcDbEntity
  8
SYMBOL
100
AcDbBlockReference
  2
RD
 10
12245.22595570201
 20
10153.72752030655
 30
0.0
 41
100.0
 42
100.0
 43
100.0
 50
90.0
  0
LWPOLYLINE
  5
7FE6
330
1F
100
AcDbEntity
  8
COL
100
AcDbPolyline
 90
2
 70
0
 10
13935.22595579881
 20
10253.72752030514
 10
14135.22595579829
 20
10253.72752030441
  0
LWPOLYLINE
  5
7FE7
330
1F
100
AcDbEntity
  8
COL
100
AcDbPolyline
 90
7
 70
0
 10
12535.22595570446
 20
10253.72752030624
 10
12535.22595570271
 20
9853.727520306653
 10
13935.2259557984
 20
9853.727520307119
 10
13935.2259557984
 20
9853.727520306187
 10
17735.22595575882
 20
9853.727520306187
 10
17735.22595575882
 20
10053.72752030619
 10
17135.22595597582
 20
10053.72752030619
  0
LWPOLYLINE
  5
7FE8
330
1F
100
AcDbEntity
  8
COL
100
AcDbPolyline
 90
7
 70
0
 10
14135.22595579974
 20
12253.7275203061
 10
14135.22595580003
 20
12653.72752030619
 10
15535.2259557721
 20
12653.72752030572
 10
15535.22595577931
 20
14053.72752039326
 10
16935.22595598164
 20
14053.72752039326
 10
16935.22595598164
 20
13953.72752039326
 10
17135.22595598141
 20
13953.72752039373
  0
LWPOLYLINE
  5
7FE9
330
1F
100
AcDbEntity
  8
COL
100
AcDbPolyline
 90
4
 70
0
 10
13935.22595579986
 20
12253.72752030621
 10
13935.22595580003
 20
12653.72752030619
 10
12735.22595571342
 20
12653.72752030619
 10
12735.22595571197
 20
12153.72752030581
  0
LINE
  5
7FEA
330
1F
100
AcDbEntity
  8
마감선
100
AcDbLine
 10
14153.22595579829
 20
10253.7275203047
 30
0.0
 11
14135.22595579829
 21
10253.72752030441
 31
0.0
  0
LINE
  5
7FEB
330
1F
100
AcDbEntity
  8
마감선
100
AcDbLine
 10
16923.22595598281
 20
13071.72752039326
 30
0.0
 11
16917.2259559803
 21
13071.72752039326
 31
0.0
  0
LINE
  5
7FEC
330
1F
100
AcDbEntity
  8
마감선
100
AcDbLine
 10
16917.2259559803
 20
13071.72752039326
 30
0.0
 11
16917.22595597588
 21
10071.72752030619
 31
0.0
  0
LINE
  5
7FED
330
1F
100
AcDbEntity
  8
마감선
100
AcDbLine
 10
16917.22595597588
 20
10071.72752030619
 30
0.0
 11
14153.22595579817
 21
10071.72752030619
 31
0.0
  0
LINE
  5
7FEE
330
1F
100
AcDbEntity
  8
마감선
100
AcDbLine
 10
14153.22595579817
 20
10071.72752030619
 30
0.0
 11
14153.22595579829
 21
10253.7275203047
 31
0.0
  0
LINE
  5
7FEF
330
1F
100
AcDbEntity
  8
마감선
100
AcDbLine
 10
13917.22595579881
 20
10071.72752030619
 30
0.0
 11
12753.22595570393
 21
10071.72752030619
 31
0.0
  0
LWPOLYLINE
  5
7FF0
330
1F
100
AcDbEntity
  8
COL
100
AcDbPolyline
 90
5
 70
0
 10
13935.22595579881
 20
10253.72752030485
 10
13935.22595579876
 20
10053.72752030619
 10
12735.22595570388
 20
10053.72752030619
 10
12735.22595570463
 20
10253.72752030543
 10
12535.22595570516
 20
10253.72752030619
  0
LINE
  5
7FF1
330
1F
100
AcDbEntity
  8
HID
100
AcDbLine
 10
25435.22595584951
 20
13335.72752030712
 30
0.0
 11
25435.22595586453
 21
10053.72703465406
 31
0.0
  0
LINE
  5
7FF2
330
1F
100
AcDbEntity
  8
HID
100
AcDbLine
 10
25235.22595584998
 20
13335.72752030712
 30
0.0
 11
25235.22595586476
 21
10053.72703465406
 31
0.0
  0
TEXT
  5
7FF3
330
1F
100
AcDbEntity
  8
TEXT
100
AcDbText
 10
25931.12642254063
 20
15736.50847443452
 30
0.0
 40
200.0
  1
확장형발코니
 50
270.0
  7
굴림체
 72
1
 11
26031.12642254064
 21
14919.48719783877
 31
0.0
100
AcDbText
 73
2
  0
LINE
  5
7FF4
330
1F
100
AcDbEntity
  8
WAL
100
AcDbLine
 10
18835.22595578001
 20
14053.72752039326
 30
0.0
 11
18835.22595578822
 21
15703.72752030632
 31
0.0
  0
LINE
  5
7FF5
330
1F
100
AcDbEntity
  8
WAL
100
AcDbLine
 10
18635.22595578001
 20
14053.72752039326
 30
0.0
 11
18635.22595578822
 21
15703.72752030629
 31
0.0
  0
LWPOLYLINE
  5
7FF6
330
1F
100
AcDbEntity
  8
COL
100
AcDbPolyline
 90
10
 70
0
 10
22535.22595584428
 20
14453.72752030572
 10
22535.22595583752
 20
15703.72752030664
 10
17135.22595598397
 20
15703.72752030618
 10
17135.2259559849
 20
15253.72752039326
 10
16935.22595598537
 20
15253.72752039326
 10
16935.22595598444
 20
16553.72752039419
 10
17135.22595598467
 20
16553.72752039373
 10
17135.22595598467
 20
15903.72752030618
 10
22535.22595583683
 20
15903.72752030618
 10
22535.22595582658
 20
17753.72752030619
  0
LINE
  5
7FF7
330
1F
100
AcDbEntity
  8
HID
100
AcDbLine
 10
18895.22595578723
 20
14975.72752030629
 30
0.0
 11
18895.22595578723
 21
16631.72752030618
 31
0.0
  0
LINE
  5
7FF8
330
1F
100
AcDbEntity
  8
WAL
100
AcDbLine
 10
18835.22595578921
 20
15903.72752030618
 30
0.0
 11
18835.2259557984
 21
17753.72752038395
 31
0.0
  0
LINE
  5
7FF9
330
1F
100
AcDbEntity
  8
WAL
100
AcDbLine
 10
18635.22595578921
 20
15903.72752030618
 30
0.0
 11
18635.22595579841
 21
17753.72752038488
 31
0.0
  0
MLINE
  5
7FFA
330
1F
100
AcDbEntity
  8
HID
100
AcDbMline
  2
STANDARD
340
18
 40
200.0
 70
1
 71
1
 72
2
 73
2
 10
14185.22595580527
 20
19753.72752030619
 30
0.0
210
0.0
220
0.0
230
1.0
 11
14185.22595580527
 21
19753.72752030619
 31
0.0
 12
1.0
 22
0.0
 32
0.0
 13
2.220446049250313e-16
 23
1.0
 33
0.0
 74
2
 41
100.0
 41
0.0
 75
0
 74
2
 41
-100.0
 41
0.0
 75
0
 11
16935.22595598938
 21
19753.72752030619
 31
0.0
 12
1.0
 22
0.0
 32
0.0
 13
2.220446049250313e-16
 23
1.0
 33
0.0
 74
2
 41
100.0
 41
0.0
 75
0
 74
2
 41
-100.0
 41
0.0
 75
0
  0
MLINE
  5
7FFB
330
1F
100
AcDbEntity
  8
HID
100
AcDbMline
  2
STANDARD
340
18
 40
200.0
 70
1
 71
1
 72
2
 73
2
 10
18835.22595580877
 20
19753.72752030619
 30
0.0
210
0.0
220
0.0
230
1.0
 11
18835.22595580877
 21
19753.72752030619
 31
0.0
 12
1.0
 22
0.0
 32
0.0
 13
2.220446049250313e-16
 23
1.0
 33
0.0
 74
2
 41
100.0
 41
0.0
 75
0
 74
2
 41
-100.0
 41
0.0
 75
0
 11
22535.22595581558
 21
19753.72752030619
 31
0.0
 12
1.0
 22
0.0
 32
0.0
 13
2.220446049250313e-16
 23
1.0
 33
0.0
 74
2
 41
100.0
 41
0.0
 75
0
 74
2
 41
-100.0
 41
0.0
 75
0
  0
TEXT
  5
7FFC
330
1F
100
AcDbEntity
  8
TEXT
100
AcDbText
 10
39090.99189909222
 20
2355.041003013816
 30
0.0
 40
200.0
  1
A    13
  7
굴림체
100
AcDbText
  0
LWPOLYLINE
  5
7FFD
330
1F
100
AcDbEntity
  8
0
  6
HID
 62
10
100
AcDbPolyline
 90
2
 70
0
 43
20.0
 10
12245.22595559206
 20
10253.72752031022
 10
12245.22595560865
 20
12153.72752031051
  0
INSERT
  5
7FFE
330
1F
100
AcDbEntity
  8
RXLEADER
 62
6
100
AcDbBlockReference
  2
*B67
 10
12245.22595571866
 20
13921.15804786364
 30
0.0
1001
XP_RFXLEADER
1000
차면시설(불투명쉬트지)
1000
RXANNOT
1000
굴림체
1010
12245.22595571866
1020
13921.15804786364
1030
0.0
1010
10800.86741645535
1020
13921.15804786364
1030
0.0
1010
10800.86741645535
1020
13921.15804786364
1030
0.0
1071
2
1071
0
1071
2
1071
3
1071
100
1040
1.0
1040
2.0
1040
14.4435853926331
1040
4.856103263865807
1040
1.5
1013
-1.0
1023
0.0
1033
0.0
1013
-1.0
1023
0.0
1033
0.0
  0
INSERT
  5
7FFF
330
1F
100
AcDbEntity
  8
RXLEADER
 62
6
100
AcDbBlockReference
  2
*B68
 10
11645.22595573688
 20
16497.97852359143
 30
0.0
1001
XP_RFXLEADER
1000
차면시설(불투명쉬트지)
1000
RXANNOT
1000
굴림체
1010
11645.22595573688
1020
16497.97852359143
1030
0.0
1010
10300.86741645535
1020
16497.97852359143
1030
0.0
1010
10300.86741645535
1020
16497.97852359143
1030
0.0
1071
2
1071
0
1071
2
1071
3
1071
100
1040
1.0
1040
2.0
1040
13.44358539281529
1040
4.856103263865807
1040
1.5
1013
-1.0
1023
0.0
1033
0.0
1013
-1.0
1023
0.0
1033
0.0
  0
INSERT
  5
8000
330
1F
100
AcDbEntity
  8
RXLEADER
 62
6
100
AcDbBlockReference
  2
*B69
 10
12245.22595571866
 20
11880.15473910751
 30
0.0
1001
XP_RFXLEADER
1000
차면시설(불투명쉬트지)
1000
RXANNOT
1000
굴림체
1010
12245.22595571866
1020
11880.15473910751
1030
0.0
1010
10800.86741645535
1020
11880.15473910751
1030
0.0
1010
10800.86741645535
1020
11880.15473910751
1030
0.0
1071
2
1071
0
1071
2
1071
3
1071
100
1040
1.0
1040
2.0
1040
14.4435853926331
1040
4.856103263865807
1040
1.5
1013
-1.0
1023
0.0
1033
0.0
1013
-1.0
1023
0.0
1033
0.0
  0
LWPOLYLINE
  5
8001
330
1F
100
AcDbEntity
  8
CEN
100
AcDbPolyline
 90
2
 70
0
 10
14035.225955853
 20
16591.80619620433
 10
14035.22595579515
 20
5302.531618885288
  0
INSERT
  5
8002
330
1F
100
AcDbEntity
  8
창문
100
AcDbBlockReference
  2
etertertert
 10
-64250.00041774241
 20
0.0004870052216575
 30
0.0
  0
DIMENSION
  5
8003
330
1F
100
AcDbEntity
  8
RXDIM
100
AcDbDimension
280
0
  2
*D66
  3
NDIM 100
 10
11235.22595579934
 20
18347.18150509178
 30
0.0
 11
11485.22595579925
 21
18549.44214338965
 31
0.0
 70
32
 71
5
 42
-1.0
 73
0
 74
0
 75
0
100
AcDbAlignedDimension
 13
11735.22595579916
 23
18347.18150509178
 33
0.0
 14
11235.22595579934
 24
18347.18150509451
 34
0.0
 50
0.0
100
AcDbRotatedDimension
  0
LINE
  5
8004
330
1F
100
AcDbEntity
  8
ELE-2
100
AcDbLine
 10
12345.22595571342
 20
12153.72752030981
 30
0.0
 11
12345.22595570417
 21
10253.72752030955
 31
0.0
  0
LWPOLYLINE
  5
8005
330
1F
100
AcDbEntity
  8
COL
100
AcDbPolyline
 90
10
 70
0
 10
12535.22595571336
 20
12153.72752030662
 10
12535.22595571604
 20
12953.72752030619
 10
12735.22595571453
 20
12953.72752030619
 10
12735.22595571418
 20
12853.72752030618
 10
15335.22595577303
 20
12853.72752030619
 10
15335.22595579072
 20
16253.72752030664
 10
15535.22595579049
 20
16253.72752030664
 10
15535.22595578025
 20
14253.72752039326
 10
17135.22595598164
 20
14253.72752039326
 10
17135.22595598164
 20
13953.72752039326
  0
LINE
  5
8006
330
1F
100
AcDbEntity
  8
마감선
100
AcDbLine
 10
12135.22595573525
 20
16403.72752013514
 30
0.0
 11
12153.22595564939
 21
16403.72752013506
 31
0.0
  0
LINE
  5
8007
330
1F
100
AcDbEntity
  8
마감선
100
AcDbLine
 10
12135.2259557381
 20
17403.72752034926
 30
0.0
 11
12153.22595565568
 21
17403.72752034917
 31
0.0
  0
LINE
  5
8008
330
1F
100
AcDbEntity
  8
마감선
100
AcDbLine
 10
12635.22595557291
 20
12953.72752009076
 30
0.0
 11
12635.22595565906
 21
12953.72752009055
 31
0.0
  0
LINE
  5
8009
330
1F
100
AcDbEntity
  8
마감선
100
AcDbLine
 10
12735.22595580067
 20
12953.72752030598
 30
0.0
 11
12753.22595571482
 21
12953.7275203059
 31
0.0
  0
INSERT
  5
800A
330
1F
100
AcDbEntity
  8
COL
100
AcDbBlockReference
  2
sdfsfxvc
 10
-64250.00041774241
 20
0.0004870052216575
 30
0.0
  0
INSERT
  5
800B
330
1F
100
AcDbEntity
  8
COL
100
AcDbBlockReference
  2
dsfsdfdfssxcv
 10
-64250.00041774241
 20
0.0004870052216575
 30
0.0
  0
LINE
  5
800C
330
1F
100
AcDbEntity
  8
ELE-2
100
AcDbLine
 10
14035.22595580399
 20
19713.72752038119
 30
0.0
 11
14035.22595580446
 21
21093.72752038119
 31
0.0
1001
INERCAD20
1000
UnNamed
1070
2001
1071
4
  0
LINE
  5
800D
330
1F
100
AcDbEntity
  8
ELE-2
100
AcDbLine
 10
14051.22595580452
 20
19713.72752038119
 30
0.0
 11
14051.22595580498
 21
21093.72752038119
 31
0.0
1001
INERCAD20
1000
UnNamed
1070
2001
1071
4
  0
LINE
  5
800E
330
1F
100
AcDbEntity
  8
마감선
100
AcDbLine
 10
14035.2259558065
 20
19671.72752038165
 30
0.0
 11
13967.22595580498
 21
19671.72752038165
 31
0.0
  0
LINE
  5
800F
330
1F
100
AcDbEntity
  8
마감선
100
AcDbLine
 10
12360.2259558076
 20
21135.72752039021
 30
0.0
 11
13760.22595580888
 21
21135.72752038445
 31
0.0
  0
LINE
  5
8010
330
1F
100
AcDbEntity
  8
마감선
100
AcDbLine
 10
13917.22595579881
 20
10071.72752030619
 30
0.0
 11
13917.22595579869
 21
10253.72752030485
 31
0.0
  0
LINE
  5
8011
330
1F
100
AcDbEntity
  8
마감선
100
AcDbLine
 10
13935.22595579881
 20
10253.72752030485
 30
0.0
 11
13917.22595579869
 21
10253.72752030485
 31
0.0
  0
LINE
  5
8012
330
1F
100
AcDbEntity
  8
마감선
100
AcDbLine
 10
13935.22595579881
 20
10253.72752030485
 30
0.0
 11
13935.22595580003
 21
12253.72752030642
 31
0.0
  0
LINE
  5
8013
330
1F
100
AcDbEntity
  8
마감선
100
AcDbLine
 10
13917.22595580032
 20
12253.72752030493
 30
0.0
 11
13917.22595580003
 21
12635.72752030619
 31
0.0
  0
LINE
  5
8014
330
1F
100
AcDbEntity
  8
마감선
100
AcDbLine
 10
13935.22595580003
 20
12253.72752030595
 30
0.0
 11
13917.22595580032
 21
12253.72752030493
 31
0.0
  0
LINE
  5
8015
330
1F
100
AcDbEntity
  8
마감선
100
AcDbLine
 10
14153.22595579829
 20
10253.7275203047
 30
0.0
 11
14153.22595579974
 21
12253.72752030493
 31
0.0
  0
LWPOLYLINE
  5
8016
330
1F
100
AcDbEntity
  8
WAL
100
AcDbPolyline
 90
4
 70
0
 10
14635.22595581214
 20
21353.72752037281
 10
14635.22595581214
 20
21443.72752037353
 10
13860.22595580888
 20
21443.72752037923
 10
13860.22595580888
 20
21353.72752037921
  0
LWPOLYLINE
  5
8017
330
1F
100
AcDbEntity
  8
WAL
100
AcDbPolyline
 90
4
 70
0
 10
12360.22595580888
 20
21543.7275203883
 10
11745.22595580938
 20
21543.7275203942
 10
11745.22595573829
 20
17403.7275201372
 10
11935.22595573804
 20
17403.72752013639
  0
LINE
  5
8018
330
1F
100
AcDbEntity
  8
WAL
100
AcDbLine
 10
26935.22595584241
 20
16053.7275203056
 30
0.0
 11
27025.22595577692
 21
16053.7275203056
 31
0.0
  0
LINE
  5
8019
330
1F
100
AcDbEntity
  8
WAL
100
AcDbLine
 10
27025.22595577692
 20
16053.7275203056
 30
0.0
 11
27025.2259557635
 21
18532.42809721653
 31
0.0
  0
LINE
  5
801A
330
1F
100
AcDbEntity
  8
WAL
100
AcDbLine
 10
27025.2259557635
 20
18532.42809721653
 30
0.0
 11
26700.94709414039
 21
18856.70695883786
 31
0.0
  0
LINE
  5
801B
330
1F
100
AcDbEntity
  8
WAL
100
AcDbLine
 10
26700.94709414039
 20
18856.70695883786
 30
0.0
 11
26637.30748383375
 21
18793.06734853086
 31
0.0
  0
LINE
  5
801C
330
1F
100
AcDbEntity
  8
WAL
100
AcDbLine
 10
19185.22595580986
 20
21443.72752034097
 30
0.0
 11
19185.22595580949
 21
21353.72752034084
 31
0.0
  0
LINE
  5
801D
330
1F
100
AcDbEntity
  8
단열재
100
AcDbLine
 10
11885.22595573026
 20
16003.72752102869
 30
0.0
 11
12485.22595572957
 21
16003.7275210291
 31
0.0
  0
LINE
  5
801E
330
1F
100
AcDbEntity
  8
단열재
100
AcDbLine
 10
12485.22595572957
 20
16003.7275210291
 30
0.0
 11
12485.22595572176
 21
14053.72752085698
 31
0.0
  0
LINE
  5
801F
330
1F
100
AcDbEntity
  8
단열재
100
AcDbLine
 10
12260.22595580888
 20
21403.72752111178
 30
0.0
 11
11885.22595580696
 21
21403.72752111495
 31
0.0
  0
LINE
  5
8020
330
1F
100
AcDbEntity
  8
단열재
100
AcDbLine
 10
11885.22595580696
 20
21403.72752111495
 30
0.0
 11
11885.22595574001
 21
17503.72752085856
 31
0.0
  0
LINE
  5
8021
330
1F
100
AcDbEntity
  8
단열재
100
AcDbLine
 10
12485.22595570263
 20
9803.727521028211
 30
0.0
 11
17635.22595575882
 21
9803.727521028211
 31
0.0
  0
LINE
  5
8022
330
1F
100
AcDbEntity
  8
단열재
100
AcDbLine
 10
24097.35799016456
 20
21403.72752102784
 30
0.0
 11
22185.22595580883
 21
21403.72752104154
 31
0.0
  0
LINE
  5
8023
330
1F
100
AcDbEntity
  8
단열재
100
AcDbLine
 10
24097.35799016456
 20
21403.72752102784
 30
0.0
 11
24409.92112309144
 21
21091.16438810268
 31
0.0
  0
LINE
  5
8024
330
1F
100
AcDbEntity
  8
단열재
100
AcDbLine
 10
18735.22595575883
 20
9803.727521028211
 30
0.0
 11
19185.22595581121
 21
9803.72752102818
 31
0.0
  0
LINE
  5
8025
330
1F
100
AcDbEntity
  8
단열재
100
AcDbLine
 10
22185.22595580889
 20
9803.727521028211
 30
0.0
 11
26985.22595581022
 21
9803.727521028211
 31
0.0
  0
LINE
  5
8026
330
1F
100
AcDbEntity
  8
단열재
100
AcDbLine
 10
26985.2259557923
 20
13203.72752102566
 30
0.0
 11
26985.2259557888
 21
13853.72752102741
 31
0.0
  0
LINE
  5
8027
330
1F
100
AcDbEntity
  8
단열재
100
AcDbLine
 10
19185.22595580957
 20
21403.72752106299
 30
0.0
 11
18735.22595581716
 21
21403.72752106622
 31
0.0
  0
LINE
  5
8028
330
1F
100
AcDbEntity
  8
단열재
100
AcDbLine
 10
17635.22595581705
 20
21403.72752107195
 30
0.0
 11
16835.22595581176
 21
21403.72752107981
 31
0.0
  0
LINE
  5
8029
330
1F
100
AcDbEntity
  8
단열재
100
AcDbLine
 10
11885.22595573161
 20
16303.72752085865
 30
0.0
 11
11885.22595573026
 21
16003.72752102869
 31
0.0
  0
LINE
  5
802A
330
1F
100
AcDbEntity
  8
단열재
100
AcDbLine
 10
12485.22595570263
 20
9803.727521028211
 30
0.0
 11
12485.22595570405
 21
10153.72752102999
 31
0.0
  0
LINE
  5
802B
330
1F
100
AcDbEntity
  8
단열재
100
AcDbLine
 10
12485.22595571383
 20
12253.7275210303
 30
0.0
 11
12485.2259557154
 21
12853.72752081464
 31
0.0
  0
LINE
  5
802C
330
1F
100
AcDbEntity
  8
단열재
100
AcDbLine
 10
14635.22595581185
 20
21403.72752109556
 30
0.0
 11
13860.22595580859
 21
21403.72752110125
 31
0.0
  0
LINE
  5
802D
330
1F
100
AcDbEntity
  8
단열재
100
AcDbLine
 10
26985.22595577693
 20
16053.7275210274
 30
0.0
 11
26985.22595576354
 21
18515.85955544344
 31
0.0
  0
LINE
  5
802E
330
1F
100
AcDbEntity
  8
단열재
100
AcDbLine
 10
26985.22595576354
 20
18515.85955544344
 30
0.0
 11
26672.662822893
 21
18828.42268831235
 31
0.0
  0
INSERT
  5
802F
330
1F
100
AcDbEntity
  8
SYMBOL
100
AcDbBlockReference
  2
RD
 10
26155.22595579041
 20
9563.72754302201
 30
0.0
 41
100.0
 42
100.0
 43
100.0
 50
90.0
  0
INSERT
  5
8030
330
1F
100
AcDbEntity
  8
SYMBOL
100
AcDbBlockReference
  2
RD
 10
12235.22595581779
 20
21593.7275203895
 30
0.0
 41
100.0
 42
100.0
 43
100.0
 50
90.0
  0
INSERT
  5
8031
330
1F
100
AcDbEntity
  8
SYMBOL
100
AcDbBlockReference
  2
RD
 10
24035.22595580551
 20
21593.72752030001
 30
0.0
 41
100.0
 42
100.0
 43
100.0
 50
90.0
  0
INSERT
  5
8032
330
1F
100
AcDbEntity
  8
감지기
100
AcDbBlockReference
  2
rekjrltert
 10
13165.48545725387
 20
11177.43783963602
 30
0.0
  0
INSERT
  5
8033
330
1F
100
AcDbEntity
  8
감지기
100
AcDbBlockReference
  2
rekjrltert
 10
12960.35324719036
 20
20734.50164087582
 30
0.0
  0
INSERT
  5
8034
330
1F
100
AcDbEntity
  8
2SEC
100
AcDbBlockReference
  2
eksdua
 10
14835.22595579916
 20
17953.7275204091
 30
0.0
  0
LWPOLYLINE
  5
8035
330
1F
100
AcDbEntity
  8
COCN
100
AcDbPolyline
 90
4
 70
0
 10
22135.22595582875
 20
9663.727543022333
 10
22135.2259558284
 20
9613.727543037989
 10
19235.2259558296
 20
9613.727543022214
 10
19235.22595582926
 20
9663.727543022333
  0
LWPOLYLINE
  5
8036
330
1F
100
AcDbEntity
  8
COCN
100
AcDbPolyline
 90
4
 70
0
 10
22165.22595582875
 20
9663.727543022012
 10
22165.22595582821
 20
9583.727543038134
 10
19205.22595582979
 20
9583.727543022069
 10
19205.22595582925
 20
9663.727543022012
  0
LWPOLYLINE
  5
8037
330
1F
100
AcDbEntity
  8
COCN
100
AcDbPolyline
 90
4
 70
0
 10
22135.22595583047
 20
21543.72752031915
 10
22135.22595583012
 20
21593.72752030349
 10
19235.22595583132
 20
21593.72752031927
 10
19235.22595583097
 20
21543.72752031915
  0
LWPOLYLINE
  5
8038
330
1F
100
AcDbEntity
  8
COCN
100
AcDbPolyline
 90
4
 70
0
 10
22165.22595583047
 20
21543.72752031947
 10
22165.22595582993
 20
21623.72752030335
 10
19205.22595583151
 20
21623.72752031942
 10
19205.22595583097
 20
21543.72752031947
  0
INSERT
  5
8039
330
1F
100
AcDbEntity
  8
RXLEADER
 62
6
100
AcDbBlockReference
  2
*B70
 10
20685.22595583103
 20
21623.72752031106
 30
0.0
1001
XP_RFXLEADER
1000
난간설치
1000
RXANNOT
1000
굴림체
1010
20685.22595583103
1020
21623.72752031106
1030
0.0
1010
20685.22595583103
1020
22041.2301294052
1030
0.0
1010
20871.63746461825
1020
22041.2301294052
1030
0.0
1071
3
1071
0
1071
2
1071
3
1071
100
1040
1.0
1040
2.0
1040
4.175026090941392
1040
1.864115087872196
1040
1.5
1013
0.0
1023
1.0
1033
0.0
1013
1.0
1023
0.0
1033
0.0
  0
INSERT
  5
803A
330
1F
100
AcDbEntity
  8
RXLEADER
 62
6
100
AcDbBlockReference
  2
*B71
 10
20685.22595582275
 20
9583.727543030094
 30
0.0
1001
XP_RFXLEADER
1000
난간설치
1000
RXANNOT
1000
굴림체
1010
20685.22595582275
1020
9583.727543030094
1030
0.0
1010
20685.22595582275
1020
9166.224933935955
1030
0.0
1010
20871.63746460997
1020
9166.224933935955
1030
0.0
1071
3
1071
0
1071
2
1071
3
1071
100
1040
1.0
1040
2.0
1040
4.175026090941392
1040
1.864115087872196
1040
1.5
1013
0.0
1023
-1.0
1033
0.0
1013
1.0
1023
0.0
1033
0.0
  0
ENDSEC
  0
SECTION
  2
OBJECTS
  0
DICTIONARY
  5
C
330
0
100
AcDbDictionary
281
1
  3
ACAD_CIP_PREVIOUS_PRODUCT_INFO
350
8965
  3
ACAD_COLOR
350
6B
  3
ACAD_DETAILVIEWSTYLE
350
895B
  3
ACAD_GROUP
350
D
  3
ACAD_LAYOUT
350
1A
  3
ACAD_MATERIAL
350
6A
  3
ACAD_MLEADERSTYLE
350
8957
  3
ACAD_MLINESTYLE
350
17
  3
ACAD_PLOTSETTINGS
350
19
  3
ACAD_PLOTSTYLENAME
350
E
  3
ACAD_SCALELIST
350
8945
  3
ACAD_SECTIONVIEWSTYLE
350
8959
  3
ACAD_TABLESTYLE
350
7E
  3
ACAD_VISUALSTYLE
350
EF
  3
ACDB_RECOMPOSE_DATA
350
8971
  3
AcDbVariableDictionary
350
5E
  3
AEC_CLASSIFICATION_SYSTEM_DEFS
350
10BD
  3
AEC_PROPERTY_SET_DEFS
350
2DC2
  3
INERCAD_DICT
350
116
  3
EZDXF_META
350
8A01
  0
DICTIONARY
  5
59A2
330
8
100
AcDbDictionary
280
1
281
1
  0
DICTIONARY
  5
C9A
330
2
100
AcDbDictionary
280
1
281
1
  3
ACAD_LAYERSTATES
360
C9B
  0
DICTIONARY
  5
6643
330
6642
100
AcDbDictionary
280
1
281
1
  3
ADSK_XREC_LAYER_RECONCILED
360
6644
  0
DICTIONARY
  5
6646
330
6645
100
AcDbDictionary
280
1
281
1
  3
ADSK_XREC_LAYER_RECONCILED
360
6647
  0
DICTIONARY
  5
6649
330
6648
100
AcDbDictionary
280
1
281
1
  3
ADSK_XREC_LAYER_RECONCILED
360
664A
  0
DICTIONARY
  5
664C
330
664B
100
AcDbDictionary
280
1
281
1
  3
ADSK_XREC_LAYER_RECONCILED
360
664D
  0
DICTIONARY
  5
664F
330
664E
100
AcDbDictionary
280
1
281
1
  3
ADSK_XREC_LAYER_RECONCILED
360
6650
  0
DICTIONARY
  5
6652
330
6651
100
AcDbDictionary
280
1
281
1
  3
ADSK_XREC_LAYER_RECONCILED
360
6653
  0
DICTIONARY
  5
6655
330
6654
100
AcDbDictionary
280
1
281
1
  3
ADSK_XREC_LAYER_RECONCILED
360
6656
  0
DICTIONARY
  5
6658
330
6657
100
AcDbDictionary
280
1
281
1
  3
ADSK_XREC_LAYER_RECONCILED
360
6659
  0
DICTIONARY
  5
665B
330
665A
100
AcDbDictionary
280
1
281
1
  3
ADSK_XREC_LAYER_RECONCILED
360
665C
  0
DICTIONARY
  5
665E
330
665D
100
AcDbDictionary
280
1
281
1
  3
ADSK_XREC_LAYER_RECONCILED
360
665F
  0
DICTIONARY
  5
6661
330
6660
100
AcDbDictionary
280
1
281
1
  3
ADSK_XREC_LAYER_RECONCILED
360
6662
  0
DICTIONARY
  5
6664
330
6663
100
AcDbDictionary
280
1
281
1
  3
ADSK_XREC_LAYER_RECONCILED
360
6665
  0
DICTIONARY
  5
6667
330
6666
100
AcDbDictionary
280
1
281
1
  3
ADSK_XREC_LAYER_RECONCILED
360
6668
  0
DICTIONARY
  5
666A
330
6669
100
AcDbDictionary
280
1
281
1
  3
ADSK_XREC_LAYER_RECONCILED
360
666B
  0
DICTIONARY
  5
666D
330
666C
100
AcDbDictionary
280
1
281
1
  3
ADSK_XREC_LAYER_RECONCILED
360
666E
  0
DICTIONARY
  5
6675
330
6674
100
AcDbDictionary
280
1
281
1
  3
ADSK_XREC_LAYER_RECONCILED
360
6676
  0
DICTIONARY
  5
667A
330
6679
100
AcDbDictionary
280
1
281
1
  3
ADSK_XREC_LAYER_RECONCILED
360
667B
  0
DICTIONARY
  5
6681
330
6680
100
AcDbDictionary
280
1
281
1
  3
ADSK_XREC_LAYER_RECONCILED
360
6682
  0
DICTIONARY
  5
3619
330
1F
100
AcDbDictionary
280
1
281
1
  3
ACAD_LAYOUTSELFREF
360
88AB
  3
ACAD_SORTENTS
360
361A
  0
DICTIONARY
  5
595C
330
D2
100
AcDbDictionary
280
1
281
1
  3
ACAD_LAYOUTSELFREF
360
88B4
  0
DICTIONARY
  5
595E
330
D6
100
AcDbDictionary
280
1
281
1
  3
ACAD_LAYOUTSELFREF
360
88B7
  0
DICTIONARY
  5
5AE5
330
5AE4
100
AcDbDictionary
280
1
281
1
  3
ACAD_ENHANCEDBLOCK
360
5AE6
  3
ACAD_SORTENTS
360
5AE7
  3
AcDbDynamicBlockRoundTripPurgePreventer
360
5AE8
  0
DICTIONARY
  5
6151
330
6150
100
AcDbDictionary
280
1
281
1
  3
ACAD_SORTENTS
360
6152
  0
DICTIONARY
  5
6193
330
6192
100
AcDbDictionary
280
1
281
1
  3
ACAD_SORTENTS
360
6194
  0
DICTIONARY
  5
619C
330
619B
100
AcDbDictionary
280
1
281
1
  3
ACAD_SORTENTS
360
619D
  0
DICTIONARY
  5
61B7
330
61B6
100
AcDbDictionary
280
1
281
1
  0
DICTIONARY
  5
61E1
330
61E0
100
AcDbDictionary
280
1
281
1
  3
ACAD_SORTENTS
360
61E2
  0
DICTIONARY
  5
61F1
330
61F0
100
AcDbDictionary
280
1
281
1
  3
ACAD_SORTENTS
360
61F2
  0
DICTIONARY
  5
61FC
330
61FB
100
AcDbDictionary
280
1
281
1
  3
ACAD_SORTENTS
360
61FD
  0
DICTIONARY
  5
624E
330
624D
100
AcDbDictionary
280
1
281
1
  3
ACAD_SORTENTS
360
624F
  0
DICTIONARY
  5
6259
330
6258
100
AcDbDictionary
280
1
281
1
  0
DICTIONARY
  5
6289
330
6288
100
AcDbDictionary
280
1
281
1
  3
ACAD_SORTENTS
360
628A
  0
DICTIONARY
  5
6291
330
6290
100
AcDbDictionary
280
1
281
1
  3
ACAD_SORTENTS
360
6292
  0
DICTIONARY
  5
63AE
330
63AD
100
AcDbDictionary
280
1
281
1
  3
ACAD_SORTENTS
360
63AF
  0
DICTIONARY
  5
76BB
330
76BA
100
AcDbDictionary
280
1
281
1
  0
DICTIONARY
  5
7D03
330
7D02
100
AcDbDictionary
280
1
281
1
  0
XRECORD
  5
8965
102
{ACAD_REACTORS
330
C
102
}
330
C
100
AcDbXrecord
280
1
300
ACD
300
2024
300

  0
DICTIONARY
  5
6B
102
{ACAD_REACTORS
330
C
102
}
330
C
100
AcDbDictionary
281
1
  0
DICTIONARY
  5
895B
102
{ACAD_REACTORS
330
C
102
}
330
C
100
AcDbDictionary
281
1
  3
Metric50
350
895C
  0
DICTIONARY
  5
D
102
{ACAD_REACTORS
330
C
102
}
330
C
100
AcDbDictionary
281
1
  0
DICTIONARY
  5
1A
102
{ACAD_REACTORS
330
C
102
}
330
C
100
AcDbDictionary
281
1
  3
Model
350
22
  3
배치1
350
D3
  3
배치2
350
D7
  0
DICTIONARY
  5
6A
102
{ACAD_REACTORS
330
C
102
}
330
C
100
AcDbDictionary
281
1
  3
ByBlock
350
ED
  3
ByLayer
350
EC
  3
Global
350
EE
  0
DICTIONARY
  5
8957
102
{ACAD_REACTORS
330
C
102
}
330
C
100
AcDbDictionary
281
1
  3
Standard
350
8958
  0
DICTIONARY
  5
17
102
{ACAD_REACTORS
330
C
102
}
330
C
100
AcDbDictionary
281
1
  3
Standard
350
18
  0
DICTIONARY
  5
19
102
{ACAD_REACTORS
330
C
102
}
330
C
100
AcDbDictionary
281
1
  0
ACDBDICTIONARYWDFLT
  5
E
102
{ACAD_REACTORS
330
C
102
}
330
C
100
AcDbDictionary
281
1
  3
Normal
350
F
100
AcDbDictionaryWithDefault
340
F
  0
DICTIONARY
  5
8945
102
{ACAD_REACTORS
330
C
102
}
330
C
100
AcDbDictionary
281
1
  3
A0
350
8946
  3
A1
350
8947
  3
A2
350
8948
  3
A3
350
8949
  3
A4
350
894A
  3
A5
350
894B
  3
A6
350
894C
  3
A7
350
894D
  3
A8
350
894E
  3
A9
350
894F
  3
B0
350
8950
  3
B1
350
8951
  3
B2
350
8952
  3
B3
350
8953
  3
B4
350
8954
  3
B5
350
8955
  3
B6
350
8956
  0
DICTIONARY
  5
8959
102
{ACAD_REACTORS
330
C
102
}
330
C
100
AcDbDictionary
281
1
  3
Metric50
350
895A
  0
DICTIONARY
  5
7E
102
{ACAD_REACTORS
330
C
102
}
330
C
100
AcDbDictionary
281
1
  3
Standard
350
7F
  0
DICTIONARY
  5
EF
102
{ACAD_REACTORS
330
C
102
}
330
C
100
AcDbDictionary
281
1
  3
2dWireframe
350
F5
  3
3D Hidden
350
F7
  3
3dWireframe
350
F6
  3
Basic
350
F4
  3
Brighten
350
FB
  3
ColorChange
350
FF
  3
Conceptual
350
F8
  3
Dim
350
FA
  3
EdgeColorOff
350
8944
  3
Facepattern
350
FE
  3
Flat
350
F0
  3
FlatWithEdges
350
F1
  3
Gouraud
350
F2
  3
GouraudWithEdges
350
F3
  3
Hidden
350
893C
  3
JitterOff
350
8942
  3
Linepattern
350
FD
  3
OverhangOff
350
8943
  3
Realistic
350
F9
  3
Shaded
350
8941
  3
Shaded with edges
350
8940
  3
Shades of Gray
350
893D
  3
Sketchy
350
893E
  3
Thicken
350
FC
  3
Wireframe
350
893B
  3
X-Ray
350
893F
  0
XRECORD
  5
8971
102
{ACAD_REACTORS
330
C
102
}
330
C
100
AcDbXrecord
280
1
 90
1
330
7F
  0
DICTIONARY
  5
5E
102
{ACAD_REACTORS
330
C
102
}
330
C
100
AcDbDictionary
281
1
  3
CANNOSCALE
350
896A
  3
CMLEADERSTYLE
350
8966
  3
CTABLESTYLE
350
84
  3
CVIEWDETAILSTYLE
350
8967
  3
CVIEWSECTIONSTYLE
350
8968
  3
DIMASSOC
350
5F
  3
HIDETEXT
350
63
  3
INDEXCTL
350
5A14
  3
LAYEREVAL
350
896C
  3
LAYERNOTIFY
350
896D
  3
LIGHTINGUNITS
350
896B
  3
MSLTSCALE
350
8969
  3
SORTENTS
350
5A13
  0
DICTIONARY
  5
10BD
102
{ACAD_REACTORS
330
C
102
}
330
C
100
AcDbDictionary
281
1
  0
DICTIONARY
  5
2DC2
102
{ACAD_REACTORS
330
C
102
}
330
C
100
AcDbDictionary
281
1
  0
DICTIONARY
  5
116
102
{ACAD_REACTORS
330
C
102
}
330
C
100
AcDbDictionary
281
1
  3
RFXINFO_OBJ
350
117
  0
DICTIONARY
  5
C9B
102
{ACAD_REACTORS
330
C9A
102
}
330
C9A
100
AcDbDictionary
281
1
  0
XRECORD
  5
6644
102
{ACAD_REACTORS
330
6643
102
}
330
6643
100
AcDbXrecord
280
1
290
1
  0
XRECORD
  5
6647
102
{ACAD_REACTORS
330
6646
102
}
330
6646
100
AcDbXrecord
280
1
290
1
  0
XRECORD
  5
664A
102
{ACAD_REACTORS
330
6649
102
}
330
6649
100
AcDbXrecord
280
1
290
1
  0
XRECORD
  5
664D
102
{ACAD_REACTORS
330
664C
102
}
330
664C
100
AcDbXrecord
280
1
290
1
  0
XRECORD
  5
6650
102
{ACAD_REACTORS
330
664F
102
}
330
664F
100
AcDbXrecord
280
1
290
1
  0
XRECORD
  5
6653
102
{ACAD_REACTORS
330
6652
102
}
330
6652
100
AcDbXrecord
280
1
290
1
  0
XRECORD
  5
6656
102
{ACAD_REACTORS
330
6655
102
}
330
6655
100
AcDbXrecord
280
1
290
1
  0
XRECORD
  5
6659
102
{ACAD_REACTORS
330
6658
102
}
330
6658
100
AcDbXrecord
280
1
290
1
  0
XRECORD
  5
665C
102
{ACAD_REACTORS
330
665B
102
}
330
665B
100
AcDbXrecord
280
1
290
1
  0
XRECORD
  5
665F
102
{ACAD_REACTORS
330
665E
102
}
330
665E
100
AcDbXrecord
280
1
290
1
  0
XRECORD
  5
6662
102
{ACAD_REACTORS
330
6661
102
}
330
6661
100
AcDbXrecord
280
1
290
1
  0
XRECORD
  5
6665
102
{ACAD_REACTORS
330
6664
102
}
330
6664
100
AcDbXrecord
280
1
290
1
  0
XRECORD
  5
6668
102
{ACAD_REACTORS
330
6667
102
}
330
6667
100
AcDbXrecord
280
1
290
1
  0
XRECORD
  5
666B
102
{ACAD_REACTORS
330
666A
102
}
330
666A
100
AcDbXrecord
280
1
290
1
  0
XRECORD
  5
666E
102
{ACAD_REACTORS
330
666D
102
}
330
666D
100
AcDbXrecord
280
1
290
1
  0
XRECORD
  5
6676
102
{ACAD_REACTORS
330
6675
102
}
330
6675
100
AcDbXrecord
280
1
290
1
  0
XRECORD
  5
667B
102
{ACAD_REACTORS
330
667A
102
}
330
667A
100
AcDbXrecord
280
1
290
1
  0
XRECORD
  5
6682
102
{ACAD_REACTORS
330
6681
102
}
330
6681
100
AcDbXrecord
280
1
290
1
  0
XRECORD
  5
88AB
102
{ACAD_REACTORS
330
3619
102
}
330
3619
100
AcDbXrecord
280
1
340
1F
  0
SORTENTSTABLE
  5
361A
102
{ACAD_REACTORS
330
3619
102
}
330
3619
100
AcDbSortentsTable
330
1F
331
13C
  5
2E49
  0
XRECORD
  5
88B4
102
{ACAD_REACTORS
330
595C
102
}
330
595C
100
AcDbXrecord
280
1
340
D2
  0
XRECORD
  5
88B7
102
{ACAD_REACTORS
330
595E
102
}
330
595E
100
AcDbXrecord
280
1
340
D6
  0
ACAD_EVALUATION_GRAPH
  5
5AE6
102
{ACAD_REACTORS
330
5AE5
102
}
330
5AE5
100
AcDbEvalGraph
 96
0
 97
0
  0
SORTENTSTABLE
  5
5AE7
102
{ACAD_REACTORS
330
5AE5
102
}
330
5AE5
100
AcDbSortentsTable
330
5AE4
  0
ACDB_DYNAMICBLOCKPURGEPREVENTER_VERSION
  5
5AE8
102
{ACAD_REACTORS
330
5AE5
102
}
330
5AE5
100
AcDbDynamicBlockPurgePreventer
 70
1
  0
SORTENTSTABLE
  5
6152
102
{ACAD_REACTORS
330
6151
102
}
330
6151
100
AcDbSortentsTable
330
6150
  0
SORTENTSTABLE
  5
6194
102
{ACAD_REACTORS
330
6193
102
}
330
6193
100
AcDbSortentsTable
330
6192
  0
SORTENTSTABLE
  5
619D
102
{ACAD_REACTORS
330
619C
102
}
330
619C
100
AcDbSortentsTable
330
619B
  0
SORTENTSTABLE
  5
61E2
102
{ACAD_REACTORS
330
61E1
102
}
330
61E1
100
AcDbSortentsTable
330
61E0
  0
SORTENTSTABLE
  5
61F2
102
{ACAD_REACTORS
330
61F1
102
}
330
61F1
100
AcDbSortentsTable
330
61F0
  0
SORTENTSTABLE
  5
61FD
102
{ACAD_REACTORS
330
61FC
102
}
330
61FC
100
AcDbSortentsTable
330
61FB
  0
SORTENTSTABLE
  5
624F
102
{ACAD_REACTORS
330
624E
102
}
330
624E
100
AcDbSortentsTable
330
624D
  0
SORTENTSTABLE
  5
628A
102
{ACAD_REACTORS
330
6289
102
}
330
6289
100
AcDbSortentsTable
330
6288
  0
SORTENTSTABLE
  5
6292
102
{ACAD_REACTORS
330
6291
102
}
330
6291
100
AcDbSortentsTable
330
6290
  0
SORTENTSTABLE
  5
63AF
102
{ACAD_REACTORS
330
63AE
102
}
330
63AE
100
AcDbSortentsTable
330
63AD
  0
ACDBDETAILVIEWSTYLE
  5
895C
102
{ACAD_XDICTIONARY
360
8974
102
}
102
{ACAD_REACTORS
330
895B
102
}
330
895B
100
AcDbModelDocViewStyle
 70
0
  3
Metric50
290
0
100
AcDbDetailViewStyle
 70
0
 71
0
 90
3
 71
1
340
11
 62
256
 40
5.0
340
0
 62
256
 40
5.0
300

 40
0.0
280
1
 71
2
340
16
 90
25
 62
256
 71
3
340
11
 62
256
 40
5.0
 90
0
 40
15.0
 90
1
300
%<\AcVar ViewDetailId>% (%<\AcVar ViewScale \f "%sn">%)
 71
4
340
16
 90
25
 62
256
340
16
 90
25
 62
256
280
0
  0
LAYOUT
  5
22
102
{ACAD_REACTORS
330
1A
102
}
330
1A
100
AcDbPlotSettings
  1

  2
none_device
  4
ISO_A4_(210.00_x_297.00_MM)
  6

 40
7.5
 41
20.0
 42
7.5
 43
20.0
 44
210.0
 45
297.0
 46
11.54999923706054
 47
-13.65000009536743
 48
0.0
 49
0.0
140
0.0
141
0.0
142
1.0
143
8.704084754739808
 70
11952
 72
1
 73
0
 74
0
  7

 75
0
 76
0
 77
2
 78
300
147
0.1148885871608098
148
0.0
149
0.0
100
AcDbLayout
  1
Model
 70
1
 71
0
 10
0.0
 20
0.0
 11
12.0
 21
9.0
 12
0.0
 22
0.0
 32
0.0
 14
0.0
 24
0.0
 34
0.0
 15
0.0
 25
0.0
 35
0.0
146
0.0
 13
0.0
 23
0.0
 33
0.0
 16
1.0
 26
0.0
 36
0.0
 17
0.0
 27
1.0
 37
0.0
 76
0
330
1F
331
EA
1001
ACAD_PSEXT
1000
None
1000
None
1000
Not applicable
1000
The layout will not be plotted unless a new plotter configuration name is selected.
1070
0
  0
LAYOUT
  5
D3
102
{ACAD_REACTORS
330
1A
102
}
330
1A
100
AcDbPlotSettings
  1

  2
C:\Documents and Settings\user\Application Data\Autodesk\AutoCAD 2005\R16.1\enu\plotters\Default Windows System Printer.pc3
  4

  6

 40
0.0
 41
0.0
 42
0.0
 43
0.0
 44
0.0
 45
0.0
 46
0.0
 47
0.0
 48
0.0
 49
0.0
140
0.0
141
0.0
142
1.0
143
1.0
 70
688
 72
0
 73
0
 74
5
  7

 75
16
 76
0
 77
2
 78
300
147
1.0
148
0.0
149
0.0
100
AcDbLayout
  1
배치1
 70
1
 71
1
 10
0.0
 20
0.0
 11
12.0
 21
9.0
 12
0.0
 22
0.0
 32
0.0
 14
0.0
 24
0.0
 34
0.0
 15
0.0
 25
0.0
 35
0.0
146
0.0
 13
0.0
 23
0.0
 33
0.0
 16
1.0
 26
0.0
 36
0.0
 17
0.0
 27
1.0
 37
0.0
 76
0
330
D2
  0
LAYOUT
  5
D7
102
{ACAD_REACTORS
330
1A
102
}
330
1A
100
AcDbPlotSettings
  1

  2
C:\Documents and Settings\user\Application Data\Autodesk\AutoCAD 2005\R16.1\enu\plotters\Default Windows System Printer.pc3
  4

  6

 40
0.0
 41
0.0
 42
0.0
 43
0.0
 44
0.0
 45
0.0
 46
0.0
 47
0.0
 48
0.0
 49
0.0
140
0.0
141
0.0
142
1.0
143
1.0
 70
688
 72
0
 73
0
 74
5
  7

 75
16
 76
0
 77
2
 78
300
147
1.0
148
0.0
149
0.0
100
AcDbLayout
  1
배치2
 70
1
 71
2
 10
0.0
 20
0.0
 11
12.0
 21
9.0
 12
0.0
 22
0.0
 32
0.0
 14
0.0
 24
0.0
 34
0.0
 15
0.0
 25
0.0
 35
0.0
146
0.0
 13
0.0
 23
0.0
 33
0.0
 16
1.0
 26
0.0
 36
0.0
 17
0.0
 27
1.0
 37
0.0
 76
0
330
D6
  0
MATERIAL
  5
ED
102
{ACAD_REACTORS
330
6A
102
}
330
6A
100
AcDbMaterial
  1
ByBlock
  2

 70
0
 40
1.0
 71
0
 41
1.0
 91
-1023410177
 42
1.0
 72
1
  3

 73
1
 74
1
 75
1
 44
0.5
 73
0
 45
1.0
 46
1.0
 77
1
  4

 78
1
 79
1
170
1
 48
1.0
171
1
  6

172
1
173
1
174
1
140
1.0
141
1.0
175
1
  7

176
1
177
1
178
1
143
1.0
179
1
  8

270
1
271
1
272
1
145
1.0
146
1.0
273
1
  9

274
1
275
1
276
1
 42
1.0
 72
1
  3

 73
1
 74
1
 75
1
 94
63
  0
MATERIAL
  5
EC
102
{ACAD_REACTORS
330
6A
102
}
330
6A
100
AcDbMaterial
  1
ByLayer
  2

 70
0
 40
1.0
 71
0
 41
1.0
 91
-1023410177
 42
1.0
 72
1
  3

 73
1
 74
1
 75
1
 44
0.5
 73
0
 45
1.0
 46
1.0
 77
1
  4

 78
1
 79
1
170
1
 48
1.0
171
1
  6

172
1
173
1
174
1
140
1.0
141
1.0
175
1
  7

176
1
177
1
178
1
143
1.0
179
1
  8

270
1
271
1
272
1
145
1.0
146
1.0
273
1
  9

274
1
275
1
276
1
 42
1.0
 72
1
  3

 73
1
 74
1
 75
1
 94
63
  0
MATERIAL
  5
EE
102
{ACAD_REACTORS
330
6A
102
}
330
6A
100
AcDbMaterial
  1
Global
  2

 70
0
 40
1.0
 71
0
 41
1.0
 91
-1023410177
 42
1.0
 72
1
  3

 73
1
 74
1
 75
1
 44
0.5
 73
0
 45
1.0
 46
1.0
 77
1
  4

 78
1
 79
1
170
1
 48
1.0
171
1
  6

172
1
173
1
174
1
140
1.0
141
1.0
175
1
  7

176
1
177
1
178
1
143
1.0
179
1
  8

270
1
271
1
272
1
145
1.0
146
1.0
273
1
  9

274
1
275
1
276
1
 42
1.0
 72
1
  3

 73
1
 74
1
 75
1
 94
63
  0
MLEADERSTYLE
  5
8958
102
{ACAD_REACTORS
330
8957
102
}
330
8957
100
AcDbMLeaderStyle
179
2
170
2
171
1
172
0
 90
2
 40
0.0
 41
0.0
173
1
 91
-1056964608
340
14
 92
-2
290
1
 42
2.0
291
1
 43
0.36
  3
Standard
 44
4.0
300

342
11
174
1
175
1
176
0
178
6
 93
-1056964608
 45
4.0
292
0
297
0
 46
4.0
293
1
 94
-1056964608
 47
1.0
 49
1.0
140
1.0
294
1
141
0.0
177
0
142
1.0
295
0
296
0
143
0.125
271
0
272
9
273
9
298
1
  0
MLINESTYLE
  5
18
102
{ACAD_REACTORS
330
17
102
}
330
17
100
AcDbMlineStyle
  2
STANDARD
 70
0
  3

 62
256
 51
90.0
 52
90.0
 71
2
 49
0.5
 62
256
  6
BYLAYER
 49
-0.5
 62
256
  6
BYLAYER
  0
ACDBPLACEHOLDER
  5
F
102
{ACAD_REACTORS
330
E
102
}
330
E
  0
SCALE
  5
8946
102
{ACAD_REACTORS
330
8945
102
}
330
8945
100
AcDbScale
 70
0
300
1:1
140
1.0
141
1.0
290
1
  0
SCALE
  5
8947
102
{ACAD_REACTORS
330
8945
102
}
330
8945
100
AcDbScale
 70
0
300
1:2
140
1.0
141
2.0
290
0
  0
SCALE
  5
8948
102
{ACAD_REACTORS
330
8945
102
}
330
8945
100
AcDbScale
 70
0
300
1:4
140
1.0
141
4.0
290
0
  0
SCALE
  5
8949
102
{ACAD_REACTORS
330
8945
102
}
330
8945
100
AcDbScale
 70
0
300
1:5
140
1.0
141
5.0
290
0
  0
SCALE
  5
894A
102
{ACAD_REACTORS
330
8945
102
}
330
8945
100
AcDbScale
 70
0
300
1:8
140
1.0
141
8.0
290
0
  0
SCALE
  5
894B
102
{ACAD_REACTORS
330
8945
102
}
330
8945
100
AcDbScale
 70
0
300
1:10
140
1.0
141
10.0
290
0
  0
SCALE
  5
894C
102
{ACAD_REACTORS
330
8945
102
}
330
8945
100
AcDbScale
 70
0
300
1:16
140
1.0
141
16.0
290
0
  0
SCALE
  5
894D
102
{ACAD_REACTORS
330
8945
102
}
330
8945
100
AcDbScale
 70
0
300
1:20
140
1.0
141
20.0
290
0
  0
SCALE
  5
894E
102
{ACAD_REACTORS
330
8945
102
}
330
8945
100
AcDbScale
 70
0
300
1:30
140
1.0
141
30.0
290
0
  0
SCALE
  5
894F
102
{ACAD_REACTORS
330
8945
102
}
330
8945
100
AcDbScale
 70
0
300
1:40
140
1.0
141
40.0
290
0
  0
SCALE
  5
8950
102
{ACAD_REACTORS
330
8945
102
}
330
8945
100
AcDbScale
 70
0
300
1:50
140
1.0
141
50.0
290
0
  0
SCALE
  5
8951
102
{ACAD_REACTORS
330
8945
102
}
330
8945
100
AcDbScale
 70
0
300
1:100
140
1.0
141
100.0
290
0
  0
SCALE
  5
8952
102
{ACAD_REACTORS
330
8945
102
}
330
8945
100
AcDbScale
 70
0
300
2:1
140
2.0
141
1.0
290
0
  0
SCALE
  5
8953
102
{ACAD_REACTORS
330
8945
102
}
330
8945
100
AcDbScale
 70
0
300
4:1
140
4.0
141
1.0
290
0
  0
SCALE
  5
8954
102
{ACAD_REACTORS
330
8945
102
}
330
8945
100
AcDbScale
 70
0
300
8:1
140
8.0
141
1.0
290
0
  0
SCALE
  5
8955
102
{ACAD_REACTORS
330
8945
102
}
330
8945
100
AcDbScale
 70
0
300
10:1
140
10.0
141
1.0
290
0
  0
SCALE
  5
8956
102
{ACAD_REACTORS
330
8945
102
}
330
8945
100
AcDbScale
 70
0
300
100:1
140
100.0
141
1.0
290
0
  0
ACDBSECTIONVIEWSTYLE
  5
895A
102
{ACAD_XDICTIONARY
360
8972
102
}
102
{ACAD_REACTORS
330
8959
102
}
330
8959
100
AcDbModelDocViewStyle
 70
0
  3
Metric50
290
0
100
AcDbSectionViewStyle
 70
0
 71
0
 90
102
 71
1
340
11
 62
256
 40
5.0
340
0
340
0
 62
256
 40
5.0
300
I, O, Q, S, X, Z
 40
10.0
 90
0
 40
2.5
 90
0
 71
2
340
16
 90
25
 62
256
340
16
 90
50
 62
256
 40
5.0
 40
2.5
 40
5.0
 71
3
340
11
 62
256
 40
5.0
 90
0
 40
15.0
 90
1
300
%<\AcVar ViewSectionStartId>%-%<\AcVar ViewSectionEndId>% (%<\AcVar ViewScale \f "%sn">%)
 71
4
 62
256
 62
257
300
ANSI31
 40
1.0
 90
0
290
0
290
0
 90
6
 40
0.0
 40
1.570796326794896
 40
0.2617993877991494
 40
1.308996938995747
 40
-0.2617993877991494
 40
1.832595714594046
  0
TABLESTYLE
  5
7F
102
{ACAD_XDICTIONARY
360
896F
102
}
102
{ACAD_REACTORS
330
7E
102
}
330
7E
100
AcDbTableStyle
280
0
  3
Standard
 70
0
 71
0
 40
1.5
 41
1.5
280
0
281
0
  7
Standard
140
4.5
170
2
 62
0
 63
7
283
0
 90
512
 91
0
  1

274
-2
284
1
 64
0
275
-2
285
1
 65
0
276
-2
286
1
 66
0
277
-2
287
1
 67
0
278
-2
288
1
 68
0
279
-2
289
1
 69
0
  7
Standard
140
6.0
170
5
 62
0
 63
7
283
0
 90
512
 91
0
  1

274
-2
284
1
 64
0
275
-2
285
1
 65
0
276
-2
286
1
 66
0
277
-2
287
1
 67
0
278
-2
288
1
 68
0
279
-2
289
1
 69
0
  7
Standard
140
4.5
170
5
 62
0
 63
7
283
0
 90
512
 91
0
  1

274
-2
284
1
 64
0
275
-2
285
1
 65
0
276
-2
286
1
 66
0
277
-2
287
1
 67
0
278
-2
288
1
 68
0
279
-2
289
1
 69
0
  0
VISUALSTYLE
  5
F5
102
{ACAD_REACTORS
330
EF
102
}
330
EF
100
AcDbVisualStyle
  2
2dWireframe
 70
4
177
3
291
0
 70
58
 90
0
176
1
 90
2
176
1
 90
1
176
1
 90
0
176
1
 40
0.6
176
1
 40
30.0
176
1
 62
7
176
1
 90
1
176
1
 90
4
176
1
 62
7
176
1
 62
257
176
1
 90
1
176
1
 90
1
176
1
 40
1.0
176
1
 90
0
176
1
 62
257
176
1
 40
1.0
176
1
 90
1
176
1
 90
6
176
1
 90
2
176
1
 62
7
176
1
 90
5
176
1
 90
0
176
1
 90
0
176
1
290
0
176
1
 90
1
176
1
 40
0.0
176
1
 90
0
176
1
290
1
176
1
290
1
176
1
290
0
176
1
290
0
176
1
290
0
176
1
290
0
176
1
290
0
176
1
290
0
176
1
290
0
176
1
 90
50
176
1
 40
0.0
176
1
 40
1.0
176
1
 90
0
176
1
 62
18
420
0
176
1
 90
50
176
1
 90
3
176
1
 62
5
420
255
176
1
290
0
176
1
 90
50
176
1
 90
50
176
1
 90
50
176
1
290
0
176
1
 90
50
176
1
 62
256
176
0
 40
1.0
176
0
 90
2
176
1
  1
strokes_ogs.tif
176
1
290
0
176
1
 40
1.0
176
1
 40
1.0
176
1
1001
ACAD
1000
AcDbSavedByObjectVersion
1070
0
  0
VISUALSTYLE
  5
F7
102
{ACAD_REACTORS
330
EF
102
}
330
EF
100
AcDbVisualStyle
  2
3D Hidden
 70
6
177
3
291
0
 70
58
 90
1
176
1
 90
2
176
1
 90
2
176
1
 90
0
176
1
 40
0.6
176
1
 40
30.0
176
1
 62
7
176
1
 90
2
176
1
 90
2
176
1
 62
7
176
1
 62
257
176
1
 90
2
176
1
 90
1
176
1
 40
40.0
176
1
 90
0
176
1
 62
257
176
1
 40
1.0
176
1
 90
1
176
1
 90
6
176
1
 90
2
176
1
 62
7
176
1
 90
3
176
1
 90
0
176
1
 90
0
176
1
290
0
176
1
 90
1
176
1
 40
0.0
176
1
 90
0
176
1
290
0
176
1
290
1
176
1
290
1
176
1
290
0
176
1
290
0
176
1
290
0
176
1
290
0
176
1
290
0
176
1
290
0
176
1
 90
50
176
1
 40
0.0
176
1
 40
1.0
176
1
 90
0
176
1
 62
18
420
0
176
1
 90
50
176
1
 90
3
176
1
 62
5
420
255
176
1
290
0
176
1
 90
50
176
1
 90
50
176
1
 90
50
176
1
290
0
176
1
 90
50
176
1
 62
256
176
0
 40
1.0
176
0
 90
2
176
1
  1
strokes_ogs.tif
176
1
290
0
176
1
 40
1.0
176
1
 40
1.0
176
1
1001
ACAD
1000
AcDbSavedByObjectVersion
1070
0
  0
VISUALSTYLE
  5
F6
102
{ACAD_REACTORS
330
EF
102
}
330
EF
100
AcDbVisualStyle
  2
3dWireframe
 70
5
177
3
291
0
 70
58
 90
0
176
1
 90
2
176
1
 90
1
176
1
 90
0
176
1
 40
0.6
176
1
 40
30.0
176
1
 62
7
176
1
 90
1
176
1
 90
4
176
1
 62
7
176
1
 62
257
176
1
 90
1
176
1
 90
1
176
1
 40
1.0
176
1
 90
0
176
1
 62
257
176
1
 40
1.0
176
1
 90
1
176
1
 90
6
176
1
 90
2
176
1
 62
7
176
1
 90
5
176
1
 90
0
176
1
 90
0
176
1
290
0
176
1
 90
1
176
1
 40
0.0
176
1
 90
0
176
1
290
0
176
1
290
1
176
1
290
1
176
1
290
0
176
1
290
0
176
1
290
0
176
1
290
0
176
1
290
0
176
1
290
0
176
1
 90
50
176
1
 40
0.0
176
1
 40
1.0
176
1
 90
0
176
1
 62
18
420
0
176
1
 90
50
176
1
 90
3
176
1
 62
5
420
255
176
1
290
0
176
1
 90
50
176
1
 90
50
176
1
 90
50
176
1
290
0
176
1
 90
50
176
1
 62
256
176
0
 40
1.0
176
0
 90
2
176
1
  1
strokes_ogs.tif
176
1
290
0
176
1
 40
1.0
176
1
 40
1.0
176
1
1001
ACAD
1000
AcDbSavedByObjectVersion
1070
0
  0
VISUALSTYLE
  5
F4
102
{ACAD_REACTORS
330
EF
102
}
330
EF
100
AcDbVisualStyle
  2
Basic
 70
7
177
3
291
1
 70
58
 90
1
176
1
 90
0
176
1
 90
1
176
1
 90
0
176
1
 40
0.6
176
1
 40
30.0
176
1
 62
7
176
1
 90
0
176
1
 90
4
176
1
 62
7
176
1
 62
257
176
1
 90
1
176
1
 90
1
176
1
 40
1.0
176
1
 90
8
176
1
 62
7
176
1
 40
1.0
176
1
 90
1
176
1
 90
6
176
1
 90
2
176
1
 62
7
176
1
 90
5
176
1
 90
0
176
1
 90
0
176
1
290
0
176
1
 90
1
176
1
 40
0.0
176
1
 90
0
176
1
290
0
176
1
290
1
176
1
290
1
176
1
290
0
176
1
290
0
176
1
290
0
176
1
290
0
176
1
290
0
176
1
290
0
176
1
 90
50
176
1
 40
0.0
176
1
 40
1.0
176
1
 90
0
176
1
 62
18
420
0
176
1
 90
50
176
1
 90
3
176
1
 62
5
420
255
176
1
290
0
176
1
 90
50
176
1
 90
50
176
1
 90
50
176
1
290
0
176
1
 90
50
176
1
 62
256
176
0
 40
1.0
176
0
 90
2
176
1
  1
strokes_ogs.tif
176
1
290
0
176
1
 40
1.0
176
1
 40
1.0
176
1
1001
ACAD
1000
AcDbSavedByObjectVersion
1070
0
  0
VISUALSTYLE
  5
FB
102
{ACAD_REACTORS
330
EF
102
}
330
EF
100
AcDbVisualStyle
  2
Brighten
 70
12
177
3
291
1
 70
58
 90
2
176
1
 90
2
176
1
 90
1
176
1
 90
0
176
1
 40
0.6
176
1
 40
30.0
176
1
 62
7
176
1
 90
1
176
1
 90
4
176
1
 62
7
176
1
 62
257
176
1
 90
1
176
1
 90
1
176
1
 40
1.0
176
1
 90
8
176
1
 62
7
176
1
 40
1.0
176
1
 90
1
176
1
 90
6
176
1
 90
2
176
1
 62
7
176
1
 90
5
176
1
 90
0
176
1
 90
0
176
1
290
0
176
1
 90
1
176
1
 40
50.0
176
1
 90
0
176
1
290
0
176
1
290
1
176
1
290
1
176
1
290
0
176
1
290
0
176
1
290
0
176
1
290
0
176
1
290
0
176
1
290
0
176
1
 90
50
176
1
 40
0.0
176
1
 40
1.0
176
1
 90
0
176
1
 62
18
420
0
176
1
 90
50
176
1
 90
3
176
1
 62
5
420
255
176
1
290
0
176
1
 90
50
176
1
 90
50
176
1
 90
50
176
1
290
0
176
1
 90
50
176
1
 62
256
176
0
 40
1.0
176
0
 90
2
176
1
  1
strokes_ogs.tif
176
1
290
0
176
1
 40
1.0
176
1
 40
1.0
176
1
1001
ACAD
1000
AcDbSavedByObjectVersion
1070
0
  0
VISUALSTYLE
  5
FF
102
{ACAD_REACTORS
330
EF
102
}
330
EF
100
AcDbVisualStyle
  2
ColorChange
 70
16
177
3
291
1
 70
58
 90
2
176
1
 90
2
176
1
 90
3
176
1
 90
0
176
1
 40
0.6
176
1
 40
30.0
176
1
 62
8
176
1
 90
1
176
1
 90
4
176
1
 62
7
176
1
 62
257
176
1
 90
1
176
1
 90
1
176
1
 40
1.0
176
1
 90
8
176
1
 62
8
176
1
 40
1.0
176
1
 90
1
176
1
 90
6
176
1
 90
2
176
1
 62
7
176
1
 90
5
176
1
 90
0
176
1
 90
0
176
1
290
0
176
1
 90
1
176
1
 40
0.0
176
1
 90
0
176
1
290
0
176
1
290
1
176
1
290
1
176
1
290
0
176
1
290
0
176
1
290
0
176
1
290
0
176
1
290
0
176
1
290
0
176
1
 90
50
176
1
 40
0.0
176
1
 40
1.0
176
1
 90
0
176
1
 62
18
420
0
176
1
 90
50
176
1
 90
3
176
1
 62
5
420
255
176
1
290
0
176
1
 90
50
176
1
 90
50
176
1
 90
50
176
1
290
0
176
1
 90
50
176
1
 62
256
176
0
 40
1.0
176
0
 90
2
176
1
  1
strokes_ogs.tif
176
1
290
0
176
1
 40
1.0
176
1
 40
1.0
176
1
1001
ACAD
1000
AcDbSavedByObjectVersion
1070
0
  0
VISUALSTYLE
  5
F8
102
{ACAD_REACTORS
330
EF
102
}
330
EF
100
AcDbVisualStyle
  2
Conceptual
 70
9
177
3
291
0
 70
58
 90
3
176
1
 90
2
176
1
 90
1
176
1
 90
0
176
1
 40
0.6
176
1
 40
30.0
176
1
 62
7
176
1
 90
2
176
1
 90
2
176
1
 62
7
176
1
 62
257
176
1
 90
1
176
1
 90
1
176
1
 40
40.0
176
1
 90
8
176
1
 62
7
176
1
 40
1.0
176
1
 90
1
176
1
 90
6
176
1
 90
2
176
1
 62
7
176
1
 90
3
176
1
 90
0
176
1
 90
0
176
1
290
0
176
1
 90
1
176
1
 40
0.0
176
1
 90
0
176
1
290
0
176
1
290
1
176
1
290
1
176
1
290
0
176
1
290
0
176
1
290
0
176
1
290
0
176
1
290
0
176
1
290
0
176
1
 90
50
176
1
 40
0.0
176
1
 40
1.0
176
1
 90
0
176
1
 62
18
420
0
176
1
 90
50
176
1
 90
3
176
1
 62
5
420
255
176
1
290
0
176
1
 90
50
176
1
 90
50
176
1
 90
50
176
1
290
0
176
1
 90
50
176
1
 62
256
176
0
 40
1.0
176
0
 90
2
176
1
  1
strokes_ogs.tif
176
1
290
0
176
1
 40
1.0
176
1
 40
1.0
176
1
1001
ACAD
1000
AcDbSavedByObjectVersion
1070
0
  0
VISUALSTYLE
  5
FA
102
{ACAD_REACTORS
330
EF
102
}
330
EF
100
AcDbVisualStyle
  2
Dim
 70
11
177
3
291
1
 70
58
 90
2
176
1
 90
2
176
1
 90
1
176
1
 90
0
176
1
 40
0.6
176
1
 40
30.0
176
1
 62
7
176
1
 90
1
176
1
 90
4
176
1
 62
7
176
1
 62
257
176
1
 90
1
176
1
 90
1
176
1
 40
1.0
176
1
 90
8
176
1
 62
7
176
1
 40
1.0
176
1
 90
1
176
1
 90
6
176
1
 90
2
176
1
 62
7
176
1
 90
5
176
1
 90
0
176
1
 90
0
176
1
290
0
176
1
 90
1
176
1
 40
-50.0
176
1
 90
0
176
1
290
0
176
1
290
1
176
1
290
1
176
1
290
0
176
1
290
0
176
1
290
0
176
1
290
0
176
1
290
0
176
1
290
0
176
1
 90
50
176
1
 40
0.0
176
1
 40
1.0
176
1
 90
0
176
1
 62
18
420
0
176
1
 90
50
176
1
 90
3
176
1
 62
5
420
255
176
1
290
0
176
1
 90
50
176
1
 90
50
176
1
 90
50
176
1
290
0
176
1
 90
50
176
1
 62
256
176
0
 40
1.0
176
0
 90
2
176
1
  1
strokes_ogs.tif
176
1
290
0
176
1
 40
1.0
176
1
 40
1.0
176
1
1001
ACAD
1000
AcDbSavedByObjectVersion
1070
0
  0
VISUALSTYLE
  5
8944
102
{ACAD_REACTORS
330
EF
102
}
330
EF
100
AcDbVisualStyle
  2
EdgeColorOff
 70
22
177
3
291
1
 70
58
 90
2
176
0
 90
2
176
0
 90
0
176
0
 90
0
176
0
 40
0.6
176
0
 40
30.0
176
0
 62
7
420
16777215
176
0
 90
1
176
0
 90
4
176
0
 62
7
176
0
 62
257
176
0
 90
1
176
0
 90
1
176
0
 40
1.0
176
0
 90
8
176
2
 62
7
176
0
 40
1.0
176
0
 90
1
176
0
 90
6
176
0
 90
2
176
0
 62
7
176
0
 90
5
176
0
 90
0
176
0
 90
0
176
0
290
0
176
0
 90
1
176
0
 40
0.0
176
0
 90
0
176
0
290
0
176
0
290
1
176
0
290
1
176
0
290
0
176
0
290
0
176
0
290
0
176
0
290
0
176
0
290
0
176
0
290
0
176
0
 90
50
176
0
 40
0.0
176
0
 40
1.0
176
0
 90
0
176
0
 62
18
420
0
176
0
 90
50
176
0
 90
3
176
0
 62
5
420
255
176
0
290
0
176
0
 90
50
176
0
 90
50
176
0
 90
50
176
0
290
0
176
0
 90
50
176
0
 62
256
176
0
 40
1.0
176
0
 90
2
176
0
  1
strokes_ogs.tif
176
0
290
0
176
0
 40
1.0
176
0
 40
1.0
176
0
1001
ACAD
1000
AcDbSavedByObjectVersion
1070
0
  0
VISUALSTYLE
  5
FE
102
{ACAD_REACTORS
330
EF
102
}
330
EF
100
AcDbVisualStyle
  2
Facepattern
 70
15
177
3
291
1
 70
58
 90
2
176
1
 90
2
176
1
 90
1
176
1
 90
0
176
1
 40
0.6
176
1
 40
30.0
176
1
 62
7
176
1
 90
1
176
1
 90
4
176
1
 62
7
176
1
 62
257
176
1
 90
1
176
1
 90
1
176
1
 40
1.0
176
1
 90
8
176
1
 62
7
176
1
 40
1.0
176
1
 90
1
176
1
 90
6
176
1
 90
2
176
1
 62
7
176
1
 90
5
176
1
 90
0
176
1
 90
0
176
1
290
0
176
1
 90
1
176
1
 40
0.0
176
1
 90
0
176
1
290
0
176
1
290
1
176
1
290
1
176
1
290
0
176
1
290
0
176
1
290
0
176
1
290
0
176
1
290
0
176
1
290
0
176
1
 90
50
176
1
 40
0.0
176
1
 40
1.0
176
1
 90
0
176
1
 62
18
420
0
176
1
 90
50
176
1
 90
3
176
1
 62
5
420
255
176
1
290
0
176
1
 90
50
176
1
 90
50
176
1
 90
50
176
1
290
0
176
1
 90
50
176
1
 62
256
176
0
 40
1.0
176
0
 90
2
176
1
  1
strokes_ogs.tif
176
1
290
0
176
1
 40
1.0
176
1
 40
1.0
176
1
1001
ACAD
1000
AcDbSavedByObjectVersion
1070
0
  0
VISUALSTYLE
  5
F0
102
{ACAD_REACTORS
330
EF
102
}
330
EF
100
AcDbVisualStyle
  2
Flat
 70
0
177
3
291
1
 70
58
 90
2
176
1
 90
1
176
1
 90
1
176
1
 90
2
176
1
 40
0.6
176
1
 40
30.0
176
1
 62
7
176
1
 90
0
176
1
 90
4
176
1
 62
7
176
1
 62
257
176
1
 90
1
176
1
 90
1
176
1
 40
1.0
176
1
 90
8
176
1
 62
7
176
1
 40
1.0
176
1
 90
1
176
1
 90
6
176
1
 90
2
176
1
 62
7
176
1
 90
5
176
1
 90
0
176
1
 90
0
176
1
290
0
176
1
 90
1
176
1
 40
0.0
176
1
 90
0
176
1
290
0
176
1
290
1
176
1
290
1
176
1
290
0
176
1
290
0
176
1
290
0
176
1
290
0
176
1
290
0
176
1
290
0
176
1
 90
50
176
1
 40
0.0
176
1
 40
1.0
176
1
 90
0
176
1
 62
18
420
0
176
1
 90
50
176
1
 90
3
176
1
 62
5
420
255
176
1
290
0
176
1
 90
50
176
1
 90
50
176
1
 90
50
176
1
290
0
176
1
 90
50
176
1
 62
256
176
0
 40
1.0
176
0
 90
2
176
1
  1
strokes_ogs.tif
176
1
290
0
176
1
 40
1.0
176
1
 40
1.0
176
1
1001
ACAD
1000
AcDbSavedByObjectVersion
1070
0
  0
VISUALSTYLE
  5
F1
102
{ACAD_REACTORS
330
EF
102
}
330
EF
100
AcDbVisualStyle
  2
FlatWithEdges
 70
1
177
3
291
1
 70
58
 90
2
176
1
 90
1
176
1
 90
1
176
1
 90
2
176
1
 40
0.6
176
1
 40
30.0
176
1
 62
7
176
1
 90
1
176
1
 90
4
176
1
 62
7
176
1
 62
257
176
1
 90
1
176
1
 90
1
176
1
 40
1.0
176
1
 90
0
176
1
 62
257
176
1
 40
1.0
176
1
 90
1
176
1
 90
6
176
1
 90
2
176
1
 62
7
176
1
 90
5
176
1
 90
0
176
1
 90
0
176
1
290
0
176
1
 90
1
176
1
 40
0.0
176
1
 90
0
176
1
290
0
176
1
290
1
176
1
290
1
176
1
290
0
176
1
290
0
176
1
290
0
176
1
290
0
176
1
290
0
176
1
290
0
176
1
 90
50
176
1
 40
0.0
176
1
 40
1.0
176
1
 90
0
176
1
 62
18
420
0
176
1
 90
50
176
1
 90
3
176
1
 62
5
420
255
176
1
290
0
176
1
 90
50
176
1
 90
50
176
1
 90
50
176
1
290
0
176
1
 90
50
176
1
 62
256
176
0
 40
1.0
176
0
 90
2
176
1
  1
strokes_ogs.tif
176
1
290
0
176
1
 40
1.0
176
1
 40
1.0
176
1
1001
ACAD
1000
AcDbSavedByObjectVersion
1070
0
  0
VISUALSTYLE
  5
F2
102
{ACAD_REACTORS
330
EF
102
}
330
EF
100
AcDbVisualStyle
  2
Gouraud
 70
2
177
3
291
1
 70
58
 90
2
176
1
 90
2
176
1
 90
1
176
1
 90
2
176
1
 40
0.6
176
1
 40
30.0
176
1
 62
7
176
1
 90
0
176
1
 90
4
176
1
 62
7
176
1
 62
257
176
1
 90
1
176
1
 90
1
176
1
 40
1.0
176
1
 90
0
176
1
 62
7
176
1
 40
1.0
176
1
 90
1
176
1
 90
6
176
1
 90
2
176
1
 62
7
176
1
 90
5
176
1
 90
0
176
1
 90
0
176
1
290
0
176
1
 90
1
176
1
 40
0.0
176
1
 90
0
176
1
290
0
176
1
290
1
176
1
290
1
176
1
290
0
176
1
290
0
176
1
290
0
176
1
290
0
176
1
290
0
176
1
290
0
176
1
 90
50
176
1
 40
0.0
176
1
 40
1.0
176
1
 90
0
176
1
 62
18
420
0
176
1
 90
50
176
1
 90
3
176
1
 62
5
420
255
176
1
290
0
176
1
 90
50
176
1
 90
50
176
1
 90
50
176
1
290
0
176
1
 90
50
176
1
 62
256
176
0
 40
1.0
176
0
 90
2
176
1
  1
strokes_ogs.tif
176
1
290
0
176
1
 40
1.0
176
1
 40
1.0
176
1
1001
ACAD
1000
AcDbSavedByObjectVersion
1070
0
  0
VISUALSTYLE
  5
F3
102
{ACAD_REACTORS
330
EF
102
}
330
EF
100
AcDbVisualStyle
  2
GouraudWithEdges
 70
3
177
3
291
1
 70
58
 90
2
176
1
 90
2
176
1
 90
1
176
1
 90
2
176
1
 40
0.6
176
1
 40
30.0
176
1
 62
7
176
1
 90
1
176
1
 90
4
176
1
 62
7
176
1
 62
257
176
1
 90
1
176
1
 90
1
176
1
 40
1.0
176
1
 90
0
176
1
 62
257
176
1
 40
1.0
176
1
 90
1
176
1
 90
6
176
1
 90
2
176
1
 62
7
176
1
 90
5
176
1
 90
0
176
1
 90
0
176
1
290
0
176
1
 90
1
176
1
 40
0.0
176
1
 90
0
176
1
290
0
176
1
290
1
176
1
290
1
176
1
290
0
176
1
290
0
176
1
290
0
176
1
290
0
176
1
290
0
176
1
290
0
176
1
 90
50
176
1
 40
0.0
176
1
 40
1.0
176
1
 90
0
176
1
 62
18
420
0
176
1
 90
50
176
1
 90
3
176
1
 62
5
420
255
176
1
290
0
176
1
 90
50
176
1
 90
50
176
1
 90
50
176
1
290
0
176
1
 90
50
176
1
 62
256
176
0
 40
1.0
176
0
 90
2
176
1
  1
strokes_ogs.tif
176
1
290
0
176
1
 40
1.0
176
1
 40
1.0
176
1
1001
ACAD
1000
AcDbSavedByObjectVersion
1070
0
  0
VISUALSTYLE
  5
893C
102
{ACAD_REACTORS
330
EF
102
}
330
EF
100
AcDbVisualStyle
  2
Hidden
 70
6
177
3
291
0
 70
58
 90
1
176
1
 90
2
176
1
 90
2
176
1
 90
0
176
1
 40
0.6
176
1
 40
30.0
176
1
 62
7
420
16777215
176
1
 90
2
176
1
 90
2
176
1
 62
7
176
1
 62
257
176
1
 90
2
176
1
 90
1
176
1
 40
40.0
176
1
 90
0
176
1
 62
257
176
1
 40
1.0
176
1
 90
1
176
1
 90
6
176
1
 90
2
176
1
 62
7
176
1
 90
3
176
1
 90
0
176
1
 90
0
176
1
290
0
176
1
 90
1
176
1
 40
0.0
176
1
 90
0
176
1
290
0
176
1
290
1
176
1
290
1
176
1
290
0
176
1
290
0
176
1
290
0
176
1
290
0
176
1
290
0
176
1
290
0
176
1
 90
50
176
1
 40
0.0
176
1
 40
1.0
176
1
 90
0
176
1
 62
18
420
0
176
1
 90
50
176
1
 90
3
176
1
 62
5
420
255
176
1
290
0
176
1
 90
50
176
1
 90
50
176
1
 90
50
176
1
290
0
176
1
 90
50
176
1
 62
256
176
0
 40
1.0
176
0
 90
2
176
1
  1
strokes_ogs.tif
176
1
290
0
176
1
 40
1.0
176
1
 40
1.0
176
1
1001
ACAD
1000
AcDbSavedByObjectVersion
1070
0
  0
VISUALSTYLE
  5
8942
102
{ACAD_REACTORS
330
EF
102
}
330
EF
100
AcDbVisualStyle
  2
JitterOff
 70
20
177
3
291
1
 70
58
 90
2
176
0
 90
2
176
0
 90
0
176
0
 90
0
176
0
 40
0.6
176
0
 40
30.0
176
0
 62
7
420
16777215
176
0
 90
1
176
0
 90
4
176
0
 62
7
176
0
 62
257
176
0
 90
1
176
0
 90
1
176
0
 40
1.0
176
0
 90
10
176
2
 62
7
176
0
 40
1.0
176
0
 90
1
176
0
 90
6
176
0
 90
2
176
0
 62
7
176
0
 90
5
176
0
 90
0
176
0
 90
0
176
0
290
0
176
0
 90
1
176
0
 40
0.0
176
0
 90
0
176
0
290
0
176
0
290
1
176
0
290
1
176
0
290
0
176
0
290
0
176
0
290
0
176
0
290
0
176
0
290
0
176
0
290
0
176
0
 90
50
176
0
 40
0.0
176
0
 40
1.0
176
0
 90
0
176
0
 62
18
420
0
176
0
 90
50
176
0
 90
3
176
0
 62
5
420
255
176
0
290
0
176
0
 90
50
176
0
 90
50
176
0
 90
50
176
0
290
0
176
0
 90
50
176
0
 62
256
176
0
 40
1.0
176
0
 90
2
176
0
  1
strokes_ogs.tif
176
0
290
0
176
0
 40
1.0
176
0
 40
1.0
176
0
1001
ACAD
1000
AcDbSavedByObjectVersion
1070
0
  0
VISUALSTYLE
  5
FD
102
{ACAD_REACTORS
330
EF
102
}
330
EF
100
AcDbVisualStyle
  2
Linepattern
 70
14
177
3
291
1
 70
58
 90
2
176
1
 90
2
176
1
 90
1
176
1
 90
0
176
1
 40
0.6
176
1
 40
30.0
176
1
 62
7
176
1
 90
1
176
1
 90
4
176
1
 62
7
176
1
 62
257
176
1
 90
7
176
1
 90
7
176
1
 40
1.0
176
1
 90
8
176
1
 62
7
176
1
 40
1.0
176
1
 90
1
176
1
 90
6
176
1
 90
2
176
1
 62
7
176
1
 90
5
176
1
 90
0
176
1
 90
0
176
1
290
0
176
1
 90
1
176
1
 40
0.0
176
1
 90
0
176
1
290
0
176
1
290
1
176
1
290
1
176
1
290
0
176
1
290
0
176
1
290
0
176
1
290
0
176
1
290
0
176
1
290
0
176
1
 90
50
176
1
 40
0.0
176
1
 40
1.0
176
1
 90
0
176
1
 62
18
420
0
176
1
 90
50
176
1
 90
3
176
1
 62
5
420
255
176
1
290
0
176
1
 90
50
176
1
 90
50
176
1
 90
50
176
1
290
0
176
1
 90
50
176
1
 62
256
176
0
 40
1.0
176
0
 90
2
176
1
  1
strokes_ogs.tif
176
1
290
0
176
1
 40
1.0
176
1
 40
1.0
176
1
1001
ACAD
1000
AcDbSavedByObjectVersion
1070
0
  0
VISUALSTYLE
  5
8943
102
{ACAD_REACTORS
330
EF
102
}
330
EF
100
AcDbVisualStyle
  2
OverhangOff
 70
21
177
3
291
1
 70
58
 90
2
176
0
 90
2
176
0
 90
0
176
0
 90
0
176
0
 40
0.6
176
0
 40
30.0
176
0
 62
7
420
16777215
176
0
 90
1
176
0
 90
4
176
0
 62
7
176
0
 62
257
176
0
 90
1
176
0
 90
1
176
0
 40
1.0
176
0
 90
9
176
2
 62
7
176
0
 40
1.0
176
0
 90
1
176
0
 90
6
176
0
 90
2
176
0
 62
7
176
0
 90
5
176
0
 90
0
176
0
 90
0
176
0
290
0
176
0
 90
1
176
0
 40
0.0
176
0
 90
0
176
0
290
0
176
0
290
1
176
0
290
1
176
0
290
0
176
0
290
0
176
0
290
0
176
0
290
0
176
0
290
0
176
0
290
0
176
0
 90
50
176
0
 40
0.0
176
0
 40
1.0
176
0
 90
0
176
0
 62
18
420
0
176
0
 90
50
176
0
 90
3
176
0
 62
5
420
255
176
0
290
0
176
0
 90
50
176
0
 90
50
176
0
 90
50
176
0
290
0
176
0
 90
50
176
0
 62
256
176
0
 40
1.0
176
0
 90
2
176
0
  1
strokes_ogs.tif
176
0
290
0
176
0
 40
1.0
176
0
 40
1.0
176
0
1001
ACAD
1000
AcDbSavedByObjectVersion
1070
0
  0
VISUALSTYLE
  5
F9
102
{ACAD_REACTORS
330
EF
102
}
330
EF
100
AcDbVisualStyle
  2
Realistic
 70
8
177
3
291
0
 70
58
 90
2
176
1
 90
2
176
1
 90
1
176
1
 90
0
176
1
 40
0.6
176
1
 40
30.0
176
1
 62
7
176
1
 90
1
176
1
 90
0
176
1
 62
7
176
1
 62
257
176
1
 90
1
176
1
 90
1
176
1
 40
1.0
176
1
 90
8
176
1
 62
8
176
1
 40
1.0
176
1
 90
1
176
1
 90
6
176
1
 90
2
176
1
 62
7
176
1
 90
5
176
1
 90
0
176
1
 90
0
176
1
290
0
176
1
 90
13
176
1
 40
0.0
176
1
 90
0
176
1
290
0
176
1
290
1
176
1
290
1
176
1
290
0
176
1
290
0
176
1
290
0
176
1
290
0
176
1
290
0
176
1
290
0
176
1
 90
50
176
1
 40
0.0
176
1
 40
1.0
176
1
 90
0
176
1
 62
18
420
0
176
1
 90
50
176
1
 90
3
176
1
 62
5
420
255
176
1
290
0
176
1
 90
50
176
1
 90
50
176
1
 90
50
176
1
290
0
176
1
 90
50
176
1
 62
256
176
0
 40
1.0
176
0
 90
2
176
1
  1
strokes_ogs.tif
176
1
290
0
176
1
 40
1.0
176
1
 40
1.0
176
1
1001
ACAD
1000
AcDbSavedByObjectVersion
1070
0
  0
VISUALSTYLE
  5
8941
102
{ACAD_REACTORS
330
EF
102
}
330
EF
100
AcDbVisualStyle
  2
Shaded
 70
27
177
3
291
0
 70
58
 90
2
176
1
 90
2
176
1
 90
1
176
1
 90
2
176
1
 40
0.6
176
1
 40
30.0
176
1
 62
7
420
16777215
176
1
 90
0
176
1
 90
4
176
1
 62
7
176
1
 62
257
176
1
 90
1
176
1
 90
1
176
1
 40
1.0
176
1
 90
8
176
1
 62
257
176
1
 40
1.0
176
1
 90
1
176
1
 90
6
176
1
 90
2
176
1
 62
8
420
7895160
176
1
 90
3
176
1
 90
0
176
1
 90
0
176
1
290
0
176
1
 90
5
176
1
 40
0.0
176
1
 90
0
176
1
290
0
176
1
290
1
176
1
290
1
176
1
290
0
176
1
290
0
176
1
290
0
176
1
290
0
176
1
290
0
176
1
290
0
176
1
 90
50
176
1
 40
0.0
176
1
 40
1.0
176
1
 90
0
176
1
 62
18
420
0
176
1
 90
50
176
1
 90
3
176
1
 62
5
420
255
176
1
290
0
176
1
 90
50
176
1
 90
50
176
1
 90
50
176
1
290
0
176
1
 90
50
176
1
 62
256
176
0
 40
1.0
176
0
 90
2
176
1
  1
strokes_ogs.tif
176
1
290
0
176
1
 40
1.0
176
1
 40
1.0
176
1
1001
ACAD
1000
AcDbSavedByObjectVersion
1070
0
  0
VISUALSTYLE
  5
8940
102
{ACAD_REACTORS
330
EF
102
}
330
EF
100
AcDbVisualStyle
  2
Shaded with edges
 70
26
177
3
291
0
 70
58
 90
2
176
1
 90
2
176
1
 90
1
176
1
 90
2
176
1
 40
0.6
176
1
 40
30.0
176
1
 62
7
420
16777215
176
1
 90
1
176
1
 90
2
176
1
 62
7
176
1
 62
257
176
1
 90
2
176
1
 90
1
176
1
 40
1.0
176
1
 90
8
176
1
 62
257
176
1
 40
1.0
176
1
 90
1
176
1
 90
6
176
1
 90
2
176
1
 62
7
176
1
 90
3
176
1
 90
0
176
1
 90
0
176
1
290
0
176
1
 90
5
176
1
 40
0.0
176
1
 90
0
176
1
290
0
176
1
290
1
176
1
290
1
176
1
290
0
176
1
290
0
176
1
290
0
176
1
290
0
176
1
290
0
176
1
290
0
176
1
 90
50
176
1
 40
0.0
176
1
 40
1.0
176
1
 90
0
176
1
 62
18
420
0
176
1
 90
50
176
1
 90
3
176
1
 62
5
420
255
176
1
290
0
176
1
 90
50
176
1
 90
50
176
1
 90
50
176
1
290
0
176
1
 90
50
176
1
 62
256
176
0
 40
1.0
176
0
 90
2
176
1
  1
strokes_ogs.tif
176
1
290
0
176
1
 40
1.0
176
1
 40
1.0
176
1
1001
ACAD
1000
AcDbSavedByObjectVersion
1070
0
  0
VISUALSTYLE
  5
893D
102
{ACAD_REACTORS
330
EF
102
}
330
EF
100
AcDbVisualStyle
  2
Shades of Gray
 70
23
177
3
291
0
 70
58
 90
2
176
1
 90
2
176
1
 90
3
176
1
 90
0
176
1
 40
0.6
176
1
 40
30.0
176
1
 62
7
420
16777215
176
1
 90
2
176
1
 90
2
176
1
 62
7
176
1
 62
7
176
1
 90
1
176
1
 90
1
176
1
 40
40.0
176
1
 90
8
176
1
 62
7
176
1
 40
1.0
176
1
 90
1
176
1
 90
6
176
1
 90
2
176
1
 62
7
176
1
 90
3
176
1
 90
0
176
1
 90
0
176
1
290
0
176
1
 90
1
176
1
 40
0.0
176
1
 90
0
176
1
290
0
176
1
290
1
176
1
290
1
176
1
290
0
176
1
290
0
176
1
290
0
176
1
290
0
176
1
290
0
176
1
290
0
176
1
 90
50
176
1
 40
0.0
176
1
 40
1.0
176
1
 90
0
176
1
 62
18
420
0
176
1
 90
50
176
1
 90
3
176
1
 62
5
420
255
176
1
290
0
176
1
 90
50
176
1
 90
50
176
1
 90
50
176
1
290
0
176
1
 90
50
176
1
 62
256
176
0
 40
1.0
176
0
 90
2
176
1
  1
strokes_ogs.tif
176
1
290
0
176
1
 40
1.0
176
1
 40
1.0
176
1
1001
ACAD
1000
AcDbSavedByObjectVersion
1070
0
  0
VISUALSTYLE
  5
893E
102
{ACAD_REACTORS
330
EF
102
}
330
EF
100
AcDbVisualStyle
  2
Sketchy
 70
24
177
3
291
0
 70
58
 90
1
176
1
 90
2
176
1
 90
2
176
1
 90
0
176
1
 40
0.6
176
1
 40
30.0
176
1
 62
7
420
16777215
176
1
 90
2
176
1
 90
2
176
1
 62
7
176
1
 62
7
176
1
 90
1
176
1
 90
1
176
1
 40
40.0
176
1
 90
11
176
1
 62
7
176
1
 40
1.0
176
1
 90
1
176
1
 90
6
176
1
 90
2
176
1
 62
7
176
1
 90
6
176
1
 90
0
176
1
 90
0
176
1
290
0
176
1
 90
1
176
1
 40
0.0
176
1
 90
0
176
1
290
0
176
1
290
1
176
1
290
1
176
1
290
0
176
1
290
0
176
1
290
0
176
1
290
0
176
1
290
0
176
1
290
0
176
1
 90
50
176
1
 40
0.0
176
1
 40
1.0
176
1
 90
0
176
1
 62
18
420
0
176
1
 90
50
176
1
 90
3
176
1
 62
5
420
255
176
1
290
0
176
1
 90
50
176
1
 90
50
176
1
 90
50
176
1
290
0
176
1
 90
50
176
1
 62
256
176
0
 40
1.0
176
0
 90
2
176
1
  1
strokes_ogs.tif
176
1
290
0
176
1
 40
1.0
176
1
 40
1.0
176
1
1001
ACAD
1000
AcDbSavedByObjectVersion
1070
0
  0
VISUALSTYLE
  5
FC
102
{ACAD_REACTORS
330
EF
102
}
330
EF
100
AcDbVisualStyle
  2
Thicken
 70
13
177
3
291
1
 70
58
 90
2
176
1
 90
2
176
1
 90
1
176
1
 90
0
176
1
 40
0.6
176
1
 40
30.0
176
1
 62
7
176
1
 90
1
176
1
 90
4
176
1
 62
7
176
1
 62
257
176
1
 90
1
176
1
 90
1
176
1
 40
1.0
176
1
 90
12
176
1
 62
7
176
1
 40
1.0
176
1
 90
1
176
1
 90
6
176
1
 90
2
176
1
 62
7
176
1
 90
5
176
1
 90
0
176
1
 90
0
176
1
290
0
176
1
 90
1
176
1
 40
0.0
176
1
 90
0
176
1
290
0
176
1
290
1
176
1
290
1
176
1
290
0
176
1
290
0
176
1
290
0
176
1
290
0
176
1
290
0
176
1
290
0
176
1
 90
50
176
1
 40
0.0
176
1
 40
1.0
176
1
 90
0
176
1
 62
18
420
0
176
1
 90
50
176
1
 90
3
176
1
 62
5
420
255
176
1
290
0
176
1
 90
50
176
1
 90
50
176
1
 90
50
176
1
290
0
176
1
 90
50
176
1
 62
256
176
0
 40
1.0
176
0
 90
2
176
1
  1
strokes_ogs.tif
176
1
290
0
176
1
 40
1.0
176
1
 40
1.0
176
1
1001
ACAD
1000
AcDbSavedByObjectVersion
1070
0
  0
VISUALSTYLE
  5
893B
102
{ACAD_REACTORS
330
EF
102
}
330
EF
100
AcDbVisualStyle
  2
Wireframe
 70
5
177
3
291
0
 70
58
 90
0
176
1
 90
2
176
1
 90
0
176
1
 90
0
176
1
 40
0.6
176
1
 40
30.0
176
1
 62
7
420
16777215
176
1
 90
1
176
1
 90
4
176
1
 62
7
176
1
 62
257
176
1
 90
1
176
1
 90
1
176
1
 40
1.0
176
1
 90
0
176
1
 62
257
176
1
 40
1.0
176
1
 90
1
176
1
 90
6
176
1
 90
2
176
1
 62
7
176
1
 90
3
176
1
 90
0
176
1
 90
0
176
1
290
0
176
1
 90
1
176
1
 40
0.0
176
1
 90
0
176
1
290
0
176
1
290
1
176
1
290
1
176
1
290
0
176
1
290
0
176
1
290
0
176
1
290
0
176
1
290
0
176
1
290
0
176
1
 90
50
176
1
 40
0.0
176
1
 40
1.0
176
1
 90
0
176
1
 62
18
420
0
176
1
 90
50
176
1
 90
3
176
1
 62
5
420
255
176
1
290
0
176
1
 90
50
176
1
 90
50
176
1
 90
50
176
1
290
0
176
1
 90
50
176
1
 62
256
176
0
 40
1.0
176
0
 90
2
176
1
  1
strokes_ogs.tif
176
1
290
0
176
1
 40
1.0
176
1
 40
1.0
176
1
1001
ACAD
1000
AcDbSavedByObjectVersion
1070
0
  0
VISUALSTYLE
  5
893F
102
{ACAD_REACTORS
330
EF
102
}
330
EF
100
AcDbVisualStyle
  2
X-Ray
 70
25
177
3
291
0
 70
58
 90
2
176
1
 90
2
176
1
 90
1
176
1
 90
1
176
1
 40
0.5
176
1
 40
30.0
176
1
 62
7
420
16777215
176
1
 90
1
176
1
 90
0
176
1
 62
7
176
1
 62
257
176
1
 90
1
176
1
 90
1
176
1
 40
1.0
176
1
 90
8
176
1
 62
7
176
1
 40
1.0
176
1
 90
1
176
1
 90
6
176
1
 90
2
176
1
 62
7
176
1
 90
3
176
1
 90
0
176
1
 90
0
176
1
290
0
176
1
 90
13
176
1
 40
0.0
176
1
 90
0
176
1
290
0
176
1
290
1
176
1
290
1
176
1
290
0
176
1
290
0
176
1
290
0
176
1
290
0
176
1
290
0
176
1
290
0
176
1
 90
50
176
1
 40
0.0
176
1
 40
1.0
176
1
 90
0
176
1
 62
18
420
0
176
1
 90
50
176
1
 90
3
176
1
 62
5
420
255
176
1
290
0
176
1
 90
50
176
1
 90
50
176
1
 90
50
176
1
290
0
176
1
 90
50
176
1
 62
256
176
0
 40
1.0
176
0
 90
2
176
1
  1
strokes_ogs.tif
176
1
290
0
176
1
 40
1.0
176
1
 40
1.0
176
1
1001
ACAD
1000
AcDbSavedByObjectVersion
1070
0
  0
DICTIONARYVAR
  5
896A
102
{ACAD_REACTORS
330
5E
102
}
330
5E
100
DictionaryVariables
280
0
  1
1:1
  0
DICTIONARYVAR
  5
8966
102
{ACAD_REACTORS
330
5E
102
}
330
5E
100
DictionaryVariables
280
0
  1
STANDARD
  0
DICTIONARYVAR
  5
84
102
{ACAD_REACTORS
330
5E
102
}
330
5E
100
DictionaryVariables
280
0
  1
STANDARD
  0
DICTIONARYVAR
  5
8967
102
{ACAD_REACTORS
330
5E
102
}
330
5E
100
DictionaryVariables
280
0
  1
Metric50
  0
DICTIONARYVAR
  5
8968
102
{ACAD_REACTORS
330
5E
102
}
330
5E
100
DictionaryVariables
280
0
  1
Metric50
  0
DICTIONARYVAR
  5
5F
102
{ACAD_REACTORS
330
5E
102
}
330
5E
100
DictionaryVariables
280
0
  1
1
  0
DICTIONARYVAR
  5
63
102
{ACAD_REACTORS
330
5E
102
}
330
5E
100
DictionaryVariables
280
0
  1
1
  0
DICTIONARYVAR
  5
5A14
102
{ACAD_REACTORS
330
5E
102
}
330
5E
100
DictionaryVariables
280
0
  1
0
  0
DICTIONARYVAR
  5
896C
102
{ACAD_REACTORS
330
5E
102
}
330
5E
100
DictionaryVariables
280
0
  1
1
  0
DICTIONARYVAR
  5
896D
102
{ACAD_REACTORS
330
5E
102
}
330
5E
100
DictionaryVariables
280
0
  1
15
  0
DICTIONARYVAR
  5
896B
102
{ACAD_REACTORS
330
5E
102
}
330
5E
100
DictionaryVariables
280
0
  1
0
  0
DICTIONARYVAR
  5
8969
102
{ACAD_REACTORS
330
5E
102
}
330
5E
100
DictionaryVariables
280
0
  1
0
  0
DICTIONARYVAR
  5
5A13
102
{ACAD_REACTORS
330
5E
102
}
330
5E
100
DictionaryVariables
280
0
  1
127
  0
ACAD_PROXY_OBJECT
  5
117
102
{ACAD_REACTORS
330
116
102
}
330
116
100
AcDbProxyObject
 90
499
 91
507
 95
65563
 70
0
162
68
311
A9014100AA9013100C
161
22
310
412590
 94
0
  0
DICTIONARY
  5
8974
330
895C
100
AcDbDictionary
280
1
281
1
  3
ACAD_XREC_ROUNDTRIP
360
8975
  0
DICTIONARY
  5
8972
330
895A
100
AcDbDictionary
280
1
281
1
  3
ACAD_XREC_ROUNDTRIP
360
8973
  0
DICTIONARY
  5
896F
330
7F
100
AcDbDictionary
280
1
281
1
  3
ACAD_ROUNDTRIP_2008_TABLESTYLE_CELLSTYLEMAP
360
8970
  0
XRECORD
  5
8975
102
{ACAD_REACTORS
330
8974
102
}
330
8974
100
AcDbXrecord
280
1
102
DISPLAYNAME
  1
Metric50
102
FLAGS
 90
0
  0
XRECORD
  5
8973
102
{ACAD_REACTORS
330
8972
102
}
330
8972
100
AcDbXrecord
280
1
102
DISPLAYNAME
  1
Metric50
102
FLAGS
 90
0
  0
CELLSTYLEMAP
  5
8970
102
{ACAD_REACTORS
330
896F
102
}
330
896F
100
AcDbCellStyleMap
 90
3
300
CELLSTYLE
  1
TABLEFORMAT_BEGIN
 90
5
170
1
 91
0
 92
32768
 62
257
 93
1
300
CONTENTFORMAT
  1
CONTENTFORMAT_BEGIN
 90
0
 91
0
 92
512
 93
0
300

 40
0.0
140
1.0
 94
5
 62
0
340
11
144
6.0
309
CONTENTFORMAT_END
171
1
301
MARGIN
  1
CELLMARGIN_BEGIN
 40
1.5
 40
1.5
 40
1.5
 40
1.5
 40
0.18
 40
0.18
309
CELLMARGIN_END
 94
6
 95
1
302
GRIDFORMAT
  1
GRIDFORMAT_BEGIN
 90
0
 91
1
 62
0
 92
-2
340
0
 93
0
 40
0.045
309
GRIDFORMAT_END
 95
2
302
GRIDFORMAT
  1
GRIDFORMAT_BEGIN
 90
0
 91
1
 62
0
 92
-2
340
0
 93
0
 40
0.045
309
GRIDFORMAT_END
 95
4
302
GRIDFORMAT
  1
GRIDFORMAT_BEGIN
 90
0
 91
1
 62
0
 92
-2
340
0
 93
0
 40
0.045
309
GRIDFORMAT_END
 95
8
302
GRIDFORMAT
  1
GRIDFORMAT_BEGIN
 90
0
 91
1
 62
0
 92
-2
340
0
 93
0
 40
0.045
309
GRIDFORMAT_END
 95
16
302
GRIDFORMAT
  1
GRIDFORMAT_BEGIN
 90
0
 91
1
 62
0
 92
-2
340
0
 93
0
 40
0.045
309
GRIDFORMAT_END
 95
32
302
GRIDFORMAT
  1
GRIDFORMAT_BEGIN
 90
0
 91
1
 62
0
 92
-2
340
0
 93
0
 40
0.045
309
GRIDFORMAT_END
309
TABLEFORMAT_END
  1
CELLSTYLE_BEGIN
 90
1
 91
1
300
_TITLE
309
CELLSTYLE_END
300
CELLSTYLE
  1
TABLEFORMAT_BEGIN
 90
5
170
1
 91
0
 92
0
 62
257
 93
1
300
CONTENTFORMAT
  1
CONTENTFORMAT_BEGIN
 90
0
 91
0
 92
512
 93
0
300

 40
0.0
140
1.0
 94
5
 62
0
340
11
144
4.5
309
CONTENTFORMAT_END
171
1
301
MARGIN
  1
CELLMARGIN_BEGIN
 40
1.5
 40
1.5
 40
1.5
 40
1.5
 40
0.18
 40
0.18
309
CELLMARGIN_END
 94
6
 95
1
302
GRIDFORMAT
  1
GRIDFORMAT_BEGIN
 90
0
 91
1
 62
0
 92
-2
340
0
 93
0
 40
0.045
309
GRIDFORMAT_END
 95
2
302
GRIDFORMAT
  1
GRIDFORMAT_BEGIN
 90
0
 91
1
 62
0
 92
-2
340
0
 93
0
 40
0.045
309
GRIDFORMAT_END
 95
4
302
GRIDFORMAT
  1
GRIDFORMAT_BEGIN
 90
0
 91
1
 62
0
 92
-2
340
0
 93
0
 40
0.045
309
GRIDFORMAT_END
 95
8
302
GRIDFORMAT
  1
GRIDFORMAT_BEGIN
 90
0
 91
1
 62
0
 92
-2
340
0
 93
0
 40
0.045
309
GRIDFORMAT_END
 95
16
302
GRIDFORMAT
  1
GRIDFORMAT_BEGIN
 90
0
 91
1
 62
0
 92
-2
340
0
 93
0
 40
0.045
309
GRIDFORMAT_END
 95
32
302
GRIDFORMAT
  1
GRIDFORMAT_BEGIN
 90
0
 91
1
 62
0
 92
-2
340
0
 93
0
 40
0.045
309
GRIDFORMAT_END
309
TABLEFORMAT_END
  1
CELLSTYLE_BEGIN
 90
2
 91
1
300
_HEADER
309
CELLSTYLE_END
300
CELLSTYLE
  1
TABLEFORMAT_BEGIN
 90
5
170
1
 91
0
 92
0
 62
257
 93
1
300
CONTENTFORMAT
  1
CONTENTFORMAT_BEGIN
 90
0
 91
0
 92
512
 93
0
300

 40
0.0
140
1.0
 94
2
 62
0
340
11
144
4.5
309
CONTENTFORMAT_END
171
1
301
MARGIN
  1
CELLMARGIN_BEGIN
 40
1.5
 40
1.5
 40
1.5
 40
1.5
 40
0.18
 40
0.18
309
CELLMARGIN_END
 94
6
 95
1
302
GRIDFORMAT
  1
GRIDFORMAT_BEGIN
 90
0
 91
1
 62
0
 92
-2
340
0
 93
0
 40
0.045
309
GRIDFORMAT_END
 95
2
302
GRIDFORMAT
  1
GRIDFORMAT_BEGIN
 90
0
 91
1
 62
0
 92
-2
340
0
 93
0
 40
0.045
309
GRIDFORMAT_END
 95
4
302
GRIDFORMAT
  1
GRIDFORMAT_BEGIN
 90
0
 91
1
 62
0
 92
-2
340
0
 93
0
 40
0.045
309
GRIDFORMAT_END
 95
8
302
GRIDFORMAT
  1
GRIDFORMAT_BEGIN
 90
0
 91
1
 62
0
 92
-2
340
0
 93
0
 40
0.045
309
GRIDFORMAT_END
 95
16
302
GRIDFORMAT
  1
GRIDFORMAT_BEGIN
 90
0
 91
1
 62
0
 92
-2
340
0
 93
0
 40
0.045
309
GRIDFORMAT_END
 95
32
302
GRIDFORMAT
  1
GRIDFORMAT_BEGIN
 90
0
 91
1
 62
0
 92
-2
340
0
 93
0
 40
0.045
309
GRIDFORMAT_END
309
TABLEFORMAT_END
  1
CELLSTYLE_BEGIN
 90
3
 91
2
300
_DATA
309
CELLSTYLE_END
  0
DICTIONARY
  5
8A01
330
C
100
AcDbDictionary
280
1
281
1
  3
WRITTEN_BY_EZDXF
350
8A02
  0
DICTIONARYVAR
  5
8A02
330
8A01
100
DictionaryVariables
280
0
  1
1.4.3 @ 2026-09-29T15:32:22.680003+00:00
  0
ENDSEC
  0
EOF
