  0
SECTION
  2
HEADER
  9
$ACADVER
  1
AC1027
  9
$ACADMAINTVER
 70
105
  9
$DWGCODEPAGE
  3
ANSI_949
  9
$LASTSAVEDBY
  1

  9
$REQUIREDVERSIONS
160
0
  9
$INSBASE
 10
0.0
 20
0.0
 30
0.0
  9
$EXTMIN
 10
-0.0004581058938129
 20
-0.0001852512305049
 30
-69.99999999999999
  9
$EXTMAX
 10
42049.9995418941
 20
29699.99981474877
 30
40.00000000000001
  9
$LIMMIN
 10
0.0
 20
0.0
  9
$LIMMAX
 10
12.0
 20
9.0
  9
$ORTHOMODE
 70
1
  9
$REGENMODE
 70
1
  9
$FILLMODE
 70
1
  9
$QTEXTMODE
 70
0
  9
$MIRRTEXT
 70
0
  9
$LTSCALE
 40
100.0
  9
$ATTMODE
 70
1
  9
$TEXTSIZE
 40
2.5
  9
$TRACEWID
 40
1.0
  9
$TEXTSTYLE
  7
RXHS
  9
$CLAYER
  8
0
  9
$CELTYPE
  6
ByLayer
  9
$CECOLOR
 62
256
  9
$CELTSCALE
 40
1.0
  9
$DISPSILH
 70
0
  9
$DIMSCALE
 40
100.0
  9
$DIMASZ
 40
1.5
  9
$DIMEXO
 40
2.0
  9
$DIMDLI
 40
8.0
  9
$DIMRND
 40
0.0
  9
$DIMDLE
 40
3.0
  9
$DIMEXE
 40
4.0
  9
$DIMTP
 40
0.0
  9
$DIMTM
 40
0.0
  9
$DIMTXT
 40
3.0
  9
$DIMCEN
 40
3.0
  9
$DIMTSZ
 40
0.0
  9
$DIMTOL
 70
0
  9
$DIMLIM
 70
0
  9
$DIMTIH
 70
0
  9
$DIMTOH
 70
0
  9
$DIMSE1
 70
0
  9
$DIMSE2
 70
0
  9
$DIMTAD
 70
1
  9
$DIMZIN
 70
8
  9
$DIMBLK
  1

  9
$DIMASO
 70
1
  9
$DIMSHO
 70
1
  9
$DIMPOST
  1

  9
$DIMAPOST
  1

  9
$DIMALT
 70
0
  9
$DIMALTD
 70
2
  9
$DIMALTF
 40
25.4
  9
$DIMLFAC
 40
1.0
  9
$DIMTOFL
 70
1
  9
$DIMTVP
 40
0.0
  9
$DIMTIX
 70
1
  9
$DIMSOXD
 70
0
  9
$DIMSAH
 70
1
  9
$DIMBLK1
  1
_RXDOT
  9
$DIMBLK2
  1
_RXDOT
  9
$DIMSTYLE
  2
NDIM
  9
$DIMCLRD
 70
256
  9
$DIMCLRE
 70
256
  9
$DIMCLRT
 70
6
  9
$DIMTFAC
 40
1.0
  9
$DIMGAP
 40
1.0
  9
$DIMJUST
 70
0
  9
$DIMSD1
 70
0
  9
$DIMSD2
 70
0
  9
$DIMTOLJ
 70
1
  9
$DIMTZIN
 70
0
  9
$DIMALTZ
 70
0
  9
$DIMALTTZ
 70
0
  9
$DIMUPT
 70
0
  9
$DIMDEC
 70
4
  9
$DIMTDEC
 70
4
  9
$DIMALTU
 70
2
  9
$DIMALTTD
 70
2
  9
$DIMTXSTY
  7
RXHS
  9
$DIMAUNIT
 70
0
  9
$DIMADEC
 70
0
  9
$DIMALTRND
 40
0.0
  9
$DIMAZIN
 70
0
  9
$DIMDSEP
 70
46
  9
$DIMATFIT
 70
3
  9
$DIMFRAC
 70
0
  9
$DIMLDRBLK
  1

  9
$DIMLUNIT
 70
6
  9
$DIMLWD
 70
-2
  9
$DIMLWE
 70
-2
  9
$DIMTMOVE
 70
2
  9
$DIMFXL
 40
1.0
  9
$DIMFXLON
 70
0
  9
$DIMJOGANG
 40
0.7853981633974483
  9
$DIMTFILL
 70
0
  9
$DIMTFILLCLR
 70
0
  9
$DIMARCSYM
 70
0
  9
$DIMLTYPE
  6

  9
$DIMLTEX1
  6

  9
$DIMLTEX2
  6

  9
$DIMTXTDIRECTION
 70
0
  9
$LUNITS
 70
2
  9
$LUPREC
 70
4
  9
$SKETCHINC
 40
1.0
  9
$FILLETRAD
 40
0.0
  9
$AUNITS
 70
0
  9
$AUPREC
 70
0
  9
$MENU
  1
.
  9
$ELEVATION
 40
0.0
  9
$PELEVATION
 40
0.0
  9
$THICKNESS
 40
0.0
  9
$LIMCHECK
 70
0
  9
$CHAMFERA
 40
0.0
  9
$CHAMFERB
 40
0.0
  9
$CHAMFERC
 40
0.0
  9
$CHAMFERD
 40
0.0
  9
$SKPOLY
 70
0
  9
$TDCREATE
 40
2461314.0225
  9
$TDUCREATE
 40
2458736.114131944
  9
$TDUPDATE
 40
2461314.0225
  9
$TDUUPDATE
 40
2459117.320127315
  9
$TDINDWG
 40
0.4122285069
  9
$TDUSRTIMER
 40
0.4122284722
  9
$USRTIMER
 70
1
  9
$ANGBASE
 50
0.0
  9
$ANGDIR
 70
0
  9
$PDMODE
 70
0
  9
$PDSIZE
 40
0.0
  9
$PLINEWID
 40
0.0
  9
$SPLFRAME
 70
0
  9
$SPLINETYPE
 70
6
  9
$SPLINESEGS
 70
8
  9
$HANDSEED
  5
B1F8
  9
$SURFTAB1
 70
6
  9
$SURFTAB2
 70
6
  9
$SURFTYPE
 70
6
  9
$SURFU
 70
6
  9
$SURFV
 70
6
  9
$UCSBASE
  2

  9
$UCSNAME
  2

  9
$UCSORG
 10
0.0
 20
0.0
 30
0.0
  9
$UCSXDIR
 10
1.0
 20
0.0
 30
0.0
  9
$UCSYDIR
 10
0.0
 20
1.0
 30
0.0
  9
$UCSORTHOREF
  2

  9
$UCSORTHOVIEW
 70
0
  9
$UCSORGTOP
 10
0.0
 20
0.0
 30
0.0
  9
$UCSORGBOTTOM
 10
0.0
 20
0.0
 30
0.0
  9
$UCSORGLEFT
 10
0.0
 20
0.0
 30
0.0
  9
$UCSORGRIGHT
 10
0.0
 20
0.0
 30
0.0
  9
$UCSORGFRONT
 10
0.0
 20
0.0
 30
0.0
  9
$UCSORGBACK
 10
0.0
 20
0.0
 30
0.0
  9
$PUCSBASE
  2

  9
$PUCSNAME
  2

  9
$PUCSORG
 10
0.0
 20
0.0
 30
0.0
  9
$PUCSXDIR
 10
1.0
 20
0.0
 30
0.0
  9
$PUCSYDIR
 10
0.0
 20
1.0
 30
0.0
  9
$PUCSORTHOREF
  2

  9
$PUCSORTHOVIEW
 70
0
  9
$PUCSORGTOP
 10
0.0
 20
0.0
 30
0.0
  9
$PUCSORGBOTTOM
 10
0.0
 20
0.0
 30
0.0
  9
$PUCSORGLEFT
 10
0.0
 20
0.0
 30
0.0
  9
$PUCSORGRIGHT
 10
0.0
 20
0.0
 30
0.0
  9
$PUCSORGFRONT
 10
0.0
 20
0.0
 30
0.0
  9
$PUCSORGBACK
 10
0.0
 20
0.0
 30
0.0
  9
$USERI1
 70
0
  9
$USERI2
 70
0
  9
$USERI3
 70
0
  9
$USERI4
 70
0
  9
$USERI5
 70
0
  9
$USERR1
 40
0.0
  9
$USERR2
 40
0.0
  9
$USERR3
 40
0.0
  9
$USERR4
 40
0.0
  9
$USERR5
 40
0.0
  9
$WORLDVIEW
 70
1
  9
$SHADEDGE
 70
3
  9
$SHADEDIF
 70
70
  9
$TILEMODE
 70
1
  9
$MAXACTVP
 70
48
  9
$PINSBASE
 10
0.0
 20
0.0
 30
0.0
  9
$PLIMCHECK
 70
0
  9
$PEXTMIN
 10
0.0
 20
0.0
 30
0.0
  9
$PEXTMAX
 10
0.0
 20
0.0
 30
0.0
  9
$PLIMMIN
 10
0.0
 20
0.0
  9
$PLIMMAX
 10
12.0
 20
9.0
  9
$UNITMODE
 70
0
  9
$VISRETAIN
 70
1
  9
$PLINEGEN
 70
0
  9
$PSLTSCALE
 70
1
  9
$TREEDEPTH
 70
3020
  9
$CMLSTYLE
  2
Standard
  9
$CMLJUST
 70
0
  9
$CMLSCALE
 40
20.0
  9
$PROXYGRAPHICS
 70
1
  9
$MEASUREMENT
 70
1
  9
$CELWEIGHT
370
-1
  9
$ENDCAPS
280
0
  9
$JOINSTYLE
280
0
  9
$LWDISPLAY
290
0
  9
$INSUNITS
 70
4
  9
$HYPERLINKBASE
  1

  9
$STYLESHEET
  1
1팀.ctb
  9
$XEDIT
290
1
  9
$CEPSNTYPE
380
0
  9
$PSTYLEMODE
290
1
  9
$FINGERPRINTGUID
  2
{25CD9808-4AE2-4108-8F44-341E2DD1FD90}
  9
$VERSIONGUID
  2
{F80917C1-22EE-4B62-B270-4EB1806CAA8A}
  9
$EXTNAMES
290
1
  9
$PSVPSCALE
 40
0.0
  9
$OLESTARTUP
290
0
  9
$SORTENTS
280
127
  9
$INDEXCTL
280
0
  9
$HIDETEXT
280
1
  9
$XCLIPFRAME
280
2
  9
$HALOGAP
280
0
  9
$OBSCOLOR
 70
257
  9
$OBSLTYPE
280
0
  9
$INTERSECTIONDISPLAY
280
0
  9
$INTERSECTIONCOLOR
 70
257
  9
$DIMASSOC
280
1
  9
$PROJECTNAME
  1

  9
$CAMERADISPLAY
290
0
  9
$LENSLENGTH
 40
50.0
  9
$CAMERAHEIGHT
 40
0.0
  9
$STEPSPERSEC
 40
2.0
  9
$STEPSIZE
 40
6.0
  9
$3DDWFPREC
 40
2.0
  9
$PSOLWIDTH
 40
5.0
  9
$PSOLHEIGHT
 40
80.0
  9
$LOFTANG1
 40
1.570796326794896
  9
$LOFTANG2
 40
1.570796326794896
  9
$LOFTMAG1
 40
0.0
  9
$LOFTMAG2
 40
0.0
  9
$LOFTPARAM
 70
7
  9
$LOFTNORMALS
280
1
  9
$LATITUDE
 40
37.795
  9
$LONGITUDE
 40
-122.394
  9
$NORTHDIRECTION
 40
0.0
  9
$TIMEZONE
 70
-8000
  9
$LIGHTGLYPHDISPLAY
280
1
  9
$TILEMODELIGHTSYNCH
280
1
  9
$CMATERIAL
347
EC
  9
$SOLIDHIST
280
0
  9
$SHOWHIST
280
1
  9
$DWFFRAME
280
2
  9
$DGNFRAME
280
0
  9
$REALWORLDSCALE
290
1
  9
$INTERFERECOLOR
 62
1
  9
$INTERFEREOBJVS
345
F9
  9
$INTERFEREVPVS
346
B130
  9
$CSHADOW
280
0
  9
$SHADOWPLANELOCATION
 40
0.0
  0
ENDSEC
  0
SECTION
  2
CLASSES
  0
CLASS
  1
ACDBDICTIONARYWDFLT
  2
AcDbDictionaryWithDefault
  3
ObjectDBX Classes
 90
0
 91
1
280
0
281
0
  0
CLASS
  1
ACDBPLACEHOLDER
  2
AcDbPlaceHolder
  3
ObjectDBX Classes
 90
0
 91
1
280
0
281
0
  0
CLASS
  1
LAYOUT
  2
AcDbLayout
  3
ObjectDBX Classes
 90
0
 91
3
280
0
281
0
  0
CLASS
  1
DICTIONARYVAR
  2
AcDbDictionaryVar
  3
ObjectDBX Classes
 90
0
 91
15
280
0
281
0
  0
CLASS
  1
TABLESTYLE
  2
AcDbTableStyle
  3
ObjectDBX Classes
 90
4095
 91
1
280
0
281
0
  0
CLASS
  1
MATERIAL
  2
AcDbMaterial
  3
ObjectDBX Classes
 90
1153
 91
3
280
0
281
0
  0
CLASS
  1
VISUALSTYLE
  2
AcDbVisualStyle
  3
ObjectDBX Classes
 90
4095
 91
26
280
0
281
0
  0
CLASS
  1
RFXINFO
  2
RfxInfo
  3
"RfxInfo|ArchiOffice Enabler를 설치하면 블록이 활성객체로 변환 됩니다.|Company:          한국건축정보기술(주)|WEB Address:      www.ArchiOffice.co.kr"
 90
129
 91
1
280
0
281
0
  0
CLASS
  1
RFXDWGINFO
  2
RfxDwgInfo
  3
"RfxDwgInfo|Product Desc:     InerCAD ARX App For Drawing Information Object|Company:          한국건축정보기술(주)|WEB Address:      www.ArchiOffice.co.kr"
 90
3071
 91
0
280
0
281
1
  0
CLASS
  1
ACAD_EVALUATION_GRAPH
  2
AcDbEvalGraph
  3
ObjectDBX Classes
 90
1153
 91
1
280
0
281
0
  0
CLASS
  1
SORTENTSTABLE
  2
AcDbSortentsTable
  3
ObjectDBX Classes
 90
0
 91
12
280
0
281
0
  0
CLASS
  1
ACDB_DYNAMICBLOCKPURGEPREVENTER_VERSION
  2
AcDbDynamicBlockPurgePreventer
  3
ObjectDBX Classes
 90
1153
 91
1
280
0
281
0
  0
CLASS
  1
RFXLEADER
  2
RfxLeader
  3
"RfxLeader|Product Desc:     InerCAD ARX App For LeaderLine Enabler|Company:          한국건축정보기술(주)|WEB Address:      www.ArchiOffice.co.kr"
 90
3071
 91
0
280
0
281
1
  0
CLASS
  1
ACAECUSTOBJ
  2
AcAeEditorObj
  3
AcAeEditorObj
 90
1024
 91
0
280
0
281
0
  0
CLASS
  1
LWPOLYLINE
  2
AcDbPolyline
  3
ObjectDBX Classes
 90
0
 91
553
280
0
281
1
  0
CLASS
  1
HATCH
  2
AcDbHatch
  3
ObjectDBX Classes
 90
0
 91
12
280
0
281
1
  0
CLASS
  1
XRECORD
  2
AcDbXrecord
  3
ObjectDBX Classes
 90
0
 91
137
280
0
281
0
  0
CLASS
  1
SCALE
  2
AcDbScale
  3
ObjectDBX Classes
 90
1153
 91
17
280
0
281
0
  0
CLASS
  1
MLEADERSTYLE
  2
AcDbMLeaderStyle
  3
ACDB_MLEADERSTYLE_CLASS
 90
4095
 91
1
280
0
281
0
  0
CLASS
  1
ACDBSECTIONVIEWSTYLE
  2
AcDbSectionViewStyle
  3
ObjectDBX Classes
 90
1025
 91
1
280
0
281
0
  0
CLASS
  1
ACDBDETAILVIEWSTYLE
  2
AcDbDetailViewStyle
  3
ObjectDBX Classes
 90
1025
 91
1
280
0
281
0
  0
CLASS
  1
CELLSTYLEMAP
  2
AcDbCellStyleMap
  3
ObjectDBX Classes
 90
1152
 91
1
280
0
281
0
  0
CLASS
  1
SUN
  2
AcDbSun
  3
SCENEOE
 90
1153
 91
0
280
0
281
0
  0
CLASS
  1
MENTALRAYRENDERSETTINGS
  2
AcDbMentalRayRenderSettings
  3
SCENEOE
 90
1024
 91
0
280
0
281
0
  0
CLASS
  1
RASTERVARIABLES
  2
AcDbRasterVariables
  3
ISM
 90
0
 91
0
280
0
281
0
  0
ENDSEC
  0
SECTION
  2
TABLES
  0
TABLE
  2
VPORT
  5
8
102
{ACAD_XDICTIONARY
360
82D0
102
}
330
0
100
AcDbSymbolTable
 70
1
  0
VPORT
  5
EA
330
8
100
AcDbSymbolTableRecord
100
AcDbViewportTableRecord
  2
*Active
 70
0
 10
0.0
 20
0.0
 11
1.0
 21
1.0
 12
21024.99963979941
 22
27824.9073097181
 13
0.0
 23
0.0
 14
10.0
 24
10.0
 15
10.0
 25
10.0
 16
0.0
 26
0.0
 36
1.0
 17
0.0
 27
0.0
 37
0.0
 40
55898.45706456789
 41
1.423019431988041
 42
50.0
 43
0.0
 44
0.0
 50
0.0
 51
0.0
 71
0
 72
1000
 73
1
 74
3
 75
0
 76
0
 77
0
 78
0
281
0
 65
1
110
0.0
120
0.0
130
0.0
111
1.0
121
0.0
131
0.0
112
0.0
122
1.0
132
0.0
 79
0
146
0.0
 60
2
 61
5
348
F5
292
1
282
1
141
0.0
142
0.0
 63
250
421
3355443
1001
ACAD_NAV_VCDISPLAY
1070
3
  0
ENDTAB
  0
TABLE
  2
LTYPE
  5
5
330
0
100
AcDbSymbolTable
 70
8
  0
LTYPE
  5
14
330
5
100
AcDbSymbolTableRecord
100
AcDbLinetypeTableRecord
  2
ByBlock
 70
0
  3

 72
65
 73
0
 40
0.0
  0
LTYPE
  5
15
330
5
100
AcDbSymbolTableRecord
100
AcDbLinetypeTableRecord
  2
ByLayer
 70
0
  3

 72
65
 73
0
 40
0.0
  0
LTYPE
  5
16
330
5
100
AcDbSymbolTableRecord
100
AcDbLinetypeTableRecord
  2
Continuous
 70
0
  3
Solid line
 72
65
 73
0
 40
0.0
  0
LTYPE
  5
C41
330
5
100
AcDbSymbolTableRecord
100
AcDbLinetypeTableRecord
  2
HID
 70
0
  3
Hidden line for all scale
 72
65
 73
2
 40
2.0
 49
1.0
 74
0
 49
-1.0
 74
0
  0
LTYPE
  5
C42
330
5
100
AcDbSymbolTableRecord
100
AcDbLinetypeTableRecord
  2
DIV
 70
0
  3
Divide line for all scale
 72
65
 73
6
 40
44.0
 49
40.0
 74
0
 49
-1.0
 74
0
 49
0.5
 74
0
 49
-1.0
 74
0
 49
0.5
 74
0
 49
-1.0
 74
0
  0
LTYPE
  5
C43
330
5
100
AcDbSymbolTableRecord
100
AcDbLinetypeTableRecord
  2
HIDDEN
 70
0
  3
__ __ __ __ __ __ __ __ __ __ __ __ __ __ __ __
 72
65
 73
2
 40
2.0
 49
1.0
 74
0
 49
-1.0
 74
0
  0
LTYPE
  5
8F7A
330
5
100
AcDbSymbolTableRecord
100
AcDbLinetypeTableRecord
  2
CEN
 70
0
  3
Center line for all scale
 72
65
 73
4
 40
52.3
 49
50.0
 74
0
 49
-1.0
 74
0
 49
0.3
 74
0
 49
-1.0
 74
0
  0
LTYPE
  5
8F7B
330
5
100
AcDbSymbolTableRecord
100
AcDbLinetypeTableRecord
  2
HIDDEN2
 70
0
  3
Hidden (.5x) _ _ _ _ _ _ _ _ _ _ _ _ _ _ _ _ _
 72
65
 73
2
 40
4.762499999999999
 49
3.174999999999999
 74
0
 49
-1.587499999999999
 74
0
  0
ENDTAB
  0
TABLE
  2
LAYER
  5
2
102
{ACAD_XDICTIONARY
360
C99
102
}
330
0
100
AcDbSymbolTable
 70
40
  0
LAYER
  5
10
330
2
100
AcDbSymbolTableRecord
100
AcDbLayerTableRecord
  2
0
 70
0
 62
7
  6
Continuous
370
-3
390
F
347
EE
348
0
  0
LAYER
  5
13B
330
2
100
AcDbSymbolTableRecord
100
AcDbLayerTableRecord
  2
RXINFO
 70
0
 62
7
  6
Continuous
370
-3
390
F
347
EE
348
0
  0
LAYER
  5
C45
330
2
100
AcDbSymbolTableRecord
100
AcDbLayerTableRecord
  2
DEFPOINTS
 70
0
 62
7
  6
Continuous
290
0
370
-3
390
F
347
EE
348
0
  0
LAYER
  5
C64
102
{ACAD_XDICTIONARY
360
C65
102
}
330
2
100
AcDbSymbolTableRecord
100
AcDbLayerTableRecord
  2
FUR
 70
0
 62
4
  6
Continuous
370
-3
390
F
347
EE
348
0
  0
LAYER
  5
C67
102
{ACAD_XDICTIONARY
360
C68
102
}
330
2
100
AcDbSymbolTableRecord
100
AcDbLayerTableRecord
  2
HID
 70
0
 62
6
  6
HID
370
-3
390
F
347
EE
348
0
  0
LAYER
  5
8F7C
102
{ACAD_XDICTIONARY
360
8F7D
102
}
330
2
100
AcDbSymbolTableRecord
100
AcDbLayerTableRecord
  2
COL
 70
0
 62
2
  6
Continuous
370
-3
390
F
347
EE
348
0
  0
LAYER
  5
8F7F
102
{ACAD_XDICTIONARY
360
8F80
102
}
330
2
100
AcDbSymbolTableRecord
100
AcDbLayerTableRecord
  2
CEN
 70
0
 62
1
  6
CEN
370
-3
390
F
347
EE
348
0
  0
LAYER
  5
8F82
102
{ACAD_XDICTIONARY
360
8F83
102
}
330
2
100
AcDbSymbolTableRecord
100
AcDbLayerTableRecord
  2
HAT
 70
0
 62
8
  6
Continuous
370
-3
390
F
347
EE
348
0
  0
LAYER
  5
8F85
102
{ACAD_XDICTIONARY
360
8F86
102
}
330
2
100
AcDbSymbolTableRecord
100
AcDbLayerTableRecord
  2
FIN
 70
0
 62
6
  6
Continuous
370
-3
390
F
347
EE
348
0
  0
LAYER
  5
8F88
102
{ACAD_XDICTIONARY
360
8F89
102
}
330
2
100
AcDbSymbolTableRecord
100
AcDbLayerTableRecord
  2
WID
 70
0
 62
4
  6
Continuous
370
-3
390
F
347
EE
348
0
  0
LAYER
  5
8F8B
102
{ACAD_XDICTIONARY
360
8F8C
102
}
330
2
100
AcDbSymbolTableRecord
100
AcDbLayerTableRecord
  2
RXDIM
 70
0
 62
7
  6
Continuous
370
-3
390
F
347
EE
348
0
  0
LAYER
  5
8F8E
102
{ACAD_XDICTIONARY
360
8F8F
102
}
330
2
100
AcDbSymbolTableRecord
100
AcDbLayerTableRecord
  2
COR
 70
0
 62
4
  6
Continuous
370
-3
390
F
347
EE
348
0
  0
LAYER
  5
8F91
102
{ACAD_XDICTIONARY
360
8F92
102
}
330
2
100
AcDbSymbolTableRecord
100
AcDbLayerTableRecord
  2
RXANNOT
 70
0
 62
6
  6
Continuous
370
-3
390
F
347
EE
348
0
  0
LAYER
  5
8F94
102
{ACAD_XDICTIONARY
360
8F95
102
}
330
2
100
AcDbSymbolTableRecord
100
AcDbLayerTableRecord
  2
RXSYMBOL
 70
0
 62
7
  6
Continuous
370
-3
390
F
347
EE
348
0
  0
LAYER
  5
8F97
102
{ACAD_XDICTIONARY
360
8F98
102
}
330
2
100
AcDbSymbolTableRecord
100
AcDbLayerTableRecord
  2
RXSBTXT
 70
0
 62
6
  6
Continuous
370
-3
390
F
347
EE
348
0
  0
LAYER
  5
8F9A
102
{ACAD_XDICTIONARY
360
8F9B
102
}
330
2
100
AcDbSymbolTableRecord
100
AcDbLayerTableRecord
  2
LAND
 70
0
 62
2
  6
DIV
370
-3
390
F
347
EE
348
0
  0
LAYER
  5
8F9D
102
{ACAD_XDICTIONARY
360
8F9E
102
}
330
2
100
AcDbSymbolTableRecord
100
AcDbLayerTableRecord
  2
ETC
 70
0
 62
6
  6
Continuous
370
-3
390
F
347
EE
348
0
  0
LAYER
  5
8FA0
102
{ACAD_XDICTIONARY
360
8FA1
102
}
330
2
100
AcDbSymbolTableRecord
100
AcDbLayerTableRecord
  2
RXDWGTITLE
 70
0
 62
1
  6
Continuous
370
-3
390
F
347
EE
348
0
  0
LAYER
  5
8FA3
330
2
100
AcDbSymbolTableRecord
100
AcDbLayerTableRecord
  2
TEXT
 70
0
 62
3
  6
Continuous
370
-3
390
F
347
EE
348
0
  0
LAYER
  5
8FA4
330
2
100
AcDbSymbolTableRecord
100
AcDbLayerTableRecord
  2
ELE-2
 70
0
 62
8
  6
Continuous
370
-3
390
F
347
EE
348
0
1001
RAK
1000
{ACET-LAYISO
1070
0
1070
8
1000
Continuous
1071
-3
1071
1
1005
F
1000
ACET-LAYISO}
  0
LAYER
  5
8FA5
330
2
100
AcDbSymbolTableRecord
100
AcDbLayerTableRecord
  2
TOILET
 70
0
 62
6
  6
Continuous
370
-3
390
F
347
EE
348
0
  0
LAYER
  5
8FA6
330
2
100
AcDbSymbolTableRecord
100
AcDbLayerTableRecord
  2
ELE-1
 70
0
 62
4
  6
Continuous
370
-3
390
F
347
EE
348
0
  0
LAYER
  5
8FA7
330
2
100
AcDbSymbolTableRecord
100
AcDbLayerTableRecord
  2
RXDOOR
 70
0
 62
6
  6
Continuous
370
-3
390
F
347
EE
348
0
  0
LAYER
  5
8FA8
102
{ACAD_XDICTIONARY
360
8FA9
102
}
330
2
100
AcDbSymbolTableRecord
100
AcDbLayerTableRecord
  2
WAL
 70
0
 62
3
  6
Continuous
370
-3
390
F
347
EE
348
0
  0
LAYER
  5
8FAB
330
2
100
AcDbSymbolTableRecord
100
AcDbLayerTableRecord
  2
WID-S
 70
0
 62
3
  6
Continuous
370
-3
390
F
347
EE
348
0
  0
LAYER
  5
8FAC
330
2
100
AcDbSymbolTableRecord
100
AcDbLayerTableRecord
  2
글씨
 70
0
 62
3
  6
Continuous
370
-3
390
F
347
EE
348
0
  0
LAYER
  5
8FAD
102
{ACAD_XDICTIONARY
360
8FAE
102
}
330
2
100
AcDbSymbolTableRecord
100
AcDbLayerTableRecord
  2
DEFPOINT
 70
0
 62
171
  6
Continuous
290
0
370
-3
390
F
347
EE
348
0
  0
LAYER
  5
8FB0
330
2
100
AcDbSymbolTableRecord
100
AcDbLayerTableRecord
  2
ms_sb-건축한계선
 70
0
 62
5
  6
HIDDEN
370
-3
390
F
347
EE
348
0
1001
AcAecLayerStandard
1000

1000

1001
RAK
1000
{ACET-LAYISO
1070
0
1070
5
1000
HIDDEN
1071
-3
1071
1
1005
F
1000
ACET-LAYISO}
  0
LAYER
  5
8FB1
330
2
100
AcDbSymbolTableRecord
100
AcDbLayerTableRecord
  2
해치-1
 70
0
 62
8
  6
Continuous
370
-3
390
F
347
EE
348
0
  0
LAYER
  5
8FB2
330
2
100
AcDbSymbolTableRecord
100
AcDbLayerTableRecord
  2
1-세부분할
 70
0
 62
6
  6
Continuous
370
-3
390
F
347
EE
348
0
  0
LAYER
  5
8FB3
330
2
100
AcDbSymbolTableRecord
100
AcDbLayerTableRecord
  2
_ELEV
 70
0
 62
4
  6
Continuous
370
0
390
F
347
EE
348
0
  0
LAYER
  5
8FB4
102
{ACAD_XDICTIONARY
360
8FB5
102
}
330
2
100
AcDbSymbolTableRecord
100
AcDbLayerTableRecord
  2
AA-DWXM-DOOR
 70
0
 62
7
  6
Continuous
370
-3
390
F
347
EE
348
0
1001
AcAecLayerStandard
1000

1000

  0
LAYER
  5
8FB7
330
2
100
AcDbSymbolTableRecord
100
AcDbLayerTableRecord
  2
마감선
 70
0
 62
8
  6
Continuous
370
-3
390
F
347
EE
348
0
1001
AcAecLayerStandard
1000

1000

  0
LAYER
  5
8FB8
330
2
100
AcDbSymbolTableRecord
100
AcDbLayerTableRecord
  2
SYMBOL
 70
0
 62
7
  6
Continuous
370
-3
390
F
347
EE
348
0
  0
LAYER
  5
8FB9
330
2
100
AcDbSymbolTableRecord
100
AcDbLayerTableRecord
  2
COCN
 70
0
 62
4
  6
CEN
370
-3
390
F
347
EE
348
0
  0
LAYER
  5
8FBA
330
2
100
AcDbSymbolTableRecord
100
AcDbLayerTableRecord
  2
감지기
 70
0
 62
2
  6
Continuous
370
-3
390
F
347
EE
348
0
1001
AcAecLayerStandard
1000

1000

  0
LAYER
  5
8FBB
330
2
100
AcDbSymbolTableRecord
100
AcDbLayerTableRecord
  2
RXLEADER
 70
0
 62
7
  6
Continuous
370
-3
390
F
347
EE
348
0
  0
LAYER
  5
8FBC
330
2
100
AcDbSymbolTableRecord
100
AcDbLayerTableRecord
  2
창문
 70
0
 62
170
  6
Continuous
370
-3
390
F
347
EE
348
0
1001
AcAecLayerStandard
1000

1000

  0
LAYER
  5
8FBD
330
2
100
AcDbSymbolTableRecord
100
AcDbLayerTableRecord
  2
단열재
 70
0
 62
8
  6
Continuous
370
-3
390
F
347
EE
348
0
1001
AcAecLayerStandard
1000

1000

  0
LAYER
  5
A020
330
2
100
AcDbSymbolTableRecord
100
AcDbLayerTableRecord
  2
2SEC
 70
0
 62
2
  6
Continuous
370
-3
390
F
347
EE
348
0
  0
ENDTAB
  0
TABLE
  2
STYLE
  5
3
330
0
100
AcDbSymbolTable
 70
5
  0
STYLE
  5
11
330
3
100
AcDbSymbolTableRecord
100
AcDbTextStyleTableRecord
  2
Standard
 70
0
 40
0.0
 41
1.0
 50
0.0
 71
0
 42
2.5
  3
txt.shx
  4
whgtxt.shx
  0
STYLE
  5
11D
330
3
100
AcDbSymbolTableRecord
100
AcDbTextStyleTableRecord
  2
RXHS
 70
0
 40
0.0
 41
1.0
 50
0.0
 71
0
 42
2.5
  3

  4

1001
ACAD
1000
Gulim
1071
33074
  0
STYLE
  5
8FBE
330
3
100
AcDbSymbolTableRecord
100
AcDbTextStyleTableRecord
  2
울릉도L
 70
0
 40
0.0
 41
1.0
 50
0.0
 71
0
 42
600.0
  3

  4

1001
ACAD
1000
hy울릉도l
1071
33042
  0
STYLE
  5
8FBF
330
3
100
AcDbSymbolTableRecord
100
AcDbTextStyleTableRecord
  2
RXHG
 70
0
 40
0.0
 41
1.0
 50
0.0
 71
0
 42
153.2272058531139
  3
H2GTRE.TTF
  4

1001
ACAD
1000
hy견고딕
1071
33042
  0
STYLE
  5
8FC0
330
3
100
AcDbSymbolTableRecord
100
AcDbTextStyleTableRecord
  2
굴림체
 70
0
 40
0.0
 41
1.0
 50
0.0
 71
0
 42
946.8576542900681
  3

  4

1001
ACAD
1000
GulimChe
1071
33073
  0
ENDTAB
  0
TABLE
  2
VIEW
  5
6
330
0
100
AcDbSymbolTable
 70
0
  0
ENDTAB
  0
TABLE
  2
UCS
  5
7
330
0
100
AcDbSymbolTable
 70
0
  0
ENDTAB
  0
TABLE
  2
APPID
  5
9
330
0
100
AcDbSymbolTable
 70
17
  0
APPID
  5
12
330
9
100
AcDbSymbolTableRecord
100
AcDbRegAppTableRecord
  2
ACAD
 70
0
  0
APPID
  5
9E
330
9
100
AcDbSymbolTableRecord
100
AcDbRegAppTableRecord
  2
ACAD_PSEXT
 70
0
  0
APPID
  5
C92
330
9
100
AcDbSymbolTableRecord
100
AcDbRegAppTableRecord
  2
INERCAD20
 70
0
  0
APPID
  5
C93
330
9
100
AcDbSymbolTableRecord
100
AcDbRegAppTableRecord
  2
XP_RFXOPEN
 70
0
  0
APPID
  5
C94
330
9
100
AcDbSymbolTableRecord
100
AcDbRegAppTableRecord
  2
AcDbDynamicBlockTrueName
 70
0
  0
APPID
  5
C95
330
9
100
AcDbSymbolTableRecord
100
AcDbRegAppTableRecord
  2
AcDbDynamicBlockGUID
 70
0
  0
APPID
  5
C96
330
9
100
AcDbSymbolTableRecord
100
AcDbRegAppTableRecord
  2
AcDbBlockRepETag
 70
0
  0
APPID
  5
C97
330
9
100
AcDbSymbolTableRecord
100
AcDbRegAppTableRecord
  2
AcAecLayerStandard
 70
0
  0
APPID
  5
C98
330
9
100
AcDbSymbolTableRecord
100
AcDbRegAppTableRecord
  2
RAK
 70
0
  0
APPID
  5
6222
330
9
100
AcDbSymbolTableRecord
100
AcDbRegAppTableRecord
  2
XP_RFXLEADER
 70
0
  0
APPID
  5
8272
330
9
100
AcDbSymbolTableRecord
100
AcDbRegAppTableRecord
  2
ACAUTHENVIRON
 70
0
  0
APPID
  5
82F5
330
9
100
AcDbSymbolTableRecord
100
AcDbRegAppTableRecord
  2
CONTENTBLOCKICON
 70
0
  0
APPID
  5
8304
330
9
100
AcDbSymbolTableRecord
100
AcDbRegAppTableRecord
  2
CONTENTBLOCKDESCRIPTION
 70
0
  0
APPID
  5
B152
330
9
100
AcDbSymbolTableRecord
100
AcDbRegAppTableRecord
  2
AcadCodePageInfo
 70
0
  0
APPID
  5
B164
330
9
100
AcDbSymbolTableRecord
100
AcDbRegAppTableRecord
  2
ACAD_NAV_VCDISPLAY
 70
0
  0
APPID
  5
B1F4
330
9
100
AcDbSymbolTableRecord
100
AcDbRegAppTableRecord
  2
HATCHBACKGROUNDCOLOR
 70
0
  0
APPID
  5
B1F5
330
9
100
AcDbSymbolTableRecord
100
AcDbRegAppTableRecord
  2
EZDXF
 70
0
  0
ENDTAB
  0
TABLE
  2
DIMSTYLE
  5
A
330
0
100
AcDbSymbolTable
 70
3
100
AcDbDimStyleTable
  0
DIMSTYLE
105
11E
330
A
100
AcDbSymbolTableRecord
100
AcDbDimStyleTableRecord
  2
NDIM
 70
0
 40
100.0
 41
1.5
 42
2.0
 43
8.0
 44
4.0
 45
0.0
 46
3.0
 47
0.0
 48
0.0
 49
2.5
140
3.0
141
3.0
142
0.0
143
0.03937007874
144
1.0
145
0.0
146
1.0
147
1.0
148
0.0
 69
0
 70
0
 71
0
 72
0
 73
0
 74
0
 75
0
 76
0
 77
1
 78
8
 79
3
170
0
171
3
172
1
173
1
174
1
175
0
176
256
177
256
178
6
179
2
271
2
272
2
273
2
274
3
275
0
276
0
277
6
278
44
279
2
280
0
281
0
282
0
283
0
284
8
285
0
286
0
288
0
289
3
290
0
340
11D
341
118
343
118
344
118
371
-2
372
-2
  0
DIMSTYLE
105
8FC1
102
{ACAD_REACTORS
330
A4A1
330
A4A2
330
A4A3
330
A4A4
330
A4A5
330
A4A6
330
A4A7
330
A4A8
330
A4A9
330
A4AA
330
A4AB
330
A4AC
330
A4AD
330
A4AE
330
A4AF
330
A4B0
330
A4B1
330
A4B2
330
A4B3
330
A4B4
330
A4B5
330
A4B6
330
A4BE
330
A4BF
330
A4C0
330
A4C1
330
A4C3
330
A4C6
330
A4C7
330
A4CA
330
A4CB
330
A4CC
330
A4CD
330
A4CE
330
A4CF
330
A4D0
330
A4D1
330
A54F
330
A550
330
A599
102
}
330
A
100
AcDbSymbolTableRecord
100
AcDbDimStyleTableRecord
  2
NDIM 100
 70
0
 40
100.0
 41
1.0
 42
1.5
 43
6.0
 44
1.5
 45
0.0
 46
0.0
 47
0.0
 48
0.0
 49
2.5
140
2.0
141
3.0
142
0.0
143
0.03937007874
144
1.0
145
0.0
146
1.0
147
1.0
148
0.0
 69
0
 70
0
 71
0
 72
0
 73
0
 74
0
 75
0
 76
0
 77
1
 78
8
 79
3
170
0
171
3
172
1
173
1
174
1
175
0
176
6
177
6
178
3
179
2
271
0
272
0
273
2
274
3
275
0
276
0
277
2
278
44
279
2
280
0
281
0
282
0
283
0
284
8
285
0
286
0
288
0
289
3
290
0
340
8FC0
341
118
343
118
344
118
371
-2
372
-2
  0
DIMSTYLE
105
B1F3
330
A
100
AcDbSymbolTableRecord
100
AcDbDimStyleTableRecord
  2
Standard
 70
0
 40
1.0
 41
2.5
 42
0.625
 43
3.75
 44
1.25
 45
0.0
 46
0.0
 47
0.0
 48
0.0
 49
2.5
140
2.5
141
2.5
142
0.0
143
0.03937007874
144
1.0
145
0.0
146
1.0
147
0.625
148
0.0
 69
0
 70
0
 71
0
 72
0
 73
0
 74
0
 75
0
 76
0
 77
1
 78
8
 79
3
170
0
171
3
172
1
173
0
174
0
175
0
176
0
177
0
178
0
179
2
271
2
272
2
273
2
274
3
275
0
276
0
277
2
278
44
279
0
280
0
281
0
282
0
283
0
284
8
285
0
286
0
288
0
289
3
290
0
371
-2
372
-2
  0
ENDTAB
  0
TABLE
  2
BLOCK_RECORD
  5
1
330
0
100
AcDbSymbolTable
 70
74
  0
BLOCK_RECORD
  5
1F
102
{ACAD_XDICTIONARY
360
3604
102
}
330
1
100
AcDbSymbolTableRecord
100
AcDbBlockTableRecord
  2
*Model_Space
340
22
 70
0
280
1
281
0
  0
BLOCK_RECORD
  5
D2
102
{ACAD_XDICTIONARY
360
828A
102
}
330
1
100
AcDbSymbolTableRecord
100
AcDbBlockTableRecord
  2
*Paper_Space
340
D3
 70
0
280
1
281
0
  0
BLOCK_RECORD
  5
D6
102
{ACAD_XDICTIONARY
360
828C
102
}
330
1
100
AcDbSymbolTableRecord
100
AcDbBlockTableRecord
  2
*Paper_Space0
340
D7
 70
0
280
1
281
0
  0
BLOCK_RECORD
  5
118
330
1
100
AcDbSymbolTableRecord
100
AcDbBlockTableRecord
  2
_RXDOT
340
0
 70
0
280
1
281
0
  0
BLOCK_RECORD
  5
13F
330
1
100
AcDbSymbolTableRecord
100
AcDbBlockTableRecord
  2
*B2
340
0
 70
0
280
1
281
0
  0
BLOCK_RECORD
  5
841A
102
{ACAD_XDICTIONARY
360
841B
102
}
330
1
100
AcDbSymbolTableRecord
100
AcDbBlockTableRecord
  2
A$C171C7090
340
0
 70
4
280
1
281
0
1001
AcDbDynamicBlockTrueName
1000
A$C171C7090
1001
AcDbDynamicBlockGUID
1000
{D9DB0ED1-ADAA-432E-A134-A386249237E2}
  0
BLOCK_RECORD
  5
8A86
102
{ACAD_XDICTIONARY
360
8A87
102
}
330
1
100
AcDbSymbolTableRecord
100
AcDbBlockTableRecord
  2
A$C4838202B
340
0
 70
4
280
1
281
0
1001
AcDbDynamicBlockGUID
1000
{DD409146-9C3B-4B79-9593-EEE47538384B}
1001
AcDbBlockRepETag
1070
1
1071
59
  0
BLOCK_RECORD
  5
8AC8
102
{ACAD_XDICTIONARY
360
8AC9
102
}
330
1
100
AcDbSymbolTableRecord
100
AcDbBlockTableRecord
  2
A$C641937F6
340
0
 70
4
280
1
281
0
  0
BLOCK_RECORD
  5
8AD1
102
{ACAD_XDICTIONARY
360
8AD2
102
}
330
1
100
AcDbSymbolTableRecord
100
AcDbBlockTableRecord
  2
A$C3AEE33D6
340
0
 70
4
280
1
281
0
  0
BLOCK_RECORD
  5
8AEC
102
{ACAD_XDICTIONARY
360
8AED
102
}
330
1
100
AcDbSymbolTableRecord
100
AcDbBlockTableRecord
  2
COK3
340
0
 70
0
280
1
281
0
1001
AcDbDynamicBlockGUID
1000
{9C89363C-934B-4F32-9920-9536BB63242E}
1001
AcDbBlockRepETag
1070
1
1071
38
  0
BLOCK_RECORD
  5
8B16
102
{ACAD_XDICTIONARY
360
8B17
102
}
330
1
100
AcDbSymbolTableRecord
100
AcDbBlockTableRecord
  2
A$C50B84BD0
340
0
 70
4
280
1
281
0
  0
BLOCK_RECORD
  5
8B26
102
{ACAD_XDICTIONARY
360
8B27
102
}
330
1
100
AcDbSymbolTableRecord
100
AcDbBlockTableRecord
  2
A$C4B5353AF
340
0
 70
4
280
1
281
0
  0
BLOCK_RECORD
  5
8B31
102
{ACAD_XDICTIONARY
360
8B32
102
}
330
1
100
AcDbSymbolTableRecord
100
AcDbBlockTableRecord
  2
A$C4DDB60C8
340
0
 70
4
280
1
281
0
  0
BLOCK_RECORD
  5
8B7E
330
1
100
AcDbSymbolTableRecord
100
AcDbBlockTableRecord
  2
*B11
340
0
 70
0
280
1
281
0
  0
BLOCK_RECORD
  5
8B83
102
{ACAD_XDICTIONARY
360
8B84
102
}
330
1
100
AcDbSymbolTableRecord
100
AcDbBlockTableRecord
  2
1000문WELKJWLT
340
0
 70
6
280
1
281
0
  0
BLOCK_RECORD
  5
8B8E
102
{ACAD_XDICTIONARY
360
8B8F
102
}
330
1
100
AcDbSymbolTableRecord
100
AcDbBlockTableRecord
  2
샤워기1
340
0
 70
4
280
1
281
0
1001
AcDbDynamicBlockGUID
1000
{2EBB858D-8B26-4073-AF05-6D61807EC7AD}
1001
AcDbBlockRepETag
1070
1
1071
44
  0
BLOCK_RECORD
  5
8BBE
102
{ACAD_XDICTIONARY
360
8BBF
102
}
330
1
100
AcDbSymbolTableRecord
100
AcDbBlockTableRecord
  2
ertkjelrky
340
0
 70
6
280
1
281
0
  0
BLOCK_RECORD
  5
8BC6
102
{ACAD_XDICTIONARY
360
8BC7
102
}
330
1
100
AcDbSymbolTableRecord
100
AcDbBlockTableRecord
  2
3000RTREJY
340
0
 70
6
280
1
281
0
  0
BLOCK_RECORD
  5
8C08
330
1
100
AcDbSymbolTableRecord
100
AcDbBlockTableRecord
  2
l-209
340
0
 70
0
280
1
281
0
1001
AcDbDynamicBlockGUID
1000
{EB5B03ED-09E9-4C80-8C81-B9D8FF50D37C}
1001
AcDbBlockRepETag
1070
1
1071
90
  0
BLOCK_RECORD
  5
8C65
330
1
100
AcDbSymbolTableRecord
100
AcDbBlockTableRecord
  2
2800RKEJTRLY
340
0
 70
6
280
1
281
0
  0
BLOCK_RECORD
  5
8CA5
330
1
100
AcDbSymbolTableRecord
100
AcDbBlockTableRecord
  2
2000ertjhery
340
0
 70
4
280
1
281
0
  0
BLOCK_RECORD
  5
8CD9
330
1
100
AcDbSymbolTableRecord
100
AcDbBlockTableRecord
  2
RD
340
0
 70
0
280
1
281
0
  0
BLOCK_RECORD
  5
8CE3
102
{ACAD_XDICTIONARY
360
8CE4
102
}
330
1
100
AcDbSymbolTableRecord
100
AcDbBlockTableRecord
  2
rekjrltert
340
0
 70
4
280
1
281
0
  0
BLOCK_RECORD
  5
8ECA
330
1
100
AcDbSymbolTableRecord
100
AcDbBlockTableRecord
  2
etertertert
340
0
 70
4
280
1
281
0
  0
BLOCK_RECORD
  5
8EFC
330
1
100
AcDbSymbolTableRecord
100
AcDbBlockTableRecord
  2
sdfsfxvc
340
0
 70
4
280
1
281
0
  0
BLOCK_RECORD
  5
8F30
330
1
100
AcDbSymbolTableRecord
100
AcDbBlockTableRecord
  2
dsfsdfdfssxcv
340
0
 70
4
280
1
281
0
  0
BLOCK_RECORD
  5
8F65
330
1
100
AcDbSymbolTableRecord
100
AcDbBlockTableRecord
  2
wertert
340
0
 70
4
280
1
281
0
  0
BLOCK_RECORD
  5
A005
102
{ACAD_XDICTIONARY
360
A006
102
}
330
1
100
AcDbSymbolTableRecord
100
AcDbBlockTableRecord
  2
단면표시
340
0
 70
4
280
1
281
0
1001
AcDbDynamicBlockGUID
1000
{9D5DE45E-AEA8-4FA9-8AD4-A53192B8AD13}
1001
AcDbBlockRepETag
1070
1
1071
6
  0
BLOCK_RECORD
  5
A00F
330
1
100
AcDbSymbolTableRecord
100
AcDbBlockTableRecord
  2
eksdua
340
0
 70
4
280
1
281
0
  0
BLOCK_RECORD
  5
A79D
330
1
100
AcDbSymbolTableRecord
100
AcDbBlockTableRecord
  2
*D27
340
0
 70
0
280
1
281
0
  0
BLOCK_RECORD
  5
A7A9
330
1
100
AcDbSymbolTableRecord
100
AcDbBlockTableRecord
  2
*D28
340
0
 70
0
280
1
281
0
  0
BLOCK_RECORD
  5
A7B5
330
1
100
AcDbSymbolTableRecord
100
AcDbBlockTableRecord
  2
*D29
340
0
 70
0
280
1
281
0
  0
BLOCK_RECORD
  5
A7C1
330
1
100
AcDbSymbolTableRecord
100
AcDbBlockTableRecord
  2
*D30
340
0
 70
0
280
1
281
0
  0
BLOCK_RECORD
  5
A7CD
330
1
100
AcDbSymbolTableRecord
100
AcDbBlockTableRecord
  2
*D31
340
0
 70
0
280
1
281
0
  0
BLOCK_RECORD
  5
A7D9
330
1
100
AcDbSymbolTableRecord
100
AcDbBlockTableRecord
  2
*D32
340
0
 70
0
280
1
281
0
  0
BLOCK_RECORD
  5
A7E5
330
1
100
AcDbSymbolTableRecord
100
AcDbBlockTableRecord
  2
*D33
340
0
 70
0
280
1
281
0
  0
BLOCK_RECORD
  5
A7F1
330
1
100
AcDbSymbolTableRecord
100
AcDbBlockTableRecord
  2
*D34
340
0
 70
0
280
1
281
0
  0
BLOCK_RECORD
  5
A7FD
330
1
100
AcDbSymbolTableRecord
100
AcDbBlockTableRecord
  2
*D35
340
0
 70
0
280
1
281
0
  0
BLOCK_RECORD
  5
A809
330
1
100
AcDbSymbolTableRecord
100
AcDbBlockTableRecord
  2
*D36
340
0
 70
0
280
1
281
0
  0
BLOCK_RECORD
  5
A815
330
1
100
AcDbSymbolTableRecord
100
AcDbBlockTableRecord
  2
*D37
340
0
 70
0
280
1
281
0
  0
BLOCK_RECORD
  5
A821
330
1
100
AcDbSymbolTableRecord
100
AcDbBlockTableRecord
  2
*D38
340
0
 70
0
280
1
281
0
  0
BLOCK_RECORD
  5
A82D
330
1
100
AcDbSymbolTableRecord
100
AcDbBlockTableRecord
  2
*D39
340
0
 70
0
280
1
281
0
  0
BLOCK_RECORD
  5
A839
330
1
100
AcDbSymbolTableRecord
100
AcDbBlockTableRecord
  2
*D40
340
0
 70
0
280
1
281
0
  0
BLOCK_RECORD
  5
A845
330
1
100
AcDbSymbolTableRecord
100
AcDbBlockTableRecord
  2
*D41
340
0
 70
0
280
1
281
0
  0
BLOCK_RECORD
  5
A851
330
1
100
AcDbSymbolTableRecord
100
AcDbBlockTableRecord
  2
*D42
340
0
 70
0
280
1
281
0
  0
BLOCK_RECORD
  5
A85D
330
1
100
AcDbSymbolTableRecord
100
AcDbBlockTableRecord
  2
*D43
340
0
 70
0
280
1
281
0
  0
BLOCK_RECORD
  5
A869
330
1
100
AcDbSymbolTableRecord
100
AcDbBlockTableRecord
  2
*D44
340
0
 70
0
280
1
281
0
  0
BLOCK_RECORD
  5
A875
330
1
100
AcDbSymbolTableRecord
100
AcDbBlockTableRecord
  2
*D45
340
0
 70
0
280
1
281
0
  0
BLOCK_RECORD
  5
A881
330
1
100
AcDbSymbolTableRecord
100
AcDbBlockTableRecord
  2
*D46
340
0
 70
0
280
1
281
0
  0
BLOCK_RECORD
  5
A88D
330
1
100
AcDbSymbolTableRecord
100
AcDbBlockTableRecord
  2
*D47
340
0
 70
0
280
1
281
0
  0
BLOCK_RECORD
  5
A899
330
1
100
AcDbSymbolTableRecord
100
AcDbBlockTableRecord
  2
*D48
340
0
 70
0
280
1
281
0
  0
BLOCK_RECORD
  5
A8A5
330
1
100
AcDbSymbolTableRecord
100
AcDbBlockTableRecord
  2
*D49
340
0
 70
0
280
1
281
0
  0
BLOCK_RECORD
  5
A8B1
330
1
100
AcDbSymbolTableRecord
100
AcDbBlockTableRecord
  2
*D50
340
0
 70
0
280
1
281
0
  0
BLOCK_RECORD
  5
A8BD
330
1
100
AcDbSymbolTableRecord
100
AcDbBlockTableRecord
  2
*D51
340
0
 70
0
280
1
281
0
  0
BLOCK_RECORD
  5
A8C9
330
1
100
AcDbSymbolTableRecord
100
AcDbBlockTableRecord
  2
*D52
340
0
 70
0
280
1
281
0
  0
BLOCK_RECORD
  5
A8D5
330
1
100
AcDbSymbolTableRecord
100
AcDbBlockTableRecord
  2
*D53
340
0
 70
0
280
1
281
0
  0
BLOCK_RECORD
  5
A8E1
330
1
100
AcDbSymbolTableRecord
100
AcDbBlockTableRecord
  2
*D54
340
0
 70
0
280
1
281
0
  0
BLOCK_RECORD
  5
A8ED
330
1
100
AcDbSymbolTableRecord
100
AcDbBlockTableRecord
  2
*D55
340
0
 70
0
280
1
281
0
  0
BLOCK_RECORD
  5
A8F9
330
1
100
AcDbSymbolTableRecord
100
AcDbBlockTableRecord
  2
*D56
340
0
 70
0
280
1
281
0
  0
BLOCK_RECORD
  5
A905
330
1
100
AcDbSymbolTableRecord
100
AcDbBlockTableRecord
  2
*D57
340
0
 70
0
280
1
281
0
  0
BLOCK_RECORD
  5
A911
330
1
100
AcDbSymbolTableRecord
100
AcDbBlockTableRecord
  2
*D58
340
0
 70
0
280
1
281
0
  0
BLOCK_RECORD
  5
A91D
330
1
100
AcDbSymbolTableRecord
100
AcDbBlockTableRecord
  2
*D59
340
0
 70
0
280
1
281
0
  0
BLOCK_RECORD
  5
A929
330
1
100
AcDbSymbolTableRecord
100
AcDbBlockTableRecord
  2
*D60
340
0
 70
0
280
1
281
0
  0
BLOCK_RECORD
  5
A935
330
1
100
AcDbSymbolTableRecord
100
AcDbBlockTableRecord
  2
*D61
340
0
 70
0
280
1
281
0
  0
BLOCK_RECORD
  5
A940
330
1
100
AcDbSymbolTableRecord
100
AcDbBlockTableRecord
  2
*D62
340
0
 70
0
280
1
281
0
  0
BLOCK_RECORD
  5
A94B
330
1
100
AcDbSymbolTableRecord
100
AcDbBlockTableRecord
  2
*D63
340
0
 70
0
280
1
281
0
  0
BLOCK_RECORD
  5
A957
330
1
100
AcDbSymbolTableRecord
100
AcDbBlockTableRecord
  2
*D64
340
0
 70
0
280
1
281
0
  0
BLOCK_RECORD
  5
A963
330
1
100
AcDbSymbolTableRecord
100
AcDbBlockTableRecord
  2
*D65
340
0
 70
0
280
1
281
0
  0
BLOCK_RECORD
  5
A96F
330
1
100
AcDbSymbolTableRecord
100
AcDbBlockTableRecord
  2
*D66
340
0
 70
0
280
1
281
0
  0
BLOCK_RECORD
  5
B053
330
1
100
AcDbSymbolTableRecord
100
AcDbBlockTableRecord
  2
*B67
340
0
 70
0
280
1
281
0
  0
BLOCK_RECORD
  5
B059
330
1
100
AcDbSymbolTableRecord
100
AcDbBlockTableRecord
  2
*B68
340
0
 70
0
280
1
281
0
  0
BLOCK_RECORD
  5
B05F
330
1
100
AcDbSymbolTableRecord
100
AcDbBlockTableRecord
  2
*B69
340
0
 70
0
280
1
281
0
  0
BLOCK_RECORD
  5
B065
330
1
100
AcDbSymbolTableRecord
100
AcDbBlockTableRecord
  2
*B70
340
0
 70
0
280
1
281
0
  0
BLOCK_RECORD
  5
B06B
330
1
100
AcDbSymbolTableRecord
100
AcDbBlockTableRecord
  2
*B71
340
0
 70
0
280
1
281
0
  0
ENDTAB
  0
ENDSEC
  0
SECTION
  2
BLOCKS
  0
BLOCK
  5
20
330
1F
100
AcDbEntity
  8
0
100
AcDbBlockBegin
  2
*Model_Space
 70
0
 10
0.0
 20
0.0
 30
0.0
  3
*Model_Space
  1

  0
ENDBLK
  5
21
330
1F
100
AcDbEntity
  8
0
100
AcDbBlockEnd
  0
BLOCK
  5
D4
330
D2
100
AcDbEntity
 67
1
  8
0
100
AcDbBlockBegin
  2
*Paper_Space
 70
0
 10
0.0
 20
0.0
 30
0.0
  3
*Paper_Space
  1

  0
ENDBLK
  5
D5
330
D2
100
AcDbEntity
 67
1
  8
0
100
AcDbBlockEnd
  0
BLOCK
  5
D8
330
D6
100
AcDbEntity
 67
1
  8
0
100
AcDbBlockBegin
  2
*Paper_Space0
 70
0
 10
0.0
 20
0.0
 30
0.0
  3
*Paper_Space0
  1

  0
ENDBLK
  5
D9
330
D6
100
AcDbEntity
 67
1
  8
0
100
AcDbBlockEnd
  0
BLOCK
  5
11B
330
118
100
AcDbEntity
  8
0
100
AcDbBlockBegin
  2
_RXDOT
 70
0
 10
0.0
 20
0.0
 30
0.0
  3
_RXDOT
  1

  0
LWPOLYLINE
  5
119
330
118
100
AcDbEntity
  8
0
  6
ByBlock
 62
0
100
AcDbPolyline
 90
2
 70
1
 43
0.5
 10
-0.25
 20
0.0
 42
1.0
 10
0.25
 20
0.0
 42
1.0
  0
LINE
  5
11A
330
118
100
AcDbEntity
  8
0
  6
ByBlock
 62
0
100
AcDbLine
 10
-1.0
 20
0.0
 30
0.0
 11
2.0
 21
0.0
 31
0.0
  0
ENDBLK
  5
11C
330
118
100
AcDbEntity
  8
0
100
AcDbBlockEnd
  0
BLOCK
  5
143
330
13F
100
AcDbEntity
  8
0
100
AcDbBlockBegin
  2
*B2
 70
1
 10
0.0
 20
0.0
 30
0.0
  3
*B2
  1

  0
TEXT
  5
140
330
13F
100
AcDbEntity
  8
RXINFO
100
AcDbText
 10
0.0
 20
0.0
 30
0.0
 40
200.0
  1

  7
RXHS
100
AcDbText
  0
TEXT
  5
141
330
13F
100
AcDbEntity
  8
RXINFO
100
AcDbText
 10
0.0
 20
0.0
 30
0.0
 40
200.0
  1

  7
RXHS
100
AcDbText
  0
TEXT
  5
142
330
13F
100
AcDbEntity
  8
RXINFO
100
AcDbText
 10
0.0
 20
0.0
 30
0.0
 40
200.0
  1

  7
RXHS
100
AcDbText
  0
ENDBLK
  5
144
330
13F
100
AcDbEntity
  8
0
100
AcDbBlockEnd
  0
BLOCK
  5
841F
330
841A
100
AcDbEntity
  8
0
100
AcDbBlockBegin
  2
A$C171C7090
 70
0
 10
0.0
 20
0.0
 30
0.0
  3
A$C171C7090
  1

  0
ENDBLK
  5
8A85
330
841A
100
AcDbEntity
  8
0
100
AcDbBlockEnd
  0
BLOCK
  5
8A89
330
8A86
100
AcDbEntity
  8
0
100
AcDbBlockBegin
  2
A$C4838202B
 70
0
 10
0.0
 20
0.0
 30
0.0
  3
A$C4838202B
  1

  0
LWPOLYLINE
  5
8A8A
330
8A86
100
AcDbEntity
  8
DEFPOINTS
100
AcDbPolyline
 90
4
 70
1
 10
3.612526598e-07
 20
-3.693648978e-07
 10
841.0000003612527
 20
-3.693648978e-07
 10
841.0000003612527
 20
593.9999996306351
 10
3.612526598e-07
 20
593.9999996306351
1001
AcDbBlockRepETag
1070
1
1071
0
1005
8A8A
  0
LWPOLYLINE
  5
8A8B
330
8A86
100
AcDbEntity
  8
0
 62
2
100
AcDbPolyline
 90
4
 70
1
 43
2.0
 10
32.00000036125266
 20
25.9999996306351
 10
810.0000003612525
 20
25.9999996306351
 10
810.0000003612525
 20
567.999999630635
 10
32.00000036125266
 20
567.999999630635
1001
AcDbBlockRepETag
1070
1
1071
1
1005
8A8B
  0
LWPOLYLINE
  5
8A8C
330
8A86
100
AcDbEntity
  8
0
 62
2
100
AcDbPolyline
 90
2
 70
0
 43
0.7000000000000001
 10
750.0000003612527
 20
567.999999630635
 10
750.0000003612527
 20
25.9999996306351
1001
AcDbBlockRepETag
1070
1
1071
2
1005
8A8C
  0
LINE
  5
8A8D
330
8A86
100
AcDbEntity
  8
0
 62
3
100
AcDbLine
 10
750.0000003612527
 20
509.999999630635
 30
0.0
 11
810.0000003612525
 21
509.999999630635
 31
0.0
1001
AcDbBlockRepETag
1070
1
1071
3
1005
8A8D
  0
LINE
  5
8A8E
330
8A86
100
AcDbEntity
  8
0
 62
4
100
AcDbLine
 10
750.0000003612527
 20
290.1999996306351
 30
0.0
 11
810.0000003612525
 21
290.1999996306351
 31
0.0
1001
AcDbBlockRepETag
1070
1
1071
4
1005
8A8E
  0
LINE
  5
8A8F
330
8A86
100
AcDbEntity
  8
0
 62
4
100
AcDbLine
 10
750.0000003612527
 20
282.1999996306351
 30
0.0
 11
810.0000003612525
 21
282.1999996306351
 31
0.0
1001
AcDbBlockRepETag
1070
1
1071
5
1005
8A8F
  0
LINE
  5
8A90
330
8A86
100
AcDbEntity
  8
0
 62
4
100
AcDbLine
 10
750.0000003612527
 20
274.1999996306351
 30
0.0
 11
810.0000003612525
 21
274.1999996306351
 31
0.0
1001
AcDbBlockRepETag
1070
1
1071
6
1005
8A90
  0
LINE
  5
8A91
330
8A86
100
AcDbEntity
  8
0
 62
4
100
AcDbLine
 10
750.0000003612527
 20
266.1999996306351
 30
0.0
 11
810.0000003612525
 21
266.1999996306351
 31
0.0
1001
AcDbBlockRepETag
1070
1
1071
7
1005
8A91
  0
LINE
  5
8A92
330
8A86
100
AcDbEntity
  8
0
 62
4
100
AcDbLine
 10
750.0000003612527
 20
258.1999996306351
 30
0.0
 11
810.0000003612525
 21
258.1999996306351
 31
0.0
1001
AcDbBlockRepETag
1070
1
1071
8
1005
8A92
  0
LINE
  5
8A93
330
8A86
100
AcDbEntity
  8
0
 62
4
100
AcDbLine
 10
750.0000003612527
 20
250.1999996306351
 30
0.0
 11
810.0000003612525
 21
250.1999996306351
 31
0.0
1001
AcDbBlockRepETag
1070
1
1071
9
1005
8A93
  0
LINE
  5
8A94
330
8A86
100
AcDbEntity
  8
0
 62
4
100
AcDbLine
 10
750.3500003612527
 20
242.1999996306351
 30
0.0
 11
810.0000003612525
 21
242.1999996306351
 31
0.0
1001
AcDbBlockRepETag
1070
1
1071
10
1005
8A94
  0
LINE
  5
8A95
330
8A86
100
AcDbEntity
  8
0
 62
3
100
AcDbLine
 10
750.0000003612528
 20
234.1999996306351
 30
0.0
 11
810.0000003612525
 21
234.1999996306351
 31
0.0
1001
AcDbBlockRepETag
1070
1
1071
11
1005
8A95
  0
LINE
  5
8A96
330
8A86
100
AcDbEntity
  8
0
 62
3
100
AcDbLine
 10
750.0000003612528
 20
184.1999996306351
 30
0.0
 11
810.0000003612525
 21
184.1999996306351
 31
0.0
1001
AcDbBlockRepETag
1070
1
1071
12
1005
8A96
  0
LINE
  5
8A97
330
8A86
100
AcDbEntity
  8
0
 62
4
100
AcDbLine
 10
750.0000003612528
 20
169.7999996306351
 30
0.0
 11
810.0000003612525
 21
169.7999996306351
 31
0.0
1001
AcDbBlockRepETag
1070
1
1071
13
1005
8A97
  0
LINE
  5
8A98
330
8A86
100
AcDbEntity
  8
0
 62
4
100
AcDbLine
 10
750.0000003612528
 20
155.3999996306351
 30
0.0
 11
810.0000003612525
 21
155.3999996306351
 31
0.0
1001
AcDbBlockRepETag
1070
1
1071
14
1005
8A98
  0
LINE
  5
8A99
330
8A86
100
AcDbEntity
  8
0
 62
3
100
AcDbLine
 10
750.0000003612528
 20
140.9999996306351
 30
0.0
 11
810.0000003612525
 21
140.9999996306351
 31
0.0
1001
AcDbBlockRepETag
1070
1
1071
15
1005
8A99
  0
LINE
  5
8A9A
330
8A86
100
AcDbEntity
  8
0
 62
3
100
AcDbLine
 10
750.0000003612528
 20
98.9999996306351
 30
0.0
 11
810.0000003612525
 21
98.9999996306351
 31
0.0
1001
AcDbBlockRepETag
1070
1
1071
16
1005
8A9A
  0
LINE
  5
8A9B
330
8A86
100
AcDbEntity
  8
0
 62
4
100
AcDbLine
 10
750.0000003612528
 20
84.59999963063511
 30
0.0
 11
810.0000003612525
 21
84.59999963063511
 31
0.0
1001
AcDbBlockRepETag
1070
1
1071
17
1005
8A9B
  0
LINE
  5
8A9C
330
8A86
100
AcDbEntity
  8
0
 62
4
100
AcDbLine
 10
750.0000003612528
 20
70.1999996306351
 30
0.0
 11
810.0000003612525
 21
70.1999996306351
 31
0.0
1001
AcDbBlockRepETag
1070
1
1071
18
1005
8A9C
  0
LINE
  5
8A9D
330
8A86
100
AcDbEntity
  8
0
 62
4
100
AcDbLine
 10
750.0000003612528
 20
55.7999996306351
 30
0.0
 11
810.0000003612525
 21
55.7999996306351
 31
0.0
1001
AcDbBlockRepETag
1070
1
1071
19
1005
8A9D
  0
LINE
  5
8A9E
330
8A86
100
AcDbEntity
  8
0
 62
4
100
AcDbLine
 10
750.0000003612528
 20
41.3999996306351
 30
0.0
 11
810.0000003612525
 21
41.3999996306351
 31
0.0
1001
AcDbBlockRepETag
1070
1
1071
20
1005
8A9E
  0
LINE
  5
8A9F
330
8A86
100
AcDbEntity
  8
0
 62
4
100
AcDbLine
 10
761.9000003612524
 20
242.1999996306352
 30
0.0
 11
761.9000003612528
 21
290.1999996306351
 31
0.0
1001
AcDbBlockRepETag
1070
1
1071
21
1005
8A9F
  0
LINE
  5
8AA0
330
8A86
100
AcDbEntity
  8
0
 62
4
100
AcDbLine
 10
797.9000003612529
 20
242.1999996306352
 30
0.0
 11
797.9000003612524
 21
290.1999996306351
 31
0.0
1001
AcDbBlockRepETag
1070
1
1071
22
1005
8AA0
  0
LINE
  5
8AA1
330
8A86
100
AcDbEntity
  8
0
 62
4
100
AcDbLine
 10
797.9000003612524
 20
282.1999996306351
 30
0.0
 11
809.0000003612527
 21
290.1999996306351
 31
0.0
1001
AcDbBlockRepETag
1070
1
1071
23
1005
8AA1
  0
LINE
  5
8AA2
330
8A86
100
AcDbEntity
  8
0
 62
4
100
AcDbLine
 10
797.9000003612524
 20
274.1999996306351
 30
0.0
 11
809.0000003612527
 21
282.1999996306351
 31
0.0
1001
AcDbBlockRepETag
1070
1
1071
24
1005
8AA2
  0
LINE
  5
8AA3
330
8A86
100
AcDbEntity
  8
0
 62
4
100
AcDbLine
 10
797.9000003612524
 20
266.1999996306351
 30
0.0
 11
809.0000003612527
 21
274.1999996306351
 31
0.0
1001
AcDbBlockRepETag
1070
1
1071
25
1005
8AA3
  0
LINE
  5
8AA4
330
8A86
100
AcDbEntity
  8
0
 62
4
100
AcDbLine
 10
797.9000003612524
 20
258.1999996306351
 30
0.0
 11
809.0000003612527
 21
266.1999996306351
 31
0.0
1001
AcDbBlockRepETag
1070
1
1071
26
1005
8AA4
  0
LINE
  5
8AA5
330
8A86
100
AcDbEntity
  8
0
 62
4
100
AcDbLine
 10
797.9000003612526
 20
250.1999996306353
 30
0.0
 11
809.0000003612528
 21
258.1999996306353
 31
0.0
1001
AcDbBlockRepETag
1070
1
1071
27
1005
8AA5
  0
TEXT
  5
8AA6
330
8A86
100
AcDbEntity
  8
0
 62
6
100
AcDbText
 10
800.2595241707766
 20
245.1999996306351
 30
0.0
 40
2.0
  1
일  자
  7
울릉도L
 72
1
 11
803.4500003612526
 21
246.1999996306351
 31
0.0
100
AcDbText
 73
2
1001
AcDbBlockRepETag
1070
1
1071
28
1005
8AA6
  0
TEXT
  5
8AA7
330
8A86
100
AcDbEntity
  8
0
 62
6
100
AcDbText
 10
752.9345241707764
 20
245.1999996306351
 30
0.0
 40
2.0
  1
번  호
  7
울릉도L
 72
1
 11
756.1250003612525
 21
246.1999996306352
 31
0.0
100
AcDbText
 73
2
1001
AcDbBlockRepETag
1070
1
1071
29
1005
8AA7
  0
TEXT
  5
8AA8
330
8A86
100
AcDbEntity
  8
0
 62
6
100
AcDbText
 10
773.9952384564904
 20
245.1999996306351
 30
0.0
 40
2.0
  1
내     용
  7
울릉도L
 72
1
 11
779.9000003612523
 21
246.1999996306351
 31
0.0
100
AcDbText
 73
2
1001
AcDbBlockRepETag
1070
1
1071
30
1005
8AA8
  0
TEXT
  5
8AA9
330
8A86
100
AcDbEntity
  8
0
 62
3
100
AcDbText
 10
752.0000003612525
 20
504.999999630635
 30
0.0
 40
2.0
  1
NOTE
  7
울릉도L
 11
752.0000003612525
 21
505.9999996306351
 31
0.0
100
AcDbText
 73
2
1001
AcDbBlockRepETag
1070
1
1071
31
1005
8AA9
  0
TEXT
  5
8AAA
330
8A86
100
AcDbEntity
  8
0
 62
6
100
AcDbText
 10
752.0000003612525
 20
499.7999996306351
 30
0.0
 40
2.399999999999999
  1
주  기
  7
울릉도L
 11
752.0000003612525
 21
500.999999630635
 31
0.0
100
AcDbText
 73
2
1001
AcDbBlockRepETag
1070
1
1071
32
1005
8AAA
  0
TEXT
  5
8AAB
330
8A86
100
AcDbEntity
  8
0
 62
3
100
AcDbText
 10
754.0000003612525
 20
236.9999996306351
 30
0.0
 40
2.399999999999999
  1
REVISION
  7
울릉도L
 11
754.0000003612525
 21
238.1999996306351
 31
0.0
100
AcDbText
 73
2
1001
AcDbBlockRepETag
1070
1
1071
33
1005
8AAB
  0
TEXT
  5
8AAC
330
8A86
100
AcDbEntity
  8
0
 62
3
100
AcDbText
 10
752.0000003612529
 20
179.1999996306351
 30
0.0
 40
2.0
  1
APPROVED
  7
울릉도L
 11
752.0000003612529
 21
180.1999996306351
 31
0.0
100
AcDbText
 73
2
1001
AcDbBlockRepETag
1070
1
1071
34
1005
8AAC
  0
TEXT
  5
8AAD
330
8A86
100
AcDbEntity
  8
0
 62
6
100
AcDbText
 10
752.0000003612529
 20
173.9999996306351
 30
0.0
 40
2.399999999999999
  1
승   인
  7
울릉도L
 11
752.0000003612529
 21
175.1999996306351
 31
0.0
100
AcDbText
 73
2
1001
AcDbBlockRepETag
1070
1
1071
35
1005
8AAD
  0
TEXT
  5
8AAE
330
8A86
100
AcDbEntity
  8
0
 62
3
100
AcDbText
 10
752.0000003612529
 20
164.7999996306351
 30
0.0
 40
2.0
  1
CHECKED
  7
울릉도L
 11
752.0000003612529
 21
165.7999996306351
 31
0.0
100
AcDbText
 73
2
1001
AcDbBlockRepETag
1070
1
1071
36
1005
8AAE
  0
TEXT
  5
8AAF
330
8A86
100
AcDbEntity
  8
0
 62
6
100
AcDbText
 10
752.0000003612529
 20
159.5999996306351
 30
0.0
 40
2.399999999999999
  1
검   토
  7
울릉도L
 11
752.0000003612529
 21
160.7999996306351
 31
0.0
100
AcDbText
 73
2
1001
AcDbBlockRepETag
1070
1
1071
37
1005
8AAF
  0
TEXT
  5
8AB0
330
8A86
100
AcDbEntity
  8
0
 62
3
100
AcDbText
 10
752.0000003612529
 20
150.3999996306351
 30
0.0
 40
2.0
  1
DRAWN
  7
울릉도L
 11
752.0000003612529
 21
151.3999996306351
 31
0.0
100
AcDbText
 73
2
1001
AcDbBlockRepETag
1070
1
1071
38
1005
8AB0
  0
TEXT
  5
8AB1
330
8A86
100
AcDbEntity
  8
0
 62
6
100
AcDbText
 10
752.0000003612529
 20
145.1999996306351
 30
0.0
 40
2.399999999999999
  1
제   도
  7
울릉도L
 11
752.0000003612529
 21
146.3999996306351
 31
0.0
100
AcDbText
 73
2
1001
AcDbBlockRepETag
1070
1
1071
39
1005
8AB1
  0
TEXT
  5
8AB2
330
8A86
100
AcDbEntity
  8
0
 62
3
100
AcDbText
 10
752.0000003612529
 20
135.9999996306351
 30
0.0
 40
2.0
  1
TITLE
  7
울릉도L
 11
752.0000003612529
 21
136.9999996306351
 31
0.0
100
AcDbText
 73
2
1001
AcDbBlockRepETag
1070
1
1071
40
1005
8AB2
  0
TEXT
  5
8AB3
330
8A86
100
AcDbEntity
  8
0
 62
6
100
AcDbText
 10
752.0000003612529
 20
130.7999996306351
 30
0.0
 40
2.399999999999999
  1
도 면 명
  7
울릉도L
 11
752.0000003612529
 21
131.9999996306351
 31
0.0
100
AcDbText
 73
2
1001
AcDbBlockRepETag
1070
1
1071
41
1005
8AB3
  0
TEXT
  5
8AB4
330
8A86
100
AcDbEntity
  8
0
 62
3
100
AcDbText
 10
752.0000003612529
 20
93.9999996306351
 30
0.0
 40
2.0
  1
FILE NAME
  7
울릉도L
 11
752.0000003612529
 21
94.9999996306351
 31
0.0
100
AcDbText
 73
2
1001
AcDbBlockRepETag
1070
1
1071
42
1005
8AB4
  0
TEXT
  5
8AB5
330
8A86
100
AcDbEntity
  8
0
 62
6
100
AcDbText
 10
752.0000003612529
 20
88.79999963063509
 30
0.0
 40
2.399999999999999
  1
화 일 명
  7
울릉도L
 11
752.0000003612529
 21
89.9999996306351
 31
0.0
100
AcDbText
 73
2
1001
AcDbBlockRepETag
1070
1
1071
43
1005
8AB5
  0
TEXT
  5
8AB6
330
8A86
100
AcDbEntity
  8
0
 62
3
100
AcDbText
 10
752.0000003612529
 20
79.59999963063511
 30
0.0
 40
2.0
  1
SCALE
  7
울릉도L
 11
752.0000003612529
 21
80.59999963063511
 31
0.0
100
AcDbText
 73
2
1001
AcDbBlockRepETag
1070
1
1071
44
1005
8AB6
  0
TEXT
  5
8AB7
330
8A86
100
AcDbEntity
  8
0
 62
6
100
AcDbText
 10
752.0000003612529
 20
74.3999996306351
 30
0.0
 40
2.399999999999999
  1
축   척
  7
울릉도L
 11
752.0000003612529
 21
75.5999996306351
 31
0.0
100
AcDbText
 73
2
1001
AcDbBlockRepETag
1070
1
1071
45
1005
8AB7
  0
TEXT
  5
8AB8
330
8A86
100
AcDbEntity
  8
0
 62
3
100
AcDbText
 10
752.0000003612529
 20
65.1999996306351
 30
0.0
 40
2.0
  1
DATE
  7
울릉도L
 11
752.0000003612529
 21
66.1999996306351
 31
0.0
100
AcDbText
 73
2
1001
AcDbBlockRepETag
1070
1
1071
46
1005
8AB8
  0
TEXT
  5
8AB9
330
8A86
100
AcDbEntity
  8
0
 62
6
100
AcDbText
 10
752.0000003612529
 20
59.99999963063509
 30
0.0
 40
2.399999999999999
  1
날   짜
  7
울릉도L
 11
752.0000003612529
 21
61.19999963063509
 31
0.0
100
AcDbText
 73
2
1001
AcDbBlockRepETag
1070
1
1071
47
1005
8AB9
  0
TEXT
  5
8ABA
330
8A86
100
AcDbEntity
  8
0
 62
3
100
AcDbText
 10
752.0000003612529
 20
50.7999996306351
 30
0.0
 40
2.0
  1
DRWG.NO
  7
울릉도L
 11
752.0000003612529
 21
51.79999963063511
 31
0.0
100
AcDbText
 73
2
1001
AcDbBlockRepETag
1070
1
1071
48
1005
8ABA
  0
TEXT
  5
8ABB
330
8A86
100
AcDbEntity
  8
0
 62
6
100
AcDbText
 10
752.0000003612529
 20
45.5999996306351
 30
0.0
 40
2.399999999999999
  1
도면번호
  7
울릉도L
 11
752.0000003612529
 21
46.7999996306351
 31
0.0
100
AcDbText
 73
2
1001
AcDbBlockRepETag
1070
1
1071
49
1005
8ABB
  0
TEXT
  5
8ABC
330
8A86
100
AcDbEntity
  8
0
 62
3
100
AcDbText
 10
752.0000003612529
 20
36.3999996306351
 30
0.0
 40
2.0
  1
SHEET.NO
  7
울릉도L
 11
752.0000003612529
 21
37.3999996306351
 31
0.0
100
AcDbText
 73
2
1001
AcDbBlockRepETag
1070
1
1071
50
1005
8ABC
  0
TEXT
  5
8ABD
330
8A86
100
AcDbEntity
  8
0
 62
6
100
AcDbText
 10
752.0000003612529
 20
31.1999996306351
 30
0.0
 40
2.399999999999999
  1
일련번호
  7
울릉도L
 11
752.0000003612529
 21
32.3999996306351
 31
0.0
100
AcDbText
 73
2
1001
AcDbBlockRepETag
1070
1
1071
51
1005
8ABD
  0
LINE
  5
8ABE
330
8A86
100
AcDbEntity
  8
0
 62
4
100
AcDbLine
 10
792.2000003612526
 20
48.5999996306351
 30
0.0
 11
789.2000003612527
 21
48.5999996306351
 31
0.0
1001
AcDbBlockRepETag
1070
1
1071
52
1005
8ABE
  0
LINE
  5
8ABF
330
8A86
100
AcDbEntity
  8
0
 62
4
100
AcDbLine
 10
792.2000003612526
 20
34.1999996306351
 30
0.0
 11
789.2000003612527
 21
34.1999996306351
 31
0.0
1001
AcDbBlockRepETag
1070
1
1071
53
1005
8ABF
  0
TEXT
  5
8AC0
330
8A86
100
AcDbEntity
  8
0
 62
4
100
AcDbText
 10
752.5000003612525
 20
187.1999996306351
 30
0.0
 40
2.0
  1

  7
울릉도L
 11
752.5000003612525
 21
188.1999996306351
 31
0.0
100
AcDbText
 73
2
1001
AcDbBlockRepETag
1070
1
1071
54
1005
8AC0
  0
TEXT
  5
8AC1
330
8A86
100
AcDbEntity
  8
0
 62
4
100
AcDbText
 10
752.5000003612525
 20
191.1999996306351
 30
0.0
 40
2.0
  1

  7
울릉도L
 41
0.7900000000000001
 11
752.5000003612525
 21
192.1999996306351
 31
0.0
100
AcDbText
 73
2
1001
AcDbBlockRepETag
1070
1
1071
55
1005
8AC1
  0
TEXT
  5
8AC2
330
8A86
100
AcDbEntity
  8
0
 62
251
100
AcDbText
 10
759.384115364028
 20
212.1999996306351
 30
0.0
 40
2.000000000085128
  1

  7
RXHG
 41
1.282159659132664
 72
5
 11
800.0636930350056
 21
212.1999996306351
 31
0.0
100
AcDbText
1001
AcDbBlockRepETag
1070
1
1071
56
1005
8AC2
  0
INSERT
  5
8AC4
330
8A86
100
AcDbEntity
  8
0
100
AcDbBlockReference
  2
A$C171C7090
 10
753.5000003612529
 20
198.1999996306351
 30
0.0
 41
0.0039999999999054
 42
0.0039999999999054
 43
0.0039999999999054
1001
AcDbBlockRepETag
1070
1
1071
58
1005
8AC4
  0
TEXT
  5
8AC5
330
8A86
100
AcDbEntity
  8
0
 62
3
100
AcDbText
 10
752.0000003612525
 20
562.999999630635
 30
0.0
 40
2.0
  1
PROJECT
  7
울릉도L
 11
752.0000003612525
 21
563.999999630635
 31
0.0
100
AcDbText
 73
2
1001
AcDbBlockRepETag
1070
1
1071
70
1005
8AC5
  0
TEXT
  5
8AC6
330
8A86
100
AcDbEntity
  8
0
 62
6
100
AcDbText
 10
752.0000003612525
 20
557.799999630635
 30
0.0
 40
2.399999999999999
  1
공 사 명
  7
울릉도L
 11
752.0000003612525
 21
558.999999630635
 31
0.0
100
AcDbText
 73
2
1001
AcDbBlockRepETag
1070
1
1071
71
1005
8AC6
  0
ENDBLK
  5
8AC7
330
8A86
100
AcDbEntity
  8
0
100
AcDbBlockEnd
  0
BLOCK
  5
8ACB
330
8AC8
100
AcDbEntity
  8
0
100
AcDbBlockBegin
  2
A$C641937F6
 70
0
 10
0.0
 20
0.0
 30
0.0
  3
A$C641937F6
  1

  0
HATCH
  5
8ACC
330
8AC8
100
AcDbEntity
  8
0
100
AcDbHatch
 10
0.0
 20
0.0
 30
0.0
210
0.0
220
0.0
230
1.0
  2
SOLID
 70
1
 71
1
 91
3
 92
1
 93
10
 72
1
 10
17.12477241683518
 20
41.8457686631591
 11
19.62477241671877
 21
37.00007912615547
 72
1
 10
19.62477241671877
 20
37.00007912615547
 11
22.12477241683519
 21
37.00007912615547
 72
1
 10
22.12477241683519
 20
37.00007912615547
 11
22.12477241683519
 21
42.50007912615546
 72
1
 10
22.12477241683519
 20
42.50007912615546
 11
19.62477241683518
 21
42.50007912615546
 72
1
 10
19.62477241683518
 20
42.50007912615546
 11
19.62477241683518
 21
37.65438958941377
 72
1
 10
19.62477241683518
 20
37.65438958941377
 11
17.12477241689339
 21
42.50007912615546
 72
1
 10
17.12477241689339
 20
42.50007912615546
 11
14.62477241683518
 21
42.50007912615546
 72
1
 10
14.62477241683518
 20
42.50007912615546
 11
14.62477241683518
 21
37.00007912615547
 72
1
 10
14.62477241683518
 20
37.00007912615547
 11
17.12477241683518
 21
37.00007912615547
 72
1
 10
17.12477241683518
 20
37.00007912615547
 11
17.12477241683518
 21
41.8457686631591
 97
1
330
8ACF
 92
1
 93
6
 72
1
 10
18.74977241689339
 20
7.91261263657e-05
 11
19.94977241684683
 21
7.91261263657e-05
 72
1
 10
19.94977241684683
 20
7.91261263657e-05
 11
19.94977241690503
 21
25.43611809535651
 72
1
 10
19.94977241690503
 20
25.43611809535651
 11
33.56779190152884
 21
11.8180986107036
 72
1
 10
33.56779190152884
 20
11.8180986107036
 11
36.74977241689339
 21
15.00007912603905
 72
1
 10
36.74977241689339
 20
15.00007912603905
 11
18.74977241689339
 21
33.00007912615547
 72
1
 10
18.74977241689339
 20
33.00007912615547
 11
18.74977241689339
 21
7.91261554696e-05
 97
1
330
8ACE
 92
1
 93
6
 72
1
 10
17.99977241689339
 20
7.91261554696e-05
 11
17.99977241689339
 21
33.00007912615547
 72
1
 10
17.99977241689339
 20
33.00007912615547
 11
-0.0002275831066072
 21
15.00007912603905
 72
1
 10
-0.0002275831066072
 20
15.00007912603905
 11
3.18175293225795
 21
11.8180986107036
 72
1
 10
3.18175293225795
 20
11.8180986107036
 11
16.79977241688175
 21
25.43611809535651
 72
1
 10
16.79977241688175
 20
25.43611809535651
 11
16.79977241693996
 21
7.91261554696e-05
 72
1
 10
16.79977241693996
 20
7.91261554696e-05
 11
17.99977241689339
 21
7.91261554696e-05
 97
1
330
8ACD
 75
0
 76
1
 98
1
 10
-405174.931778857
 20
-253853.9880572737
450
0
451
0
460
0.0
461
0.0
452
0
462
0.0
453
0
470

1001
ACAD
1010
0.0
1020
0.0
1030
0.0
  0
LWPOLYLINE
  5
8ACD
102
{ACAD_REACTORS
330
8ACC
102
}
330
8AC8
100
AcDbEntity
  8
0
100
AcDbPolyline
 90
7
 70
1
 10
17.99977241689339
 20
7.91261554696e-05
 10
17.99977241689339
 20
33.00007912615547
 10
-0.0002275831066072
 20
15.00007912603905
 10
3.18175293225795
 20
11.8180986107036
 10
16.79977241688175
 20
25.43611809535651
 10
16.79977241693996
 20
7.91261554696e-05
 10
17.99977241689339
 20
7.91261554696e-05
  0
LWPOLYLINE
  5
8ACE
102
{ACAD_REACTORS
330
8ACC
102
}
330
8AC8
100
AcDbEntity
  8
0
100
AcDbPolyline
 90
7
 70
1
 10
18.74977241689339
 20
7.91261263657e-05
 10
19.94977241684683
 20
7.91261263657e-05
 10
19.94977241690503
 20
25.43611809535651
 10
33.56779190152884
 20
11.8180986107036
 10
36.74977241689339
 20
15.00007912603905
 10
18.74977241689339
 20
33.00007912615547
 10
18.74977241689339
 20
7.91261554696e-05
  0
LWPOLYLINE
  5
8ACF
102
{ACAD_REACTORS
330
8ACC
102
}
330
8AC8
100
AcDbEntity
  8
0
100
AcDbPolyline
 90
10
 70
1
 10
17.12477241683518
 20
41.8457686631591
 10
19.62477241671877
 20
37.00007912615547
 10
22.12477241683519
 20
37.00007912615547
 10
22.12477241683519
 20
42.50007912615546
 10
19.62477241683518
 20
42.50007912615546
 10
19.62477241683518
 20
37.65438958941377
 10
17.12477241689339
 20
42.50007912615546
 10
14.62477241683518
 20
42.50007912615546
 10
14.62477241683518
 20
37.00007912615547
 10
17.12477241683518
 20
37.00007912615547
  0
ENDBLK
  5
8AD0
330
8AC8
100
AcDbEntity
  8
0
100
AcDbBlockEnd
  0
BLOCK
  5
8AD4
330
8AD1
100
AcDbEntity
  8
0
100
AcDbBlockBegin
  2
A$C3AEE33D6
 70
0
 10
0.0
 20
0.0
 30
0.0
  3
A$C3AEE33D6
  1

  0
LWPOLYLINE
  5
8AD5
330
8AD1
100
AcDbEntity
  8
TOILET
100
AcDbPolyline
 90
7
 70
0
 10
12.50000783251016
 20
666.4999513561447
 10
12.50000783251016
 20
726.9999513561447
 42
-0.414213562373084
 10
15.50000783251016
 20
729.9999513561447
 10
399.5000078325102
 20
729.9999513561447
 42
-0.4142135623730951
 10
402.5000078325101
 20
726.9999513561447
 10
402.5000078325101
 20
552.9999513561447
 10
394.8215804927895
 20
273.9774993477709
  0
LWPOLYLINE
  5
8AD6
330
8AD1
100
AcDbEntity
  8
TOILET
100
AcDbPolyline
 90
3
 70
0
 10
20.1784351722381
 20
273.9774993477709
 10
12.50000783251016
 20
552.9999513561447
 10
12.50000783251016
 20
623.4999513561447
  0
LWPOLYLINE
  5
8AD7
330
8AD1
100
AcDbEntity
  8
TOILET
100
AcDbPolyline
 90
9
 70
0
 10
368.7570030783827
 20
496.5183469895705
 10
362.368539269024
 20
257.4514284191114
 42
-0.046703748431707
 10
352.3219797884303
 20
174.1714512000267
 42
-0.1618784708791761
 10
281.6236448845448
 20
54.7081790086354
 42
-0.1807960586450699
 10
207.5000078325102
 20
26.99995135614518
 42
-0.1807960586450699
 10
133.3763707804828
 20
54.70817900863585
 42
-0.1618784708791761
 10
62.67803587659727
 20
174.1714512000271
 42
-0.046703748431707
 10
52.63147639600356
 20
257.4514284191114
 10
46.24301258663763
 20
496.5183469895705
  0
LWPOLYLINE
  5
8AD8
330
8AD1
100
AcDbEntity
  8
TOILET
100
AcDbPolyline
 90
12
 70
1
 10
207.5000078325102
 20
-4.86438548251e-05
 42
-0.1795036793517873
 10
116.1956600064295
 20
33.87023794819834
 42
-0.1542758597450063
 10
35.30613028148946
 20
164.5665342890688
 42
-0.0553953832027982
 10
20.1784351722381
 20
273.9774993477709
 10
14.53303250008321
 20
485.2378369179891
 42
-0.4076657083409154
 10
24.03842604177771
 20
495.4929032895729
 42
-0.012281503845309
 10
207.5000078325102
 20
499.9999513561447
 42
-0.012281503845309
 10
390.9615896232499
 20
495.4929032895729
 42
-0.4076657083409154
 10
400.4669831649444
 20
485.2378369179891
 10
394.8215804927895
 20
273.9774993477709
 42
-0.0553953832027982
 10
379.6938853835309
 20
164.5665342890684
 42
-0.1542758597450063
 10
298.8043556585981
 20
33.87023794819788
 42
-0.1795036793517873
  0
LWPOLYLINE
  5
8AD9
330
8AD1
100
AcDbEntity
  8
TOILET
100
AcDbPolyline
 90
2
 70
0
 10
379.121328176072
 20
605.8786310125865
 10
401.621328176072
 20
555.8786310125856
  0
ARC
  5
8ADA
330
8AD1
100
AcDbEntity
  8
TOILET
100
AcDbCircle
 10
374.5000078325102
 20
552.9999513561465
 30
0.0
 40
2.0
100
AcDbArc
 50
90.0
 51
180.0
  0
ARC
  5
8ADB
330
8AD1
100
AcDbEntity
  8
TOILET
100
AcDbCircle
 10
369.5000078325102
 20
552.9999513561465
 30
0.0
 40
3.0
100
AcDbArc
 50
270.0
 51
0.0
  0
LWPOLYLINE
  5
8ADC
330
8AD1
100
AcDbEntity
  8
TOILET
100
AcDbPolyline
 90
3
 70
0
 10
371.621328176072
 20
550.8786310125865
 10
349.121328176072
 20
600.8786310125865
 10
349.121328176072
 20
726.9999513561438
  0
LWPOLYLINE
  5
8ADD
330
8AD1
100
AcDbEntity
  8
TOILET
100
AcDbPolyline
 90
4
 70
0
 10
12.50000783251016
 20
552.9999513561447
 42
0.4142135623730951
 10
15.50000783251016
 20
549.9999513561447
 10
399.5000078325102
 20
549.9999513561447
 42
0.4142135623730951
 10
402.5000078325101
 20
552.9999513561447
  0
LWPOLYLINE
  5
8ADE
330
8AD1
100
AcDbEntity
  8
TOILET
100
AcDbPolyline
 90
12
 70
0
 10
352.0000078325101
 20
726.9999513561438
 10
352.0000078325101
 20
604.9999513561465
 10
377.0000078325101
 20
604.9999513561465
 42
0.4142135623730951
 10
380.0000078325102
 20
607.9999513561465
 10
380.0000078325102
 20
723.9999513561447
 42
0.4142135623730951
 10
377.0000078325101
 20
726.9999513561447
 10
38.00000783251017
 20
726.9999513561447
 42
0.4142135623730951
 10
35.00000783251016
 20
723.9999513561447
 10
35.00000783251016
 20
607.9999513561465
 42
0.4142135623730951
 10
38.00000783251017
 20
604.9999513561465
 10
63.00000783251016
 20
604.9999513561465
 10
63.00000783251744
 20
726.9999513561438
  0
LWPOLYLINE
  5
8ADF
330
8AD1
100
AcDbEntity
  8
TOILET
100
AcDbPolyline
 90
3
 70
0
 10
12.50000783251016
 20
557.9999513561447
 42
0.4142135623730951
 10
15.50000783251016
 20
554.9999513561447
 10
40.50000783251016
 20
554.9999513561456
  0
LWPOLYLINE
  5
8AE0
330
8AD1
100
AcDbEntity
  8
TOILET
100
AcDbPolyline
 90
2
 70
0
 10
35.87868748895562
 20
605.8786310125865
 10
13.37868748895562
 20
555.8786310125856
  0
LWPOLYLINE
  5
8AE1
330
8AD1
100
AcDbEntity
  8
TOILET
100
AcDbPolyline
 90
12
 70
0
 10
45.50000783251016
 20
549.9999513561465
 42
-0.4142135623730951
 10
42.50000783251016
 20
552.9999513561465
 42
0.4142135623731617
 10
40.50000783251016
 20
554.9999513561456
 10
63.00000783251016
 20
604.9999513561465
 42
-0.4142135623730951
 10
65.00000783251016
 20
602.9999513561465
 42
0.4142135623730951
 10
68.00000783251016
 20
599.9999513561465
 10
347.0000078325102
 20
599.9999513561465
 42
0.4142135623730951
 10
350.0000078325101
 20
602.9999513561465
 42
-0.4142135623730951
 10
352.0000078325101
 20
604.9999513561465
 10
374.5000078325102
 20
554.9999513561456
 10
399.5000078325102
 20
554.9999513561447
 42
0.4142135623730951
 10
402.5000078325101
 20
557.9999513561447
  0
LWPOLYLINE
  5
8AE2
330
8AD1
100
AcDbEntity
  8
TOILET
100
AcDbPolyline
 90
3
 70
0
 10
43.37868748895561
 20
550.8786310125865
 10
65.87868748895562
 20
600.8786310125865
 10
65.87868748895562
 20
726.9999513561438
  0
LWPOLYLINE
  5
8AE3
330
8AD1
100
AcDbEntity
  8
TOILET
100
AcDbPolyline
 90
6
 70
1
 10
10.50000783251016
 20
666.4999513561447
 42
0.4142135623730951
 10
7.500007832510164
 20
663.4999513561447
 10
7.500007832510164
 20
626.4999513561447
 42
0.4142135623730951
 10
10.50000783251016
 20
623.4999513561447
 10
22.50000783251016
 20
623.4999513561447
 10
22.50000783251016
 20
666.4999513561447
  0
LWPOLYLINE
  5
8AE4
330
8AD1
100
AcDbEntity
  8
TOILET
100
AcDbPolyline
 90
6
 70
0
 10
22.50000783251016
 20
623.4999513561447
 42
0.4142135623730951
 10
24.00000783251016
 20
621.9999513561447
 10
29.96269439967728
 20
621.9999513561447
 42
0.0671641791044573
 10
29.96269439967728
 20
667.9999513561447
 10
24.00000783251016
 20
667.9999513561447
 42
0.4142135623730951
 10
22.50000783251016
 20
666.4999513561447
  0
LWPOLYLINE
  5
8AE5
330
8AD1
100
AcDbEntity
  8
TOILET
100
AcDbPolyline
 90
6
 70
0
 10
7.500007832510164
 20
660.9999513561447
 10
3.000007832510164
 20
660.9999513561447
 42
0.4142135623730951
 10
7.832510164e-06
 20
657.9999513561447
 10
7.832510164e-06
 20
631.9999513561447
 42
0.4142135623730951
 10
3.000007832510164
 20
628.9999513561447
 10
7.500007832510164
 20
628.9999513561447
  0
LINE
  5
8AE6
330
8AD1
100
AcDbEntity
  8
TOILET
100
AcDbLine
 10
47.25000783251016
 20
732.9999513561447
 30
0.0
 11
47.25000783251016
 21
729.9999513561447
 31
0.0
  0
LINE
  5
8AE7
330
8AD1
100
AcDbEntity
  8
TOILET
100
AcDbLine
 10
67.75000783251016
 20
732.9999513561447
 30
0.0
 11
67.75000783251016
 21
729.9999513561447
 31
0.0
  0
CIRCLE
  5
8AE8
330
8AD1
100
AcDbEntity
  8
TOILET
100
AcDbCircle
 10
277.5000078325102
 20
469.9999513561447
 30
0.0
 40
10.0
  0
CIRCLE
  5
8AE9
330
8AD1
100
AcDbEntity
  8
TOILET
100
AcDbCircle
 10
137.5000078325101
 20
469.9999513561447
 30
0.0
 40
10.0
  0
LWPOLYLINE
  5
8AEA
330
8AD1
100
AcDbEntity
  8
TOILET
100
AcDbPolyline
 90
6
 70
1
 10
87.50000783251016
 20
749.9999513561447
 10
27.50000783251016
 20
749.9999513561447
 10
27.50000783251016
 20
743.9999513561446
 42
0.4142135623730951
 10
38.50000783251017
 20
732.9999513561447
 10
76.50000783251016
 20
732.9999513561447
 42
0.4142135623730951
 10
87.50000783251016
 20
743.9999513561446
  0
ENDBLK
  5
8AEB
330
8AD1
100
AcDbEntity
  8
0
100
AcDbBlockEnd
  0
BLOCK
  5
8AEE
330
8AEC
100
AcDbEntity
  8
0
100
AcDbBlockBegin
  2
COK3
 70
0
 10
0.0
 20
0.0
 30
0.0
  3
COK3
  1

  0
3DFACE
  5
8AEF
330
8AEC
100
AcDbEntity
  8
FUR
100
AcDbFace
 10
8.876688537672633
 20
13.93094726295385
 30
1.42e-14
 11
15.7367294645519
 21
3.569700899221061
 31
1.42e-14
 12
49.08907812376992
 22
25.65183935802906
 32
30.00000000000002
 13
42.22903719689066
 23
36.01308572176185
 33
30.00000000000002
1001
AcDbBlockRepETag
1070
1
1071
0
1005
8AEF
  0
LINE
  5
8AF0
330
8AEC
100
AcDbEntity
  8
FUR
100
AcDbLine
 10
15.7367294645519
 20
3.569700899221061
 30
0.0
 11
49.08907812376992
 21
25.65183935802906
 31
0.0
1001
AcDbBlockRepETag
1070
1
1071
1
1005
8AF0
  0
3DFACE
  5
8AF1
330
8AEC
100
AcDbEntity
  8
FUR
100
AcDbFace
 10
15.7367294645519
 20
3.569700899221061
 30
1.42e-14
 11
49.08907812376992
 21
25.65183935802906
 31
30.00000000000002
 12
15.7367294645519
 22
3.569700899221061
 32
10.00000000000001
 13
15.7367294645519
 23
3.569700899221061
 33
10.00000000000001
1001
AcDbBlockRepETag
1070
1
1071
2
1005
8AF1
  0
3DFACE
  5
8AF2
330
8AEC
100
AcDbEntity
  8
FUR
100
AcDbFace
 10
49.08907812376992
 20
25.65183935802906
 30
30.00000000000002
 11
42.22903719689066
 21
36.01308572176185
 31
30.00000000000002
 12
8.876688537672633
 22
13.93094726295385
 32
10.00000000000001
 13
15.7367294645519
 23
3.569700899221061
 33
10.00000000000001
1001
AcDbBlockRepETag
1070
1
1071
3
1005
8AF2
  0
3DFACE
  5
8AF3
330
8AEC
100
AcDbEntity
  8
FUR
100
AcDbFace
 10
42.22903719689066
 20
36.01308572176185
 30
30.00000000000002
 11
8.876688537672633
 21
13.93094726295385
 31
1.42e-14
 12
8.876688537672633
 22
13.93094726295385
 32
10.00000000000001
 13
42.22903719689066
 23
36.01308572176185
 33
30.00000000000002
1001
AcDbBlockRepETag
1070
1
1071
4
1005
8AF3
  0
3DFACE
  5
8AF4
330
8AEC
100
AcDbEntity
  8
FUR
100
AcDbFace
 10
4.966542820883205
 20
-26.09239652537599
 30
-69.99999999999999
 11
2.899756994092058
 21
-15.46762905161176
 31
1.42e-14
 12
-9.277532029861504
 22
-12.99190294488471
 32
1.42e-14
 13
-15.32893888570652
 23
-21.96618634749757
 33
-69.99999999999999
1001
AcDbBlockRepETag
1070
1
1071
5
1005
8AF4
  0
3DFACE
  5
8AF5
330
8AEC
100
AcDbEntity
  8
FUR
100
AcDbFace
 10
-15.32893888570652
 20
-21.96618634749757
 30
-69.99999999999999
 11
-26.76234043050499
 21
-4.697442407942617
 31
-69.99999999999999
 12
-16.13757295674077
 22
-2.630656581151924
 32
1.42e-14
 13
-9.277532029861504
 23
-12.99190294488471
 33
1.42e-14
1001
AcDbBlockRepETag
1070
1
1071
6
1005
8AF5
  0
3DFACE
  5
8AF6
330
8AEC
100
AcDbEntity
  8
FUR
100
AcDbFace
 10
-26.76234043050499
 20
-4.697442407942617
 30
-69.99999999999999
 11
-16.13757295674077
 21
-2.630656581151924
 31
1.42e-14
 12
-13.66184685001371
 22
9.546632442801638
 32
1.42e-14
 13
-22.63613025262657
 23
15.59803929864665
 33
-69.99999999999999
1001
AcDbBlockRepETag
1070
1
1071
7
1005
8AF6
  0
3DFACE
  5
8AF7
330
8AEC
100
AcDbEntity
  8
FUR
100
AcDbFace
 10
22.2352867604377
 20
-14.65899498057751
 30
-69.99999999999999
 11
13.26100335782484
 21
-8.607588124732501
 31
1.42e-14
 12
2.899756994092058
 22
-15.46762905161176
 32
1.42e-14
 13
4.966542820883205
 23
-26.09239652537599
 33
-69.99999999999999
1001
AcDbBlockRepETag
1070
1
1071
8
1005
8AF7
  0
3DFACE
  5
8AF8
330
8AEC
100
AcDbEntity
  8
FUR
100
AcDbFace
 10
-22.63613025262657
 20
15.59803929864665
 30
-69.99999999999999
 11
-13.66184685001371
 21
9.546632442801638
 31
1.42e-14
 12
-3.300600486280927
 22
16.4066733696809
 32
1.42e-14
 13
-5.367386313072074
 23
27.03144084344513
 33
-69.99999999999999
1001
AcDbBlockRepETag
1070
1
1071
9
1005
8AF8
  0
3DFACE
  5
8AF9
330
8AEC
100
AcDbEntity
  8
FUR
100
AcDbFace
 10
22.2352867604377
 20
-14.65899498057751
 30
-69.99999999999999
 11
26.36149693831612
 21
5.636486726011753
 31
-69.99999999999999
 12
15.7367294645519
 22
3.569700899221061
 32
1.42e-14
 13
13.26100335782484
 23
-8.607588124732501
 33
1.42e-14
1001
AcDbBlockRepETag
1070
1
1071
10
1005
8AF9
  0
3DFACE
  5
8AFA
330
8AEC
100
AcDbEntity
  8
FUR
100
AcDbFace
 10
26.36149693831612
 20
5.636486726011753
 30
-69.99999999999999
 11
15.7367294645519
 21
3.569700899221061
 31
1.42e-14
 12
8.876688537672633
 22
13.93094726295385
 32
1.42e-14
 13
14.92809539351765
 23
22.90523066556671
 33
-69.99999999999999
1001
AcDbBlockRepETag
1070
1
1071
11
1005
8AFA
  0
3DFACE
  5
8AFB
330
8AEC
100
AcDbEntity
  8
FUR
100
AcDbFace
 10
14.92809539351765
 20
22.90523066556671
 30
-69.99999999999999
 11
-5.367386313072074
 21
27.03144084344513
 31
-69.99999999999999
 12
-3.300600486280927
 22
16.4066733696809
 32
1.42e-14
 13
8.876688537672633
 23
13.93094726295385
 33
1.42e-14
1001
AcDbBlockRepETag
1070
1
1071
12
1005
8AFB
  0
3DFACE
  5
8AFC
330
8AEC
100
AcDbEntity
  8
FUR
100
AcDbFace
 10
34.69958410312074
 20
11.15702134071398
 30
-49.99999999999999
 11
26.36149693831612
 21
5.636486726011753
 31
-69.99999999999999
 12
15.7367294645519
 22
3.569700899221061
 32
1.42e-14
 13
34.69958410312074
 23
11.15702134071398
 33
-29.99999999999999
1001
AcDbBlockRepETag
1070
1
1071
13
1005
8AFC
  0
3DFACE
  5
8AFD
330
8AEC
100
AcDbEntity
  8
FUR
100
AcDbFace
 10
14.92809539351765
 20
22.90523066556671
 30
-69.99999999999999
 11
23.26618255832227
 21
28.42576528026894
 31
-49.99999999999999
 12
23.26618255832227
 22
28.42576528026894
 32
-29.99999999999999
 13
8.876688537672633
 23
13.93094726295385
 33
1.42e-14
1001
AcDbBlockRepETag
1070
1
1071
14
1005
8AFD
  0
3DFACE
  5
8AFE
330
8AEC
100
AcDbEntity
  8
FUR
100
AcDbFace
 10
115.2221053649659
 20
70.6795534726225
 30
20.00000000000001
 11
115.2221053649659
 21
70.6795534726225
 31
1.42e-14
 12
34.69958410312074
 22
11.15702134071398
 32
-49.99999999999999
 13
34.69958410312074
 23
11.15702134071398
 33
-29.99999999999999
1001
AcDbBlockRepETag
1070
1
1071
15
1005
8AFE
  0
3DFACE
  5
8AFF
330
8AEC
100
AcDbEntity
  8
FUR
100
AcDbFace
 10
34.69958410312074
 20
11.15702134071398
 30
-49.99999999999999
 11
23.26618255832227
 21
28.42576528026894
 31
-49.99999999999999
 12
109.5054045925667
 22
79.31392544239952
 32
1.42e-14
 13
115.2221053649659
 23
70.6795534726225
 33
1.42e-14
1001
AcDbBlockRepETag
1070
1
1071
16
1005
8AFF
  0
3DFACE
  5
8B00
330
8AEC
100
AcDbEntity
  8
FUR
100
AcDbFace
 10
109.5054045925667
 20
79.31392544239952
 30
1.42e-14
 11
109.5054045925667
 21
79.31392544239952
 31
20.00000000000001
 12
23.26618255832227
 22
28.42576528026894
 32
-29.99999999999999
 13
23.26618255832227
 23
28.42576528026894
 33
-49.99999999999999
1001
AcDbBlockRepETag
1070
1
1071
17
1005
8B00
  0
LWPOLYLINE
  5
8B01
330
8AEC
100
AcDbEntity
  8
FUR
100
AcDbPolyline
 90
8
 70
1
 39
10.0
 10
-15.32893888570652
 20
-21.96618634749757
 10
4.966542820883205
 20
-26.09239652537599
 10
22.2352867604377
 20
-14.65899498057751
 10
26.36149693831612
 20
5.636486726011753
 10
14.92809539351765
 20
22.90523066556671
 10
-5.367386313072074
 20
27.03144084344513
 10
-22.63613025262657
 20
15.59803929864665
 10
-26.76234043050499
 20
-4.697442407942617
1001
AcDbBlockRepETag
1070
1
1071
18
1005
8B01
  0
3DFACE
  5
8B02
330
8AEC
100
AcDbEntity
  8
FUR
100
AcDbFace
 10
14.92809539351765
 20
22.90523066556671
 30
-69.99999999999999
 11
23.26618255832227
 21
28.42576528026894
 31
-49.99999999999999
 12
34.69958410312074
 22
11.15702134071398
 32
-49.99999999999999
 13
26.36149693831612
 23
5.636486726011753
 33
-69.99999999999999
1001
AcDbBlockRepETag
1070
1
1071
19
1005
8B02
  0
3DFACE
  5
8B03
330
8AEC
100
AcDbEntity
  8
FUR
100
AcDbFace
 10
23.26618255832227
 20
28.42576528026894
 30
-29.99999999999999
 11
8.876688537672633
 21
13.93094726295385
 31
1.42e-14
 12
15.7367294645519
 22
3.569700899221061
 32
1.42e-14
 13
34.69958410312074
 23
11.15702134071398
 33
-29.99999999999999
1001
AcDbBlockRepETag
1070
1
1071
20
1005
8B03
  0
3DFACE
  5
8B04
330
8AEC
100
AcDbEntity
  8
FUR
100
AcDbFace
 10
109.5054045925667
 20
79.31392544239952
 30
20.00000000000001
 11
23.26618255832227
 21
28.42576528026894
 31
-29.99999999999999
 12
34.69958410312074
 22
11.15702134071398
 32
-29.99999999999999
 13
115.2221053649659
 23
70.6795534726225
 33
20.00000000000001
1001
AcDbBlockRepETag
1070
1
1071
21
1005
8B04
  0
LWPOLYLINE
  5
8B05
330
8AEC
100
AcDbEntity
  8
FUR
100
AcDbPolyline
 90
8
 70
1
 39
-10.0
 10
-9.277532029861504
 20
-12.99190294488471
 10
2.899756994092058
 20
-15.46762905161176
 10
13.26100335782484
 20
-8.607588124732501
 10
15.7367294645519
 20
3.569700899221061
 10
8.876688537672633
 20
13.93094726295385
 10
-3.300600486280927
 20
16.4066733696809
 10
-13.66184685001371
 20
9.546632442801638
 10
-16.13757295674077
 20
-2.630656581151924
1001
AcDbBlockRepETag
1070
1
1071
22
1005
8B05
  0
LWPOLYLINE
  5
8B06
330
8AEC
100
AcDbEntity
  8
FUR
100
AcDbPolyline
 90
8
 70
1
 10
-9.277532029861504
 20
-12.99190294488471
 10
2.899756994092058
 20
-15.46762905161176
 10
13.26100335782484
 20
-8.607588124732501
 10
15.7367294645519
 20
3.569700899221061
 10
8.876688537672633
 20
13.93094726295385
 10
-3.300600486280927
 20
16.4066733696809
 10
-13.66184685001371
 20
9.546632442801638
 10
-16.13757295674077
 20
-2.630656581151924
1001
AcDbBlockRepETag
1070
1
1071
23
1005
8B06
  0
3DFACE
  5
8B07
330
8AEC
100
AcDbEntity
  8
FUR
100
AcDbFace
 10
15.7367294645519
 20
3.569700899221061
 30
10.00000000000001
 11
13.26100335782484
 21
-8.607588124732501
 31
10.00000000000001
 12
2.899756994092058
 22
-15.46762905161176
 32
10.00000000000001
 13
-9.277532029861504
 23
-12.99190294488471
 33
10.00000000000001
 70
8
1001
AcDbBlockRepETag
1070
1
1071
24
1005
8B07
  0
3DFACE
  5
8B08
330
8AEC
100
AcDbEntity
  8
FUR
100
AcDbFace
 10
-9.277532029861504
 20
-12.99190294488471
 30
10.00000000000001
 11
-16.13757295674077
 21
-2.630656581151924
 31
10.00000000000001
 12
8.876688537672633
 22
13.93094726295385
 32
10.00000000000001
 13
15.7367294645519
 23
3.569700899221061
 33
10.00000000000001
 70
10
1001
AcDbBlockRepETag
1070
1
1071
25
1005
8B08
  0
3DFACE
  5
8B09
330
8AEC
100
AcDbEntity
  8
FUR
100
AcDbFace
 10
-16.13757295674077
 20
-2.630656581151924
 30
10.00000000000001
 11
-13.66184685001371
 21
9.546632442801638
 31
10.00000000000001
 12
-3.300600486280927
 22
16.4066733696809
 32
10.00000000000001
 13
8.876688537672633
 23
13.93094726295385
 33
10.00000000000001
 70
8
1001
AcDbBlockRepETag
1070
1
1071
26
1005
8B09
  0
3DFACE
  5
8B0A
330
8AEC
100
AcDbEntity
  8
FUR
100
AcDbFace
 10
113.8222737789879
 20
80.10253019057107
 30
40.00000000000001
 11
109.5054045925667
 21
79.31392544239952
 31
20.00000000000001
 12
115.2221053649659
 22
70.6795534726225
 32
20.00000000000001
 13
117.6212366988452
 23
74.352021160591
 33
40.00000000000001
1001
AcDbBlockRepETag
1070
1
1071
27
1005
8B0A
  0
3DFACE
  5
8B0B
330
8AEC
100
AcDbEntity
  8
FUR
100
AcDbFace
 10
116.9028792237136
 20
86.26778310219288
 30
40.00000000000001
 11
114.3702372771413
 21
90.10145578884566
 31
-9.999999999999986
 12
109.2358948692654
 22
79.82603426947571
 32
-9.999999999999986
 13
109.5054045925667
 23
79.31392544239952
 33
1.42e-14
 70
8
1001
AcDbBlockRepETag
1070
1
1071
28
1005
8B0B
  0
3DFACE
  5
8B0C
330
8AEC
100
AcDbEntity
  8
FUR
100
AcDbFace
 10
109.5054045925667
 20
79.31392544239952
 30
1.42e-14
 11
109.5054045925667
 21
79.31392544239952
 31
20.00000000000001
 12
113.8222737789879
 22
80.10253019057107
 32
40.00000000000001
 13
116.9028792237136
 23
86.26778310219288
 33
40.00000000000001
 70
8
1001
AcDbBlockRepETag
1070
1
1071
29
1005
8B0C
  0
3DFACE
  5
8B0D
330
8AEC
100
AcDbEntity
  8
FUR
100
AcDbFace
 10
114.3702372771413
 20
90.10145578884566
 30
-9.999999999999986
 11
116.9028792237136
 21
86.26778310219288
 31
40.00000000000001
 12
123.7824475882967
 22
86.68252698383458
 32
40.00000000000001
 13
125.8361845514468
 23
90.79269559158276
 33
-9.999999999999986
1001
AcDbBlockRepETag
1070
1
1071
30
1005
8B0D
  0
3DFACE
  5
8B0E
330
8AEC
100
AcDbEntity
  8
FUR
100
AcDbFace
 10
125.8361845514468
 20
90.79269559158276
 30
-9.999999999999986
 11
132.167789417876
 21
81.20851387494984
 31
-9.999999999999986
 12
127.5814105081535
 22
80.93201795385448
 32
40.00000000000001
 13
123.7824475882967
 23
86.68252698383458
 33
40.00000000000001
1001
AcDbBlockRepETag
1070
1
1071
31
1005
8B0E
  0
3DFACE
  5
8B0F
330
8AEC
100
AcDbEntity
  8
FUR
100
AcDbFace
 10
127.0334470100001
 20
70.9330923555799
 30
-9.999999999999986
 11
124.5008050634283
 21
74.76676504223269
 31
40.00000000000001
 12
127.5814105081535
 22
80.93201795385448
 32
40.00000000000001
 13
132.167789417876
 23
81.20851387494984
 33
-9.999999999999986
1001
AcDbBlockRepETag
1070
1
1071
32
1005
8B0F
  0
3DFACE
  5
8B10
330
8AEC
100
AcDbEntity
  8
FUR
100
AcDbFace
 10
117.6212366988452
 20
74.352021160591
 30
40.00000000000001
 11
124.5008050634283
 21
74.76676504223269
 31
40.00000000000001
 12
127.0334470100001
 22
70.9330923555799
 32
-9.999999999999986
 13
115.567499735695
 23
70.24185255284283
 33
-9.999999999999986
 70
8
1001
AcDbBlockRepETag
1070
1
1071
33
1005
8B10
  0
3DFACE
  5
8B11
330
8AEC
100
AcDbEntity
  8
FUR
100
AcDbFace
 10
115.567499735695
 20
70.24185255284283
 30
-9.999999999999986
 11
115.2221053649659
 21
70.6795534726225
 31
1.42e-14
 12
115.2221053649659
 22
70.6795534726225
 32
20.00000000000001
 13
117.6212366988452
 23
74.352021160591
 33
40.00000000000001
 70
8
1001
AcDbBlockRepETag
1070
1
1071
34
1005
8B11
  0
3DFACE
  5
8B12
330
8AEC
100
AcDbEntity
  8
FUR
100
AcDbFace
 10
109.5054045925667
 20
79.31392544239952
 30
1.42e-14
 11
109.2358948692654
 21
79.82603426947571
 31
-9.999999999999986
 12
115.567499735695
 22
70.24185255284283
 32
-9.999999999999986
 13
115.2221053649659
 23
70.6795534726225
 33
1.42e-14
1001
AcDbBlockRepETag
1070
1
1071
35
1005
8B12
  0
3DFACE
  5
8B13
330
8AEC
100
AcDbEntity
  8
FUR
100
AcDbFace
 10
116.9028792237136
 20
86.26778310219288
 30
40.00000000000001
 11
123.7824475882967
 21
86.68252698383458
 31
40.00000000000001
 12
127.5814105081535
 22
80.93201795385448
 32
40.00000000000001
 13
124.5008050634283
 23
74.76676504223269
 33
40.00000000000001
 70
8
1001
AcDbBlockRepETag
1070
1
1071
36
1005
8B13
  0
3DFACE
  5
8B14
330
8AEC
100
AcDbEntity
  8
FUR
100
AcDbFace
 10
124.5008050634283
 20
74.76676504223269
 30
40.00000000000001
 11
117.6212366988452
 21
74.352021160591
 31
40.00000000000001
 12
113.8222737789879
 22
80.10253019057107
 32
40.00000000000001
 13
116.9028792237136
 23
86.26778310219288
 33
40.00000000000001
 70
8
1001
AcDbBlockRepETag
1070
1
1071
37
1005
8B14
  0
ENDBLK
  5
8B15
330
8AEC
100
AcDbEntity
  8
0
100
AcDbBlockEnd
  0
BLOCK
  5
8B19
330
8B16
100
AcDbEntity
  8
0
100
AcDbBlockBegin
  2
A$C50B84BD0
 70
0
 10
0.0
 20
0.0
 30
0.0
  3
A$C50B84BD0
  1

  0
LWPOLYLINE
  5
8B1A
330
8B16
100
AcDbEntity
  8
HID
100
AcDbPolyline
 90
4
 70
1
 10
889.9999533197405
 20
129.9999635233471
 10
889.9999533197405
 20
789.9999635233471
 10
-4.66802594019e-05
 20
789.9999635233471
 10
-4.66802594019e-05
 20
129.9999635233471
  0
LWPOLYLINE
  5
8B1B
330
8B16
100
AcDbEntity
  8
HID
100
AcDbPolyline
 90
4
 70
1
 10
389.9999533197406
 20
49.99996352334711
 10
389.9999533197406
 20
119.9999635233471
 10
-4.66802594019e-05
 20
119.9999635233471
 10
-4.66802594019e-05
 20
49.99996352334711
  0
LWPOLYLINE
  5
8B1C
330
8B16
100
AcDbEntity
  8
HID
100
AcDbPolyline
 90
4
 70
1
 10
889.9999533197405
 20
49.99996352334711
 10
889.9999533197405
 20
119.9999635233471
 10
399.9999533197406
 20
119.9999635233471
 10
399.9999533197406
 20
49.99996352334711
  0
LWPOLYLINE
  5
8B1D
330
8B16
100
AcDbEntity
  8
HID
100
AcDbPolyline
 90
2
 70
0
 10
19.9999533197406
 20
129.9999635233471
 10
19.9999533197406
 20
119.9999635233471
  0
LWPOLYLINE
  5
8B1E
330
8B16
100
AcDbEntity
  8
HID
100
AcDbPolyline
 90
2
 70
0
 10
369.9999533197406
 20
119.9999635233471
 10
369.9999533197406
 20
129.9999635233471
  0
LWPOLYLINE
  5
8B1F
330
8B16
100
AcDbEntity
  8
HID
100
AcDbPolyline
 90
2
 70
0
 10
419.9999533197406
 20
119.9999635233471
 10
419.9999533197406
 20
129.9999635233471
  0
LWPOLYLINE
  5
8B20
330
8B16
100
AcDbEntity
  8
HID
100
AcDbPolyline
 90
2
 70
0
 10
869.9999533197406
 20
119.9999635233471
 10
869.9999533197406
 20
129.9999635233471
  0
LWPOLYLINE
  5
8B21
330
8B16
100
AcDbEntity
  8
HID
100
AcDbPolyline
 90
6
 70
0
 10
379.9999533197406
 20
49.99996352334711
 10
379.9999533197406
 20
9.999963523347105
 42
-0.4142135623730951
 10
369.9999533197406
 20
-3.64766528946e-05
 10
349.9999533197406
 20
-3.64766528946e-05
 42
-0.4142135623730951
 10
339.9999533197406
 20
9.999963523347105
 10
339.9999533197406
 20
49.99996352334711
  0
LWPOLYLINE
  5
8B22
330
8B16
100
AcDbEntity
  8
HID
100
AcDbPolyline
 90
6
 70
0
 10
409.9999533197405
 20
49.99996352334711
 10
409.9999533197405
 20
9.999963523347105
 42
0.414213562373095
 10
419.9999533197406
 20
-3.64766528946e-05
 10
439.9999533197406
 20
-3.64766528946e-05
 42
0.4142135623730951
 10
449.9999533197406
 20
9.999963523347105
 10
449.9999533197406
 20
49.99996352334711
  0
LWPOLYLINE
  5
8B23
330
8B16
100
AcDbEntity
  8
HID
100
AcDbPolyline
 90
6
 70
0
 10
844.9999533197406
 20
789.9999635233471
 10
808.6956527295406
 20
819.0434039955
 42
0.1703036214138019
 10
777.4609003518271
 20
829.999963523347
 10
112.5390062876467
 20
829.999963523347
 42
0.170303621413833
 10
81.30425390992605
 20
819.0434039955
 10
44.99995331974059
 20
789.9999635233471
  0
INSERT
  5
8B24
330
8B16
100
AcDbEntity
  8
HID
100
AcDbBlockReference
  2
*B11
 10
-4.66802594019e-05
 20
129.9999635233471
 30
0.0
1001
XP_RFXOPEN
1071
0
1010
-4.66802594019e-05
1020
129.9999635233471
1030
0.0
1013
890.0
1023
660.0
1033
0.0
1013
1e-16
1023
1.0
1033
0.0
  0
ENDBLK
  5
8B25
330
8B16
100
AcDbEntity
  8
0
100
AcDbBlockEnd
  0
BLOCK
  5
8B29
330
8B26
100
AcDbEntity
  8
0
100
AcDbBlockBegin
  2
A$C4B5353AF
 70
0
 10
0.0
 20
0.0
 30
0.0
  3
A$C4B5353AF
  1

  0
INSERT
  5
8B2A
330
8B26
100
AcDbEntity
  8
FUR
100
AcDbBlockReference
  2
COK3
 10
439.5272721365181
 20
499.8073662012302
 30
0.0
 50
269.0506758369222
1001
AcDbBlockRepETag
1070
1
1071
126
1005
0
  0
LWPOLYLINE
  5
8B2B
330
8B26
100
AcDbEntity
  8
FUR
100
AcDbPolyline
 90
8
 70
1
 10
810.0000504513372
 20
529.9999813594586
 42
-0.4142135623730951
 10
880.0000504513155
 20
459.9999813594658
 10
880.0000504513301
 20
69.99998135946225
 42
-0.4142135623730959
 10
810.00005045133
 20
-1.86405377463e-05
 10
70.00005045130818
 20
-1.86405522982e-05
 42
-0.4142135623730951
 10
5.04513227497e-05
 20
69.9999813594568
 10
5.04513154738e-05
 20
459.9999813594441
 42
-0.4142135623730951
 10
70.00005045131547
 20
529.9999813594604
1001
AcDbBlockRepETag
1070
1
1071
127
1005
0
  0
CIRCLE
  5
8B2C
330
8B26
100
AcDbEntity
  8
FUR
100
AcDbCircle
 10
440.0000504513299
 20
299.9999813594595
 30
0.0
 40
78.5
1001
AcDbBlockRepETag
1070
1
1071
128
1005
0
  0
CIRCLE
  5
8B2D
330
8B26
100
AcDbEntity
  8
FUR
100
AcDbCircle
 10
440.0000504513299
 20
299.9999813594595
 30
0.0
 40
68.5
1001
AcDbBlockRepETag
1070
1
1071
129
1005
0
  0
LWPOLYLINE
  5
8B2E
330
8B26
100
AcDbEntity
  8
FUR
100
AcDbPolyline
 90
8
 70
1
 10
130.00005045133
 20
29.99998135945862
 42
-0.4142135623730951
 10
30.0000504513082
 20
129.9999813594495
 10
30.0000504513082
 20
359.9999813594459
 42
-0.4142135623730951
 10
130.0000504513155
 20
459.9999813594531
 10
750.0000504513154
 20
459.9999813594585
 42
-0.4142135623730934
 10
850.0000504513081
 20
359.9999813594623
 10
850.0000504513081
 20
129.9999813594659
 42
-0.4142135623730951
 10
750.00005045133
 20
29.99998135946407
1001
AcDbBlockRepETag
1070
1
1071
130
1005
0
  0
LWPOLYLINE
  5
8B2F
330
8B26
100
AcDbEntity
  8
FUR
100
AcDbPolyline
 90
16
 70
1
 10
810.0000504513372
 20
9.999981359465892
 10
70.00005045132275
 20
9.99998135945134
 42
-0.4142135623730951
 10
10.0000504513373
 20
69.99998135945862
 10
10.00005045133002
 20
459.9999813594477
 42
-0.4142135623730951
 10
70.00005045130092
 20
519.9999813594549
 10
285.0000504513009
 20
519.999981359453
 42
-0.3027756377319953
 10
312.6923581436422
 20
501.5384428979123
 10
318.1410760923463
 20
488.4615198209957
 42
0.3027756377319938
 10
345.8333837846658
 20
469.999981359464
 10
534.1667171179942
 20
469.9999813594677
 42
0.3027756377319953
 10
561.8590248102846
 20
488.4615198209957
 10
567.3077427590105
 20
501.5384428979104
 42
-0.3027756377319953
 10
595.0000504513009
 20
519.999981359453
 10
810.0000504513154
 20
519.9999813594713
 42
-0.4142135623730928
 10
870.000050451301
 20
459.9999813594622
 10
870.0000504513154
 20
69.99998135945862
 42
-0.4142135623730906
1001
AcDbBlockRepETag
1070
1
1071
131
1005
0
  0
ENDBLK
  5
8B30
330
8B26
100
AcDbEntity
  8
0
100
AcDbBlockEnd
  0
BLOCK
  5
8B34
330
8B31
100
AcDbEntity
  8
0
100
AcDbBlockBegin
  2
A$C4DDB60C8
 70
0
 10
0.0
 20
0.0
 30
0.0
  3
A$C4DDB60C8
  1

  0
LWPOLYLINE
  5
8B35
330
8B31
100
AcDbEntity
  8
FUR
100
AcDbPolyline
 90
8
 70
1
 10
4.999946455514873
 20
3.30256880261e-05
 10
574.9999464555148
 20
3.30256880261e-05
 42
0.4142135623730951
 10
579.9999464555148
 20
5.000033025688026
 10
579.9999464555148
 20
505.000033025688
 42
0.4142135623730951
 10
574.9999464555148
 20
510.000033025688
 10
4.999946455514873
 20
510.0000330256875
 42
0.4142135623730951
 10
-5.35444851266e-05
 20
505.0000330256875
 10
-5.35444851266e-05
 20
5.000033025688026
 42
0.4142135623730956
  0
LWPOLYLINE
  5
8B36
330
8B31
100
AcDbEntity
  8
FUR
100
AcDbPolyline
 90
10
 70
1
 10
541.5948589636973
 20
50.00003302568803
 10
559.9999464555148
 20
50.00003302568803
 42
0.4142135623730956
 10
569.9999464555149
 20
60.00003302568803
 10
569.9999464555149
 20
490.0000330256879
 42
0.4142135623730951
 10
559.9999464555148
 20
500.000033025688
 10
19.99994645551487
 20
500.000033025688
 42
0.4142135623730951
 10
9.999946455514873
 20
490.0000330256879
 10
9.999946455514873
 20
60.00003302568803
 42
0.4142135623730946
 10
19.99994645551487
 20
50.00003302568803
 10
38.40503394733242
 20
50.00003302568803
 42
-0.0794928633517162
  0
LWPOLYLINE
  5
8B37
330
8B31
100
AcDbEntity
  8
FUR
100
AcDbPolyline
 90
10
 70
1
 10
542.0713649067184
 20
56.00003302568802
 10
559.9999464555148
 20
56.00003302568802
 42
0.4142135623730951
 10
563.9999464555148
 20
60.00003302568803
 10
563.9999464555148
 20
490.0000330256879
 42
0.4142135623730951
 10
559.9999464555148
 20
494.000033025688
 10
19.99994645551487
 20
494.000033025688
 42
0.4142135623730951
 10
15.99994645551487
 20
490.0000330256879
 10
15.99994645551487
 20
60.00003302568803
 42
0.4142135623730951
 10
19.99994645551487
 20
56.00003302568802
 10
37.92852800431138
 20
56.00003302568802
 42
-0.0793425931542966
  0
LWPOLYLINE
  5
8B38
330
8B31
100
AcDbEntity
  8
FUR
100
AcDbPolyline
 90
4
 70
0
 10
564.9999464555003
 20
5.00003302568939
 10
539.9999464555003
 20
30.00003302568939
 42
0.0799999999999967
 10
39.99994645552215
 20
30.00003302568939
 10
14.99994645552215
 20
5.00003302568939
  0
LWPOLYLINE
  5
8B39
330
8B31
100
AcDbEntity
  8
FUR
100
AcDbPolyline
 90
3
 70
0
 10
292.9999464555148
 20
494.000033025688
 10
292.9999464555148
 20
316.000033025688
 10
563.9999464555148
 20
316.0000330256876
  0
LWPOLYLINE
  5
8B3A
330
8B31
100
AcDbEntity
  8
FUR
100
AcDbPolyline
 90
3
 70
0
 10
15.99994645551487
 20
310.0000330256876
 10
286.9999464555149
 20
310.0000330256876
 10
286.9999464555149
 20
75.99721788401621
  0
LWPOLYLINE
  5
8B3B
330
8B31
100
AcDbEntity
  8
FUR
100
AcDbPolyline
 90
3
 70
0
 10
292.9999464555148
 20
75.99721788401621
 10
292.9999464555148
 20
310.0000330256876
 10
563.9999464555148
 20
310.0000330256876
  0
LWPOLYLINE
  5
8B3C
330
8B31
100
AcDbEntity
  8
FUR
100
AcDbPolyline
 90
3
 70
0
 10
15.99994645551487
 20
316.0000330256876
 10
286.9999464555149
 20
316.000033025688
 10
286.9999464555149
 20
494.000033025688
  0
LWPOLYLINE
  5
8B3D
330
8B31
100
AcDbEntity
  8
FUR
100
AcDbPolyline
 90
4
 70
0
 10
15.99994645551487
 20
196.0000330256871
 10
134.4999464555149
 20
196.0000330256871
 42
0.4142135623730951
 10
148.4999464555149
 20
210.0000330256871
 10
148.4999464555149
 20
310.0000330256876
  0
LWPOLYLINE
  5
8B3E
330
8B31
100
AcDbEntity
  8
FUR
100
AcDbPolyline
 90
4
 70
0
 10
148.4999464555149
 20
69.72489151772879
 10
148.4999464555149
 20
176.0000330256871
 42
-0.4142135623730951
 10
168.4999464555148
 20
196.0000330256871
 10
286.9999464555149
 20
196.0000330256871
  0
LWPOLYLINE
  5
8B3F
330
8B31
100
AcDbEntity
  8
FUR
100
AcDbPolyline
 90
4
 70
0
 10
431.4999464555149
 20
310.0000330256876
 10
431.4999464555149
 20
210.0000330256871
 42
0.414213562373093
 10
445.4999464555148
 20
196.0000330256876
 10
563.9999464555148
 20
196.0000330256871
  0
ARC
  5
8B40
330
8B31
100
AcDbEntity
  8
FUR
100
AcDbCircle
 10
151.4999464555149
 20
405.000033025688
 30
0.0
 40
37.5
100
AcDbArc
 50
94.5885657358868
 51
175.4114342642576
  0
ARC
  5
8B41
330
8B31
100
AcDbEntity
  8
FUR
100
AcDbCircle
 10
151.4999464555149
 20
405.000033025688
 30
0.0
 40
37.5
100
AcDbArc
 50
184.5885657357424
 51
265.4114342641132
  0
ARC
  5
8B42
330
8B31
100
AcDbEntity
  8
FUR
100
AcDbCircle
 10
151.4999464555149
 20
405.000033025688
 30
0.0
 40
37.5
100
AcDbArc
 50
274.5885657358869
 51
355.4114342642577
  0
ARC
  5
8B43
330
8B31
100
AcDbEntity
  8
FUR
100
AcDbCircle
 10
151.4999464555149
 20
405.000033025688
 30
0.0
 40
37.5
100
AcDbArc
 50
4.588565735742376
 51
85.41143426411315
  0
ARC
  5
8B44
330
8B31
100
AcDbEntity
  8
FUR
100
AcDbCircle
 10
151.4999464555149
 20
405.000033025688
 30
0.0
 40
42.5
100
AcDbArc
 50
94.04777419670548
 51
175.9522258031887
  0
ARC
  5
8B45
330
8B31
100
AcDbEntity
  8
FUR
100
AcDbCircle
 10
151.4999464555149
 20
405.000033025688
 30
0.0
 40
42.5
100
AcDbArc
 50
184.0477741968113
 51
265.9522258032946
  0
ARC
  5
8B46
330
8B31
100
AcDbEntity
  8
FUR
100
AcDbCircle
 10
151.4999464555149
 20
405.000033025688
 30
0.0
 40
42.5
100
AcDbArc
 50
274.0477741967055
 51
355.9522258031888
  0
ARC
  5
8B47
330
8B31
100
AcDbEntity
  8
FUR
100
AcDbCircle
 10
151.4999464555149
 20
405.000033025688
 30
0.0
 40
42.5
100
AcDbArc
 50
4.047774196811277
 51
85.95222580329452
  0
ARC
  5
8B48
330
8B31
100
AcDbEntity
  8
FUR
100
AcDbCircle
 10
428.4999464555149
 20
405.000033025688
 30
0.0
 40
37.5
100
AcDbArc
 50
4.588565735742376
 51
85.41143426411315
  0
ARC
  5
8B49
330
8B31
100
AcDbEntity
  8
FUR
100
AcDbCircle
 10
428.4999464555149
 20
405.000033025688
 30
0.0
 40
37.5
100
AcDbArc
 50
94.5885657358868
 51
175.4114342642576
  0
ARC
  5
8B4A
330
8B31
100
AcDbEntity
  8
FUR
100
AcDbCircle
 10
428.4999464555149
 20
405.000033025688
 30
0.0
 40
37.5
100
AcDbArc
 50
184.5885657357424
 51
265.4114342641132
  0
ARC
  5
8B4B
330
8B31
100
AcDbEntity
  8
FUR
100
AcDbCircle
 10
428.4999464555149
 20
405.000033025688
 30
0.0
 40
37.5
100
AcDbArc
 50
274.5885657358869
 51
355.4114342642577
  0
ARC
  5
8B4C
330
8B31
100
AcDbEntity
  8
FUR
100
AcDbCircle
 10
428.4999464555149
 20
405.000033025688
 30
0.0
 40
42.5
100
AcDbArc
 50
4.047774196811277
 51
85.95222580329452
  0
ARC
  5
8B4D
330
8B31
100
AcDbEntity
  8
FUR
100
AcDbCircle
 10
428.4999464555149
 20
405.000033025688
 30
0.0
 40
42.5
100
AcDbArc
 50
94.04777419670548
 51
175.9522258031887
  0
ARC
  5
8B4E
330
8B31
100
AcDbEntity
  8
FUR
100
AcDbCircle
 10
428.4999464555149
 20
405.000033025688
 30
0.0
 40
42.5
100
AcDbArc
 50
184.0477741968113
 51
265.9522258032946
  0
ARC
  5
8B4F
330
8B31
100
AcDbEntity
  8
FUR
100
AcDbCircle
 10
428.4999464555149
 20
405.000033025688
 30
0.0
 40
42.5
100
AcDbArc
 50
274.0477741967055
 51
355.9522258031888
  0
LWPOLYLINE
  5
8B50
330
8B31
100
AcDbEntity
  8
FUR
100
AcDbPolyline
 90
4
 70
0
 10
431.4999464555149
 20
494.000033025688
 10
431.4999464555149
 20
422.000033025688
 42
-0.4142135623730951
 10
411.4999464555149
 20
402.000033025688
 10
292.9999464555148
 20
402.000033025688
  0
LWPOLYLINE
  5
8B51
330
8B31
100
AcDbEntity
  8
FUR
100
AcDbPolyline
 90
4
 70
0
 10
292.9999464555148
 20
196.0000330256871
 10
411.4999464555149
 20
196.0000330256871
 42
-0.4142135623730948
 10
431.4999464555149
 20
176.0000330256871
 10
431.4999464555149
 20
69.72489151772925
  0
ARC
  5
8B52
330
8B31
100
AcDbEntity
  8
FUR
100
AcDbCircle
 10
151.4999464555149
 20
193.0000330256875
 30
0.0
 40
63.0
100
AcDbArc
 50
2.729402636787864
 51
87.27059736326046
  0
ARC
  5
8B53
330
8B31
100
AcDbEntity
  8
FUR
100
AcDbCircle
 10
151.4999464555149
 20
193.0000330256875
 30
0.0
 40
63.0
100
AcDbArc
 50
92.72940263673952
 51
177.2705973632121
  0
ARC
  5
8B54
330
8B31
100
AcDbEntity
  8
FUR
100
AcDbCircle
 10
151.4999464555149
 20
193.0000330256875
 30
0.0
 40
63.0
100
AcDbArc
 50
182.7294026367618
 51
267.2705973632605
  0
ARC
  5
8B55
330
8B31
100
AcDbEntity
  8
FUR
100
AcDbCircle
 10
151.4999464555149
 20
193.0000330256875
 30
0.0
 40
63.0
100
AcDbArc
 50
272.7294026367395
 51
357.2705973632121
  0
ARC
  5
8B56
330
8B31
100
AcDbEntity
  8
FUR
100
AcDbCircle
 10
151.4999464555149
 20
193.0000330256875
 30
0.0
 40
73.0
100
AcDbArc
 50
2.355284355769059
 51
87.64471564426019
  0
ARC
  5
8B57
330
8B31
100
AcDbEntity
  8
FUR
100
AcDbCircle
 10
151.4999464555149
 20
193.0000330256875
 30
0.0
 40
73.0
100
AcDbArc
 50
92.3552843557398
 51
177.6447156442309
  0
ARC
  5
8B58
330
8B31
100
AcDbEntity
  8
FUR
100
AcDbCircle
 10
151.4999464555149
 20
193.0000330256875
 30
0.0
 40
73.0
100
AcDbArc
 50
182.355284355769
 51
267.6447156442602
  0
ARC
  5
8B59
330
8B31
100
AcDbEntity
  8
FUR
100
AcDbCircle
 10
151.4999464555149
 20
193.0000330256875
 30
0.0
 40
73.0
100
AcDbArc
 50
272.3552843557399
 51
357.6447156442309
  0
ARC
  5
8B5A
330
8B31
100
AcDbEntity
  8
FUR
100
AcDbCircle
 10
428.4999464555149
 20
193.0000330256875
 30
0.0
 40
43.0
100
AcDbArc
 50
184.0006299615506
 51
265.9993700383122
  0
ARC
  5
8B5B
330
8B31
100
AcDbEntity
  8
FUR
100
AcDbCircle
 10
428.4999464555149
 20
193.0000330256875
 30
0.0
 40
43.0
100
AcDbArc
 50
274.0006299616879
 51
355.9993700384234
  0
ARC
  5
8B5C
330
8B31
100
AcDbEntity
  8
FUR
100
AcDbCircle
 10
428.4999464555149
 20
193.0000330256875
 30
0.0
 40
43.0
100
AcDbArc
 50
4.00062996157659
 51
85.99937003831216
  0
ARC
  5
8B5D
330
8B31
100
AcDbEntity
  8
FUR
100
AcDbCircle
 10
428.4999464555149
 20
193.0000330256875
 30
0.0
 40
43.0
100
AcDbArc
 50
94.00062996168784
 51
175.9993700384234
  0
ARC
  5
8B5E
330
8B31
100
AcDbEntity
  8
FUR
100
AcDbCircle
 10
428.4999464555149
 20
193.0000330256875
 30
0.0
 40
53.0
100
AcDbArc
 50
183.2448916717302
 51
266.7551083282869
  0
ARC
  5
8B5F
330
8B31
100
AcDbEntity
  8
FUR
100
AcDbCircle
 10
428.4999464555149
 20
193.0000330256875
 30
0.0
 40
53.0
100
AcDbArc
 50
273.244891671713
 51
356.7551083282698
  0
ARC
  5
8B60
330
8B31
100
AcDbEntity
  8
FUR
100
AcDbCircle
 10
428.4999464555149
 20
193.0000330256875
 30
0.0
 40
53.0
100
AcDbArc
 50
3.244891671730196
 51
86.75510832828697
  0
ARC
  5
8B61
330
8B31
100
AcDbEntity
  8
FUR
100
AcDbCircle
 10
428.4999464555149
 20
193.0000330256875
 30
0.0
 40
53.0
100
AcDbArc
 50
93.24489167171303
 51
176.7551083282698
  0
LWPOLYLINE
  5
8B62
330
8B31
100
AcDbEntity
  8
FUR
100
AcDbPolyline
 90
4
 70
0
 10
15.99994645551487
 20
408.000033025688
 10
134.4999464555149
 20
408.000033025688
 42
-0.4142135623730964
 10
154.4999464555148
 20
388.000033025688
 10
154.4999464555148
 20
316.000033025688
  0
LWPOLYLINE
  5
8B63
330
8B31
100
AcDbEntity
  8
FUR
100
AcDbPolyline
 90
4
 70
0
 10
154.4999464555148
 20
494.000033025688
 10
154.4999464555148
 20
422.000033025688
 42
0.4142135623730951
 10
168.4999464555148
 20
408.000033025688
 10
286.9999464555149
 20
408.000033025688
  0
LWPOLYLINE
  5
8B64
330
8B31
100
AcDbEntity
  8
FUR
100
AcDbPolyline
 90
4
 70
0
 10
425.4999464555148
 20
316.0000330256871
 10
425.4999464555148
 20
388.000033025688
 42
-0.4142135623730938
 10
445.4999464555148
 20
408.000033025688
 10
563.9999464555148
 20
408.000033025688
  0
LWPOLYLINE
  5
8B65
330
8B31
100
AcDbEntity
  8
FUR
100
AcDbPolyline
 90
4
 70
0
 10
425.4999464555148
 20
494.000033025688
 10
425.4999464555148
 20
422.000033025688
 42
-0.4142135623730951
 10
411.4999464555149
 20
408.000033025688
 10
292.9999464555148
 20
408.000033025688
  0
LWPOLYLINE
  5
8B66
330
8B31
100
AcDbEntity
  8
FUR
100
AcDbPolyline
 90
4
 70
0
 10
292.9999464555148
 20
190.0000330256871
 10
411.4999464555149
 20
190.0000330256871
 42
-0.4142135623730951
 10
425.4999464555148
 20
176.0000330256871
 10
425.4999464555148
 20
70.24671721624054
  0
LWPOLYLINE
  5
8B67
330
8B31
100
AcDbEntity
  8
FUR
100
AcDbPolyline
 90
4
 70
0
 10
15.99994645551487
 20
190.0000330256876
 10
134.4999464555149
 20
190.0000330256876
 42
0.4142135623730938
 10
154.4999464555148
 20
210.0000330256876
 10
154.4999464555148
 20
310.0000330256876
  0
LWPOLYLINE
  5
8B68
330
8B31
100
AcDbEntity
  8
FUR
100
AcDbPolyline
 90
4
 70
0
 10
154.4999464555148
 20
70.24671721624054
 10
154.4999464555148
 20
176.000033025688
 42
-0.4142135623730953
 10
168.4999464555148
 20
190.000033025688
 10
286.9999464555149
 20
190.0000330256871
  0
LWPOLYLINE
  5
8B69
330
8B31
100
AcDbEntity
  8
FUR
100
AcDbPolyline
 90
4
 70
0
 10
425.4999464555148
 20
310.0000330256876
 10
425.4999464555148
 20
210.000033025688
 42
0.4142135623730951
 10
445.4999464555148
 20
190.000033025688
 10
563.9999464555148
 20
190.0000330256876
  0
LWPOLYLINE
  5
8B6A
330
8B31
100
AcDbEntity
  8
FUR
100
AcDbPolyline
 90
4
 70
0
 10
15.99994645551487
 20
402.000033025688
 10
134.4999464555149
 20
402.0000330256875
 42
-0.4142135623730951
 10
148.4999464555149
 20
388.0000330256876
 10
148.4999464555149
 20
316.000033025688
  0
LWPOLYLINE
  5
8B6B
330
8B31
100
AcDbEntity
  8
FUR
100
AcDbPolyline
 90
4
 70
0
 10
148.4999464555149
 20
494.000033025688
 10
148.4999464555149
 20
422.000033025688
 42
0.4142135623730953
 10
168.4999464555148
 20
402.000033025688
 10
286.9999464555149
 20
402.000033025688
  0
LWPOLYLINE
  5
8B6C
330
8B31
100
AcDbEntity
  8
FUR
100
AcDbPolyline
 90
4
 70
0
 10
431.4999464555149
 20
316.0000330256876
 10
431.4999464555149
 20
388.000033025688
 42
-0.4142135623730962
 10
445.4999464555148
 20
402.000033025688
 10
563.9999464555148
 20
402.000033025688
  0
LWPOLYLINE
  5
8B6D
330
8B31
100
AcDbEntity
  8
FUR
100
AcDbPolyline
 90
4
 70
1
 10
367.4688575422697
 20
10.29555035378325
 10
373.5310353687601
 20
6.795550353783255
 10
392.5310353687601
 20
39.70451569759189
 10
386.4688575422697
 20
43.20451569759188
  0
ARC
  5
8B6E
330
8B31
100
AcDbEntity
  8
FUR
100
AcDbCircle
 10
379.9999464555149
 20
25.00003302568803
 30
0.0
 40
12.4
100
AcDbArc
 50
76.39501939165929
 51
223.6049806085585
  0
ARC
  5
8B6F
330
8B31
100
AcDbEntity
  8
FUR
100
AcDbCircle
 10
379.9999464555149
 20
25.00003302568803
 30
0.0
 40
12.4
100
AcDbArc
 50
256.3950193916593
 51
43.60498060855852
  0
CIRCLE
  5
8B70
330
8B31
100
AcDbEntity
  8
FUR
100
AcDbCircle
 10
379.9999464555149
 20
25.00003302568803
 30
0.0
 40
19.6
  0
LWPOLYLINE
  5
8B71
330
8B31
100
AcDbEntity
  8
FUR
100
AcDbPolyline
 90
4
 70
1
 10
307.4688575422697
 20
10.29555035378325
 10
313.5310353687601
 20
6.795550353783255
 10
332.53103536876
 20
39.70451569759189
 10
326.4688575422697
 20
43.20451569759188
  0
ARC
  5
8B72
330
8B31
100
AcDbEntity
  8
FUR
100
AcDbCircle
 10
319.9999464555149
 20
25.00003302568803
 30
0.0
 40
12.4
100
AcDbArc
 50
76.39501939165929
 51
223.6049806085585
  0
ARC
  5
8B73
330
8B31
100
AcDbEntity
  8
FUR
100
AcDbCircle
 10
319.9999464555149
 20
25.00003302568803
 30
0.0
 40
12.4
100
AcDbArc
 50
256.3950193916593
 51
43.60498060855852
  0
CIRCLE
  5
8B74
330
8B31
100
AcDbEntity
  8
FUR
100
AcDbCircle
 10
319.9999464555149
 20
25.00003302568803
 30
0.0
 40
19.6
  0
LWPOLYLINE
  5
8B75
330
8B31
100
AcDbEntity
  8
FUR
100
AcDbPolyline
 90
4
 70
1
 10
247.4688575422697
 20
10.29555035378325
 10
253.53103536876
 20
6.795550353783255
 10
272.53103536876
 20
39.70451569759189
 10
266.4688575422697
 20
43.20451569759188
  0
ARC
  5
8B76
330
8B31
100
AcDbEntity
  8
FUR
100
AcDbCircle
 10
259.9999464555149
 20
25.00003302568803
 30
0.0
 40
12.4
100
AcDbArc
 50
76.39501939165929
 51
223.6049806085585
  0
ARC
  5
8B77
330
8B31
100
AcDbEntity
  8
FUR
100
AcDbCircle
 10
259.9999464555149
 20
25.00003302568803
 30
0.0
 40
12.4
100
AcDbArc
 50
256.3950193916593
 51
43.60498060855852
  0
CIRCLE
  5
8B78
330
8B31
100
AcDbEntity
  8
FUR
100
AcDbCircle
 10
259.9999464555149
 20
25.00003302568803
 30
0.0
 40
19.6
  0
LWPOLYLINE
  5
8B79
330
8B31
100
AcDbEntity
  8
FUR
100
AcDbPolyline
 90
4
 70
1
 10
187.4688575422697
 20
10.29555035378325
 10
193.53103536876
 20
6.795550353783255
 10
212.5310353687601
 20
39.70451569759189
 10
206.4688575422697
 20
43.20451569759188
  0
ARC
  5
8B7A
330
8B31
100
AcDbEntity
  8
FUR
100
AcDbCircle
 10
199.9999464555149
 20
25.00003302568803
 30
0.0
 40
12.4
100
AcDbArc
 50
76.39501939165929
 51
223.6049806085585
  0
ARC
  5
8B7B
330
8B31
100
AcDbEntity
  8
FUR
100
AcDbCircle
 10
199.9999464555149
 20
25.00003302568803
 30
0.0
 40
12.4
100
AcDbArc
 50
256.3950193916593
 51
43.60498060855852
  0
CIRCLE
  5
8B7C
330
8B31
100
AcDbEntity
  8
FUR
100
AcDbCircle
 10
199.9999464555149
 20
25.00003302568803
 30
0.0
 40
19.6
  0
ENDBLK
  5
8B7D
330
8B31
100
AcDbEntity
  8
0
100
AcDbBlockEnd
  0
BLOCK
  5
8B7F
330
8B7E
100
AcDbEntity
  8
0
100
AcDbBlockBegin
  2
*B11
 70
1
 10
-4.66802594019e-05
 20
129.9999635233471
 30
0.0
  3
*B11
  1

  0
LINE
  5
8B80
330
8B7E
100
AcDbEntity
  8
HID
100
AcDbLine
 10
-4.66802594019e-05
 20
129.9999635233471
 30
0.0
 11
889.9999533197405
 21
789.9999635233471
 31
0.0
  0
LINE
  5
8B81
330
8B7E
100
AcDbEntity
  8
HID
100
AcDbLine
 10
-4.66802594019e-05
 20
789.9999635233471
 30
0.0
 11
889.9999533197405
 21
129.9999635233471
 31
0.0
  0
ENDBLK
  5
8B82
330
8B7E
100
AcDbEntity
  8
0
100
AcDbBlockEnd
  0
BLOCK
  5
8B86
330
8B83
100
AcDbEntity
  8
0
100
AcDbBlockBegin
  2
1000문WELKJWLT
 70
0
 10
0.0
 20
0.0
 30
0.0
  3
1000문WELKJWLT
  1

  0
LWPOLYLINE
  5
8B87
330
8B83
100
AcDbEntity
  8
RXDOOR
100
AcDbPolyline
 90
9
 70
0
 10
510.0
 20
-24.0
 10
510.0
 20
0.0
 10
485.0
 20
0.0
 10
485.0
 20
-43.0
 10
470.0
 20
-43.0
 10
470.0
 20
-107.0
 10
485.0
 20
-150.0
 10
510.0
 20
-150.0
 10
510.0
 20
-126.0
1001
INERCAD20
1000
UnNamed
1070
3001
1071
1
  0
LWPOLYLINE
  5
8B88
330
8B83
100
AcDbEntity
  8
RXDOOR
100
AcDbPolyline
 90
9
 70
0
 10
-470.0
 20
-24.0
 10
-470.0
 20
0.0
 10
-445.0
 20
0.0
 10
-445.0
 20
-43.0
 10
-430.0
 20
-43.0
 10
-430.0
 20
-107.0
 10
-445.0
 20
-150.0
 10
-470.0
 20
-150.0
 10
-470.0
 20
-126.0
1001
INERCAD20
1000
UnNamed
1070
3001
1071
1
  0
LWPOLYLINE
  5
8B89
330
8B83
100
AcDbEntity
  8
RXDOOR
100
AcDbPolyline
 90
4
 70
1
 10
485.0
 20
0.0
 10
485.0
 20
890.0
 10
445.0
 20
890.0
 10
445.0
 20
0.0
1001
INERCAD20
1000
UnNamed
1070
3001
1071
2
  0
ARC
  5
8B8A
330
8B83
100
AcDbEntity
  8
RXDOOR
 62
7
100
AcDbCircle
 10
445.0
 20
0.0
 30
0.0
 40
890.0
100
AcDbArc
 50
90.0
 51
180.0
1001
INERCAD20
1000
UnNamed
1070
3001
1071
3
  0
LINE
  5
8B8B
330
8B83
100
AcDbEntity
  8
해치-1
100
AcDbLine
 10
470.0
 20
-43.0
 30
0.0
 11
-430.0
 21
-43.0
 31
0.0
  0
LINE
  5
8B8C
330
8B83
100
AcDbEntity
  8
해치-1
100
AcDbLine
 10
-445.0
 20
0.0
 30
0.0
 11
445.0
 21
0.0
 31
0.0
  0
ENDBLK
  5
8B8D
330
8B83
100
AcDbEntity
  8
0
100
AcDbBlockEnd
  0
BLOCK
  5
8B90
330
8B8E
100
AcDbEntity
  8
0
100
AcDbBlockBegin
  2
샤워기1
 70
0
 10
0.0
 20
0.0
 30
0.0
  3
샤워기1
  1

  0
ARC
  5
8B91
330
8B8E
100
AcDbEntity
  8
TOILET
100
AcDbCircle
 10
29.99999997671693
 20
-25.00000002793968
 30
0.0
 40
5.0
100
AcDbArc
 50
89.99999994663914
 51
179.9999999466391
1001
AcDbBlockRepETag
1070
1
1071
0
1005
8B91
  0
ARC
  5
8B92
330
8B8E
100
AcDbEntity
  8
TOILET
100
AcDbCircle
 10
39.99999997206032
 20
-30.0000000372529
 30
0.0
 40
10.0
100
AcDbArc
 50
359.9999999466391
 51
89.99999994663914
1001
AcDbBlockRepETag
1070
1
1071
1
1005
8B92
  0
LINE
  5
8B93
330
8B8E
100
AcDbEntity
  8
TOILET
100
AcDbLine
 10
19.99999994412064
 20
-60.00000001862645
 30
0.0
 11
19.99999998137355
 21
-20.00000001862645
 31
0.0
1001
AcDbBlockRepETag
1070
1
1071
2
1005
8B93
  0
ARC
  5
8B94
330
8B8E
100
AcDbEntity
  8
TOILET
100
AcDbCircle
 10
75.88342701364309
 20
-11.00000007078051
 30
0.0
 40
9.000000000000002
100
AcDbArc
 50
179.9999999466391
 51
269.9999999466391
1001
AcDbBlockRepETag
1070
1
1071
3
1005
8B94
  0
LINE
  5
8B95
330
8B8E
100
AcDbEntity
  8
TOILET
100
AcDbLine
 10
100.000000027474
 20
29.50593265518546
 30
0.0
 11
99.99999997112901
 21
-30.99746018275619
 31
0.0
1001
AcDbBlockRepETag
1070
1
1071
4
1005
8B95
  0
ARC
  5
8B96
330
8B8E
100
AcDbEntity
  8
TOILET
100
AcDbCircle
 10
100.0
 20
-9.31322575e-08
 30
0.0
 40
20.00000000000001
100
AcDbArc
 50
269.9999999466391
 51
359.9999999466391
1001
AcDbBlockRepETag
1070
1
1071
5
1005
8B96
  0
ARC
  5
8B97
330
8B8E
100
AcDbEntity
  8
TOILET
100
AcDbCircle
 10
29.99999998137355
 20
-20.00000002793968
 30
0.0
 40
10.0
100
AcDbArc
 50
89.99999994663914
 51
179.9999999466391
1001
AcDbBlockRepETag
1070
1
1071
6
1005
8B97
  0
ARC
  5
8B98
330
8B8E
100
AcDbEntity
  8
TOILET
100
AcDbCircle
 10
30.00000001862645
 20
19.99999997206032
 30
0.0
 40
10.0
100
AcDbArc
 50
179.9999999466391
 51
269.9999999466391
1001
AcDbBlockRepETag
1070
1
1071
7
1005
8B98
  0
ARC
  5
8B99
330
8B8E
100
AcDbEntity
  8
TOILET
100
AcDbCircle
 10
30.00000002328306
 20
24.99999997206032
 30
0.0
 40
5.0
100
AcDbArc
 50
179.9999999466391
 51
269.9999999466391
1001
AcDbBlockRepETag
1070
1
1071
8
1005
8B99
  0
ARC
  5
8B9A
330
8B8E
100
AcDbEntity
  8
TOILET
100
AcDbCircle
 10
40.00000002793967
 20
29.9999999627471
 30
0.0
 40
10.0
100
AcDbArc
 50
269.9999999466391
 51
359.9999999466391
1001
AcDbBlockRepETag
1070
1
1071
9
1005
8B9A
  0
LINE
  5
8B9B
330
8B8E
100
AcDbEntity
  8
TOILET
100
AcDbLine
 10
50.00000002793967
 20
29.99999995343387
 30
0.0
 11
50.00000004656612
 21
49.99999995343387
 31
0.0
1001
AcDbBlockRepETag
1070
1
1071
10
1005
8B9B
  0
ARC
  5
8B9C
330
8B8E
100
AcDbEntity
  8
TOILET
100
AcDbCircle
 10
76.88342703320086
 20
9.999999928288162
 30
0.0
 40
10.0
100
AcDbArc
 50
89.99999994663914
 51
179.9999999466391
1001
AcDbBlockRepETag
1070
1
1071
11
1005
8B9C
  0
LINE
  5
8B9D
330
8B8E
100
AcDbEntity
  8
TOILET
100
AcDbLine
 10
40.00000001862645
 20
19.99999996274709
 30
0.0
 11
30.00000001862645
 21
19.99999997206032
 31
0.0
1001
AcDbBlockRepETag
1070
1
1071
12
1005
8B9D
  0
LINE
  5
8B9E
330
8B8E
100
AcDbEntity
  8
TOILET
100
AcDbLine
 10
39.99999998137355
 20
-20.0000000372529
 30
0.0
 11
29.99999998137355
 21
-20.00000002793968
 31
0.0
1001
AcDbBlockRepETag
1070
1
1071
13
1005
8B9E
  0
LINE
  5
8B9F
330
8B8E
100
AcDbEntity
  8
TOILET
100
AcDbLine
 10
66.88342701364309
 20
-11.00000006239861
 30
0.0
 11
66.88342701457441
 21
-10.00000006239861
 31
0.0
1001
AcDbBlockRepETag
1070
1
1071
14
1005
8B9F
  0
LINE
  5
8BA0
330
8B8E
100
AcDbEntity
  8
TOILET
100
AcDbLine
 10
66.88342701457441
 20
-10.00000006239861
 30
0.0
 11
29.99999999068677
 21
-10.00000002793967
 31
0.0
1001
AcDbBlockRepETag
1070
1
1071
15
1005
8BA0
  0
LINE
  5
8BA1
330
8B8E
100
AcDbEntity
  8
TOILET
100
AcDbLine
 10
66.88342703320086
 20
9.999999937601388
 30
0.0
 11
30.00000000931323
 21
9.999999972060323
 31
0.0
1001
AcDbBlockRepETag
1070
1
1071
16
1005
8BA1
  0
LINE
  5
8BA2
330
8B8E
100
AcDbEntity
  8
TOILET
100
AcDbLine
 10
130.0110942870378
 20
-1.210719347e-07
 30
0.0
 11
72.73266892135143
 21
-6.79865479e-08
 31
0.0
1001
AcDbBlockRepETag
1070
1
1071
17
1005
8BA2
  0
CIRCLE
  5
8BA3
330
8B8E
100
AcDbEntity
  8
TOILET
100
AcDbCircle
 10
100.0
 20
-9.31322575e-08
 30
0.0
 40
12.90482081649134
1001
AcDbBlockRepETag
1070
1
1071
18
1005
8BA3
  0
ARC
  5
8BA4
330
8B8E
100
AcDbEntity
  8
TOILET
100
AcDbCircle
 10
100.0
 20
-9.31322575e-08
 30
0.0
 40
20.00000000000001
100
AcDbArc
 50
359.9999999466391
 51
89.99999994663914
1001
AcDbBlockRepETag
1070
1
1071
19
1005
8BA4
  0
LINE
  5
8BA5
330
8B8E
100
AcDbEntity
  8
TOILET
100
AcDbLine
 10
100.0000000186264
 20
19.99999990686774
 30
0.0
 11
76.88342704251409
 21
19.99999992828816
 31
0.0
1001
AcDbBlockRepETag
1070
1
1071
20
1005
8BA5
  0
LINE
  5
8BA6
330
8B8E
100
AcDbEntity
  8
TOILET
100
AcDbLine
 10
99.99999998137353
 20
-20.00000009313226
 30
0.0
 11
75.88342700526118
 21
-20.00000007078051
 31
0.0
1001
AcDbBlockRepETag
1070
1
1071
21
1005
8BA6
  0
ARC
  5
8BA7
330
8B8E
100
AcDbEntity
  8
TOILET
100
AcDbCircle
 10
14.99999993946403
 20
-65.00000001396982
 30
0.0
 40
5.0
100
AcDbArc
 50
89.99999994663914
 51
179.9999999466391
1001
AcDbBlockRepETag
1070
1
1071
22
1005
8BA7
  0
ARC
  5
8BA8
330
8B8E
100
AcDbEntity
  8
TOILET
100
AcDbCircle
 10
4.999999930150806
 20
-75.00000000465661
 30
0.0
 40
5.0
100
AcDbArc
 50
269.9999999466391
 51
359.9999999466391
1001
AcDbBlockRepETag
1070
1
1071
23
1005
8BA8
  0
LINE
  5
8BA9
330
8B8E
100
AcDbEntity
  8
TOILET
100
AcDbLine
 10
9.999999930150805
 20
-75.00000000931323
 30
0.0
 11
9.999999939464033
 21
-65.00000000931323
 31
0.0
1001
AcDbBlockRepETag
1070
1
1071
24
1005
8BA9
  0
ARC
  5
8BAA
330
8B8E
100
AcDbEntity
  8
TOILET
100
AcDbCircle
 10
29.99999994877726
 20
-55.00000002793967
 30
0.0
 40
5.0
100
AcDbArc
 50
179.9999999466391
 51
269.9999999466391
1001
AcDbBlockRepETag
1070
1
1071
25
1005
8BAA
  0
LINE
  5
8BAB
330
8B8E
100
AcDbEntity
  8
TOILET
100
AcDbLine
 10
19.99999994412064
 20
-60.00000001862645
 30
0.0
 11
14.99999994412064
 21
-60.00000001396983
 31
0.0
1001
AcDbBlockRepETag
1070
1
1071
26
1005
8BAB
  0
LINE
  5
8BAC
330
8B8E
100
AcDbEntity
  8
TOILET
100
AcDbLine
 10
24.99999994877726
 20
-55.00000002328306
 30
0.0
 11
24.99999997671694
 21
-25.00000002328306
 31
0.0
1001
AcDbBlockRepETag
1070
1
1071
27
1005
8BAC
  0
ARC
  5
8BAD
330
8B8E
100
AcDbEntity
  8
TOILET
100
AcDbCircle
 10
39.99999995343387
 20
-50.0000000372529
 30
0.0
 40
10.0
100
AcDbArc
 50
269.9999999466391
 51
359.9999999466391
1001
AcDbBlockRepETag
1070
1
1071
28
1005
8BAD
  0
LINE
  5
8BAE
330
8B8E
100
AcDbEntity
  8
TOILET
100
AcDbLine
 10
49.99999995343387
 20
-50.00000004656612
 30
0.0
 11
49.99999997206032
 21
-30.00000004656613
 31
0.0
1001
AcDbBlockRepETag
1070
1
1071
29
1005
8BAE
  0
LINE
  5
8BAF
330
8B8E
100
AcDbEntity
  8
TOILET
100
AcDbLine
 10
39.99999994412064
 20
-60.0000000372529
 30
0.0
 11
29.99999994412064
 21
-60.00000002793967
 31
0.0
1001
AcDbBlockRepETag
1070
1
1071
30
1005
8BAF
  0
ARC
  5
8BB0
330
8B8E
100
AcDbEntity
  8
TOILET
100
AcDbCircle
 10
30.00000005122274
 20
54.99999997206032
 30
0.0
 40
5.0
100
AcDbArc
 50
89.99999994663914
 51
179.9999999466391
1001
AcDbBlockRepETag
1070
1
1071
31
1005
8BB0
  0
ARC
  5
8BB1
330
8B8E
100
AcDbEntity
  8
TOILET
100
AcDbCircle
 10
15.00000006053596
 20
64.99999998603016
 30
0.0
 40
5.0
100
AcDbArc
 50
179.9999999466391
 51
269.9999999466391
1001
AcDbBlockRepETag
1070
1
1071
32
1005
8BB1
  0
LINE
  5
8BB2
330
8B8E
100
AcDbEntity
  8
TOILET
100
AcDbLine
 10
20.00000005587935
 20
59.99999998137354
 30
0.0
 11
15.00000005587935
 21
59.99999998603016
 31
0.0
1001
AcDbBlockRepETag
1070
1
1071
33
1005
8BB2
  0
ARC
  5
8BB3
330
8B8E
100
AcDbEntity
  8
TOILET
100
AcDbCircle
 10
5.000000069849193
 20
74.99999999534337
 30
0.0
 40
5.0
100
AcDbArc
 50
359.9999999466391
 51
89.99999994663914
1001
AcDbBlockRepETag
1070
1
1071
34
1005
8BB3
  0
LINE
  5
8BB4
330
8B8E
100
AcDbEntity
  8
TOILET
100
AcDbLine
 10
10.00000006053596
 20
64.99999999068677
 30
0.0
 11
10.00000006984919
 21
74.99999999068677
 31
0.0
1001
AcDbBlockRepETag
1070
1
1071
35
1005
8BB4
  0
LINE
  5
8BB5
330
8B8E
100
AcDbEntity
  8
TOILET
100
AcDbLine
 10
40.00000005587935
 20
59.99999996274709
 30
0.0
 11
30.00000005587935
 21
59.99999997206032
 31
0.0
1001
AcDbBlockRepETag
1070
1
1071
36
1005
8BB5
  0
LINE
  5
8BB6
330
8B8E
100
AcDbEntity
  8
TOILET
100
AcDbLine
 10
20.00000001862645
 20
19.99999998137355
 30
0.0
 11
20.00000005587935
 21
59.99999998137354
 31
0.0
1001
AcDbBlockRepETag
1070
1
1071
37
1005
8BB6
  0
LINE
  5
8BB7
330
8B8E
100
AcDbEntity
  8
TOILET
100
AcDbLine
 10
25.00000002328306
 20
24.99999997671694
 30
0.0
 11
25.00000005122274
 21
54.99999997671693
 31
0.0
1001
AcDbBlockRepETag
1070
1
1071
38
1005
8BB7
  0
ARC
  5
8BB8
330
8B8E
100
AcDbEntity
  8
TOILET
100
AcDbCircle
 10
40.00000004656612
 20
49.99999996274709
 30
0.0
 40
10.0
100
AcDbArc
 50
359.9999999466391
 51
89.99999994663914
1001
AcDbBlockRepETag
1070
1
1071
39
1005
8BB8
  0
LINE
  5
8BB9
330
8B8E
100
AcDbEntity
  8
TOILET
100
AcDbLine
 10
-7.4505806e-08
 20
-80.0
 30
0.0
 11
7.4505806e-08
 21
80.0
 31
0.0
1001
AcDbBlockRepETag
1070
1
1071
40
1005
8BB9
  0
ARC
  5
8BBA
330
8B8E
100
AcDbEntity
  8
TOILET
100
AcDbCircle
 10
20.0
 20
-1.86264515e-08
 30
0.0
 40
19.99999999999818
100
AcDbArc
 50
89.99999994663914
 51
269.9999999466391
1001
AcDbBlockRepETag
1070
1
1071
41
1005
8BBA
  0
LINE
  5
8BBB
330
8B8E
100
AcDbEntity
  8
TOILET
100
AcDbLine
 10
4.999999925494194
 20
-80.00000000465661
 30
0.0
 11
-7.4505806e-08
 21
-80.0
 31
0.0
1001
AcDbBlockRepETag
1070
1
1071
42
1005
8BBB
  0
LINE
  5
8BBC
330
8B8E
100
AcDbEntity
  8
TOILET
100
AcDbLine
 10
5.000000074505805
 20
79.99999999534337
 30
0.0
 11
7.4505806e-08
 21
80.0
 31
0.0
1001
AcDbBlockRepETag
1070
1
1071
43
1005
8BBC
  0
ENDBLK
  5
8BBD
330
8B8E
100
AcDbEntity
  8
0
100
AcDbBlockEnd
  0
BLOCK
  5
8BC1
330
8BBE
100
AcDbEntity
  8
0
100
AcDbBlockBegin
  2
ertkjelrky
 70
0
 10
0.0
 20
0.0
 30
0.0
  3
ertkjelrky
  1

  0
LWPOLYLINE
  5
8BC2
330
8BBE
100
AcDbEntity
  8
ms_sb-건축한계선
  6
HIDDEN2
 48
0.5
100
AcDbPolyline
 90
4
 70
0
 39
1000.0
 10
16000.00000012969
 20
-16083.01040892489
 10
16000.0000001227
 20
-3949.743365992792
 10
13050.25224047131
 20
-999.9964163801633
 10
-5.5879354e-09
 20
-999.9999998938292
  0
LWPOLYLINE
  5
8BC3
330
8BBE
100
AcDbEntity
  8
ms_sb-건축한계선
  6
HIDDEN2
 48
0.5
100
AcDbPolyline
 90
3
 70
0
 39
1000.0
 10
499.9999999944121
 20
-999.999862597324
 10
499.9999999145511
 20
-15583.01040892489
 10
16000.00000012945
 20
-15583.01040892489
  0
LWPOLYLINE
  5
8BC4
330
8BBE
100
AcDbEntity
  8
LAND
100
AcDbPolyline
 90
6
 70
1
 10
16999.99999999697
 20
-3535.529723228887
 10
13464.46930579189
 20
0.0
 10
0.0
 20
0.0
 10
-8.4284693e-08
 20
-15435.60727328993
 10
-7.19446689e-08
 20
-16083.01040892489
 10
17000.00000006635
 20
-16083.01040892489
  0
ENDBLK
  5
8BC5
330
8BBE
100
AcDbEntity
  8
0
100
AcDbBlockEnd
  0
BLOCK
  5
8BC9
330
8BC6
100
AcDbEntity
  8
0
100
AcDbBlockBegin
  2
3000RTREJY
 70
0
 10
0.0
 20
0.0
 30
0.0
  3
3000RTREJY
  1

  0
LWPOLYLINE
  5
8BCA
330
8BC6
100
AcDbEntity
  8
WID-S
100
AcDbPolyline
 90
16
 70
1
 10
56.99999999953433
 20
-113.0
 10
56.99999999953433
 20
-103.0
 10
56.99999999953433
 20
-103.0
 10
56.99999999953433
 20
-103.0
 10
56.99999999953433
 20
-103.0
 10
56.99999999953433
 20
-103.0
 10
12.99999999953434
 20
-103.0
 10
12.99999999953434
 20
-103.0
 10
12.99999999953434
 20
-103.0
 10
12.99999999953434
 20
-103.0
 10
12.99999999953434
 20
-103.0
 10
12.99999999953434
 20
-197.0
 10
56.99999999953433
 20
-197.0
 10
56.99999999953433
 20
-187.0
 10
41.99999999953433
 20
-187.0
 10
41.99999999953433
 20
-113.0
  0
LWPOLYLINE
  5
8BCB
330
8BC6
100
AcDbEntity
  8
WID-S
100
AcDbPolyline
 90
16
 70
1
 10
59.99999999953434
 20
-116.0
 10
59.99999999953434
 20
-100.0
 10
59.99999999953434
 20
-100.0
 10
59.99999999953434
 20
-100.0
 10
59.99999999953434
 20
-100.0
 10
59.99999999953434
 20
-100.0
 10
9.999999999534339
 20
-100.0
 10
9.999999999534339
 20
-100.0
 10
9.999999999534339
 20
-100.0
 10
9.999999999534339
 20
-100.0
 10
9.999999999534339
 20
-100.0
 10
9.999999999534339
 20
-200.0
 10
59.99999999953434
 20
-200.0
 10
59.99999999953434
 20
-184.0
 10
44.99999999953433
 20
-184.0
 10
44.99999999953433
 20
-116.0
  0
LINE
  5
8BCC
330
8BC6
100
AcDbEntity
  8
WID-S
100
AcDbLine
 10
44.99999999953433
 20
-150.0
 30
0.0
 11
59.99999999953434
 21
-150.0
 31
0.0
  0
LWPOLYLINE
  5
8BCD
330
8BC6
100
AcDbEntity
  8
WID-S
100
AcDbPolyline
 90
4
 70
1
 10
129.9999999990687
 20
-148.0000000004656
 10
129.9999999995343
 20
-118.0000000004656
 10
50.0
 20
-118.0000000009313
 10
49.99999999906868
 20
-148.0000000004656
1001
INERCAD20
1000
UnNamed
1070
2001
1071
2
  0
LWPOLYLINE
  5
8BCE
330
8BC6
100
AcDbEntity
  8
WID-S
100
AcDbPolyline
 90
4
 70
1
 10
126.9999999990687
 20
-145.0000000004656
 10
126.9999999995343
 20
-121.0000000004656
 10
53.0
 20
-121.0000000009313
 10
52.9999999993015
 20
-145.0000000004656
1001
INERCAD20
1000
UnNamed
1070
2001
1071
2
  0
LINE
  5
8BCF
330
8BC6
100
AcDbEntity
  8
WID
100
AcDbLine
 10
709.999999999767
 20
-130.5000000009313
 30
0.0
 11
130.0
 21
-130.5000000004656
 31
0.0
1001
INERCAD20
1000
UnNamed
1070
2001
1071
1
  0
LWPOLYLINE
  5
8BD0
330
8BC6
100
AcDbEntity
  8
WID-S
100
AcDbPolyline
 90
4
 70
1
 10
710.0000000002328
 20
-148.0000000004656
 10
709.999999999767
 20
-118.0000000004656
 10
789.9999999993014
 20
-118.0000000009313
 10
790.0000000002328
 20
-148.0000000004656
1001
INERCAD20
1000
UnNamed
1070
2001
1071
2
  0
LWPOLYLINE
  5
8BD1
330
8BC6
100
AcDbEntity
  8
WID-S
100
AcDbPolyline
 90
4
 70
1
 10
713.0000000002328
 20
-145.0000000004656
 10
713.0
 20
-121.0000000004656
 10
786.9999999995343
 20
-121.0000000009313
 10
787.0000000002328
 20
-145.0000000004656
1001
INERCAD20
1000
UnNamed
1070
2001
1071
2
  0
LINE
  5
8BD2
330
8BC6
100
AcDbEntity
  8
ELE-2
100
AcDbLine
 10
749.9999999995343
 20
-400.0000000004656
 30
0.0
 11
749.9999999997672
 21
199.9999999995343
 31
0.0
  0
LWPOLYLINE
  5
8BD3
330
8BC6
100
AcDbEntity
  8
WID-S
100
AcDbPolyline
 90
4
 70
1
 10
710.0000000004655
 20
-182.0000000009313
 10
710.0
 20
-152.0000000009313
 10
789.9999999995343
 20
-152.000000001397
 10
790.0000000004657
 20
-182.0000000009313
1001
INERCAD20
1000
UnNamed
1070
2001
1071
2
  0
LWPOLYLINE
  5
8BD4
330
8BC6
100
AcDbEntity
  8
WID-S
100
AcDbPolyline
 90
4
 70
1
 10
713.0000000004655
 20
-179.0000000009313
 10
713.0000000002328
 20
-155.0000000009313
 10
786.9999999997672
 20
-155.000000001397
 10
787.0000000004655
 20
-179.0000000009313
1001
INERCAD20
1000
UnNamed
1070
2001
1071
2
  0
LWPOLYLINE
  5
8BD5
330
8BC6
100
AcDbEntity
  8
WID-S
100
AcDbPolyline
 90
16
 70
1
 10
56.99999999953433
 20
-13.0
 10
56.99999999953433
 20
-3.0
 10
56.99999999953433
 20
-3.0
 10
56.99999999953433
 20
-3.0
 10
56.99999999953433
 20
-3.0
 10
56.99999999953433
 20
-3.0
 10
12.99999999953434
 20
-3.0
 10
12.99999999953434
 20
-3.0
 10
12.99999999953434
 20
-3.0
 10
12.99999999953434
 20
-3.0
 10
12.99999999953434
 20
-3.0
 10
12.99999999953434
 20
-97.0
 10
56.99999999953433
 20
-97.0
 10
56.99999999953433
 20
-87.0
 10
41.99999999953433
 20
-87.0
 10
41.99999999953433
 20
-13.0
  0
LWPOLYLINE
  5
8BD6
330
8BC6
100
AcDbEntity
  8
WID-S
100
AcDbPolyline
 90
16
 70
1
 10
59.99999999953434
 20
-16.0
 10
59.99999999953434
 20
0.0
 10
59.99999999953434
 20
0.0
 10
59.99999999953434
 20
0.0
 10
59.99999999953434
 20
0.0
 10
59.99999999953434
 20
0.0
 10
9.999999999534339
 20
0.0
 10
9.999999999534339
 20
0.0
 10
9.999999999534339
 20
0.0
 10
9.999999999534339
 20
0.0
 10
9.999999999534339
 20
0.0
 10
9.999999999534339
 20
-100.0
 10
59.99999999953434
 20
-100.0
 10
59.99999999953434
 20
-84.0
 10
44.99999999953433
 20
-84.0
 10
44.99999999953433
 20
-16.0
  0
LINE
  5
8BD7
330
8BC6
100
AcDbEntity
  8
WID-S
100
AcDbLine
 10
44.99999999953433
 20
-50.0
 30
0.0
 11
59.99999999953434
 21
-50.0
 31
0.0
  0
LWPOLYLINE
  5
8BD8
330
8BC6
100
AcDbEntity
  8
WID-S
100
AcDbPolyline
 90
4
 70
1
 10
129.9999999990687
 20
-48.00000000046566
 10
129.9999999995343
 20
-18.00000000046566
 10
50.0
 20
-18.00000000093132
 10
49.99999999906868
 20
-48.00000000046566
1001
INERCAD20
1000
UnNamed
1070
2001
1071
2
  0
LWPOLYLINE
  5
8BD9
330
8BC6
100
AcDbEntity
  8
WID-S
100
AcDbPolyline
 90
4
 70
1
 10
126.9999999990687
 20
-45.00000000046566
 10
126.9999999995343
 20
-21.00000000046566
 10
53.0
 20
-21.00000000093132
 10
52.9999999993015
 20
-45.00000000046566
1001
INERCAD20
1000
UnNamed
1070
2001
1071
2
  0
LINE
  5
8BDA
330
8BC6
100
AcDbEntity
  8
WID
100
AcDbLine
 10
709.999999999767
 20
-30.50000000093132
 30
0.0
 11
130.0
 21
-30.50000000046566
 31
0.0
1001
INERCAD20
1000
UnNamed
1070
2001
1071
1
  0
LWPOLYLINE
  5
8BDB
330
8BC6
100
AcDbEntity
  8
WID-S
100
AcDbPolyline
 90
4
 70
1
 10
710.0000000002328
 20
-48.00000000046566
 10
709.999999999767
 20
-18.00000000046566
 10
789.9999999993014
 20
-18.00000000093132
 10
790.0000000002328
 20
-48.00000000046566
1001
INERCAD20
1000
UnNamed
1070
2001
1071
2
  0
LWPOLYLINE
  5
8BDC
330
8BC6
100
AcDbEntity
  8
WID-S
100
AcDbPolyline
 90
4
 70
1
 10
713.0000000002328
 20
-45.00000000046566
 10
713.0
 20
-21.00000000046566
 10
786.9999999995343
 20
-21.00000000093132
 10
787.0000000002328
 20
-45.00000000046566
1001
INERCAD20
1000
UnNamed
1070
2001
1071
2
  0
LWPOLYLINE
  5
8BDD
330
8BC6
100
AcDbEntity
  8
WID-S
100
AcDbPolyline
 90
4
 70
1
 10
710.0000000004655
 20
-82.00000000093131
 10
710.0
 20
-52.00000000093132
 10
789.9999999995343
 20
-52.00000000139699
 10
790.0000000004657
 20
-82.00000000093131
1001
INERCAD20
1000
UnNamed
1070
2001
1071
2
  0
LWPOLYLINE
  5
8BDE
330
8BC6
100
AcDbEntity
  8
WID-S
100
AcDbPolyline
 90
4
 70
1
 10
713.0000000004655
 20
-79.00000000093132
 10
713.0000000002328
 20
-55.00000000093132
 10
786.9999999997672
 20
-55.00000000139698
 10
787.0000000004655
 20
-79.00000000093132
1001
INERCAD20
1000
UnNamed
1070
2001
1071
2
  0
LINE
  5
8BDF
330
8BC6
100
AcDbEntity
  8
WID
100
AcDbLine
 10
709.999999999767
 20
-135.5000000009313
 30
0.0
 11
130.0
 21
-135.5000000004656
 31
0.0
1001
INERCAD20
1000
UnNamed
1070
2001
1071
1
  0
LINE
  5
8BE0
330
8BC6
100
AcDbEntity
  8
WID
100
AcDbLine
 10
709.999999999767
 20
-35.50000000093132
 30
0.0
 11
130.0
 21
-35.50000000046566
 31
0.0
1001
INERCAD20
1000
UnNamed
1070
2001
1071
1
  0
ARC
  5
8BE1
330
8BC6
100
AcDbEntity
  8
FIN
100
AcDbCircle
 10
4.999999997904524
 20
-202.6666666641832
 30
0.0
 40
5.666666664074
100
AcDbArc
 50
28.07248689975591
 51
151.9275131002441
  0
ARC
  5
8BE2
330
8BC6
100
AcDbEntity
  8
FIN
100
AcDbCircle
 10
2994.999999998836
 20
-202.8133298251778
 30
0.0
 40
5.737144297840901
100
AcDbArc
 50
29.36497656003655
 51
150.6350234399634
  0
LWPOLYLINE
  5
8BE3
330
8BC6
100
AcDbEntity
  8
WID-S
100
AcDbPolyline
 90
16
 70
1
 10
2943.0
 20
-113.0000000004656
 10
2943.0
 20
-103.0000000004656
 10
2943.0
 20
-103.0000000004656
 10
2943.0
 20
-103.0000000004656
 10
2943.0
 20
-103.0000000004656
 10
2943.0
 20
-103.0000000004656
 10
2987.0
 20
-103.0000000004656
 10
2987.0
 20
-103.0000000004656
 10
2987.0
 20
-103.0000000004656
 10
2987.0
 20
-103.0000000004656
 10
2987.0
 20
-103.0000000004656
 10
2987.0
 20
-197.0000000004656
 10
2943.0
 20
-197.0000000004656
 10
2943.0
 20
-187.0000000004656
 10
2958.0
 20
-187.0000000004656
 10
2958.0
 20
-113.0000000004656
  0
LWPOLYLINE
  5
8BE4
330
8BC6
100
AcDbEntity
  8
WID-S
100
AcDbPolyline
 90
16
 70
1
 10
2940.0
 20
-116.0000000004656
 10
2940.0
 20
-100.0000000004656
 10
2940.0
 20
-100.0000000004656
 10
2940.0
 20
-100.0000000004656
 10
2940.0
 20
-100.0000000004656
 10
2940.0
 20
-100.0000000004656
 10
2990.0
 20
-100.0000000004656
 10
2990.0
 20
-100.0000000004656
 10
2990.0
 20
-100.0000000004656
 10
2990.0
 20
-100.0000000004656
 10
2990.0
 20
-100.0000000004656
 10
2990.0
 20
-200.0000000004657
 10
2940.0
 20
-200.0000000004657
 10
2940.0
 20
-184.0000000004656
 10
2955.0
 20
-184.0000000004656
 10
2955.0
 20
-116.0000000004656
  0
LINE
  5
8BE5
330
8BC6
100
AcDbEntity
  8
WID-S
100
AcDbLine
 10
2955.0
 20
-150.0000000004656
 30
0.0
 11
2940.0
 21
-150.0000000004656
 31
0.0
  0
LWPOLYLINE
  5
8BE6
330
8BC6
100
AcDbEntity
  8
WID-S
100
AcDbPolyline
 90
4
 70
1
 10
2870.000000000466
 20
-148.0000000004656
 10
2870.0
 20
-118.0000000004656
 10
2949.999999999534
 20
-118.000000001397
 10
2950.000000000466
 20
-148.0000000004656
1001
INERCAD20
1000
UnNamed
1070
2001
1071
2
  0
LWPOLYLINE
  5
8BE7
330
8BC6
100
AcDbEntity
  8
WID-S
100
AcDbPolyline
 90
4
 70
1
 10
2873.000000000233
 20
-145.0000000004656
 10
2873.0
 20
-121.0000000009313
 10
2946.999999999535
 20
-121.000000001397
 10
2947.000000000233
 20
-145.0000000004656
1001
INERCAD20
1000
UnNamed
1070
2001
1071
2
  0
LINE
  5
8BE8
330
8BC6
100
AcDbEntity
  8
WID
100
AcDbLine
 10
2289.999999999535
 20
-130.5000000009313
 30
0.0
 11
2869.999999999535
 21
-130.5000000004656
 31
0.0
1001
INERCAD20
1000
UnNamed
1070
2001
1071
1
  0
LWPOLYLINE
  5
8BE9
330
8BC6
100
AcDbEntity
  8
WID-S
100
AcDbPolyline
 90
4
 70
1
 10
2289.999999999069
 20
-148.0000000004656
 10
2289.999999999535
 20
-118.0000000004656
 10
2210.0
 20
-118.0000000009313
 10
2209.999999999069
 20
-148.0000000004656
1001
INERCAD20
1000
UnNamed
1070
2001
1071
2
  0
LWPOLYLINE
  5
8BEA
330
8BC6
100
AcDbEntity
  8
WID-S
100
AcDbPolyline
 90
4
 70
1
 10
2286.999999999302
 20
-145.0000000004656
 10
2286.999999999534
 20
-121.0000000004656
 10
2213.0
 20
-121.0000000009313
 10
2212.999999999301
 20
-145.0000000004656
1001
INERCAD20
1000
UnNamed
1070
2001
1071
2
  0
LINE
  5
8BEB
330
8BC6
100
AcDbEntity
  8
ELE-2
100
AcDbLine
 10
2249.999999999767
 20
-400.0000000004656
 30
0.0
 11
2249.999999999767
 21
199.9999999995343
 31
0.0
  0
LWPOLYLINE
  5
8BEC
330
8BC6
100
AcDbEntity
  8
WID-S
100
AcDbPolyline
 90
4
 70
1
 10
2289.999999998836
 20
-182.0000000009313
 10
2289.999999999301
 20
-152.0000000009313
 10
2209.999999999767
 20
-152.000000001397
 10
2209.999999998836
 20
-182.0000000009313
1001
INERCAD20
1000
UnNamed
1070
2001
1071
2
  0
LWPOLYLINE
  5
8BED
330
8BC6
100
AcDbEntity
  8
WID-S
100
AcDbPolyline
 90
4
 70
1
 10
2286.999999999069
 20
-179.0000000009313
 10
2286.999999999302
 20
-155.0000000009313
 10
2212.999999999767
 20
-155.000000001397
 10
2212.999999999069
 20
-179.0000000009313
1001
INERCAD20
1000
UnNamed
1070
2001
1071
2
  0
LWPOLYLINE
  5
8BEE
330
8BC6
100
AcDbEntity
  8
WID-S
100
AcDbPolyline
 90
16
 70
1
 10
2943.0
 20
-13.00000000046566
 10
2943.0
 20
-3.000000000465661
 10
2943.0
 20
-3.000000000465661
 10
2943.0
 20
-3.000000000465661
 10
2943.0
 20
-3.000000000465661
 10
2943.0
 20
-3.000000000465661
 10
2987.0
 20
-3.000000000465661
 10
2987.0
 20
-3.000000000465661
 10
2987.0
 20
-3.000000000465661
 10
2987.0
 20
-3.000000000465661
 10
2987.0
 20
-3.000000000465661
 10
2987.0
 20
-97.00000000046566
 10
2943.0
 20
-97.00000000046566
 10
2943.0
 20
-87.00000000046566
 10
2958.0
 20
-87.00000000046566
 10
2958.0
 20
-13.00000000046566
  0
LWPOLYLINE
  5
8BEF
330
8BC6
100
AcDbEntity
  8
WID-S
100
AcDbPolyline
 90
16
 70
1
 10
2940.0
 20
-16.00000000046566
 10
2940.0
 20
-4.656613e-10
 10
2940.0
 20
-4.656613e-10
 10
2940.0
 20
-4.656613e-10
 10
2940.0
 20
-4.656613e-10
 10
2940.0
 20
-4.656613e-10
 10
2990.0
 20
-4.656613e-10
 10
2990.0
 20
-4.656613e-10
 10
2990.0
 20
-4.656613e-10
 10
2990.0
 20
-4.656613e-10
 10
2990.0
 20
-4.656613e-10
 10
2990.0
 20
-100.0000000004656
 10
2940.0
 20
-100.0000000004656
 10
2940.0
 20
-84.00000000046565
 10
2955.0
 20
-84.00000000046565
 10
2955.0
 20
-16.00000000046566
  0
LINE
  5
8BF0
330
8BC6
100
AcDbEntity
  8
WID-S
100
AcDbLine
 10
2955.0
 20
-50.00000000046566
 30
0.0
 11
2940.0
 21
-50.00000000046566
 31
0.0
  0
LWPOLYLINE
  5
8BF1
330
8BC6
100
AcDbEntity
  8
WID-S
100
AcDbPolyline
 90
4
 70
1
 10
2870.000000000466
 20
-48.00000000046566
 10
2870.0
 20
-18.00000000046566
 10
2949.999999999534
 20
-18.00000000139698
 10
2950.000000000466
 20
-48.00000000046566
1001
INERCAD20
1000
UnNamed
1070
2001
1071
2
  0
LWPOLYLINE
  5
8BF2
330
8BC6
100
AcDbEntity
  8
WID-S
100
AcDbPolyline
 90
4
 70
1
 10
2873.000000000233
 20
-45.00000000046566
 10
2873.0
 20
-21.00000000093132
 10
2946.999999999535
 20
-21.00000000139699
 10
2947.000000000233
 20
-45.00000000046566
1001
INERCAD20
1000
UnNamed
1070
2001
1071
2
  0
LINE
  5
8BF3
330
8BC6
100
AcDbEntity
  8
WID
100
AcDbLine
 10
2289.999999999535
 20
-30.50000000093132
 30
0.0
 11
2869.999999999535
 21
-30.50000000046566
 31
0.0
1001
INERCAD20
1000
UnNamed
1070
2001
1071
1
  0
LWPOLYLINE
  5
8BF4
330
8BC6
100
AcDbEntity
  8
WID-S
100
AcDbPolyline
 90
4
 70
1
 10
2289.999999999069
 20
-48.00000000046566
 10
2289.999999999535
 20
-18.00000000046566
 10
2210.0
 20
-18.00000000093132
 10
2209.999999999069
 20
-48.00000000046566
1001
INERCAD20
1000
UnNamed
1070
2001
1071
2
  0
LWPOLYLINE
  5
8BF5
330
8BC6
100
AcDbEntity
  8
WID-S
100
AcDbPolyline
 90
4
 70
1
 10
2286.999999999302
 20
-45.00000000046566
 10
2286.999999999534
 20
-21.00000000046566
 10
2213.0
 20
-21.00000000093132
 10
2212.999999999301
 20
-45.00000000046566
1001
INERCAD20
1000
UnNamed
1070
2001
1071
2
  0
LWPOLYLINE
  5
8BF6
330
8BC6
100
AcDbEntity
  8
WID-S
100
AcDbPolyline
 90
4
 70
1
 10
2289.999999998836
 20
-82.00000000093131
 10
2289.999999999301
 20
-52.00000000093132
 10
2209.999999999767
 20
-52.00000000139699
 10
2209.999999998836
 20
-82.00000000093131
1001
INERCAD20
1000
UnNamed
1070
2001
1071
2
  0
LWPOLYLINE
  5
8BF7
330
8BC6
100
AcDbEntity
  8
WID-S
100
AcDbPolyline
 90
4
 70
1
 10
2286.999999999069
 20
-79.00000000093132
 10
2286.999999999302
 20
-55.00000000093132
 10
2212.999999999767
 20
-55.00000000139698
 10
2212.999999999069
 20
-79.00000000093132
1001
INERCAD20
1000
UnNamed
1070
2001
1071
2
  0
LINE
  5
8BF8
330
8BC6
100
AcDbEntity
  8
WID
100
AcDbLine
 10
2289.999999999535
 20
-135.5000000009313
 30
0.0
 11
2869.999999999535
 21
-135.5000000004656
 31
0.0
1001
INERCAD20
1000
UnNamed
1070
2001
1071
1
  0
LINE
  5
8BF9
330
8BC6
100
AcDbEntity
  8
WID
100
AcDbLine
 10
2289.999999999535
 20
-35.50000000093132
 30
0.0
 11
2869.999999999535
 21
-35.50000000046566
 31
0.0
1001
INERCAD20
1000
UnNamed
1070
2001
1071
1
  0
LINE
  5
8BFA
330
8BC6
100
AcDbEntity
  8
WID
100
AcDbLine
 10
2210.000000000233
 20
-69.50000000093132
 30
0.0
 11
789.9999999993014
 21
-69.50000000093132
 31
0.0
1001
INERCAD20
1000
UnNamed
1070
2001
1071
1
  0
LINE
  5
8BFB
330
8BC6
100
AcDbEntity
  8
WID
100
AcDbLine
 10
2210.000000000233
 20
-169.5000000009313
 30
0.0
 11
789.9999999993014
 21
-169.5000000009313
 31
0.0
1001
INERCAD20
1000
UnNamed
1070
2001
1071
1
  0
LINE
  5
8BFC
330
8BC6
100
AcDbEntity
  8
WID
100
AcDbLine
 10
2210.000000000233
 20
-64.50000000093132
 30
0.0
 11
789.9999999993014
 21
-64.50000000093132
 31
0.0
1001
INERCAD20
1000
UnNamed
1070
2001
1071
1
  0
LINE
  5
8BFD
330
8BC6
100
AcDbEntity
  8
ELE-2
100
AcDbLine
 10
2940.0
 20
-4.656613e-10
 30
0.0
 11
59.99999999953434
 21
0.0
 31
0.0
1001
INERCAD20
1000
UnNamed
1070
2001
1071
4
  0
LINE
  5
8BFE
330
8BC6
100
AcDbEntity
  8
ELE-2
100
AcDbLine
 10
2940.000000000466
 20
-50.00000000046566
 30
0.0
 11
59.99999999906868
 21
-50.00000000046566
 31
0.0
1001
INERCAD20
1000
UnNamed
1070
2001
1071
4
  0
LINE
  5
8BFF
330
8BC6
100
AcDbEntity
  8
ELE-2
100
AcDbLine
 10
2940.000000000466
 20
-16.00000000046566
 30
0.0
 11
59.99999999906868
 21
-16.0
 31
0.0
1001
INERCAD20
1000
UnNamed
1070
2001
1071
4
  0
LINE
  5
8C00
330
8BC6
100
AcDbEntity
  8
ELE-2
100
AcDbLine
 10
2940.0
 20
-83.99999999953434
 30
0.0
 11
59.99999999953434
 21
-83.99999999953434
 31
0.0
1001
INERCAD20
1000
UnNamed
1070
2001
1071
4
  0
LINE
  5
8C01
330
8BC6
100
AcDbEntity
  8
WID
100
AcDbLine
 10
2210.000000000233
 20
-164.5000000009313
 30
0.0
 11
789.9999999993014
 21
-164.5000000009313
 31
0.0
1001
INERCAD20
1000
UnNamed
1070
2001
1071
1
  0
LINE
  5
8C02
330
8BC6
100
AcDbEntity
  8
ELE-2
100
AcDbLine
 10
2940.0
 20
-200.0000000004657
 30
0.0
 11
59.99999999953434
 21
-200.0
 31
0.0
1001
INERCAD20
1000
UnNamed
1070
2001
1071
4
  0
LINE
  5
8C03
330
8BC6
100
AcDbEntity
  8
ELE-2
100
AcDbLine
 10
2940.000000000466
 20
-150.0000000004656
 30
0.0
 11
59.99999999906868
 21
-150.0000000004656
 31
0.0
1001
INERCAD20
1000
UnNamed
1070
2001
1071
4
  0
LINE
  5
8C04
330
8BC6
100
AcDbEntity
  8
ELE-2
100
AcDbLine
 10
2940.000000000466
 20
-116.0000000004656
 30
0.0
 11
59.99999999906868
 21
-116.0
 31
0.0
1001
INERCAD20
1000
UnNamed
1070
2001
1071
4
  0
LINE
  5
8C05
330
8BC6
100
AcDbEntity
  8
ELE-2
100
AcDbLine
 10
2940.0
 20
-183.9999999995343
 30
0.0
 11
59.99999999953434
 21
-183.9999999995343
 31
0.0
1001
INERCAD20
1000
UnNamed
1070
2001
1071
4
  0
LINE
  5
8C06
330
8BC6
100
AcDbEntity
  8
ELE-2
100
AcDbLine
 10
59.99999999953434
 20
-100.0
 30
0.0
 11
2940.0
 21
-100.0000000004656
 31
0.0
1001
INERCAD20
1000
UnNamed
1070
2001
1071
4
  0
ENDBLK
  5
8C07
330
8BC6
100
AcDbEntity
  8
0
100
AcDbBlockEnd
  0
BLOCK
  5
8C09
330
8C08
100
AcDbEntity
  8
0
100
AcDbBlockBegin
  2
l-209
 70
0
 10
0.0
 20
0.0
 30
0.0
  3
l-209
  1

  0
SPLINE
  5
8C0A
330
8C08
100
AcDbEntity
  8
TOILET
100
AcDbSpline
 70
8
 71
2
 72
6
 73
3
 74
0
 42
1e-09
 40
0.0
 40
0.0
 40
0.0
 40
1.0
 40
1.0
 40
1.0
 10
-22.75836249924759
 20
-101.0240490359429
 30
0.0
 10
-22.75342342029762
 20
-101.2791436006009
 30
0.0
 10
-22.74848434439627
 20
-101.5342381652517
 30
0.0
1001
AcDbBlockRepETag
1070
1
1071
0
1005
8C0A
  0
SPLINE
  5
8C0B
330
8C08
100
AcDbEntity
  8
TOILET
100
AcDbSpline
 70
8
 71
2
 72
6
 73
3
 74
0
 42
1e-09
 40
0.0
 40
0.0
 40
0.0
 40
1.0
 40
1.0
 40
1.0
 10
23.5292027249161
 20
-95.18498024722793
 30
0.0
 10
23.5374247134896
 20
-94.87195384261577
 30
0.0
 10
23.54564670512627
 20
-94.55892743799632
 30
0.0
1001
AcDbBlockRepETag
1070
1
1071
1
1005
8C0B
  0
SPLINE
  5
8C0C
330
8C08
100
AcDbEntity
  8
TOILET
100
AcDbSpline
 70
12
 71
2
 72
6
 73
3
 74
0
 42
1e-09
 40
0.0
 40
0.0
 40
0.0
 40
1.0
 40
1.0
 40
1.0
 41
1.0
 41
0.9949066275707013
 41
1.0
 10
22.89715597665781
 20
-101.05359907409
 30
0.0
 10
23.43368357144937
 20
-98.75138910674286
 30
0.0
 10
23.49754280790512
 20
-96.38834983552806
 30
0.0
1001
AcDbBlockRepETag
1070
1
1071
2
1005
8C0C
  0
SPLINE
  5
8C0D
330
8C08
100
AcDbEntity
  8
TOILET
100
AcDbSpline
 70
12
 71
2
 72
6
 73
3
 74
0
 42
1e-09
 40
0.0
 40
0.0
 40
0.0
 40
1.0
 40
1.0
 40
1.0
 41
1.0
 41
0.9958564955721873
 41
1.0
 10
-17.13122397269762
 20
-116.626420055567
 30
0.0
 10
-15.8978125496069
 20
-118.2818085989202
 30
0.0
 10
-14.98463148023438
 20
-120.1332176018768
 30
0.0
1001
AcDbBlockRepETag
1070
1
1071
3
1005
8C0D
  0
SPLINE
  5
8C0E
330
8C08
100
AcDbEntity
  8
TOILET
100
AcDbSpline
 70
12
 71
2
 72
6
 73
3
 74
0
 42
1e-09
 40
0.0
 40
0.0
 40
0.0
 40
1.0
 40
1.0
 40
1.0
 41
1.0
 41
0.9999394938349438
 41
1.0
 10
-17.44755597133189
 20
-116.2119749156409
 30
0.0
 10
-17.29489382650354
 20
-116.4072604346074
 30
0.0
 10
-17.14656480950361
 20
-116.6058571782851
 30
0.0
1001
AcDbBlockRepETag
1070
1
1071
4
1005
8C0E
  0
SPLINE
  5
8C0F
330
8C08
100
AcDbEntity
  8
TOILET
100
AcDbSpline
 70
12
 71
2
 72
6
 73
3
 74
0
 42
1e-09
 40
0.0
 40
0.0
 40
0.0
 40
1.0
 40
1.0
 40
1.0
 41
1.0
 41
0.9853435922345815
 41
1.0
 10
13.6529198030621
 20
-123.5523769848005
 30
0.0
 10
14.79071225888765
 20
-119.8194107291201
 30
0.0
 10
17.11717310059612
 20
-116.6861713999096
 30
0.0
1001
AcDbBlockRepETag
1070
1
1071
5
1005
8C0F
  0
SPLINE
  5
8C10
330
8C08
100
AcDbEntity
  8
TOILET
100
AcDbSpline
 70
12
 71
2
 72
6
 73
3
 74
0
 42
1e-09
 40
0.0
 40
0.0
 40
0.0
 40
1.0
 40
1.0
 40
1.0
 41
1.0
 41
0.999930888880012
 41
1.0
 10
17.13249691113015
 20
-116.6655501712375
 30
0.0
 10
17.29076643839653
 20
-116.4528041706726
 30
0.0
 10
17.45399420108879
 20
-116.2438381408356
 30
0.0
1001
AcDbBlockRepETag
1070
1
1071
6
1005
8C10
  0
SPLINE
  5
8C11
330
8C08
100
AcDbEntity
  8
TOILET
100
AcDbSpline
 70
12
 71
2
 72
6
 73
3
 74
0
 42
1e-09
 40
0.0
 40
0.0
 40
0.0
 40
1.0
 40
1.0
 40
1.0
 41
1.0
 41
0.9973884327324984
 41
1.0
 10
15.36554911608982
 20
-186.246147748061
 30
0.0
 10
16.57926930103713
 20
-181.2660195306453
 30
0.0
 10
17.06309066247195
 20
-176.1630047612125
 30
0.0
1001
AcDbBlockRepETag
1070
1
1071
7
1005
8C11
  0
SPLINE
  5
8C12
330
8C08
100
AcDbEntity
  8
TOILET
100
AcDbSpline
 70
12
 71
2
 72
6
 73
3
 74
0
 42
1e-09
 40
0.0
 40
0.0
 40
0.0
 40
1.0
 40
1.0
 40
1.0
 41
1.0
 41
0.9999972274526939
 41
1.0
 10
17.06309066247195
 20
-176.1630047612125
 30
0.0
 10
17.09610483067808
 20
-175.8432819776426
 30
0.0
 10
17.12735788407008
 20
-175.5233891097959
 30
0.0
1001
AcDbBlockRepETag
1070
1
1071
8
1005
8C12
  0
SPLINE
  5
8C13
330
8C08
100
AcDbEntity
  8
TOILET
100
AcDbSpline
 70
12
 71
2
 72
6
 73
3
 74
0
 42
1e-09
 40
0.0
 40
0.0
 40
0.0
 40
1.0
 40
1.0
 40
1.0
 41
1.0
 41
0.8816878552928976
 41
1.0
 10
-15.35985944433923
 20
-186.2685411865823
 30
0.0
 10
-13.61730892094783
 20
-193.0454252956042
 30
0.0
 10
-7.011977340400335
 20
-195.3551020145532
 30
0.0
1001
AcDbBlockRepETag
1070
1
1071
9
1005
8C13
  0
SPLINE
  5
8C14
330
8C08
100
AcDbEntity
  8
TOILET
100
AcDbSpline
 70
12
 71
2
 72
6
 73
3
 74
0
 42
1e-09
 40
0.0
 40
0.0
 40
0.0
 40
1.0
 40
1.0
 40
1.0
 41
1.0
 41
0.9817540189102356
 41
0.9999980294406434
 10
-7.011977340400335
 20
-195.3551020145532
 30
0.0
 10
-3.651285824438673
 20
-196.7760609128236
 30
0.0
 10
-0.0032573431526544
 20
-196.8395105185336
 30
0.0
1001
AcDbBlockRepETag
1070
1
1071
10
1005
8C14
  0
SPLINE
  5
8C15
330
8C08
100
AcDbEntity
  8
TOILET
100
AcDbSpline
 70
12
 71
2
 72
6
 73
3
 74
0
 42
1e-09
 40
0.0
 40
0.0
 40
0.0
 40
1.0
 40
1.0
 40
1.0
 41
0.9999980285092458
 41
0.981707997139482
 41
1.0
 10
-0.0032573431526544
 20
-196.8395105185336
 30
0.0
 10
3.648221052906592
 20
-196.7775608615411
 30
0.0
 10
7.011995479813776
 20
-195.3551020115046
 30
0.0
1001
AcDbBlockRepETag
1070
1
1071
11
1005
8C15
  0
SPLINE
  5
8C16
330
8C08
100
AcDbEntity
  8
TOILET
100
AcDbSpline
 70
12
 71
2
 72
6
 73
3
 74
0
 42
1e-09
 40
0.0
 40
0.0
 40
0.0
 40
1.0
 40
1.0
 40
1.0
 41
1.0
 41
0.8815868603445528
 41
1.0
 10
7.011995479813776
 20
-195.3551020115046
 30
0.0
 10
13.61858316256257
 20
-193.0465687447868
 30
0.0
 10
15.35988096825895
 20
-186.2685279537618
 30
0.0
1001
AcDbBlockRepETag
1070
1
1071
12
1005
8C16
  0
SPLINE
  5
8C17
330
8C08
100
AcDbEntity
  8
TOILET
100
AcDbSpline
 70
12
 71
2
 72
6
 73
3
 74
0
 42
1e-09
 40
-1.0
 40
-1.0
 40
-1.0
 40
0.0
 40
0.0
 40
0.0
 41
1.0
 41
0.993428574871937
 41
1.0
 10
-22.74473603969818
 20
-101.6772566014915
 30
0.0
 10
-23.42584702026215
 20
-99.07621654288234
 30
0.0
 10
-23.49757217056322
 20
-96.38830248759042
 30
0.0
1001
AcDbBlockRepETag
1070
1
1071
13
1005
8C17
  0
SPLINE
  5
8C18
330
8C08
100
AcDbEntity
  8
TOILET
100
AcDbSpline
 70
12
 71
2
 72
6
 73
3
 74
0
 42
1e-09
 40
0.0
 40
0.0
 40
0.0
 40
1.0
 40
1.0
 40
1.0
 41
1.0
 41
0.9999122922308334
 41
1.0
 10
-23.49757217056322
 20
-96.38830248759042
 30
0.0
 10
-23.50553382711223
 20
-96.08585106848479
 30
0.0
 10
-23.50554153302801
 20
-95.78342597310983
 30
0.0
1001
AcDbBlockRepETag
1070
1
1071
14
1005
8C18
  0
SPLINE
  5
8C19
330
8C08
100
AcDbEntity
  8
TOILET
100
AcDbSpline
 70
12
 71
2
 72
6
 73
3
 74
0
 42
1e-09
 40
0.0
 40
0.0
 40
0.0
 40
1.0
 40
1.0
 40
1.0
 41
1.0
 41
0.9999295831657619
 41
1.0
 10
-17.13348354481422
 20
-175.4604113242239
 30
0.0
 10
-19.32028872991213
 20
-153.4936515262743
 30
0.0
 10
-20.98515014688747
 20
-131.4811709696005
 30
0.0
1001
AcDbBlockRepETag
1070
1
1071
15
1005
8C19
  0
SPLINE
  5
8C1A
330
8C08
100
AcDbEntity
  8
TOILET
100
AcDbSpline
 70
12
 71
2
 72
6
 73
3
 74
0
 42
1e-09
 40
0.0
 40
0.0
 40
0.0
 40
1.0
 40
1.0
 40
1.0
 41
1.0
 41
0.999993738718328
 41
1.0
 10
-20.98515014688747
 20
-131.4811709696005
 30
0.0
 10
-21.46208162209223
 20
-125.5038881454093
 30
0.0
 10
-23.27301252823236
 20
-99.05445890563715
 30
0.0
1001
AcDbBlockRepETag
1070
1
1071
16
1005
8C1A
  0
SPLINE
  5
8C1B
330
8C08
100
AcDbEntity
  8
TOILET
100
AcDbSpline
 70
12
 71
2
 72
6
 73
3
 74
0
 42
1e-09
 40
0.0
 40
0.0
 40
0.0
 40
1.0
 40
1.0
 40
1.0
 41
1.0
 41
0.9999936013482479
 41
1.0
 10
21.98132133203035
 20
-119.5301396637078
 30
0.0
 10
21.46186833359388
 20
-125.5038688577188
 30
0.0
 10
20.98516828019638
 20
-131.4811709741771
 30
0.0
1001
AcDbBlockRepETag
1070
1
1071
17
1005
8C1B
  0
SPLINE
  5
8C1C
330
8C08
100
AcDbEntity
  8
TOILET
100
AcDbSpline
 70
12
 71
2
 72
6
 73
3
 74
0
 42
1e-09
 40
0.0
 40
0.0
 40
0.0
 40
1.0
 40
1.0
 40
1.0
 41
1.0
 41
0.9999295831657619
 41
1.0
 10
20.98516828019638
 20
-131.4811709741771
 30
0.0
 10
19.32030668310472
 20
-153.4936531254425
 30
0.0
 10
17.13350135462679
 20
-175.4604145195117
 30
0.0
1001
AcDbBlockRepETag
1070
1
1071
18
1005
8C1C
  0
SPLINE
  5
8C1D
330
8C08
100
AcDbEntity
  8
TOILET
100
AcDbSpline
 70
12
 71
2
 72
6
 73
3
 74
0
 42
1e-09
 40
0.0
 40
0.0
 40
0.0
 40
1.0
 40
1.0
 40
1.0
 41
1.0
 41
0.9961539367195936
 41
1.0
 10
3.504321570086176
 20
-76.37845311017008
 30
0.0
 10
1.765718878290499
 20
-76.07022418473206
 30
0.0
 10
2.1450468921e-06
 20
-76.0702303311482
 30
0.0
1001
AcDbBlockRepETag
1070
1
1071
19
1005
8C1D
  0
SPLINE
  5
8C1E
330
8C08
100
AcDbEntity
  8
TOILET
100
AcDbSpline
 70
12
 71
2
 72
6
 73
3
 74
0
 42
1e-09
 40
-1.0
 40
-1.0
 40
-1.0
 40
0.0
 40
0.0
 40
0.0
 41
1.0
 41
0.9961738940310544
 41
1.0
 10
2.1450468921e-06
 20
-76.0702303311482
 30
0.0
 10
-1.761102222139015
 20
-76.07022372388019
 30
0.0
 10
-3.495303491705271
 20
-76.37685603384307
 30
0.0
1001
AcDbBlockRepETag
1070
1
1071
20
1005
8C1E
  0
SPLINE
  5
8C1F
330
8C08
100
AcDbEntity
  8
TOILET
100
AcDbSpline
 70
12
 71
2
 72
6
 73
3
 74
0
 42
1e-09
 40
0.0
 40
0.0
 40
0.0
 40
1.0
 40
1.0
 40
1.0
 41
1.0
 41
0.99999555898831
 41
0.9999999999999815
 10
-17.12737958657089
 20
-175.5229351744347
 30
0.0
 10
-17.09604010482872
 20
-175.8431782140033
 30
0.0
 10
-17.06279236772388
 20
-176.1632287686007
 30
0.0
1001
AcDbBlockRepETag
1070
1
1071
21
1005
8C1F
  0
SPLINE
  5
8C20
330
8C08
100
AcDbEntity
  8
TOILET
100
AcDbSpline
 70
12
 71
2
 72
6
 73
3
 74
0
 42
1e-09
 40
0.0
 40
0.0
 40
0.0
 40
1.0
 40
1.0
 40
1.0
 41
0.9999999999990944
 41
0.9973762109867989
 41
1.0
 10
-17.06279236772388
 20
-176.1632287686007
 30
0.0
 10
-16.58008629737014
 20
-181.2662844810038
 30
0.0
 10
-15.36553098278091
 20
-186.246147748061
 30
0.0
1001
AcDbBlockRepETag
1070
1
1071
22
1005
8C20
  0
SPLINE
  5
8C21
330
8C08
100
AcDbEntity
  8
TOILET
100
AcDbSpline
 70
12
 71
3
 72
10
 73
6
 74
0
 42
1e-09
 40
0.0
 40
0.0
 40
0.0
 40
0.0
 40
0.4999999997671696
 40
0.4999999997671696
 40
1.0
 40
1.0
 40
1.0
 40
1.0
 41
1.0
 41
1.0
 41
1.0
 41
1.0
 41
1.0
 41
1.0
 10
-3.495985070730966
 20
-75.65054049075843
 30
0.0
 10
-8.839634962409036
 20
-76.45665905212081
 30
0.0
 10
-13.67930000649357
 20
-78.92953159462193
 30
0.0
 10
-20.62934585750918
 20
-86.08942805752304
 30
0.0
 10
-22.60676526117459
 20
-90.5967110983911
 30
0.0
 10
-22.84488175337902
 20
-96.55548431839271
 30
0.0
1001
AcDbBlockRepETag
1070
1
1071
23
1005
8C21
  0
SPLINE
  5
8C22
330
8C08
100
AcDbEntity
  8
TOILET
100
AcDbSpline
 70
24
 71
2
 72
6
 73
3
 74
0
 42
1e-09
 40
0.0
 40
0.0
 40
0.0
 40
1.0
 40
1.0
 40
1.0
 10
-22.84488175337902
 20
-96.55548431839271
 30
0.0
 10
-22.80851543664903
 20
-98.43373955384595
 30
0.0
 10
-22.77214911992633
 20
-100.3119947892919
 30
0.0
1001
AcDbBlockRepETag
1070
1
1071
24
1005
8C22
  0
SPLINE
  5
8C23
330
8C08
100
AcDbEntity
  8
TOILET
100
AcDbSpline
 70
8
 71
2
 72
6
 73
3
 74
0
 42
1e-09
 40
0.0
 40
0.0
 40
0.0
 40
1.0
 40
1.0
 40
1.0
 10
22.78833352420043
 20
-99.94978481584258
 30
0.0
 10
22.82119333131413
 20
-98.25263456712129
 30
0.0
 10
22.85405313537922
 20
-96.55548431839271
 30
0.0
1001
AcDbBlockRepETag
1070
1
1071
25
1005
8C23
  0
SPLINE
  5
8C24
330
8C08
100
AcDbEntity
  8
TOILET
100
AcDbSpline
 70
12
 71
3
 72
10
 73
6
 74
0
 42
1e-09
 40
0.0
 40
0.0
 40
0.0
 40
0.0
 40
0.5000000002328308
 40
0.5000000002328308
 40
1.0
 40
1.0
 40
1.0
 40
1.0
 41
1.0
 41
1.0
 41
1.0
 41
1.0
 41
1.0
 41
1.0
 10
22.85405313537922
 20
-96.55548431839271
 30
0.0
 10
22.6159256168321
 20
-90.5964832716054
 30
0.0
 10
20.63833589853311
 20
-86.08899691033002
 30
0.0
 10
13.68763652109192
 20
-78.92891895385401
 30
0.0
 10
8.84761137690657
 20
-76.45615152625396
 30
0.0
 10
3.503638080605014
 20
-75.65031343916053
 30
0.0
1001
AcDbBlockRepETag
1070
1
1071
26
1005
8C24
  0
SPLINE
  5
8C25
330
8C08
100
AcDbEntity
  8
TOILET
100
AcDbSpline
 70
12
 71
2
 72
6
 73
3
 74
0
 42
1e-09
 40
0.0
 40
0.0
 40
0.0
 40
1.0
 40
1.0
 40
1.0
 41
1.0
 41
0.9995116153729668
 41
1.0
 10
21.99210839220177
 20
-119.4060251033297
 30
0.0
 10
23.06562763723923
 20
-109.5482083028837
 30
0.0
 10
23.49752919666935
 20
-96.38834830959968
 30
0.0
1001
AcDbBlockRepETag
1070
1
1071
27
1005
8C25
  0
SPLINE
  5
8C26
330
8C08
100
AcDbEntity
  8
TOILET
100
AcDbSpline
 70
12
 71
2
 72
6
 73
3
 74
0
 42
1e-09
 40
-1.0
 40
-1.0
 40
-1.0
 40
0.0
 40
0.0
 40
0.0
 41
1.0
 41
0.9999122414737533
 41
1.0
 10
23.49752919666935
 20
-96.38834830959968
 30
0.0
 10
23.50555178644572
 20
-96.08594032901601
 30
0.0
 10
23.5055596663442
 20
-95.78342595174763
 30
0.0
1001
AcDbBlockRepETag
1070
1
1071
28
1005
8C26
  0
SPLINE
  5
8C27
330
8C08
100
AcDbEntity
  8
TOILET
100
AcDbSpline
 70
12
 71
3
 72
12
 73
8
 74
0
 42
1e-09
 40
0.0
 40
0.0
 40
0.0
 40
0.0
 40
0.2503438011046237
 40
0.2503438011046237
 40
0.5056921874665155
 40
0.5056921874665155
 40
1.0
 40
1.0
 40
1.0
 40
1.0
 41
1.0
 41
1.0
 41
1.0
 41
1.0
 41
1.0
 41
1.0
 41
1.0
 41
1.0
 10
0.0002509075275157
 20
-57.77401310345158
 30
0.0
 10
0.9091003932990133
 20
-57.77410155524558
 30
0.0
 10
1.74187916462688
 20
-58.00135228617
 30
0.0
 10
3.030337149793922
 20
-58.8269156486931
 30
0.0
 10
3.288225400159717
 20
-59.29621529162978
 30
0.0
 10
3.168161842309928
 20
-60.72109156654187
 30
0.0
 10
1.830903246773232
 20
-61.42116473771602
 30
0.0
 10
0.0002834188926499
 20
-61.42158986361028
 30
0.0
1001
AcDbBlockRepETag
1070
1
1071
29
1005
8C27
  0
SPLINE
  5
8C28
330
8C08
100
AcDbEntity
  8
TOILET
100
AcDbSpline
 70
12
 71
3
 72
12
 73
8
 74
0
 42
1e-09
 40
0.0
 40
0.0
 40
0.0
 40
0.0
 40
0.4980252657542123
 40
0.4980252657542123
 40
0.7424031546071187
 40
0.7424031546071187
 40
1.0
 40
1.0
 40
1.0
 40
1.0
 41
1.0
 41
1.0
 41
1.0
 41
1.0
 41
1.0
 41
1.0
 41
1.0
 41
1.0
 10
0.0002834188926499
 20
-61.42158986361028
 30
0.0
 10
-1.815191452158614
 20
-61.42085915282951
 30
0.0
 10
-3.165575265142251
 20
-60.72616506731719
 30
0.0
 10
-3.285075695457635
 20
-59.31898217905109
 30
0.0
 10
-2.969400003443297
 20
-58.78974188851135
 30
0.0
 10
-1.756082876454456
 20
-58.00787056980334
 30
0.0
 10
-0.9158882507763337
 20
-57.77426219857443
 30
0.0
 10
0.0002509075275157
 20
-57.77401310345158
 30
0.0
1001
AcDbBlockRepETag
1070
1
1071
30
1005
8C28
  0
SPLINE
  5
8C29
330
8C08
100
AcDbEntity
  8
TOILET
100
AcDbSpline
 70
8
 71
3
 72
11
 73
7
 74
0
 42
1e-09
 40
0.0
 40
0.0
 40
0.0
 40
0.0
 40
0.2130265842252535
 40
0.4513549308531708
 40
0.7213585319562622
 40
1.0
 40
1.0
 40
1.0
 40
1.0
 10
-3.109881258977111
 20
-60.22001173622266
 30
0.0
 10
-2.991869961027987
 20
-59.99519845456962
 30
0.0
 10
-2.623200787769746
 20
-59.59565180397476
 30
0.0
 10
-1.880358724112738
 20
-59.15717693596525
 30
0.0
 10
-0.9805157479422631
 20
-58.88761353986774
 30
0.0
 10
-0.3308870971668512
 20
-58.82116912017955
 30
0.0
 10
0.0002509075275157
 20
-58.82706732569204
 30
0.0
1001
AcDbBlockRepETag
1070
1
1071
31
1005
8C29
  0
SPLINE
  5
8C2A
330
8C08
100
AcDbEntity
  8
TOILET
100
AcDbSpline
 70
12
 71
3
 72
10
 73
6
 74
0
 42
1e-09
 40
0.0
 40
0.0
 40
0.0
 40
0.0
 40
0.4356385210694925
 40
0.4356385210694925
 40
1.0
 40
1.0
 40
1.0
 40
1.0
 41
1.0
 41
1.0
 41
1.0
 41
1.0
 41
1.0
 41
1.0
 10
0.0002509075275157
 20
-58.82706732569204
 30
0.0
 10
1.162440442734805
 20
-58.8267747203281
 30
0.0
 10
1.944682054716395
 20
-59.20358991853572
 30
0.0
 10
2.749939106026431
 20
-59.6898998187462
 30
0.0
 10
2.983978365024086
 20
-59.95655040012207
 30
0.0
 10
3.113013287365902
 20
-60.21743393538781
 30
0.0
1001
AcDbBlockRepETag
1070
1
1071
32
1005
8C2A
  0
SPLINE
  5
8C2B
330
8C08
100
AcDbEntity
  8
TOILET
100
AcDbSpline
 70
12
 71
2
 72
6
 73
3
 74
0
 42
1e-09
 40
0.0
 40
0.0
 40
0.0
 40
1.0
 40
1.0
 40
1.0
 41
1.0
 41
0.9609049095075443
 41
0.9999999976815036
 10
17.47082536049129
 20
-116.2223196710401
 30
0.0
 10
21.88819147072354
 20
-110.6023782110933
 30
0.0
 10
22.63768248961424
 20
-103.4935717997068
 30
0.0
1001
AcDbBlockRepETag
1070
1
1071
33
1005
8C2B
  0
SPLINE
  5
8C2C
330
8C08
100
AcDbEntity
  8
TOILET
100
AcDbSpline
 70
12
 71
3
 72
12
 73
8
 74
0
 42
1e-09
 40
0.0
 40
0.0
 40
0.0
 40
0.0
 40
0.5028063661722602
 40
0.5028063661722602
 40
0.7507721666389454
 40
0.7507721666389454
 40
1.0
 40
1.0
 40
1.0
 40
1.0
 41
1.0
 41
1.0
 41
1.0
 41
1.0
 41
1.0
 41
1.0
 41
1.0
 41
1.0
 10
22.63768248960696
 20
-103.4935717997068
 30
0.0
 10
23.32041526873945
 20
-96.88369344570674
 30
0.0
 10
21.13997720616317
 20
-90.36624298132664
 30
0.0
 10
14.69964441320189
 20
-83.48934525165532
 30
0.0
 10
12.12447808121214
 20
-81.73682341566018
 30
0.0
 10
6.367221707419957
 20
-79.29247810482775
 30
0.0
 10
3.256013266000081
 20
-78.62688044864626
 30
0.0
 10
0.0045847830770072
 20
-78.56918846891494
 30
0.0
1001
AcDbBlockRepETag
1070
1
1071
34
1005
8C2C
  0
SPLINE
  5
8C2D
330
8C08
100
AcDbEntity
  8
TOILET
100
AcDbSpline
 70
12
 71
3
 72
12
 73
8
 74
0
 42
1e-09
 40
0.0
 40
0.0
 40
0.0
 40
0.0
 40
0.248236093381767
 40
0.248236093381767
 40
0.4963376381254222
 40
0.4963376381254222
 40
1.0
 40
1.0
 40
1.0
 40
1.0
 41
1.0
 41
1.0
 41
1.0
 41
1.0
 41
1.0
 41
1.0
 41
1.0
 41
1.0
 10
0.0045847830770072
 20
-78.56918846891494
 30
0.0
 10
-3.226191562032909
 20
-78.62650853788362
 30
0.0
 10
-6.370074032187403
 20
-79.29762146857684
 30
0.0
 10
-12.11633520043688
 20
-81.73722138312587
 30
0.0
 10
-14.69577218277845
 20
-83.49489828060905
 30
0.0
 10
-21.13144532740262
 20
-90.36718854293576
 30
0.0
 10
-23.31113226547314
 20
-96.88477909940411
 30
0.0
 10
-22.62862059124018
 20
-103.493586869743
 30
0.0
1001
AcDbBlockRepETag
1070
1
1071
35
1005
8C2D
  0
SPLINE
  5
8C2E
330
8C08
100
AcDbEntity
  8
TOILET
100
AcDbSpline
 70
12
 71
2
 72
6
 73
3
 74
0
 42
1e-09
 40
0.0
 40
0.0
 40
0.0
 40
1.0
 40
1.0
 40
1.0
 41
0.9999999983034188
 41
0.9612878988417696
 41
1.0
 10
-22.62862059124018
 20
-103.493586869743
 30
0.0
 10
-21.86624361170834
 20
-110.5822541749294
 30
0.0
 10
-17.46430228318786
 20
-116.1905814984857
 30
0.0
1001
AcDbBlockRepETag
1070
1
1071
36
1005
8C2E
  0
SPLINE
  5
8C2F
330
8C08
100
AcDbEntity
  8
TOILET
100
AcDbSpline
 70
12
 71
2
 72
6
 73
3
 74
0
 42
1e-09
 40
0.0
 40
0.0
 40
0.0
 40
1.0
 40
1.0
 40
1.0
 41
1.0
 41
1.0
 41
1.0
 10
-23.61889161086583
 20
-91.46635390059964
 30
0.0
 10
-23.59289516321587
 20
-92.45641711664211
 30
0.0
 10
-23.56687950263586
 20
-93.44652057438361
 30
0.0
1001
AcDbBlockRepETag
1070
1
1071
37
1005
8C2F
  0
SPLINE
  5
8C30
330
8C08
100
AcDbEntity
  8
TOILET
100
AcDbSpline
 70
12
 71
2
 72
6
 73
3
 74
0
 42
1e-09
 40
0.0
 40
0.0
 40
0.0
 40
1.0
 40
1.0
 40
1.0
 41
1.0
 41
1.0
 41
1.0
 10
-23.56687950263586
 20
-93.44652057438361
 30
0.0
 10
-23.53621915990516
 20
-94.61448286571249
 30
0.0
 10
-23.50554152081895
 20
-95.7824039631596
 30
0.0
1001
AcDbBlockRepETag
1070
1
1071
38
1005
8C30
  0
SPLINE
  5
8C31
330
8C08
100
AcDbEntity
  8
TOILET
100
AcDbSpline
 70
12
 71
2
 72
6
 73
3
 74
0
 42
1e-09
 40
0.0
 40
0.0
 40
0.0
 40
1.0
 40
1.0
 40
1.0
 41
1.0
 41
0.7071255239225577
 41
1.0
 10
-23.50554152081895
 20
-95.7824039631596
 30
0.0
 10
-23.44524656859357
 20
-72.3371515079416
 30
0.0
 10
9.0513931355e-06
 20
-72.39620355421357
 30
0.0
1001
AcDbBlockRepETag
1070
1
1071
39
1005
8C31
  0
SPLINE
  5
8C32
330
8C08
100
AcDbEntity
  8
TOILET
100
AcDbSpline
 70
12
 71
2
 72
6
 73
3
 74
0
 42
1e-09
 40
0.0
 40
0.0
 40
0.0
 40
1.0
 40
1.0
 40
1.0
 41
1.0
 41
0.7071255318387996
 41
1.0
 10
9.0513931355e-06
 20
-72.39620355421357
 30
0.0
 10
23.44526442722417
 20
-72.3371517521009
 30
0.0
 10
23.50555965719832
 20
-95.7824039631596
 30
0.0
1001
AcDbBlockRepETag
1070
1
1071
40
1005
8C32
  0
SPLINE
  5
8C33
330
8C08
100
AcDbEntity
  8
TOILET
100
AcDbSpline
 70
12
 71
2
 72
6
 73
3
 74
0
 42
1e-09
 40
0.0
 40
0.0
 40
0.0
 40
1.0
 40
1.0
 40
1.0
 41
1.0
 41
1.0
 41
1.0
 10
23.50555965719832
 20
-95.7824039631596
 30
0.0
 10
23.53623772658466
 20
-94.61448289928374
 30
0.0
 10
23.56689589486632
 20
-93.4465205270826
 30
0.0
1001
AcDbBlockRepETag
1070
1
1071
41
1005
8C33
  0
SPLINE
  5
8C34
330
8C08
100
AcDbEntity
  8
TOILET
100
AcDbSpline
 70
12
 71
2
 72
6
 73
3
 74
0
 42
1e-09
 40
0.0
 40
0.0
 40
0.0
 40
1.0
 40
1.0
 40
1.0
 41
1.0
 41
1.0
 41
1.0
 10
23.56689589486632
 20
-93.4465205270826
 30
0.0
 10
23.59291370851861
 20
-92.45641710443306
 30
0.0
 10
23.61890974722337
 20
-91.46635390059964
 30
0.0
1001
AcDbBlockRepETag
1070
1
1071
42
1005
8C34
  0
SPLINE
  5
8C35
330
8C08
100
AcDbEntity
  8
TOILET
100
AcDbSpline
 70
12
 71
2
 72
6
 73
3
 74
0
 42
1e-09
 40
0.0
 40
0.0
 40
0.0
 40
1.0
 40
1.0
 40
1.0
 41
1.0
 41
1.0
 41
1.0
 10
-3.49594381886709
 20
-75.69451570362435
 30
0.0
 10
-3.495521982869831
 20
-76.14428105901607
 30
0.0
 10
-3.495110140167525
 20
-76.59430055271513
 30
0.0
1001
AcDbBlockRepETag
1070
1
1071
43
1005
8C35
  0
SPLINE
  5
8C36
330
8C08
100
AcDbEntity
  8
TOILET
100
AcDbSpline
 70
12
 71
3
 72
10
 73
6
 74
0
 42
1e-09
 40
0.0
 40
0.0
 40
0.0
 40
0.0
 40
0.4930421512075898
 40
0.4930421512075898
 40
1.0
 40
1.0
 40
1.0
 40
1.0
 41
1.0
 41
1.0
 41
1.0
 41
1.0
 41
1.0
 41
1.0
 10
-3.495110140167525
 20
-76.59430055271513
 30
0.0
 10
-3.507107602556061
 20
-76.77730206795968
 30
0.0
 10
-3.131090506089094
 20
-76.87845750177803
 30
0.0
 10
-1.853569146180234
 20
-76.9791136161657
 30
0.0
 10
-0.9390603721112711
 20
-76.97565495347953
 30
0.0
 10
0.0045811635791324
 20
-76.96079669670144
 30
0.0
1001
AcDbBlockRepETag
1070
1
1071
44
1005
8C36
  0
SPLINE
  5
8C37
330
8C08
100
AcDbEntity
  8
TOILET
100
AcDbSpline
 70
12
 71
3
 72
10
 73
6
 74
0
 42
1e-09
 40
0.0
 40
0.0
 40
0.0
 40
0.0
 40
0.4937161800887976
 40
0.4937161800887976
 40
1.0
 40
1.0
 40
1.0
 40
1.0
 41
1.0
 41
1.0
 41
1.0
 41
1.0
 41
1.0
 41
1.0
 10
0.0045811635791324
 20
-76.96079669670144
 30
0.0
 10
0.933002651669085
 20
-76.97541624685982
 30
0.0
 10
1.849998763609619
 20
-76.97864596272848
 30
0.0
 10
3.169138047029264
 20
-76.8814383300487
 30
0.0
 10
3.510024246563261
 20
-76.77372935455787
 30
0.0
 10
3.504528796867816
 20
-76.59909590626921
 30
0.0
1001
AcDbBlockRepETag
1070
1
1071
45
1005
8C37
  0
SPLINE
  5
8C38
330
8C08
100
AcDbEntity
  8
TOILET
100
AcDbSpline
 70
12
 71
2
 72
6
 73
3
 74
0
 42
1e-09
 40
0.0
 40
0.0
 40
0.0
 40
1.0
 40
1.0
 40
1.0
 41
1.0
 41
1.0
 41
1.0
 10
3.504528796867816
 20
-76.59909590626921
 30
0.0
 10
3.504106033113203
 20
-76.14899314129434
 30
0.0
 10
3.503683669143356
 20
-75.69889037327084
 30
0.0
1001
AcDbBlockRepETag
1070
1
1071
46
1005
8C38
  0
SPLINE
  5
8C39
330
8C08
100
AcDbEntity
  8
TOILET
100
AcDbSpline
 70
12
 71
2
 72
6
 73
3
 74
0
 42
1e-09
 40
-1.0
 40
-1.0
 40
-1.0
 40
0.0
 40
0.0
 40
0.0
 41
1.0
 41
0.9922391157561165
 41
1.0
 10
13.6510612929851
 20
-123.5585014392782
 30
0.0
 10
12.85973595346877
 20
-126.1606804730618
 30
0.0
 10
12.73498466253659
 20
-128.8777246562313
 30
0.0
1001
AcDbBlockRepETag
1070
1
1071
47
1005
8C39
  0
SPLINE
  5
8C3A
330
8C08
100
AcDbEntity
  8
TOILET
100
AcDbSpline
 70
12
 71
2
 72
6
 73
3
 74
0
 42
1e-09
 40
0.0
 40
0.0
 40
0.0
 40
1.0
 40
1.0
 40
1.0
 41
1.0
 41
1.0
 41
1.0
 10
12.73498466253659
 20
-128.8777246562313
 30
0.0
 10
12.2259569013695
 20
-140.2900073751298
 30
0.0
 10
11.71669790297892
 20
-151.7022134544168
 30
0.0
1001
AcDbBlockRepETag
1070
1
1071
48
1005
8C3A
  0
SPLINE
  5
8C3B
330
8C08
100
AcDbEntity
  8
TOILET
100
AcDbSpline
 70
12
 71
2
 72
6
 73
3
 74
0
 42
1e-09
 40
0.0
 40
0.0
 40
0.0
 40
1.0
 40
1.0
 40
1.0
 41
1.0
 41
0.9999999967403708
 41
1.0
 10
11.71669790297892
 20
-151.7022134544168
 30
0.0
 10
11.35090581034456
 20
-159.9113532566553
 30
0.0
 10
10.98379197933536
 20
-168.1209161629303
 30
0.0
1001
AcDbBlockRepETag
1070
1
1071
49
1005
8C3B
  0
SPLINE
  5
8C3C
330
8C08
100
AcDbEntity
  8
TOILET
100
AcDbSpline
 70
12
 71
2
 72
6
 73
3
 74
0
 42
1e-09
 40
0.0
 40
0.0
 40
0.0
 40
1.0
 40
1.0
 40
1.0
 41
1.0
 41
0.9942355009426594
 41
0.9999999985646324
 10
10.98379197933536
 20
-168.1209161629303
 30
0.0
 10
10.93306708875025
 20
-169.2274358659633
 30
0.0
 10
10.64772064759745
 20
-170.2972346939423
 30
0.0
1001
AcDbBlockRepETag
1070
1
1071
50
1005
8C3C
  0
ARC
  5
8C3D
330
8C08
100
AcDbEntity
  8
TOILET
100
AcDbCircle
 10
-0.1113210000039544
 20
-166.7509389999977
 30
0.0
 40
11.328424
100
AcDbArc
 50
220.16728199994
 51
341.7572249998074
1001
AcDbBlockRepETag
1070
1
1071
51
1005
8C3D
  0
SPLINE
  5
8C3E
330
8C08
100
AcDbEntity
  8
TOILET
100
AcDbSpline
 70
12
 71
2
 72
6
 73
3
 74
0
 42
1e-09
 40
0.0
 40
0.0
 40
0.0
 40
1.0
 40
1.0
 40
1.0
 41
0.9999999929553307
 41
0.9542504015930028
 41
1.0
 10
-8.768100282686646
 20
-174.058015212453
 30
0.0
 10
-10.80122088602365
 20
-171.4360282388297
 30
0.0
 10
-10.97453558802226
 20
-168.1226678445018
 30
0.0
1001
AcDbBlockRepETag
1070
1
1071
52
1005
8C3E
  0
SPLINE
  5
8C3F
330
8C08
100
AcDbEntity
  8
TOILET
100
AcDbSpline
 70
12
 71
2
 72
6
 73
3
 74
0
 42
1e-09
 40
0.0
 40
0.0
 40
0.0
 40
1.0
 40
1.0
 40
1.0
 41
1.0
 41
0.9999999967403708
 41
1.0
 10
-10.97453558802226
 20
-168.1226678445018
 30
0.0
 10
-11.34168520500679
 20
-159.9124721689804
 30
0.0
 10
-11.70752932105097
 20
-151.7022182153086
 30
0.0
1001
AcDbBlockRepETag
1070
1
1071
53
1005
8C3F
  0
SPLINE
  5
8C40
330
8C08
100
AcDbEntity
  8
TOILET
100
AcDbSpline
 70
12
 71
2
 72
6
 73
3
 74
0
 42
1e-09
 40
-1.0
 40
-1.0
 40
-1.0
 40
0.0
 40
0.0
 40
0.0
 41
1.0
 41
1.0
 41
1.0
 10
-11.70752932105097
 20
-151.7022182153086
 30
0.0
 10
-12.21755508020578
 20
-140.2729997180358
 30
0.0
 10
-12.72733713684283
 20
-128.8437038975462
 30
0.0
1001
AcDbBlockRepETag
1070
1
1071
54
1005
8C40
  0
SPLINE
  5
8C41
330
8C08
100
AcDbEntity
  8
TOILET
100
AcDbSpline
 70
12
 71
2
 72
6
 73
3
 74
0
 42
1e-09
 40
-1.0
 40
-1.0
 40
-1.0
 40
0.0
 40
0.0
 40
0.0
 41
1.0
 41
0.9787276023899799
 41
1.0
 10
-12.72733713684283
 20
-128.8437038975462
 30
0.0
 10
-12.94120692204888
 20
-124.2589548100659
 30
0.0
 10
-14.9782753261752
 20
-120.1461203302315
 30
0.0
1001
AcDbBlockRepETag
1070
1
1071
55
1005
8C41
  0
SPLINE
  5
8C42
330
8C08
100
AcDbEntity
  8
TOILET
100
AcDbSpline
 70
12
 71
2
 72
6
 73
3
 74
0
 42
1e-09
 40
-1.0
 40
-1.0
 40
-1.0
 40
0.0
 40
0.0
 40
0.0
 41
1.0
 41
1.0
 41
1.0
 10
-23.61988282152743
 20
-91.42860836393083
 30
0.0
 10
-23.68133056161605
 20
-89.08733904418477
 30
0.0
 10
-23.74278115521883
 20
-86.74606980073439
 30
0.0
1001
AcDbBlockRepETag
1070
1
1071
56
1005
8C42
  0
SPLINE
  5
8C43
330
8C08
100
AcDbEntity
  8
TOILET
100
AcDbSpline
 70
12
 71
2
 72
6
 73
3
 74
0
 42
1e-09
 40
0.0
 40
0.0
 40
0.0
 40
1.0
 40
1.0
 40
1.0
 41
1.0
 41
0.9999999883584678
 41
1.0
 10
-23.74278115521883
 20
-86.74606980073439
 30
0.0
 10
-23.77089607564994
 20
-85.66889751763667
 30
0.0
 10
-23.79934164290899
 20
-84.59173391707736
 30
0.0
1001
AcDbBlockRepETag
1070
1
1071
57
1005
8C43
  0
SPLINE
  5
8C44
330
8C08
100
AcDbEntity
  8
TOILET
100
AcDbSpline
 70
12
 71
2
 72
6
 73
3
 74
0
 42
1e-09
 40
0.0
 40
0.0
 40
0.0
 40
1.0
 40
1.0
 40
1.0
 41
1.0
 41
1.0
 41
1.0
 10
-23.79934164290899
 20
-84.59173391707736
 30
0.0
 10
-23.89944379444933
 20
-80.77954770228826
 30
0.0
 10
-23.99951834811509
 20
-76.96736076115485
 30
0.0
1001
AcDbBlockRepETag
1070
1
1071
58
1005
8C44
  0
SPLINE
  5
8C45
330
8C08
100
AcDbEntity
  8
TOILET
100
AcDbSpline
 70
12
 71
2
 72
8
 73
5
 74
0
 42
1e-09
 40
-1.0
 40
-1.0
 40
-1.0
 40
-0.5000000002328308
 40
-0.5000000002328308
 40
0.0
 40
0.0
 40
0.0
 41
1.0
 41
0.923873602377192
 41
1.0
 41
0.923873602377192
 41
1.0
 10
-23.99951834811509
 20
-76.96736076115485
 30
0.0
 10
-23.98569638700428
 20
-67.04045728814526
 30
0.0
 10
-16.95632479058258
 20
-60.03106797573128
 30
0.0
 10
-9.926953194164525
 20
-53.02167866331728
 30
0.0
 10
-2.55336999544e-05
 20
-53.03611592336529
 30
0.0
1001
AcDbBlockRepETag
1070
1
1071
59
1005
8C45
  0
SPLINE
  5
8C46
330
8C08
100
AcDbEntity
  8
TOILET
100
AcDbSpline
 70
12
 71
2
 72
6
 73
3
 74
0
 42
1e-09
 40
-1.0
 40
-1.0
 40
-1.0
 40
0.0
 40
0.0
 40
0.0
 41
1.0
 41
0.707185412155085
 41
1.0
 10
-2.55336999544e-05
 20
-53.03611592336529
 30
0.0
 10
23.96272939808841
 20
-53.0046384856978
 30
0.0
 10
23.999536481424
 20
-76.96736076115485
 30
0.0
1001
AcDbBlockRepETag
1070
1
1071
60
1005
8C46
  0
SPLINE
  5
8C47
330
8C08
100
AcDbEntity
  8
TOILET
100
AcDbSpline
 70
12
 71
2
 72
6
 73
3
 74
0
 42
1e-09
 40
0.0
 40
0.0
 40
0.0
 40
1.0
 40
1.0
 40
1.0
 41
1.0
 41
1.0
 41
1.0
 10
23.999536481424
 20
-76.96736076115485
 30
0.0
 10
23.89946193691867
 20
-80.77954918243633
 30
0.0
 10
23.79935978231515
 20
-84.59173687737346
 30
0.0
1001
AcDbBlockRepETag
1070
1
1071
61
1005
8C47
  0
SPLINE
  5
8C48
330
8C08
100
AcDbEntity
  8
TOILET
100
AcDbSpline
 70
12
 71
2
 72
6
 73
3
 74
0
 42
1e-09
 40
0.0
 40
0.0
 40
0.0
 40
1.0
 40
1.0
 40
1.0
 41
1.0
 41
0.9999999883584678
 41
1.0
 10
23.79935978231515
 20
-84.59173687737346
 30
0.0
 10
23.77091421208752
 20
-85.66889899778471
 30
0.0
 10
23.74279928852047
 20
-86.74606980073439
 30
0.0
1001
AcDbBlockRepETag
1070
1
1071
62
1005
8C48
  0
SPLINE
  5
8C49
330
8C08
100
AcDbEntity
  8
TOILET
100
AcDbSpline
 70
12
 71
2
 72
6
 73
3
 74
0
 42
1e-09
 40
-1.0
 40
-1.0
 40
-1.0
 40
0.0
 40
0.0
 40
0.0
 41
1.0
 41
1.0
 41
1.0
 10
23.74279928852047
 20
-86.74606980073439
 30
0.0
 10
23.68134869492497
 20
-89.08733904418477
 30
0.0
 10
23.61990095482906
 20
-91.42860836393083
 30
0.0
1001
AcDbBlockRepETag
1070
1
1071
63
1005
8C49
  0
LINE
  5
8C4A
330
8C08
100
AcDbEntity
  8
TOILET
100
AcDbLine
 10
-40.0
 20
-70.0
 30
0.0
 11
40.0
 21
-70.0
 31
0.0
1001
AcDbBlockRepETag
1070
1
1071
64
1005
8C4A
  0
LINE
  5
8C4B
330
8C08
100
AcDbEntity
  8
TOILET
100
AcDbLine
 10
0.0
 20
-595.0
 30
0.0
 11
0.0
 21
125.0
 31
0.0
1001
AcDbBlockRepETag
1070
1
1071
65
1005
8C4B
  0
LINE
  5
8C4C
330
8C08
100
AcDbEntity
  8
TOILET
100
AcDbLine
 10
-270.0
 20
0.0
 30
0.0
 11
-267.8387299999958
 21
-216.1270629999999
 31
0.0
1001
AcDbBlockRepETag
1070
1
1071
66
1005
8C4C
  0
ARC
  5
8C4D
330
8C08
100
AcDbEntity
  8
TOILET
100
AcDbCircle
 10
32.14626300000237
 20
-213.1263949999993
 30
0.0
 40
300.0
100
AcDbArc
 50
180.5730950001067
 51
188.5632080001227
1001
AcDbBlockRepETag
1070
1
1071
67
1005
8C4D
  0
ARC
  5
8C4E
330
8C08
100
AcDbEntity
  8
TOILET
100
AcDbCircle
 10
-37.07339099999809
 20
-223.5494219999964
 30
0.0
 40
230.0
100
AcDbArc
 50
188.5632080001227
 51
222.1433990002973
1001
AcDbBlockRepETag
1070
1
1071
68
1005
8C4E
  0
ARC
  5
8C4F
330
8C08
100
AcDbEntity
  8
TOILET
100
AcDbCircle
 10
0.0
 20
-190.0
 30
0.0
 40
280.0
100
AcDbArc
 50
222.1433990002973
 51
270.0
1001
AcDbBlockRepETag
1070
1
1071
69
1005
8C4F
  0
ARC
  5
8C50
330
8C08
100
AcDbEntity
  8
TOILET
100
AcDbCircle
 10
0.0
 20
-190.0
 30
0.0
 40
235.0
100
AcDbArc
 50
230.2678949999755
 51
270.0
1001
AcDbBlockRepETag
1070
1
1071
70
1005
8C50
  0
ARC
  5
8C51
330
8C08
100
AcDbEntity
  8
TOILET
100
AcDbCircle
 10
0.0
 20
-200.0
 30
0.0
 40
20.5
100
AcDbArc
 50
138.3944202971803
 51
41.60543350605425
1001
AcDbBlockRepETag
1070
1
1071
71
1005
8C51
  0
ARC
  5
8C52
330
8C08
100
AcDbEntity
  8
TOILET
100
AcDbCircle
 10
0.0
 20
-200.0
 30
0.0
 40
32.5
100
AcDbArc
 50
122.4110487866798
 51
57.58891558732345
1001
AcDbBlockRepETag
1070
1
1071
72
1005
8C52
  0
ARC
  5
8C53
330
8C08
100
AcDbEntity
  8
TOILET
100
AcDbCircle
 10
-31.00316999999632
 20
-227.3009509999974
 30
0.0
 40
186.49683
100
AcDbArc
 50
157.7257549999494
 51
230.2678949999755
1001
AcDbBlockRepETag
1070
1
1071
73
1005
8C53
  0
ARC
  5
8C54
330
8C08
100
AcDbEntity
  8
TOILET
100
AcDbCircle
 10
0.0
 20
-240.0
 30
0.0
 40
220.0
100
AcDbArc
 50
90.0
 51
157.7257549999494
1001
AcDbBlockRepETag
1070
1
1071
74
1005
8C54
  0
ARC
  5
8C55
330
8C08
100
AcDbEntity
  8
TOILET
100
AcDbCircle
 10
0.0
 20
-240.0
 30
0.0
 40
210.0
100
AcDbArc
 50
90.0
 51
143.1301020001401
1001
AcDbBlockRepETag
1070
1
1071
75
1005
8C55
  0
ARC
  5
8C56
330
8C08
100
AcDbEntity
  8
TOILET
100
AcDbCircle
 10
-160.0
 20
-120.0
 30
0.0
 40
10.0
100
AcDbArc
 50
143.1301020001401
 51
270.0
1001
AcDbBlockRepETag
1070
1
1071
76
1005
8C56
  0
LINE
  5
8C57
330
8C08
100
AcDbEntity
  8
TOILET
100
AcDbLine
 10
-160.0
 20
-130.0
 30
0.0
 11
0.0
 21
-130.0
 31
0.0
1001
AcDbBlockRepETag
1070
1
1071
77
1005
8C57
  0
LINE
  5
8C58
330
8C08
100
AcDbEntity
  8
TOILET
100
AcDbLine
 10
-270.0
 20
0.0
 30
0.0
 11
0.0
 21
0.0
 31
0.0
1001
AcDbBlockRepETag
1070
1
1071
78
1005
8C58
  0
LINE
  5
8C59
330
8C08
100
AcDbEntity
  8
TOILET
100
AcDbLine
 10
270.0
 20
0.0
 30
0.0
 11
267.8387290000028
 21
-216.1270629999999
 31
0.0
1001
AcDbBlockRepETag
1070
1
1071
79
1005
8C59
  0
ARC
  5
8C5A
330
8C08
100
AcDbEntity
  8
TOILET
100
AcDbCircle
 10
-32.14626399999543
 20
-213.1263949999993
 30
0.0
 40
300.0
100
AcDbArc
 50
351.4367919998772
 51
359.4269049998933
1001
AcDbBlockRepETag
1070
1
1071
80
1005
8C5A
  0
ARC
  5
8C5B
330
8C08
100
AcDbEntity
  8
TOILET
100
AcDbCircle
 10
37.07339000000502
 20
-223.5494219999964
 30
0.0
 40
230.0
100
AcDbArc
 50
317.8566009997027
 51
351.4367919998772
1001
AcDbBlockRepETag
1070
1
1071
81
1005
8C5B
  0
ARC
  5
8C5C
330
8C08
100
AcDbEntity
  8
TOILET
100
AcDbCircle
 10
0.0
 20
-190.0
 30
0.0
 40
280.0
100
AcDbArc
 50
270.0
 51
317.8566009997027
1001
AcDbBlockRepETag
1070
1
1071
82
1005
8C5C
  0
ARC
  5
8C5D
330
8C08
100
AcDbEntity
  8
TOILET
100
AcDbCircle
 10
0.0
 20
-190.0
 30
0.0
 40
235.0
100
AcDbArc
 50
270.0
 51
309.7321050000245
1001
AcDbBlockRepETag
1070
1
1071
83
1005
8C5D
  0
ARC
  5
8C5E
330
8C08
100
AcDbEntity
  8
TOILET
100
AcDbCircle
 10
31.00316900000326
 20
-227.3009509999974
 30
0.0
 40
186.49683
100
AcDbArc
 50
309.7321050000245
 51
22.27424500005054
1001
AcDbBlockRepETag
1070
1
1071
84
1005
8C5E
  0
ARC
  5
8C5F
330
8C08
100
AcDbEntity
  8
TOILET
100
AcDbCircle
 10
0.0
 20
-240.0
 30
0.0
 40
220.0
100
AcDbArc
 50
22.27424500005054
 51
90.0
1001
AcDbBlockRepETag
1070
1
1071
85
1005
8C5F
  0
ARC
  5
8C60
330
8C08
100
AcDbEntity
  8
TOILET
100
AcDbCircle
 10
0.0
 20
-240.0
 30
0.0
 40
210.0
100
AcDbArc
 50
36.86989799985993
 51
90.0
1001
AcDbBlockRepETag
1070
1
1071
86
1005
8C60
  0
ARC
  5
8C61
330
8C08
100
AcDbEntity
  8
TOILET
100
AcDbCircle
 10
160.0
 20
-120.0
 30
0.0
 40
10.0
100
AcDbArc
 50
270.0
 51
36.86989799985993
1001
AcDbBlockRepETag
1070
1
1071
87
1005
8C61
  0
LINE
  5
8C62
330
8C08
100
AcDbEntity
  8
TOILET
100
AcDbLine
 10
160.0
 20
-130.0
 30
0.0
 11
0.0
 21
-130.0
 31
0.0
1001
AcDbBlockRepETag
1070
1
1071
88
1005
8C62
  0
LINE
  5
8C63
330
8C08
100
AcDbEntity
  8
TOILET
100
AcDbLine
 10
270.0
 20
0.0
 30
0.0
 11
0.0
 21
0.0
 31
0.0
1001
AcDbBlockRepETag
1070
1
1071
89
1005
8C63
  0
ENDBLK
  5
8C64
330
8C08
100
AcDbEntity
  8
0
100
AcDbBlockEnd
  0
BLOCK
  5
8C66
330
8C65
100
AcDbEntity
  8
0
100
AcDbBlockBegin
  2
2800RKEJTRLY
 70
0
 10
0.0
 20
0.0
 30
0.0
  3
2800RKEJTRLY
  1

  0
LWPOLYLINE
  5
8C67
330
8C65
100
AcDbEntity
  8
WID-S
100
AcDbPolyline
 90
16
 70
1
 10
57.00000001350417
 20
-12.99999999906868
 10
57.00000001350417
 20
-2.999999999068677
 10
57.00000001350417
 20
-2.999999999068677
 10
57.00000001350417
 20
-2.999999999068677
 10
57.00000001350417
 20
-2.999999999068677
 10
57.00000001350417
 20
-2.999999999068677
 10
13.00000001350418
 20
-2.999999999068677
 10
13.00000001350418
 20
-2.999999999068677
 10
13.00000001350418
 20
-2.999999999068677
 10
13.00000001350418
 20
-2.999999999068677
 10
13.00000001350418
 20
-2.999999999068677
 10
13.00000001350418
 20
-96.99999999906868
 10
57.00000001350417
 20
-96.99999999906868
 10
57.00000001350417
 20
-86.99999999906868
 10
42.00000001350417
 20
-86.99999999906868
 10
42.00000001350417
 20
-12.99999999906868
  0
LWPOLYLINE
  5
8C68
330
8C65
100
AcDbEntity
  8
WID-S
100
AcDbPolyline
 90
16
 70
1
 10
60.00000001350418
 20
-15.99999999906868
 10
60.00000001350418
 20
9.313226e-10
 10
60.00000001350418
 20
9.313226e-10
 10
60.00000001350418
 20
9.313226e-10
 10
60.00000001350418
 20
9.313226e-10
 10
60.00000001350418
 20
9.313226e-10
 10
10.00000001350417
 20
9.313226e-10
 10
10.00000001350417
 20
9.313226e-10
 10
10.00000001350417
 20
9.313226e-10
 10
10.00000001350417
 20
9.313226e-10
 10
10.00000001350417
 20
9.313226e-10
 10
10.00000001350417
 20
-99.99999999906869
 10
60.00000001350418
 20
-99.99999999906869
 10
60.00000001350418
 20
-83.99999999906866
 10
45.00000001350417
 20
-83.99999999906866
 10
45.00000001350417
 20
-15.99999999906868
  0
LINE
  5
8C69
330
8C65
100
AcDbEntity
  8
WID-S
100
AcDbLine
 10
45.00000001350417
 20
-49.99999999906868
 30
0.0
 11
60.00000001350418
 21
-49.99999999906868
 31
0.0
  0
LWPOLYLINE
  5
8C6A
330
8C65
100
AcDbEntity
  8
WID-S
100
AcDbPolyline
 90
4
 70
1
 10
130.0000000130385
 20
-47.99999999953434
 10
130.0000000135042
 20
-17.99999999953434
 10
50.00000001396983
 20
-18.0
 10
50.00000001303852
 20
-47.99999999953434
1001
INERCAD20
1000
UnNamed
1070
2001
1071
2
  0
LWPOLYLINE
  5
8C6B
330
8C65
100
AcDbEntity
  8
WID-S
100
AcDbPolyline
 90
4
 70
1
 10
127.0000000130385
 20
-44.99999999953433
 10
127.0000000135041
 20
-20.99999999953434
 10
53.00000001396984
 20
-21.0
 10
53.00000001327134
 20
-44.99999999953433
1001
INERCAD20
1000
UnNamed
1070
2001
1071
2
  0
LINE
  5
8C6C
330
8C65
100
AcDbEntity
  8
WID
100
AcDbLine
 10
710.000000013737
 20
-30.5
 30
0.0
 11
130.0000000139698
 21
-30.49999999953434
 31
0.0
1001
INERCAD20
1000
UnNamed
1070
2001
1071
1
  0
LWPOLYLINE
  5
8C6D
330
8C65
100
AcDbEntity
  8
WID-S
100
AcDbPolyline
 90
4
 70
1
 10
710.0000000142026
 20
-47.99999999953434
 10
710.000000013737
 20
-17.99999999953434
 10
790.0000000132713
 20
-18.0
 10
790.0000000142027
 20
-47.99999999953434
1001
INERCAD20
1000
UnNamed
1070
2001
1071
2
  0
LWPOLYLINE
  5
8C6E
330
8C65
100
AcDbEntity
  8
WID-S
100
AcDbPolyline
 90
4
 70
1
 10
713.0000000142026
 20
-44.99999999953433
 10
713.0000000139698
 20
-20.99999999953434
 10
787.0000000135042
 20
-21.0
 10
787.0000000142026
 20
-44.99999999953433
1001
INERCAD20
1000
UnNamed
1070
2001
1071
2
  0
LINE
  5
8C6F
330
8C65
100
AcDbEntity
  8
ELE-2
100
AcDbLine
 10
750.0000000135042
 20
-299.9999999995343
 30
0.0
 11
750.000000013737
 21
300.0000000004657
 31
0.0
  0
LWPOLYLINE
  5
8C70
330
8C65
100
AcDbEntity
  8
WID-S
100
AcDbPolyline
 90
4
 70
1
 10
710.0000000144355
 20
-82.0
 10
710.0000000139698
 20
-52.0
 10
790.0000000135041
 20
-52.00000000046566
 10
790.0000000144355
 20
-82.0
1001
INERCAD20
1000
UnNamed
1070
2001
1071
2
  0
LWPOLYLINE
  5
8C71
330
8C65
100
AcDbEntity
  8
WID-S
100
AcDbPolyline
 90
4
 70
1
 10
713.0000000144355
 20
-79.0
 10
713.0000000142026
 20
-55.0
 10
787.000000013737
 20
-55.00000000046566
 10
787.0000000144354
 20
-79.0
1001
INERCAD20
1000
UnNamed
1070
2001
1071
2
  0
LWPOLYLINE
  5
8C72
330
8C65
100
AcDbEntity
  8
WID-S
100
AcDbPolyline
 90
16
 70
1
 10
57.00000001350417
 20
87.00000000093131
 10
57.00000001350417
 20
97.00000000093134
 10
57.00000001350417
 20
97.00000000093134
 10
57.00000001350417
 20
97.00000000093134
 10
57.00000001350417
 20
97.00000000093134
 10
57.00000001350417
 20
97.00000000093134
 10
13.00000001350418
 20
97.00000000093134
 10
13.00000001350418
 20
97.00000000093134
 10
13.00000001350418
 20
97.00000000093134
 10
13.00000001350418
 20
97.00000000093134
 10
13.00000001350418
 20
97.00000000093134
 10
13.00000001350418
 20
3.000000000931322
 10
57.00000001350417
 20
3.000000000931322
 10
57.00000001350417
 20
13.00000000093132
 10
42.00000001350417
 20
13.00000000093132
 10
42.00000001350417
 20
87.00000000093131
  0
LWPOLYLINE
  5
8C73
330
8C65
100
AcDbEntity
  8
WID-S
100
AcDbPolyline
 90
16
 70
1
 10
60.00000001350418
 20
84.00000000093132
 10
60.00000001350418
 20
100.0000000009313
 10
60.00000001350418
 20
100.0000000009313
 10
60.00000001350418
 20
100.0000000009313
 10
60.00000001350418
 20
100.0000000009313
 10
60.00000001350418
 20
100.0000000009313
 10
10.00000001350417
 20
100.0000000009313
 10
10.00000001350417
 20
100.0000000009313
 10
10.00000001350417
 20
100.0000000009313
 10
10.00000001350417
 20
100.0000000009313
 10
10.00000001350417
 20
100.0000000009313
 10
10.00000001350417
 20
9.313226e-10
 10
60.00000001350418
 20
9.313226e-10
 10
60.00000001350418
 20
16.00000000093132
 10
45.00000001350417
 20
16.00000000093132
 10
45.00000001350417
 20
84.00000000093132
  0
LINE
  5
8C74
330
8C65
100
AcDbEntity
  8
WID-S
100
AcDbLine
 10
45.00000001350417
 20
50.00000000093132
 30
0.0
 11
60.00000001350418
 21
50.00000000093132
 31
0.0
  0
LWPOLYLINE
  5
8C75
330
8C65
100
AcDbEntity
  8
WID-S
100
AcDbPolyline
 90
4
 70
1
 10
130.0000000130385
 20
52.00000000046566
 10
130.0000000135042
 20
82.00000000046566
 10
50.00000001396983
 20
82.0
 10
50.00000001303852
 20
52.00000000046566
1001
INERCAD20
1000
UnNamed
1070
2001
1071
2
  0
LWPOLYLINE
  5
8C76
330
8C65
100
AcDbEntity
  8
WID-S
100
AcDbPolyline
 90
4
 70
1
 10
127.0000000130385
 20
55.00000000046566
 10
127.0000000135041
 20
79.00000000046566
 10
53.00000001396984
 20
79.0
 10
53.00000001327134
 20
55.00000000046566
1001
INERCAD20
1000
UnNamed
1070
2001
1071
2
  0
LINE
  5
8C77
330
8C65
100
AcDbEntity
  8
WID
100
AcDbLine
 10
710.000000013737
 20
69.5
 30
0.0
 11
130.0000000139698
 21
69.50000000046566
 31
0.0
1001
INERCAD20
1000
UnNamed
1070
2001
1071
1
  0
LWPOLYLINE
  5
8C78
330
8C65
100
AcDbEntity
  8
WID-S
100
AcDbPolyline
 90
4
 70
1
 10
710.0000000142026
 20
52.00000000046566
 10
710.000000013737
 20
82.00000000046566
 10
790.0000000132713
 20
82.0
 10
790.0000000142027
 20
52.00000000046566
1001
INERCAD20
1000
UnNamed
1070
2001
1071
2
  0
LWPOLYLINE
  5
8C79
330
8C65
100
AcDbEntity
  8
WID-S
100
AcDbPolyline
 90
4
 70
1
 10
713.0000000142026
 20
55.00000000046566
 10
713.0000000139698
 20
79.00000000046566
 10
787.0000000135042
 20
79.0
 10
787.0000000142026
 20
55.00000000046566
1001
INERCAD20
1000
UnNamed
1070
2001
1071
2
  0
LWPOLYLINE
  5
8C7A
330
8C65
100
AcDbEntity
  8
WID-S
100
AcDbPolyline
 90
4
 70
1
 10
710.0000000144355
 20
18.0
 10
710.0000000139698
 20
48.0
 10
790.0000000135041
 20
47.99999999953434
 10
790.0000000144355
 20
18.0
1001
INERCAD20
1000
UnNamed
1070
2001
1071
2
  0
LWPOLYLINE
  5
8C7B
330
8C65
100
AcDbEntity
  8
WID-S
100
AcDbPolyline
 90
4
 70
1
 10
713.0000000144355
 20
21.0
 10
713.0000000142026
 20
45.0
 10
787.000000013737
 20
44.99999999953433
 10
787.0000000144354
 20
21.0
1001
INERCAD20
1000
UnNamed
1070
2001
1071
2
  0
LINE
  5
8C7C
330
8C65
100
AcDbEntity
  8
WID
100
AcDbLine
 10
710.000000013737
 20
-35.5
 30
0.0
 11
130.0000000139698
 21
-35.49999999953434
 31
0.0
1001
INERCAD20
1000
UnNamed
1070
2001
1071
1
  0
LINE
  5
8C7D
330
8C65
100
AcDbEntity
  8
WID
100
AcDbLine
 10
710.000000013737
 20
64.5
 30
0.0
 11
130.0000000139698
 21
64.50000000046566
 31
0.0
1001
INERCAD20
1000
UnNamed
1070
2001
1071
1
  0
ARC
  5
8C7E
330
8C65
100
AcDbEntity
  8
FIN
100
AcDbCircle
 10
5.000000011874362
 20
-102.6666666632518
 30
0.0
 40
5.666666664074
100
AcDbArc
 50
28.07248689975591
 51
151.9275131002441
  0
ARC
  5
8C7F
330
8C65
100
AcDbEntity
  8
FIN
100
AcDbCircle
 10
2795.000000012806
 20
-102.8133298242464
 30
0.0
 40
5.737144297840901
100
AcDbArc
 50
29.36497656003655
 51
150.6350234399634
  0
LWPOLYLINE
  5
8C80
330
8C65
100
AcDbEntity
  8
WID-S
100
AcDbPolyline
 90
16
 70
1
 10
2743.00000001397
 20
-12.99999999953434
 10
2743.00000001397
 20
-2.999999999534338
 10
2743.00000001397
 20
-2.999999999534338
 10
2743.00000001397
 20
-2.999999999534338
 10
2743.00000001397
 20
-2.999999999534338
 10
2743.00000001397
 20
-2.999999999534338
 10
2787.00000001397
 20
-2.999999999534338
 10
2787.00000001397
 20
-2.999999999534338
 10
2787.00000001397
 20
-2.999999999534338
 10
2787.00000001397
 20
-2.999999999534338
 10
2787.00000001397
 20
-2.999999999534338
 10
2787.00000001397
 20
-96.99999999953432
 10
2743.00000001397
 20
-96.99999999953432
 10
2743.00000001397
 20
-86.99999999953432
 10
2758.00000001397
 20
-86.99999999953432
 10
2758.00000001397
 20
-12.99999999953434
  0
LWPOLYLINE
  5
8C81
330
8C65
100
AcDbEntity
  8
WID-S
100
AcDbPolyline
 90
16
 70
1
 10
2740.00000001397
 20
-15.99999999953434
 10
2740.00000001397
 20
4.656613e-10
 10
2740.00000001397
 20
4.656613e-10
 10
2740.00000001397
 20
4.656613e-10
 10
2740.00000001397
 20
4.656613e-10
 10
2740.00000001397
 20
4.656613e-10
 10
2790.00000001397
 20
4.656613e-10
 10
2790.00000001397
 20
4.656613e-10
 10
2790.00000001397
 20
4.656613e-10
 10
2790.00000001397
 20
4.656613e-10
 10
2790.00000001397
 20
4.656613e-10
 10
2790.00000001397
 20
-99.99999999953434
 10
2740.00000001397
 20
-99.99999999953434
 10
2740.00000001397
 20
-83.99999999953434
 10
2755.00000001397
 20
-83.99999999953434
 10
2755.00000001397
 20
-15.99999999953434
  0
LINE
  5
8C82
330
8C65
100
AcDbEntity
  8
WID-S
100
AcDbLine
 10
2755.00000001397
 20
-49.99999999953434
 30
0.0
 11
2740.00000001397
 21
-49.99999999953434
 31
0.0
  0
LWPOLYLINE
  5
8C83
330
8C65
100
AcDbEntity
  8
WID-S
100
AcDbPolyline
 90
4
 70
1
 10
2670.000000014436
 20
-47.99999999953434
 10
2670.00000001397
 20
-17.99999999953434
 10
2750.000000013504
 20
-18.00000000046566
 10
2750.000000014436
 20
-47.99999999953434
1001
INERCAD20
1000
UnNamed
1070
2001
1071
2
  0
LWPOLYLINE
  5
8C84
330
8C65
100
AcDbEntity
  8
WID-S
100
AcDbPolyline
 90
4
 70
1
 10
2673.000000014203
 20
-44.99999999953433
 10
2673.00000001397
 20
-21.0
 10
2747.000000013504
 20
-21.00000000046566
 10
2747.000000014203
 20
-44.99999999953433
1001
INERCAD20
1000
UnNamed
1070
2001
1071
2
  0
LINE
  5
8C85
330
8C65
100
AcDbEntity
  8
WID
100
AcDbLine
 10
2090.000000013504
 20
-30.5
 30
0.0
 11
2670.000000013504
 21
-30.49999999953434
 31
0.0
1001
INERCAD20
1000
UnNamed
1070
2001
1071
1
  0
LWPOLYLINE
  5
8C86
330
8C65
100
AcDbEntity
  8
WID-S
100
AcDbPolyline
 90
4
 70
1
 10
2090.000000013039
 20
-47.99999999953434
 10
2090.000000013504
 20
-17.99999999953434
 10
2010.00000001397
 20
-18.0
 10
2010.000000013039
 20
-47.99999999953434
1001
INERCAD20
1000
UnNamed
1070
2001
1071
2
  0
LWPOLYLINE
  5
8C87
330
8C65
100
AcDbEntity
  8
WID-S
100
AcDbPolyline
 90
4
 70
1
 10
2087.000000013271
 20
-44.99999999953433
 10
2087.000000013504
 20
-20.99999999953434
 10
2013.00000001397
 20
-21.0
 10
2013.000000013271
 20
-44.99999999953433
1001
INERCAD20
1000
UnNamed
1070
2001
1071
2
  0
LINE
  5
8C88
330
8C65
100
AcDbEntity
  8
ELE-2
100
AcDbLine
 10
2050.000000013737
 20
-299.9999999995343
 30
0.0
 11
2050.000000013737
 21
300.0000000004657
 31
0.0
  0
LWPOLYLINE
  5
8C89
330
8C65
100
AcDbEntity
  8
WID-S
100
AcDbPolyline
 90
4
 70
1
 10
2090.000000012806
 20
-82.0
 10
2090.000000013271
 20
-52.0
 10
2010.000000013737
 20
-52.00000000046566
 10
2010.000000012806
 20
-82.0
1001
INERCAD20
1000
UnNamed
1070
2001
1071
2
  0
LWPOLYLINE
  5
8C8A
330
8C65
100
AcDbEntity
  8
WID-S
100
AcDbPolyline
 90
4
 70
1
 10
2087.000000013039
 20
-79.0
 10
2087.000000013271
 20
-55.0
 10
2013.000000013737
 20
-55.00000000046566
 10
2013.000000013039
 20
-79.0
1001
INERCAD20
1000
UnNamed
1070
2001
1071
2
  0
LWPOLYLINE
  5
8C8B
330
8C65
100
AcDbEntity
  8
WID-S
100
AcDbPolyline
 90
16
 70
1
 10
2743.00000001397
 20
87.00000000046566
 10
2743.00000001397
 20
97.00000000046566
 10
2743.00000001397
 20
97.00000000046566
 10
2743.00000001397
 20
97.00000000046566
 10
2743.00000001397
 20
97.00000000046566
 10
2743.00000001397
 20
97.00000000046566
 10
2787.00000001397
 20
97.00000000046566
 10
2787.00000001397
 20
97.00000000046566
 10
2787.00000001397
 20
97.00000000046566
 10
2787.00000001397
 20
97.00000000046566
 10
2787.00000001397
 20
97.00000000046566
 10
2787.00000001397
 20
3.000000000465661
 10
2743.00000001397
 20
3.000000000465661
 10
2743.00000001397
 20
13.00000000046566
 10
2758.00000001397
 20
13.00000000046566
 10
2758.00000001397
 20
87.00000000046566
  0
LWPOLYLINE
  5
8C8C
330
8C65
100
AcDbEntity
  8
WID-S
100
AcDbPolyline
 90
16
 70
1
 10
2740.00000001397
 20
84.00000000046565
 10
2740.00000001397
 20
100.0000000004656
 10
2740.00000001397
 20
100.0000000004656
 10
2740.00000001397
 20
100.0000000004656
 10
2740.00000001397
 20
100.0000000004656
 10
2740.00000001397
 20
100.0000000004656
 10
2790.00000001397
 20
100.0000000004656
 10
2790.00000001397
 20
100.0000000004656
 10
2790.00000001397
 20
100.0000000004656
 10
2790.00000001397
 20
100.0000000004656
 10
2790.00000001397
 20
100.0000000004656
 10
2790.00000001397
 20
4.656613e-10
 10
2740.00000001397
 20
4.656613e-10
 10
2740.00000001397
 20
16.00000000046566
 10
2755.00000001397
 20
16.00000000046566
 10
2755.00000001397
 20
84.00000000046565
  0
LINE
  5
8C8D
330
8C65
100
AcDbEntity
  8
WID-S
100
AcDbLine
 10
2755.00000001397
 20
50.00000000046566
 30
0.0
 11
2740.00000001397
 21
50.00000000046566
 31
0.0
  0
LWPOLYLINE
  5
8C8E
330
8C65
100
AcDbEntity
  8
WID-S
100
AcDbPolyline
 90
4
 70
1
 10
2670.000000014436
 20
52.00000000046566
 10
2670.00000001397
 20
82.00000000046566
 10
2750.000000013504
 20
81.99999999953432
 10
2750.000000014436
 20
52.00000000046566
1001
INERCAD20
1000
UnNamed
1070
2001
1071
2
  0
LWPOLYLINE
  5
8C8F
330
8C65
100
AcDbEntity
  8
WID-S
100
AcDbPolyline
 90
4
 70
1
 10
2673.000000014203
 20
55.00000000046566
 10
2673.00000001397
 20
79.0
 10
2747.000000013504
 20
78.99999999953434
 10
2747.000000014203
 20
55.00000000046566
1001
INERCAD20
1000
UnNamed
1070
2001
1071
2
  0
LINE
  5
8C90
330
8C65
100
AcDbEntity
  8
WID
100
AcDbLine
 10
2090.000000013504
 20
69.5
 30
0.0
 11
2670.000000013504
 21
69.50000000046566
 31
0.0
1001
INERCAD20
1000
UnNamed
1070
2001
1071
1
  0
LWPOLYLINE
  5
8C91
330
8C65
100
AcDbEntity
  8
WID-S
100
AcDbPolyline
 90
4
 70
1
 10
2090.000000013039
 20
52.00000000046566
 10
2090.000000013504
 20
82.00000000046566
 10
2010.00000001397
 20
82.0
 10
2010.000000013039
 20
52.00000000046566
1001
INERCAD20
1000
UnNamed
1070
2001
1071
2
  0
LWPOLYLINE
  5
8C92
330
8C65
100
AcDbEntity
  8
WID-S
100
AcDbPolyline
 90
4
 70
1
 10
2087.000000013271
 20
55.00000000046566
 10
2087.000000013504
 20
79.00000000046566
 10
2013.00000001397
 20
79.0
 10
2013.000000013271
 20
55.00000000046566
1001
INERCAD20
1000
UnNamed
1070
2001
1071
2
  0
LWPOLYLINE
  5
8C93
330
8C65
100
AcDbEntity
  8
WID-S
100
AcDbPolyline
 90
4
 70
1
 10
2090.000000012806
 20
18.0
 10
2090.000000013271
 20
48.0
 10
2010.000000013737
 20
47.99999999953434
 10
2010.000000012806
 20
18.0
1001
INERCAD20
1000
UnNamed
1070
2001
1071
2
  0
LWPOLYLINE
  5
8C94
330
8C65
100
AcDbEntity
  8
WID-S
100
AcDbPolyline
 90
4
 70
1
 10
2087.000000013039
 20
21.0
 10
2087.000000013271
 20
45.0
 10
2013.000000013737
 20
44.99999999953433
 10
2013.000000013039
 20
21.0
1001
INERCAD20
1000
UnNamed
1070
2001
1071
2
  0
LINE
  5
8C95
330
8C65
100
AcDbEntity
  8
WID
100
AcDbLine
 10
2090.000000013504
 20
-35.5
 30
0.0
 11
2670.000000013504
 21
-35.49999999953434
 31
0.0
1001
INERCAD20
1000
UnNamed
1070
2001
1071
1
  0
LINE
  5
8C96
330
8C65
100
AcDbEntity
  8
WID
100
AcDbLine
 10
2090.000000013504
 20
64.5
 30
0.0
 11
2670.000000013504
 21
64.50000000046566
 31
0.0
1001
INERCAD20
1000
UnNamed
1070
2001
1071
1
  0
LINE
  5
8C97
330
8C65
100
AcDbEntity
  8
WID
100
AcDbLine
 10
2010.000000014203
 20
30.5
 30
0.0
 11
790.0000000132713
 21
30.5
 31
0.0
1001
INERCAD20
1000
UnNamed
1070
2001
1071
1
  0
LINE
  5
8C98
330
8C65
100
AcDbEntity
  8
WID
100
AcDbLine
 10
2010.000000014203
 20
-69.5
 30
0.0
 11
790.0000000132713
 21
-69.5
 31
0.0
1001
INERCAD20
1000
UnNamed
1070
2001
1071
1
  0
LINE
  5
8C99
330
8C65
100
AcDbEntity
  8
WID
100
AcDbLine
 10
2010.000000014203
 20
35.5
 30
0.0
 11
790.0000000132713
 21
35.5
 31
0.0
1001
INERCAD20
1000
UnNamed
1070
2001
1071
1
  0
LINE
  5
8C9A
330
8C65
100
AcDbEntity
  8
ELE-2
100
AcDbLine
 10
2740.00000001397
 20
100.0000000004656
 30
0.0
 11
60.00000001350418
 21
100.0000000009313
 31
0.0
1001
INERCAD20
1000
UnNamed
1070
2001
1071
4
  0
LINE
  5
8C9B
330
8C65
100
AcDbEntity
  8
ELE-2
100
AcDbLine
 10
2740.000000014436
 20
50.00000000046566
 30
0.0
 11
60.00000001303852
 21
50.00000000046566
 31
0.0
1001
INERCAD20
1000
UnNamed
1070
2001
1071
4
  0
LINE
  5
8C9C
330
8C65
100
AcDbEntity
  8
ELE-2
100
AcDbLine
 10
2740.000000014436
 20
84.00000000046565
 30
0.0
 11
60.00000001303852
 21
84.00000000093132
 31
0.0
1001
INERCAD20
1000
UnNamed
1070
2001
1071
4
  0
LINE
  5
8C9D
330
8C65
100
AcDbEntity
  8
ELE-2
100
AcDbLine
 10
2740.00000001397
 20
16.00000000139698
 30
0.0
 11
60.00000001350418
 21
16.00000000139698
 31
0.0
1001
INERCAD20
1000
UnNamed
1070
2001
1071
4
  0
LINE
  5
8C9E
330
8C65
100
AcDbEntity
  8
WID
100
AcDbLine
 10
2010.000000014203
 20
-64.5
 30
0.0
 11
790.0000000132713
 21
-64.5
 31
0.0
1001
INERCAD20
1000
UnNamed
1070
2001
1071
1
  0
LINE
  5
8C9F
330
8C65
100
AcDbEntity
  8
ELE-2
100
AcDbLine
 10
2740.00000001397
 20
-99.99999999953434
 30
0.0
 11
60.00000001350418
 21
-99.99999999906869
 31
0.0
1001
INERCAD20
1000
UnNamed
1070
2001
1071
4
  0
LINE
  5
8CA0
330
8C65
100
AcDbEntity
  8
ELE-2
100
AcDbLine
 10
2740.000000014436
 20
-49.99999999953434
 30
0.0
 11
60.00000001303852
 21
-49.99999999953434
 31
0.0
1001
INERCAD20
1000
UnNamed
1070
2001
1071
4
  0
LINE
  5
8CA1
330
8C65
100
AcDbEntity
  8
ELE-2
100
AcDbLine
 10
2740.000000014436
 20
-15.99999999953434
 30
0.0
 11
60.00000001303852
 21
-15.99999999906868
 31
0.0
1001
INERCAD20
1000
UnNamed
1070
2001
1071
4
  0
LINE
  5
8CA2
330
8C65
100
AcDbEntity
  8
ELE-2
100
AcDbLine
 10
2740.00000001397
 20
-83.99999999860302
 30
0.0
 11
60.00000001350418
 21
-83.99999999860302
 31
0.0
1001
INERCAD20
1000
UnNamed
1070
2001
1071
4
  0
LINE
  5
8CA3
330
8C65
100
AcDbEntity
  8
ELE-2
100
AcDbLine
 10
60.00000001350418
 20
9.313226e-10
 30
0.0
 11
2740.00000001397
 21
4.656613e-10
 31
0.0
1001
INERCAD20
1000
UnNamed
1070
2001
1071
4
  0
ENDBLK
  5
8CA4
330
8C65
100
AcDbEntity
  8
0
100
AcDbBlockEnd
  0
BLOCK
  5
8CA6
330
8CA5
100
AcDbEntity
  8
0
100
AcDbBlockBegin
  2
2000ertjhery
 70
0
 10
0.0
 20
0.0
 30
0.0
  3
2000ertjhery
  1

  0
LWPOLYLINE
  5
8CA7
330
8CA5
100
AcDbEntity
  8
WID-S
100
AcDbPolyline
 90
16
 70
1
 10
-13.0
 20
-57.0
 10
-3.0
 20
-57.0
 10
-3.0
 20
-57.0
 10
-3.0
 20
-57.0
 10
-3.0
 20
-57.0
 10
-3.0
 20
-57.0
 10
-3.0
 20
-13.0
 10
-3.0
 20
-13.0
 10
-3.0
 20
-13.0
 10
-3.0
 20
-13.0
 10
-3.0
 20
-13.0
 10
-97.0
 20
-13.0
 10
-97.0
 20
-57.0
 10
-87.0
 20
-57.0
 10
-87.0
 20
-42.0
 10
-13.0
 20
-42.0
  0
LWPOLYLINE
  5
8CA8
330
8CA5
100
AcDbEntity
  8
WID-S
100
AcDbPolyline
 90
16
 70
1
 10
-16.0
 20
-60.0
 10
0.0
 20
-60.0
 10
0.0
 20
-60.0
 10
0.0
 20
-60.0
 10
0.0
 20
-60.0
 10
0.0
 20
-60.0
 10
0.0
 20
-10.0
 10
0.0
 20
-10.0
 10
0.0
 20
-10.0
 10
0.0
 20
-10.0
 10
0.0
 20
-10.0
 10
-100.0
 20
-10.0
 10
-100.0
 20
-60.0
 10
-84.0
 20
-60.0
 10
-84.0
 20
-45.0
 10
-16.0
 20
-45.0
  0
LINE
  5
8CA9
330
8CA5
100
AcDbEntity
  8
WID-S
100
AcDbLine
 10
-50.0
 20
-45.0
 30
0.0
 11
-50.0
 21
-60.0
 31
0.0
  0
LWPOLYLINE
  5
8CAA
330
8CA5
100
AcDbEntity
  8
WID-S
100
AcDbPolyline
 90
4
 70
1
 10
-48.00000000046566
 20
-129.9999999995343
 10
-18.00000000046566
 20
-130.0
 10
-18.00000000093132
 20
-50.00000000046566
 10
-48.00000000046566
 20
-49.99999999953434
1001
INERCAD20
1000
UnNamed
1070
2001
1071
2
  0
LWPOLYLINE
  5
8CAB
330
8CA5
100
AcDbEntity
  8
WID-S
100
AcDbPolyline
 90
4
 70
1
 10
-45.00000000046566
 20
-126.9999999995343
 10
-21.00000000046566
 20
-127.0
 10
-21.00000000093132
 20
-53.00000000046566
 10
-45.00000000046566
 20
-52.99999999976717
1001
INERCAD20
1000
UnNamed
1070
2001
1071
2
  0
LINE
  5
8CAC
330
8CA5
100
AcDbEntity
  8
ELE-2
100
AcDbLine
 10
-83.99999999953434
 20
-60.0
 30
0.0
 11
-84.0
 21
-1940.0
 31
0.0
1001
INERCAD20
1000
UnNamed
1070
2001
1071
4
  0
LINE
  5
8CAD
330
8CA5
100
AcDbEntity
  8
ELE-2
100
AcDbLine
 10
-16.0
 20
-59.99999999953434
 30
0.0
 11
-16.00000000046566
 21
-1940.0
 31
0.0
1001
INERCAD20
1000
UnNamed
1070
2001
1071
4
  0
LINE
  5
8CAE
330
8CA5
100
AcDbEntity
  8
ELE-2
100
AcDbLine
 10
-50.00000000046566
 20
-1940.0
 30
0.0
 11
-50.00000000046566
 21
-59.99999999953434
 31
0.0
1001
INERCAD20
1000
UnNamed
1070
2001
1071
4
  0
LINE
  5
8CAF
330
8CA5
100
AcDbEntity
  8
ELE-2
100
AcDbLine
 10
-100.0
 20
-60.0
 30
0.0
 11
-100.0000000004656
 21
-1940.0
 31
0.0
1001
INERCAD20
1000
UnNamed
1070
2001
1071
4
  0
LINE
  5
8CB0
330
8CA5
100
AcDbEntity
  8
WID
100
AcDbLine
 10
-30.50000000093132
 20
-960.0000000002328
 30
0.0
 11
-30.50000000046566
 21
-130.0000000004656
 31
0.0
1001
INERCAD20
1000
UnNamed
1070
2001
1071
1
  0
LWPOLYLINE
  5
8CB1
330
8CA5
100
AcDbEntity
  8
WID-S
100
AcDbPolyline
 90
16
 70
1
 10
-16.0
 20
-1940.000000000233
 10
0.0
 20
-1940.000000000233
 10
0.0
 20
-1940.000000000233
 10
0.0
 20
-1940.000000000233
 10
0.0
 20
-1940.000000000233
 10
0.0
 20
-1940.000000000233
 10
0.0
 20
-1990.000000000233
 10
0.0
 20
-1990.000000000233
 10
0.0
 20
-1990.000000000233
 10
0.0
 20
-1990.000000000233
 10
0.0
 20
-1990.000000000233
 10
-100.0
 20
-1990.000000000233
 10
-100.0
 20
-1940.000000000233
 10
-84.0
 20
-1940.000000000233
 10
-84.0
 20
-1955.000000000232
 10
-16.0
 20
-1955.000000000232
  0
LINE
  5
8CB2
330
8CA5
100
AcDbEntity
  8
ELE-2
100
AcDbLine
 10
0.0
 20
-60.0
 30
0.0
 11
-4.656613e-10
 21
-1940.0
 31
0.0
1001
INERCAD20
1000
UnNamed
1070
2001
1071
4
  0
LWPOLYLINE
  5
8CB3
330
8CA5
100
AcDbEntity
  8
WID-S
100
AcDbPolyline
 90
16
 70
1
 10
-13.0
 20
-1943.000000000233
 10
-3.0
 20
-1943.000000000233
 10
-3.0
 20
-1943.000000000233
 10
-3.0
 20
-1943.000000000233
 10
-3.0
 20
-1943.000000000233
 10
-3.0
 20
-1943.000000000233
 10
-3.0
 20
-1987.000000000232
 10
-3.0
 20
-1987.000000000232
 10
-3.0
 20
-1987.000000000232
 10
-3.0
 20
-1987.000000000232
 10
-3.0
 20
-1987.000000000232
 10
-97.0
 20
-1987.000000000232
 10
-97.0
 20
-1943.000000000233
 10
-87.0
 20
-1943.000000000233
 10
-87.0
 20
-1958.000000000233
 10
-13.0
 20
-1958.000000000233
  0
LINE
  5
8CB4
330
8CA5
100
AcDbEntity
  8
WID-S
100
AcDbLine
 10
-50.0
 20
-1955.000000000232
 30
0.0
 11
-50.0
 21
-1940.000000000233
 31
0.0
  0
LWPOLYLINE
  5
8CB5
330
8CA5
100
AcDbEntity
  8
WID-S
100
AcDbPolyline
 90
4
 70
1
 10
-48.00000000046566
 20
-960.0000000006984
 10
-18.00000000046566
 20
-960.0000000002328
 10
-18.00000000093132
 20
-1039.999999999767
 10
-48.00000000046566
 20
-1040.000000000698
1001
INERCAD20
1000
UnNamed
1070
2001
1071
2
  0
LWPOLYLINE
  5
8CB6
330
8CA5
100
AcDbEntity
  8
WID-S
100
AcDbPolyline
 90
4
 70
1
 10
-45.00000000046566
 20
-963.0000000006985
 10
-21.00000000046566
 20
-963.0000000004655
 10
-21.00000000093132
 20
-1037.0
 10
-45.00000000046566
 20
-1037.000000000698
1001
INERCAD20
1000
UnNamed
1070
2001
1071
2
  0
LINE
  5
8CB7
330
8CA5
100
AcDbEntity
  8
ELE-2
100
AcDbLine
 10
-300.0
 20
-1000.0
 30
0.0
 11
300.0
 21
-1000.000000000233
 31
0.0
  0
LWPOLYLINE
  5
8CB8
330
8CA5
100
AcDbEntity
  8
WID-S
100
AcDbPolyline
 90
4
 70
1
 10
-82.00000000093131
 20
-960.0000000009313
 10
-52.00000000093132
 20
-960.0000000004657
 10
-52.00000000139699
 20
-1040.0
 10
-82.00000000093131
 20
-1040.000000000931
1001
INERCAD20
1000
UnNamed
1070
2001
1071
2
  0
LWPOLYLINE
  5
8CB9
330
8CA5
100
AcDbEntity
  8
WID-S
100
AcDbPolyline
 90
4
 70
1
 10
-79.00000000093132
 20
-963.0000000009314
 10
-55.00000000093132
 20
-963.0000000006985
 10
-55.00000000139698
 20
-1037.000000000233
 10
-79.00000000093132
 20
-1037.000000000931
1001
INERCAD20
1000
UnNamed
1070
2001
1071
2
  0
LWPOLYLINE
  5
8CBA
330
8CA5
100
AcDbEntity
  8
WID-S
100
AcDbPolyline
 90
4
 70
1
 10
-82.0
 20
-1870.000000000466
 10
-52.0
 20
-1870.0
 10
-52.00000000046566
 20
-1949.999999999534
 10
-82.0
 20
-1950.000000000466
1001
INERCAD20
1000
UnNamed
1070
2001
1071
2
  0
LWPOLYLINE
  5
8CBB
330
8CA5
100
AcDbEntity
  8
WID-S
100
AcDbPolyline
 90
4
 70
1
 10
-79.0
 20
-1873.000000000466
 10
-55.0
 20
-1873.0
 10
-55.00000000046566
 20
-1946.999999999767
 10
-79.0
 20
-1947.000000000466
1001
INERCAD20
1000
UnNamed
1070
2001
1071
2
  0
LINE
  5
8CBC
330
8CA5
100
AcDbEntity
  8
WID
100
AcDbLine
 10
-64.50000000093132
 20
-1039.999999999767
 30
0.0
 11
-64.5
 21
-1869.999999999534
 31
0.0
1001
INERCAD20
1000
UnNamed
1070
2001
1071
1
  0
LWPOLYLINE
  5
8CBD
330
8CA5
100
AcDbEntity
  8
WID-S
100
AcDbPolyline
 90
16
 70
1
 10
87.0
 20
-57.0
 10
97.0
 20
-57.0
 10
97.0
 20
-57.0
 10
97.0
 20
-57.0
 10
97.0
 20
-57.0
 10
97.0
 20
-57.0
 10
97.0
 20
-13.0
 10
97.0
 20
-13.0
 10
97.0
 20
-13.0
 10
97.0
 20
-13.0
 10
97.0
 20
-13.0
 10
3.0
 20
-13.0
 10
3.0
 20
-57.0
 10
13.0
 20
-57.0
 10
13.0
 20
-42.0
 10
87.0
 20
-42.0
  0
LWPOLYLINE
  5
8CBE
330
8CA5
100
AcDbEntity
  8
WID-S
100
AcDbPolyline
 90
16
 70
1
 10
84.0
 20
-60.0
 10
100.0
 20
-60.0
 10
100.0
 20
-60.0
 10
100.0
 20
-60.0
 10
100.0
 20
-60.0
 10
100.0
 20
-60.0
 10
100.0
 20
-10.0
 10
100.0
 20
-10.0
 10
100.0
 20
-10.0
 10
100.0
 20
-10.0
 10
100.0
 20
-10.0
 10
0.0
 20
-10.0
 10
0.0
 20
-60.0
 10
16.0
 20
-60.0
 10
16.0
 20
-45.0
 10
84.0
 20
-45.0
  0
LINE
  5
8CBF
330
8CA5
100
AcDbEntity
  8
WID-S
100
AcDbLine
 10
50.0
 20
-45.0
 30
0.0
 11
50.0
 21
-60.0
 31
0.0
  0
LWPOLYLINE
  5
8CC0
330
8CA5
100
AcDbEntity
  8
WID-S
100
AcDbPolyline
 90
4
 70
1
 10
51.99999999953433
 20
-129.9999999995343
 10
81.99999999953432
 20
-130.0
 10
81.99999999906868
 20
-50.00000000046566
 10
51.99999999953433
 20
-49.99999999953434
1001
INERCAD20
1000
UnNamed
1070
2001
1071
2
  0
LWPOLYLINE
  5
8CC1
330
8CA5
100
AcDbEntity
  8
WID-S
100
AcDbPolyline
 90
4
 70
1
 10
54.99999999953434
 20
-126.9999999995343
 10
78.99999999953434
 20
-127.0
 10
78.99999999906866
 20
-53.00000000046566
 10
54.99999999953434
 20
-52.99999999976717
1001
INERCAD20
1000
UnNamed
1070
2001
1071
2
  0
LINE
  5
8CC2
330
8CA5
100
AcDbEntity
  8
ELE-2
100
AcDbLine
 10
16.00000000046566
 20
-60.0
 30
0.0
 11
16.0
 21
-1940.0
 31
0.0
1001
INERCAD20
1000
UnNamed
1070
2001
1071
4
  0
LINE
  5
8CC3
330
8CA5
100
AcDbEntity
  8
ELE-2
100
AcDbLine
 10
84.0
 20
-59.99999999953434
 30
0.0
 11
83.99999999953434
 21
-1940.0
 31
0.0
1001
INERCAD20
1000
UnNamed
1070
2001
1071
4
  0
LINE
  5
8CC4
330
8CA5
100
AcDbEntity
  8
ELE-2
100
AcDbLine
 10
49.99999999953434
 20
-1940.0
 30
0.0
 11
49.99999999953434
 21
-59.99999999953434
 31
0.0
1001
INERCAD20
1000
UnNamed
1070
2001
1071
4
  0
LINE
  5
8CC5
330
8CA5
100
AcDbEntity
  8
ELE-2
100
AcDbLine
 10
0.0
 20
-60.0
 30
0.0
 11
-4.656613e-10
 21
-1940.0
 31
0.0
1001
INERCAD20
1000
UnNamed
1070
2001
1071
4
  0
LINE
  5
8CC6
330
8CA5
100
AcDbEntity
  8
WID
100
AcDbLine
 10
69.49999999906868
 20
-960.0000000002328
 30
0.0
 11
69.49999999953432
 21
-130.0000000004656
 31
0.0
1001
INERCAD20
1000
UnNamed
1070
2001
1071
1
  0
LWPOLYLINE
  5
8CC7
330
8CA5
100
AcDbEntity
  8
WID-S
100
AcDbPolyline
 90
16
 70
1
 10
84.0
 20
-1940.000000000233
 10
100.0
 20
-1940.000000000233
 10
100.0
 20
-1940.000000000233
 10
100.0
 20
-1940.000000000233
 10
100.0
 20
-1940.000000000233
 10
100.0
 20
-1940.000000000233
 10
100.0
 20
-1990.000000000233
 10
100.0
 20
-1990.000000000233
 10
100.0
 20
-1990.000000000233
 10
100.0
 20
-1990.000000000233
 10
100.0
 20
-1990.000000000233
 10
0.0
 20
-1990.000000000233
 10
0.0
 20
-1940.000000000233
 10
16.0
 20
-1940.000000000233
 10
16.0
 20
-1955.000000000232
 10
84.0
 20
-1955.000000000232
  0
LINE
  5
8CC8
330
8CA5
100
AcDbEntity
  8
ELE-2
100
AcDbLine
 10
100.0
 20
-60.0
 30
0.0
 11
99.99999999953434
 21
-1940.0
 31
0.0
1001
INERCAD20
1000
UnNamed
1070
2001
1071
4
  0
LWPOLYLINE
  5
8CC9
330
8CA5
100
AcDbEntity
  8
WID-S
100
AcDbPolyline
 90
16
 70
1
 10
87.0
 20
-1943.000000000233
 10
97.0
 20
-1943.000000000233
 10
97.0
 20
-1943.000000000233
 10
97.0
 20
-1943.000000000233
 10
97.0
 20
-1943.000000000233
 10
97.0
 20
-1943.000000000233
 10
97.0
 20
-1987.000000000232
 10
97.0
 20
-1987.000000000232
 10
97.0
 20
-1987.000000000232
 10
97.0
 20
-1987.000000000232
 10
97.0
 20
-1987.000000000232
 10
3.0
 20
-1987.000000000232
 10
3.0
 20
-1943.000000000233
 10
13.0
 20
-1943.000000000233
 10
13.0
 20
-1958.000000000233
 10
87.0
 20
-1958.000000000233
  0
LINE
  5
8CCA
330
8CA5
100
AcDbEntity
  8
WID-S
100
AcDbLine
 10
50.0
 20
-1955.000000000232
 30
0.0
 11
50.0
 21
-1940.000000000233
 31
0.0
  0
LWPOLYLINE
  5
8CCB
330
8CA5
100
AcDbEntity
  8
WID-S
100
AcDbPolyline
 90
4
 70
1
 10
51.99999999953433
 20
-960.0000000006984
 10
81.99999999953432
 20
-960.0000000002328
 10
81.99999999906868
 20
-1039.999999999767
 10
51.99999999953433
 20
-1040.000000000698
1001
INERCAD20
1000
UnNamed
1070
2001
1071
2
  0
LWPOLYLINE
  5
8CCC
330
8CA5
100
AcDbEntity
  8
WID-S
100
AcDbPolyline
 90
4
 70
1
 10
54.99999999953434
 20
-963.0000000006985
 10
78.99999999953434
 20
-963.0000000004655
 10
78.99999999906866
 20
-1037.0
 10
54.99999999953434
 20
-1037.000000000698
1001
INERCAD20
1000
UnNamed
1070
2001
1071
2
  0
LWPOLYLINE
  5
8CCD
330
8CA5
100
AcDbEntity
  8
WID-S
100
AcDbPolyline
 90
4
 70
1
 10
17.99999999906868
 20
-960.0000000009313
 10
47.99999999906868
 20
-960.0000000004657
 10
47.99999999860301
 20
-1040.0
 10
17.99999999906868
 20
-1040.000000000931
1001
INERCAD20
1000
UnNamed
1070
2001
1071
2
  0
LWPOLYLINE
  5
8CCE
330
8CA5
100
AcDbEntity
  8
WID-S
100
AcDbPolyline
 90
4
 70
1
 10
20.99999999906868
 20
-963.0000000009314
 10
44.99999999906868
 20
-963.0000000006985
 10
44.99999999860301
 20
-1037.000000000233
 10
20.99999999906868
 20
-1037.000000000931
1001
INERCAD20
1000
UnNamed
1070
2001
1071
2
  0
LWPOLYLINE
  5
8CCF
330
8CA5
100
AcDbEntity
  8
WID-S
100
AcDbPolyline
 90
4
 70
1
 10
18.0
 20
-1870.000000000466
 10
48.0
 20
-1870.0
 10
47.99999999953434
 20
-1949.999999999534
 10
18.0
 20
-1950.000000000466
1001
INERCAD20
1000
UnNamed
1070
2001
1071
2
  0
LWPOLYLINE
  5
8CD0
330
8CA5
100
AcDbEntity
  8
WID-S
100
AcDbPolyline
 90
4
 70
1
 10
21.0
 20
-1873.000000000466
 10
45.0
 20
-1873.0
 10
44.99999999953433
 20
-1946.999999999767
 10
21.0
 20
-1947.000000000466
1001
INERCAD20
1000
UnNamed
1070
2001
1071
2
  0
LINE
  5
8CD1
330
8CA5
100
AcDbEntity
  8
WID
100
AcDbLine
 10
35.49999999906868
 20
-1039.999999999767
 30
0.0
 11
35.5
 21
-1869.999999999534
 31
0.0
1001
INERCAD20
1000
UnNamed
1070
2001
1071
1
  0
LINE
  5
8CD2
330
8CA5
100
AcDbEntity
  8
WID
100
AcDbLine
 10
-35.50000000093132
 20
-960.0000000002328
 30
0.0
 11
-35.50000000046566
 21
-130.0000000004656
 31
0.0
1001
INERCAD20
1000
UnNamed
1070
2001
1071
1
  0
LINE
  5
8CD3
330
8CA5
100
AcDbEntity
  8
WID
100
AcDbLine
 10
-69.50000000093132
 20
-1039.999999999767
 30
0.0
 11
-69.5
 21
-1869.999999999534
 31
0.0
1001
INERCAD20
1000
UnNamed
1070
2001
1071
1
  0
LINE
  5
8CD4
330
8CA5
100
AcDbEntity
  8
WID
100
AcDbLine
 10
64.49999999906868
 20
-960.0000000002328
 30
0.0
 11
64.49999999953432
 21
-130.0000000004656
 31
0.0
1001
INERCAD20
1000
UnNamed
1070
2001
1071
1
  0
LINE
  5
8CD5
330
8CA5
100
AcDbEntity
  8
WID
100
AcDbLine
 10
30.49999999906868
 20
-1039.999999999767
 30
0.0
 11
30.5
 21
-1869.999999999534
 31
0.0
1001
INERCAD20
1000
UnNamed
1070
2001
1071
1
  0
ARC
  5
8CD6
330
8CA5
100
AcDbEntity
  8
FIN
100
AcDbCircle
 10
-102.6666666641831
 20
-4.999999998370185
 30
0.0
 40
5.666666664074
100
AcDbArc
 50
298.0724868995107
 51
61.92751310048932
  0
ARC
  5
8CD7
330
8CA5
100
AcDbEntity
  8
FIN
100
AcDbCircle
 10
-102.8133298251778
 20
-1994.999999999301
 30
0.0
 40
5.737144297840901
100
AcDbArc
 50
299.3649765602187
 51
60.63502343978131
  0
ENDBLK
  5
8CD8
330
8CA5
100
AcDbEntity
  8
0
100
AcDbBlockEnd
  0
BLOCK
  5
8CDA
330
8CD9
100
AcDbEntity
  8
0
100
AcDbBlockBegin
  2
RD
 70
0
 10
0.0
 20
0.0
 30
0.0
  3
RD
  1

  0
LINE
  5
8CDB
330
8CD9
100
AcDbEntity
  8
0
100
AcDbLine
 10
0.0
 20
1.25
 30
0.0
 11
0.0
 21
1.5
 31
0.0
  0
LINE
  5
8CDC
330
8CD9
100
AcDbEntity
  8
0
100
AcDbLine
 10
0.0
 20
1.0
 30
0.0
 11
0.0
 21
-1.0
 31
0.0
  0
LINE
  5
8CDD
330
8CD9
100
AcDbEntity
  8
0
100
AcDbLine
 10
-1.25
 20
0.0
 30
0.0
 11
-1.5
 21
0.0
 31
0.0
  0
LINE
  5
8CDE
330
8CD9
100
AcDbEntity
  8
0
100
AcDbLine
 10
1.25
 20
0.0
 30
0.0
 11
1.5
 21
0.0
 31
0.0
  0
LINE
  5
8CDF
330
8CD9
100
AcDbEntity
  8
0
100
AcDbLine
 10
-1.0
 20
0.0
 30
0.0
 11
1.0
 21
0.0
 31
0.0
  0
CIRCLE
  5
8CE0
330
8CD9
100
AcDbEntity
  8
0
100
AcDbCircle
 10
0.0
 20
0.0
 30
0.0
 40
0.5
  0
LINE
  5
8CE1
330
8CD9
100
AcDbEntity
  8
0
100
AcDbLine
 10
0.0
 20
-1.25
 30
0.0
 11
0.0
 21
-1.5
 31
0.0
  0
ENDBLK
  5
8CE2
330
8CD9
100
AcDbEntity
  8
0
100
AcDbBlockEnd
  0
BLOCK
  5
8CE6
330
8CE3
100
AcDbEntity
  8
0
100
AcDbBlockBegin
  2
rekjrltert
 70
0
 10
0.0
 20
0.0
 30
0.0
  3
rekjrltert
  1

  0
ARC
  5
8CE7
330
8CE3
100
AcDbEntity
  8
감지기
  6
Continuous
 48
2.0
100
AcDbCircle
 10
154.0361056691035
 20
-116.6847705859691
 30
0.0
 40
122.4999999511055
100
AcDbArc
 50
135.0000000002947
 51
44.99999999970522
1001
AcDbBlockRepETag
1070
1
1071
0
1005
8CE7
  0
LINE
  5
8CE8
330
8CE3
100
AcDbEntity
  8
감지기
  6
Continuous
 48
2.0
100
AcDbLine
 10
272.037311890439
 20
-83.7915293602855
 30
0.0
 11
36.03489944776811
 21
-83.79152936029276
 31
0.0
1001
AcDbBlockRepETag
1070
1
1071
1
1005
8CE8
  0
LINE
  5
8CE9
330
8CE3
100
AcDbEntity
  8
감지기
  6
Continuous
 48
2.0
100
AcDbLine
 10
240.656686329894
 20
-30.0641899251932
 30
0.0
 11
67.41552500831312
 21
-30.0641899251932
 31
0.0
1001
AcDbBlockRepETag
1070
1
1071
2
1005
8CE9
  0
LWPOLYLINE
  5
8CEA
330
8CE3
100
AcDbEntity
  8
감지기
  6
Continuous
 48
2.0
100
AcDbPolyline
 90
4
 70
1
 10
0.0
 20
0.0
 10
300.0
 20
-1.164153e-10
 10
300.0
 20
-255.0000000001164
 10
0.0
 20
-255.0
  0
ENDBLK
  5
8CEB
330
8CE3
100
AcDbEntity
  8
0
100
AcDbBlockEnd
  0
BLOCK
  5
8ECB
330
8ECA
100
AcDbEntity
  8
0
100
AcDbBlockBegin
  2
etertertert
 70
0
 10
0.0
 20
0.0
 30
0.0
  3
etertertert
  1

  0
LWPOLYLINE
  5
8ECC
330
8ECA
100
AcDbEntity
  8
WID-S
100
AcDbPolyline
 90
16
 70
1
 10
76667.2263735504
 20
21240.72703330175
 10
76667.2263735504
 20
21250.72703330176
 10
76667.2263735504
 20
21250.72703330176
 10
76667.2263735504
 20
21250.72703330176
 10
76667.2263735504
 20
21250.72703330176
 10
76667.2263735504
 20
21250.72703330176
 10
76623.2263735504
 20
21250.72703330176
 10
76623.2263735504
 20
21250.72703330176
 10
76623.2263735504
 20
21250.72703330176
 10
76623.2263735504
 20
21250.72703330176
 10
76623.2263735504
 20
21250.72703330176
 10
76623.2263735504
 20
21156.72703330175
 10
76667.2263735504
 20
21156.72703330175
 10
76667.2263735504
 20
21166.72703330176
 10
76652.2263735504
 20
21166.72703330176
 10
76652.2263735504
 20
21240.72703330175
1001
AcDbBlockRepETag
1070
1
1071
0
1005
8ECC
  0
LWPOLYLINE
  5
8ECD
330
8ECA
100
AcDbEntity
  8
WID-S
100
AcDbPolyline
 90
16
 70
1
 10
76670.2263735504
 20
21237.72703330176
 10
76670.2263735504
 20
21253.72703330175
 10
76670.2263735504
 20
21253.72703330175
 10
76670.2263735504
 20
21253.72703330175
 10
76670.2263735504
 20
21253.72703330175
 10
76670.2263735504
 20
21253.72703330175
 10
76620.2263735504
 20
21253.72703330175
 10
76620.2263735504
 20
21253.72703330175
 10
76620.2263735504
 20
21253.72703330175
 10
76620.2263735504
 20
21253.72703330175
 10
76620.2263735504
 20
21253.72703330175
 10
76620.2263735504
 20
21153.72703330176
 10
76670.2263735504
 20
21153.72703330176
 10
76670.2263735504
 20
21169.72703330175
 10
76655.2263735504
 20
21169.72703330175
 10
76655.2263735504
 20
21237.72703330176
1001
AcDbBlockRepETag
1070
1
1071
1
1005
8ECD
  0
LINE
  5
8ECE
330
8ECA
100
AcDbEntity
  8
WID-S
100
AcDbLine
 10
76655.2263735504
 20
21203.72703330176
 30
0.0
 11
76670.2263735504
 21
21203.72703330176
 31
0.0
1001
AcDbBlockRepETag
1070
1
1071
2
1005
8ECE
  0
LWPOLYLINE
  5
8ECF
330
8ECA
100
AcDbEntity
  8
WID-S
100
AcDbPolyline
 90
4
 70
1
 10
76740.22637354993
 20
21205.72703330129
 10
76740.2263735504
 20
21235.72703330129
 10
76660.22637355086
 20
21235.72703330082
 10
76660.22637354993
 20
21205.72703330129
1001
INERCAD20
1000
UnNamed
1070
2001
1071
2
1001
AcDbBlockRepETag
1070
1
1071
3
1005
8ECF
  0
LWPOLYLINE
  5
8ED0
330
8ECA
100
AcDbEntity
  8
WID-S
100
AcDbPolyline
 90
4
 70
1
 10
76737.22637354993
 20
21208.72703330129
 10
76737.2263735504
 20
21232.72703330129
 10
76663.22637355086
 20
21232.72703330083
 10
76663.22637355016
 20
21208.72703330129
1001
INERCAD20
1000
UnNamed
1070
2001
1071
2
1001
AcDbBlockRepETag
1070
1
1071
4
1005
8ED0
  0
LINE
  5
8ED1
330
8ECA
100
AcDbEntity
  8
ELE-2
100
AcDbLine
 10
76670.2263735504
 20
21169.72703330222
 30
0.0
 11
77950.2263735504
 21
21169.72703330175
 31
0.0
1001
INERCAD20
1000
UnNamed
1070
2001
1071
4
1001
AcDbBlockRepETag
1070
1
1071
5
1005
8ED1
  0
LINE
  5
8ED2
330
8ECA
100
AcDbEntity
  8
ELE-2
100
AcDbLine
 10
76670.22637354993
 20
21237.72703330176
 30
0.0
 11
77950.2263735504
 21
21237.72703330129
 31
0.0
1001
INERCAD20
1000
UnNamed
1070
2001
1071
4
1001
AcDbBlockRepETag
1070
1
1071
6
1005
8ED2
  0
LINE
  5
8ED3
330
8ECA
100
AcDbEntity
  8
ELE-2
100
AcDbLine
 10
77950.2263735504
 20
21203.72703330129
 30
0.0
 11
76670.22637354993
 21
21203.72703330129
 31
0.0
1001
INERCAD20
1000
UnNamed
1070
2001
1071
4
1001
AcDbBlockRepETag
1070
1
1071
7
1005
8ED3
  0
LINE
  5
8ED4
330
8ECA
100
AcDbEntity
  8
ELE-2
100
AcDbLine
 10
76670.2263735504
 20
21153.72703330176
 30
0.0
 11
77950.2263735504
 21
21153.72703330129
 31
0.0
1001
INERCAD20
1000
UnNamed
1070
2001
1071
4
1001
AcDbBlockRepETag
1070
1
1071
8
1005
8ED4
  0
LINE
  5
8ED5
330
8ECA
100
AcDbEntity
  8
WID
100
AcDbLine
 10
77270.22637355061
 20
21223.22703330083
 30
0.0
 11
76740.22637355086
 21
21223.22703330129
 31
0.0
1001
INERCAD20
1000
UnNamed
1070
2001
1071
1
1001
AcDbBlockRepETag
1070
1
1071
9
1005
8ED5
  0
LWPOLYLINE
  5
8ED6
330
8ECA
100
AcDbEntity
  8
WID-S
100
AcDbPolyline
 90
16
 70
1
 10
77950.22637355063
 20
21237.72703330176
 10
77950.22637355063
 20
21253.72703330175
 10
77950.22637355063
 20
21253.72703330175
 10
77950.22637355063
 20
21253.72703330175
 10
77950.22637355063
 20
21253.72703330175
 10
77950.22637355063
 20
21253.72703330175
 10
78000.22637355063
 20
21253.72703330175
 10
78000.22637355063
 20
21253.72703330175
 10
78000.22637355063
 20
21253.72703330175
 10
78000.22637355063
 20
21253.72703330175
 10
78000.22637355063
 20
21253.72703330175
 10
78000.22637355063
 20
21153.72703330176
 10
77950.22637355063
 20
21153.72703330176
 10
77950.22637355063
 20
21169.72703330175
 10
77965.22637355063
 20
21169.72703330175
 10
77965.22637355063
 20
21237.72703330176
1001
AcDbBlockRepETag
1070
1
1071
10
1005
8ED6
  0
LINE
  5
8ED7
330
8ECA
100
AcDbEntity
  8
ELE-2
100
AcDbLine
 10
76670.2263735504
 20
21253.72703330175
 30
0.0
 11
77950.2263735504
 21
21253.72703330129
 31
0.0
1001
INERCAD20
1000
UnNamed
1070
2001
1071
4
1001
AcDbBlockRepETag
1070
1
1071
11
1005
8ED7
  0
LWPOLYLINE
  5
8ED8
330
8ECA
100
AcDbEntity
  8
WID-S
100
AcDbPolyline
 90
16
 70
1
 10
77953.22637355063
 20
21240.72703330175
 10
77953.22637355063
 20
21250.72703330176
 10
77953.22637355063
 20
21250.72703330176
 10
77953.22637355063
 20
21250.72703330176
 10
77953.22637355063
 20
21250.72703330176
 10
77953.22637355063
 20
21250.72703330176
 10
77997.22637355061
 20
21250.72703330176
 10
77997.22637355061
 20
21250.72703330176
 10
77997.22637355061
 20
21250.72703330176
 10
77997.22637355061
 20
21250.72703330176
 10
77997.22637355061
 20
21250.72703330176
 10
77997.22637355061
 20
21156.72703330175
 10
77953.22637355063
 20
21156.72703330175
 10
77953.22637355063
 20
21166.72703330176
 10
77968.22637355063
 20
21166.72703330176
 10
77968.22637355063
 20
21240.72703330175
1001
AcDbBlockRepETag
1070
1
1071
12
1005
8ED8
  0
LINE
  5
8ED9
330
8ECA
100
AcDbEntity
  8
WID-S
100
AcDbLine
 10
77965.22637355063
 20
21203.72703330176
 30
0.0
 11
77950.22637355063
 21
21203.72703330176
 31
0.0
1001
AcDbBlockRepETag
1070
1
1071
13
1005
8ED9
  0
LWPOLYLINE
  5
8EDA
330
8ECA
100
AcDbEntity
  8
WID-S
100
AcDbPolyline
 90
4
 70
1
 10
77270.2263735511
 20
21205.72703330129
 10
77270.22637355061
 20
21235.72703330129
 10
77350.22637355016
 20
21235.72703330082
 10
77350.2263735511
 20
21205.72703330129
1001
INERCAD20
1000
UnNamed
1070
2001
1071
2
1001
AcDbBlockRepETag
1070
1
1071
14
1005
8EDA
  0
LWPOLYLINE
  5
8EDB
330
8ECA
100
AcDbEntity
  8
WID-S
100
AcDbPolyline
 90
4
 70
1
 10
77273.2263735511
 20
21208.72703330129
 10
77273.22637355086
 20
21232.72703330129
 10
77347.2263735504
 20
21232.72703330083
 10
77347.2263735511
 20
21208.72703330129
1001
INERCAD20
1000
UnNamed
1070
2001
1071
2
1001
AcDbBlockRepETag
1070
1
1071
15
1005
8EDB
  0
LINE
  5
8EDC
330
8ECA
100
AcDbEntity
  8
ELE-2
100
AcDbLine
 10
77310.2263735504
 20
20953.72703330176
 30
0.0
 11
77310.22637355063
 21
21553.72703330176
 31
0.0
1001
AcDbBlockRepETag
1070
1
1071
16
1005
8EDC
  0
LWPOLYLINE
  5
8EDD
330
8ECA
100
AcDbEntity
  8
WID-S
100
AcDbPolyline
 90
4
 70
1
 10
77270.22637355133
 20
21171.72703330083
 10
77270.22637355086
 20
21201.72703330082
 10
77350.2263735504
 20
21201.72703330036
 10
77350.22637355133
 20
21171.72703330083
1001
INERCAD20
1000
UnNamed
1070
2001
1071
2
1001
AcDbBlockRepETag
1070
1
1071
17
1005
8EDD
  0
LWPOLYLINE
  5
8EDE
330
8ECA
100
AcDbEntity
  8
WID-S
100
AcDbPolyline
 90
4
 70
1
 10
77273.22637355133
 20
21174.72703330082
 10
77273.2263735511
 20
21198.72703330083
 10
77347.22637355063
 20
21198.72703330036
 10
77347.22637355133
 20
21174.72703330082
1001
INERCAD20
1000
UnNamed
1070
2001
1071
2
1001
AcDbBlockRepETag
1070
1
1071
18
1005
8EDE
  0
LWPOLYLINE
  5
8EDF
330
8ECA
100
AcDbEntity
  8
WID-S
100
AcDbPolyline
 90
4
 70
1
 10
77880.22637355086
 20
21171.72703330175
 10
77880.2263735504
 20
21201.72703330176
 10
77960.22637354993
 20
21201.72703330129
 10
77960.22637355086
 20
21171.72703330175
1001
INERCAD20
1000
UnNamed
1070
2001
1071
2
1001
AcDbBlockRepETag
1070
1
1071
19
1005
8EDF
  0
LWPOLYLINE
  5
8EE0
330
8ECA
100
AcDbEntity
  8
WID-S
100
AcDbPolyline
 90
4
 70
1
 10
77883.22637355086
 20
21174.72703330176
 10
77883.2263735504
 20
21198.72703330175
 10
77957.22637355016
 20
21198.72703330129
 10
77957.22637355086
 20
21174.72703330176
1001
INERCAD20
1000
UnNamed
1070
2001
1071
2
1001
AcDbBlockRepETag
1070
1
1071
20
1005
8EE0
  0
LINE
  5
8EE1
330
8ECA
100
AcDbEntity
  8
WID
100
AcDbLine
 10
77350.22637355016
 20
21189.22703330083
 30
0.0
 11
77880.22637354993
 21
21189.22703330175
 31
0.0
1001
INERCAD20
1000
UnNamed
1070
2001
1071
1
1001
AcDbBlockRepETag
1070
1
1071
21
1005
8EE1
  0
LWPOLYLINE
  5
8EE2
330
8ECA
100
AcDbEntity
  8
WID-S
100
AcDbPolyline
 90
16
 70
1
 10
76667.2263735504
 20
21340.72703330176
 10
76667.2263735504
 20
21350.72703330175
 10
76667.2263735504
 20
21350.72703330175
 10
76667.2263735504
 20
21350.72703330175
 10
76667.2263735504
 20
21350.72703330175
 10
76667.2263735504
 20
21350.72703330175
 10
76623.2263735504
 20
21350.72703330175
 10
76623.2263735504
 20
21350.72703330175
 10
76623.2263735504
 20
21350.72703330175
 10
76623.2263735504
 20
21350.72703330175
 10
76623.2263735504
 20
21350.72703330175
 10
76623.2263735504
 20
21256.72703330176
 10
76667.2263735504
 20
21256.72703330176
 10
76667.2263735504
 20
21266.72703330175
 10
76652.2263735504
 20
21266.72703330175
 10
76652.2263735504
 20
21340.72703330176
1001
AcDbBlockRepETag
1070
1
1071
22
1005
8EE2
  0
LWPOLYLINE
  5
8EE3
330
8ECA
100
AcDbEntity
  8
WID-S
100
AcDbPolyline
 90
16
 70
1
 10
76670.2263735504
 20
21337.72703330175
 10
76670.2263735504
 20
21353.72703330176
 10
76670.2263735504
 20
21353.72703330176
 10
76670.2263735504
 20
21353.72703330176
 10
76670.2263735504
 20
21353.72703330176
 10
76670.2263735504
 20
21353.72703330176
 10
76620.2263735504
 20
21353.72703330176
 10
76620.2263735504
 20
21353.72703330176
 10
76620.2263735504
 20
21353.72703330176
 10
76620.2263735504
 20
21353.72703330176
 10
76620.2263735504
 20
21353.72703330176
 10
76620.2263735504
 20
21253.72703330175
 10
76670.2263735504
 20
21253.72703330175
 10
76670.2263735504
 20
21269.72703330176
 10
76655.2263735504
 20
21269.72703330176
 10
76655.2263735504
 20
21337.72703330175
1001
AcDbBlockRepETag
1070
1
1071
23
1005
8EE3
  0
LINE
  5
8EE4
330
8ECA
100
AcDbEntity
  8
WID-S
100
AcDbLine
 10
76655.2263735504
 20
21303.72703330176
 30
0.0
 11
76670.2263735504
 21
21303.72703330176
 31
0.0
1001
AcDbBlockRepETag
1070
1
1071
24
1005
8EE4
  0
LWPOLYLINE
  5
8EE5
330
8ECA
100
AcDbEntity
  8
WID-S
100
AcDbPolyline
 90
4
 70
1
 10
76740.22637354993
 20
21305.72703330129
 10
76740.2263735504
 20
21335.72703330129
 10
76660.22637355086
 20
21335.72703330083
 10
76660.22637354993
 20
21305.72703330129
1001
INERCAD20
1000
UnNamed
1070
2001
1071
2
1001
AcDbBlockRepETag
1070
1
1071
25
1005
8EE5
  0
LWPOLYLINE
  5
8EE6
330
8ECA
100
AcDbEntity
  8
WID-S
100
AcDbPolyline
 90
4
 70
1
 10
76737.22637354993
 20
21308.72703330129
 10
76737.2263735504
 20
21332.72703330129
 10
76663.22637355086
 20
21332.72703330082
 10
76663.22637355016
 20
21308.72703330129
1001
INERCAD20
1000
UnNamed
1070
2001
1071
2
1001
AcDbBlockRepETag
1070
1
1071
26
1005
8EE6
  0
LINE
  5
8EE7
330
8ECA
100
AcDbEntity
  8
ELE-2
100
AcDbLine
 10
76670.2263735504
 20
21269.72703330222
 30
0.0
 11
77950.2263735504
 21
21269.72703330176
 31
0.0
1001
INERCAD20
1000
UnNamed
1070
2001
1071
4
1001
AcDbBlockRepETag
1070
1
1071
27
1005
8EE7
  0
LINE
  5
8EE8
330
8ECA
100
AcDbEntity
  8
ELE-2
100
AcDbLine
 10
76670.22637354993
 20
21337.72703330175
 30
0.0
 11
77950.2263735504
 21
21337.72703330129
 31
0.0
1001
INERCAD20
1000
UnNamed
1070
2001
1071
4
1001
AcDbBlockRepETag
1070
1
1071
28
1005
8EE8
  0
LINE
  5
8EE9
330
8ECA
100
AcDbEntity
  8
ELE-2
100
AcDbLine
 10
77950.2263735504
 20
21303.72703330129
 30
0.0
 11
76670.22637354993
 21
21303.72703330129
 31
0.0
1001
INERCAD20
1000
UnNamed
1070
2001
1071
4
1001
AcDbBlockRepETag
1070
1
1071
29
1005
8EE9
  0
LINE
  5
8EEA
330
8ECA
100
AcDbEntity
  8
ELE-2
100
AcDbLine
 10
76670.2263735504
 20
21253.72703330175
 30
0.0
 11
77950.2263735504
 21
21253.72703330129
 31
0.0
1001
INERCAD20
1000
UnNamed
1070
2001
1071
4
1001
AcDbBlockRepETag
1070
1
1071
30
1005
8EEA
  0
LINE
  5
8EEB
330
8ECA
100
AcDbEntity
  8
WID
100
AcDbLine
 10
77270.22637355061
 20
21323.22703330082
 30
0.0
 11
76740.22637355086
 21
21323.22703330129
 31
0.0
1001
INERCAD20
1000
UnNamed
1070
2001
1071
1
1001
AcDbBlockRepETag
1070
1
1071
31
1005
8EEB
  0
LWPOLYLINE
  5
8EEC
330
8ECA
100
AcDbEntity
  8
WID-S
100
AcDbPolyline
 90
16
 70
1
 10
77950.22637355063
 20
21337.72703330175
 10
77950.22637355063
 20
21353.72703330176
 10
77950.22637355063
 20
21353.72703330176
 10
77950.22637355063
 20
21353.72703330176
 10
77950.22637355063
 20
21353.72703330176
 10
77950.22637355063
 20
21353.72703330176
 10
78000.22637355063
 20
21353.72703330176
 10
78000.22637355063
 20
21353.72703330176
 10
78000.22637355063
 20
21353.72703330176
 10
78000.22637355063
 20
21353.72703330176
 10
78000.22637355063
 20
21353.72703330176
 10
78000.22637355063
 20
21253.72703330175
 10
77950.22637355063
 20
21253.72703330175
 10
77950.22637355063
 20
21269.72703330176
 10
77965.22637355063
 20
21269.72703330176
 10
77965.22637355063
 20
21337.72703330175
1001
AcDbBlockRepETag
1070
1
1071
32
1005
8EEC
  0
LINE
  5
8EED
330
8ECA
100
AcDbEntity
  8
ELE-2
100
AcDbLine
 10
76670.2263735504
 20
21353.72703330176
 30
0.0
 11
77950.2263735504
 21
21353.72703330129
 31
0.0
1001
INERCAD20
1000
UnNamed
1070
2001
1071
4
1001
AcDbBlockRepETag
1070
1
1071
33
1005
8EED
  0
LWPOLYLINE
  5
8EEE
330
8ECA
100
AcDbEntity
  8
WID-S
100
AcDbPolyline
 90
16
 70
1
 10
77953.22637355063
 20
21340.72703330176
 10
77953.22637355063
 20
21350.72703330175
 10
77953.22637355063
 20
21350.72703330175
 10
77953.22637355063
 20
21350.72703330175
 10
77953.22637355063
 20
21350.72703330175
 10
77953.22637355063
 20
21350.72703330175
 10
77997.22637355061
 20
21350.72703330175
 10
77997.22637355061
 20
21350.72703330175
 10
77997.22637355061
 20
21350.72703330175
 10
77997.22637355061
 20
21350.72703330175
 10
77997.22637355061
 20
21350.72703330175
 10
77997.22637355061
 20
21256.72703330176
 10
77953.22637355063
 20
21256.72703330176
 10
77953.22637355063
 20
21266.72703330175
 10
77968.22637355063
 20
21266.72703330175
 10
77968.22637355063
 20
21340.72703330176
1001
AcDbBlockRepETag
1070
1
1071
34
1005
8EEE
  0
LINE
  5
8EEF
330
8ECA
100
AcDbEntity
  8
WID-S
100
AcDbLine
 10
77965.22637355063
 20
21303.72703330176
 30
0.0
 11
77950.22637355063
 21
21303.72703330176
 31
0.0
1001
AcDbBlockRepETag
1070
1
1071
35
1005
8EEF
  0
LWPOLYLINE
  5
8EF0
330
8ECA
100
AcDbEntity
  8
WID-S
100
AcDbPolyline
 90
4
 70
1
 10
77270.2263735511
 20
21305.72703330129
 10
77270.22637355061
 20
21335.72703330129
 10
77350.22637355016
 20
21335.72703330083
 10
77350.2263735511
 20
21305.72703330129
1001
INERCAD20
1000
UnNamed
1070
2001
1071
2
1001
AcDbBlockRepETag
1070
1
1071
36
1005
8EF0
  0
LWPOLYLINE
  5
8EF1
330
8ECA
100
AcDbEntity
  8
WID-S
100
AcDbPolyline
 90
4
 70
1
 10
77273.2263735511
 20
21308.72703330129
 10
77273.22637355086
 20
21332.72703330129
 10
77347.2263735504
 20
21332.72703330082
 10
77347.2263735511
 20
21308.72703330129
1001
INERCAD20
1000
UnNamed
1070
2001
1071
2
1001
AcDbBlockRepETag
1070
1
1071
37
1005
8EF1
  0
LWPOLYLINE
  5
8EF2
330
8ECA
100
AcDbEntity
  8
WID-S
100
AcDbPolyline
 90
4
 70
1
 10
77270.22637355133
 20
21271.72703330082
 10
77270.22637355086
 20
21301.72703330083
 10
77350.2263735504
 20
21301.72703330036
 10
77350.22637355133
 20
21271.72703330082
1001
INERCAD20
1000
UnNamed
1070
2001
1071
2
1001
AcDbBlockRepETag
1070
1
1071
38
1005
8EF2
  0
LWPOLYLINE
  5
8EF3
330
8ECA
100
AcDbEntity
  8
WID-S
100
AcDbPolyline
 90
4
 70
1
 10
77273.22637355133
 20
21274.72703330083
 10
77273.2263735511
 20
21298.72703330082
 10
77347.22637355063
 20
21298.72703330036
 10
77347.22637355133
 20
21274.72703330083
1001
INERCAD20
1000
UnNamed
1070
2001
1071
2
1001
AcDbBlockRepETag
1070
1
1071
39
1005
8EF3
  0
LWPOLYLINE
  5
8EF4
330
8ECA
100
AcDbEntity
  8
WID-S
100
AcDbPolyline
 90
4
 70
1
 10
77880.22637355086
 20
21271.72703330176
 10
77880.2263735504
 20
21301.72703330175
 10
77960.22637354993
 20
21301.72703330129
 10
77960.22637355086
 20
21271.72703330176
1001
INERCAD20
1000
UnNamed
1070
2001
1071
2
1001
AcDbBlockRepETag
1070
1
1071
40
1005
8EF4
  0
LWPOLYLINE
  5
8EF5
330
8ECA
100
AcDbEntity
  8
WID-S
100
AcDbPolyline
 90
4
 70
1
 10
77883.22637355086
 20
21274.72703330175
 10
77883.2263735504
 20
21298.72703330176
 10
77957.22637355016
 20
21298.72703330129
 10
77957.22637355086
 20
21274.72703330175
1001
INERCAD20
1000
UnNamed
1070
2001
1071
2
1001
AcDbBlockRepETag
1070
1
1071
41
1005
8EF5
  0
LINE
  5
8EF6
330
8ECA
100
AcDbEntity
  8
WID
100
AcDbLine
 10
77350.22637355016
 20
21289.22703330082
 30
0.0
 11
77880.22637354993
 21
21289.22703330176
 31
0.0
1001
INERCAD20
1000
UnNamed
1070
2001
1071
1
1001
AcDbBlockRepETag
1070
1
1071
42
1005
8EF6
  0
LINE
  5
8EF7
330
8ECA
100
AcDbEntity
  8
WID
100
AcDbLine
 10
77270.22637355061
 20
21218.22703330082
 30
0.0
 11
76740.22637355086
 21
21218.22703330129
 31
0.0
1001
INERCAD20
1000
UnNamed
1070
2001
1071
1
1001
AcDbBlockRepETag
1070
1
1071
43
1005
8EF7
  0
LINE
  5
8EF8
330
8ECA
100
AcDbEntity
  8
WID
100
AcDbLine
 10
77350.22637355016
 20
21184.22703330082
 30
0.0
 11
77880.22637354993
 21
21184.22703330176
 31
0.0
1001
INERCAD20
1000
UnNamed
1070
2001
1071
1
1001
AcDbBlockRepETag
1070
1
1071
44
1005
8EF8
  0
LINE
  5
8EF9
330
8ECA
100
AcDbEntity
  8
WID
100
AcDbLine
 10
77270.22637355061
 20
21318.22703330082
 30
0.0
 11
76740.22637355086
 21
21318.22703330129
 31
0.0
1001
INERCAD20
1000
UnNamed
1070
2001
1071
1
1001
AcDbBlockRepETag
1070
1
1071
45
1005
8EF9
  0
LINE
  5
8EFA
330
8ECA
100
AcDbEntity
  8
WID
100
AcDbLine
 10
77350.22637355016
 20
21284.22703330083
 30
0.0
 11
77880.22637354993
 21
21284.22703330175
 31
0.0
1001
INERCAD20
1000
UnNamed
1070
2001
1071
1
1001
AcDbBlockRepETag
1070
1
1071
46
1005
8EFA
  0
ENDBLK
  5
8EFB
330
8ECA
100
AcDbEntity
  8
0
100
AcDbBlockEnd
  0
BLOCK
  5
8EFD
330
8EFC
100
AcDbEntity
  8
0
100
AcDbBlockBegin
  2
sdfsfxvc
 70
0
 10
0.0
 20
0.0
 30
0.0
  3
sdfsfxvc
  1

  0
ARC
  5
8EFE
330
8EFC
100
AcDbEntity
  8
FIN
100
AcDbCircle
 10
76888.03970330757
 20
13948.72703313223
 30
0.0
 40
5.737144297840901
100
AcDbArc
 50
119.3649765601163
 51
240.6350234398837
  0
LWPOLYLINE
  5
8EFF
330
8EFC
100
AcDbEntity
  8
WID-S
100
AcDbPolyline
 90
16
 70
1
 10
76798.22637339962
 20
13010.72703308635
 10
76788.22637339962
 20
13010.72703308635
 10
76788.22637339962
 20
13010.72703308635
 10
76788.22637339962
 20
13010.72703308635
 10
76788.22637339962
 20
13010.72703308635
 10
76788.22637339962
 20
13010.72703308635
 10
76788.22637339962
 20
12966.72703308635
 10
76788.22637339962
 20
12966.72703308635
 10
76788.22637339962
 20
12966.72703308635
 10
76788.22637339962
 20
12966.72703308635
 10
76788.22637339962
 20
12966.72703308635
 10
76882.22637339962
 20
12966.72703308635
 10
76882.22637339962
 20
13010.72703308635
 10
76872.22637339962
 20
13010.72703308635
 10
76872.22637339962
 20
12995.72703308635
 10
76798.22637339962
 20
12995.72703308635
  0
LWPOLYLINE
  5
8F00
330
8EFC
100
AcDbEntity
  8
WID-S
100
AcDbPolyline
 90
16
 70
1
 10
76801.22637339962
 20
13013.72703308635
 10
76785.22637339962
 20
13013.72703308635
 10
76785.22637339962
 20
13013.72703308635
 10
76785.22637339962
 20
13013.72703308635
 10
76785.22637339962
 20
13013.72703308635
 10
76785.22637339962
 20
13013.72703308635
 10
76785.22637339962
 20
12963.72703308635
 10
76785.22637339962
 20
12963.72703308635
 10
76785.22637339962
 20
12963.72703308635
 10
76785.22637339962
 20
12963.72703308635
 10
76785.22637339962
 20
12963.72703308635
 10
76885.22637339962
 20
12963.72703308635
 10
76885.22637339962
 20
13013.72703308635
 10
76869.22637339962
 20
13013.72703308635
 10
76869.22637339962
 20
12998.72703308635
 10
76801.22637339962
 20
12998.72703308635
  0
LINE
  5
8F01
330
8EFC
100
AcDbEntity
  8
WID-S
100
AcDbLine
 10
76835.22637339962
 20
12998.72703308635
 30
0.0
 11
76835.22637339962
 21
13013.72703308635
 31
0.0
  0
LWPOLYLINE
  5
8F02
330
8EFC
100
AcDbEntity
  8
WID-S
100
AcDbPolyline
 90
4
 70
1
 10
76833.22637340007
 20
13083.72703308589
 10
76803.22637340009
 20
13083.72703308635
 10
76803.22637340055
 20
13003.72703308682
 10
76833.22637340007
 20
13003.72703308589
1001
INERCAD20
1000
UnNamed
1070
2001
1071
2
  0
LWPOLYLINE
  5
8F03
330
8EFC
100
AcDbEntity
  8
WID-S
100
AcDbPolyline
 90
4
 70
1
 10
76830.22637340009
 20
13080.72703308588
 10
76806.22637340007
 20
13080.72703308635
 10
76806.22637340055
 20
13006.72703308682
 10
76830.22637340009
 20
13006.72703308612
1001
INERCAD20
1000
UnNamed
1070
2001
1071
2
  0
LINE
  5
8F04
330
8EFC
100
AcDbEntity
  8
ELE-2
100
AcDbLine
 10
76869.22637339916
 20
13013.72703308635
 30
0.0
 11
76869.22637339962
 21
13893.72703308635
 31
0.0
1001
INERCAD20
1000
UnNamed
1070
2001
1071
4
  0
LINE
  5
8F05
330
8EFC
100
AcDbEntity
  8
ELE-2
100
AcDbLine
 10
76801.22637339962
 20
13013.72703308588
 30
0.0
 11
76801.22637340009
 21
13893.72703308635
 31
0.0
1001
INERCAD20
1000
UnNamed
1070
2001
1071
4
  0
LINE
  5
8F06
330
8EFC
100
AcDbEntity
  8
ELE-2
100
AcDbLine
 10
76835.22637340009
 20
13893.72703308635
 30
0.0
 11
76835.22637340009
 21
13013.72703308588
 31
0.0
1001
INERCAD20
1000
UnNamed
1070
2001
1071
4
  0
LINE
  5
8F07
330
8EFC
100
AcDbEntity
  8
ELE-2
100
AcDbLine
 10
76885.22637339962
 20
13013.72703308635
 30
0.0
 11
76885.22637340009
 21
13893.72703308635
 31
0.0
1001
INERCAD20
1000
UnNamed
1070
2001
1071
4
  0
LINE
  5
8F08
330
8EFC
100
AcDbEntity
  8
WID
100
AcDbLine
 10
76815.72637340055
 20
13413.72703308658
 30
0.0
 11
76815.72637340009
 21
13083.72703308682
 31
0.0
1001
INERCAD20
1000
UnNamed
1070
2001
1071
1
  0
LWPOLYLINE
  5
8F09
330
8EFC
100
AcDbEntity
  8
WID-S
100
AcDbPolyline
 90
16
 70
1
 10
76801.22637339962
 20
13893.72703308658
 10
76785.22637339962
 20
13893.72703308658
 10
76785.22637339962
 20
13893.72703308658
 10
76785.22637339962
 20
13893.72703308658
 10
76785.22637339962
 20
13893.72703308658
 10
76785.22637339962
 20
13893.72703308658
 10
76785.22637339962
 20
13943.72703308658
 10
76785.22637339962
 20
13943.72703308658
 10
76785.22637339962
 20
13943.72703308658
 10
76785.22637339962
 20
13943.72703308658
 10
76785.22637339962
 20
13943.72703308658
 10
76885.22637339962
 20
13943.72703308658
 10
76885.22637339962
 20
13893.72703308658
 10
76869.22637339962
 20
13893.72703308658
 10
76869.22637339962
 20
13908.72703308658
 10
76801.22637339962
 20
13908.72703308658
  0
LINE
  5
8F0A
330
8EFC
100
AcDbEntity
  8
ELE-2
100
AcDbLine
 10
76785.22637339962
 20
13013.72703308635
 30
0.0
 11
76785.22637340009
 21
13893.72703308635
 31
0.0
1001
INERCAD20
1000
UnNamed
1070
2001
1071
4
  0
LWPOLYLINE
  5
8F0B
330
8EFC
100
AcDbEntity
  8
WID-S
100
AcDbPolyline
 90
16
 70
1
 10
76798.22637339962
 20
13896.72703308658
 10
76788.22637339962
 20
13896.72703308658
 10
76788.22637339962
 20
13896.72703308658
 10
76788.22637339962
 20
13896.72703308658
 10
76788.22637339962
 20
13896.72703308658
 10
76788.22637339962
 20
13896.72703308658
 10
76788.22637339962
 20
13940.72703308658
 10
76788.22637339962
 20
13940.72703308658
 10
76788.22637339962
 20
13940.72703308658
 10
76788.22637339962
 20
13940.72703308658
 10
76788.22637339962
 20
13940.72703308658
 10
76882.22637339962
 20
13940.72703308658
 10
76882.22637339962
 20
13896.72703308658
 10
76872.22637339962
 20
13896.72703308658
 10
76872.22637339962
 20
13911.72703308658
 10
76798.22637339962
 20
13911.72703308658
  0
LINE
  5
8F0C
330
8EFC
100
AcDbEntity
  8
WID-S
100
AcDbLine
 10
76835.22637339962
 20
13908.72703308658
 30
0.0
 11
76835.22637339962
 21
13893.72703308658
 31
0.0
  0
LWPOLYLINE
  5
8F0D
330
8EFC
100
AcDbEntity
  8
WID-S
100
AcDbPolyline
 90
4
 70
1
 10
76833.22637340007
 20
13413.72703308705
 10
76803.22637340009
 20
13413.72703308658
 10
76803.22637340055
 20
13493.72703308612
 10
76833.22637340007
 20
13493.72703308705
1001
INERCAD20
1000
UnNamed
1070
2001
1071
2
  0
LWPOLYLINE
  5
8F0E
330
8EFC
100
AcDbEntity
  8
WID-S
100
AcDbPolyline
 90
4
 70
1
 10
76830.22637340009
 20
13416.72703308705
 10
76806.22637340007
 20
13416.72703308682
 10
76806.22637340055
 20
13490.72703308635
 10
76830.22637340009
 20
13490.72703308705
1001
INERCAD20
1000
UnNamed
1070
2001
1071
2
  0
LINE
  5
8F0F
330
8EFC
100
AcDbEntity
  8
ELE-2
100
AcDbLine
 10
77085.22637339962
 20
13453.72703308635
 30
0.0
 11
76485.22637339962
 21
13453.72703308658
 31
0.0
  0
LWPOLYLINE
  5
8F10
330
8EFC
100
AcDbEntity
  8
WID-S
100
AcDbPolyline
 90
4
 70
1
 10
76867.22637340055
 20
13413.72703308728
 10
76837.22637340055
 20
13413.72703308681
 10
76837.226373401
 20
13493.72703308635
 10
76867.22637340055
 20
13493.72703308728
1001
INERCAD20
1000
UnNamed
1070
2001
1071
2
  0
LWPOLYLINE
  5
8F11
330
8EFC
100
AcDbEntity
  8
WID-S
100
AcDbPolyline
 90
4
 70
1
 10
76864.22637340055
 20
13416.72703308728
 10
76840.22637340055
 20
13416.72703308705
 10
76840.22637340102
 20
13490.72703308658
 10
76864.22637340055
 20
13490.72703308728
1001
INERCAD20
1000
UnNamed
1070
2001
1071
2
  0
LWPOLYLINE
  5
8F12
330
8EFC
100
AcDbEntity
  8
WID-S
100
AcDbPolyline
 90
4
 70
1
 10
76867.22637339962
 20
13823.72703308682
 10
76837.22637339962
 20
13823.72703308635
 10
76837.22637340009
 20
13903.72703308588
 10
76867.22637339962
 20
13903.72703308682
1001
INERCAD20
1000
UnNamed
1070
2001
1071
2
  0
LWPOLYLINE
  5
8F13
330
8EFC
100
AcDbEntity
  8
WID-S
100
AcDbPolyline
 90
4
 70
1
 10
76864.22637339962
 20
13826.72703308682
 10
76840.22637339962
 20
13826.72703308635
 10
76840.22637340007
 20
13900.72703308612
 10
76864.22637339962
 20
13900.72703308682
1001
INERCAD20
1000
UnNamed
1070
2001
1071
2
  0
LINE
  5
8F14
330
8EFC
100
AcDbEntity
  8
WID
100
AcDbLine
 10
76849.72637340055
 20
13493.72703308612
 30
0.0
 11
76849.72637339962
 21
13823.72703308588
 31
0.0
1001
INERCAD20
1000
UnNamed
1070
2001
1071
1
  0
LWPOLYLINE
  5
8F15
330
8EFC
100
AcDbEntity
  8
WID-S
100
AcDbPolyline
 90
16
 70
1
 10
76698.22637339962
 20
13010.72703308635
 10
76688.22637339962
 20
13010.72703308635
 10
76688.22637339962
 20
13010.72703308635
 10
76688.22637339962
 20
13010.72703308635
 10
76688.22637339962
 20
13010.72703308635
 10
76688.22637339962
 20
13010.72703308635
 10
76688.22637339962
 20
12966.72703308635
 10
76688.22637339962
 20
12966.72703308635
 10
76688.22637339962
 20
12966.72703308635
 10
76688.22637339962
 20
12966.72703308635
 10
76688.22637339962
 20
12966.72703308635
 10
76782.22637339962
 20
12966.72703308635
 10
76782.22637339962
 20
13010.72703308635
 10
76772.22637339962
 20
13010.72703308635
 10
76772.22637339962
 20
12995.72703308635
 10
76698.22637339962
 20
12995.72703308635
  0
LWPOLYLINE
  5
8F16
330
8EFC
100
AcDbEntity
  8
WID-S
100
AcDbPolyline
 90
16
 70
1
 10
76701.22637339962
 20
13013.72703308635
 10
76685.22637339962
 20
13013.72703308635
 10
76685.22637339962
 20
13013.72703308635
 10
76685.22637339962
 20
13013.72703308635
 10
76685.22637339962
 20
13013.72703308635
 10
76685.22637339962
 20
13013.72703308635
 10
76685.22637339962
 20
12963.72703308635
 10
76685.22637339962
 20
12963.72703308635
 10
76685.22637339962
 20
12963.72703308635
 10
76685.22637339962
 20
12963.72703308635
 10
76685.22637339962
 20
12963.72703308635
 10
76785.22637339962
 20
12963.72703308635
 10
76785.22637339962
 20
13013.72703308635
 10
76769.22637339962
 20
13013.72703308635
 10
76769.22637339962
 20
12998.72703308635
 10
76701.22637339962
 20
12998.72703308635
  0
LINE
  5
8F17
330
8EFC
100
AcDbEntity
  8
WID-S
100
AcDbLine
 10
76735.22637339962
 20
12998.72703308635
 30
0.0
 11
76735.22637339962
 21
13013.72703308635
 31
0.0
  0
LWPOLYLINE
  5
8F18
330
8EFC
100
AcDbEntity
  8
WID-S
100
AcDbPolyline
 90
4
 70
1
 10
76733.22637340007
 20
13083.72703308589
 10
76703.22637340007
 20
13083.72703308635
 10
76703.22637340055
 20
13003.72703308682
 10
76733.22637340007
 20
13003.72703308589
1001
INERCAD20
1000
UnNamed
1070
2001
1071
2
  0
LWPOLYLINE
  5
8F19
330
8EFC
100
AcDbEntity
  8
WID-S
100
AcDbPolyline
 90
4
 70
1
 10
76730.22637340007
 20
13080.72703308588
 10
76706.22637340009
 20
13080.72703308635
 10
76706.22637340055
 20
13006.72703308682
 10
76730.22637340007
 20
13006.72703308612
1001
INERCAD20
1000
UnNamed
1070
2001
1071
2
  0
LINE
  5
8F1A
330
8EFC
100
AcDbEntity
  8
ELE-2
100
AcDbLine
 10
76769.22637339916
 20
13013.72703308635
 30
0.0
 11
76769.22637339962
 21
13893.72703308635
 31
0.0
1001
INERCAD20
1000
UnNamed
1070
2001
1071
4
  0
LINE
  5
8F1B
330
8EFC
100
AcDbEntity
  8
ELE-2
100
AcDbLine
 10
76701.22637339962
 20
13013.72703308588
 30
0.0
 11
76701.22637340009
 21
13893.72703308635
 31
0.0
1001
INERCAD20
1000
UnNamed
1070
2001
1071
4
  0
LINE
  5
8F1C
330
8EFC
100
AcDbEntity
  8
ELE-2
100
AcDbLine
 10
76735.22637340009
 20
13893.72703308635
 30
0.0
 11
76735.22637340009
 21
13013.72703308588
 31
0.0
1001
INERCAD20
1000
UnNamed
1070
2001
1071
4
  0
LINE
  5
8F1D
330
8EFC
100
AcDbEntity
  8
ELE-2
100
AcDbLine
 10
76785.22637339962
 20
13013.72703308635
 30
0.0
 11
76785.22637340009
 21
13893.72703308635
 31
0.0
1001
INERCAD20
1000
UnNamed
1070
2001
1071
4
  0
LINE
  5
8F1E
330
8EFC
100
AcDbEntity
  8
WID
100
AcDbLine
 10
76715.72637340055
 20
13413.72703308658
 30
0.0
 11
76715.72637340009
 21
13083.72703308682
 31
0.0
1001
INERCAD20
1000
UnNamed
1070
2001
1071
1
  0
LWPOLYLINE
  5
8F1F
330
8EFC
100
AcDbEntity
  8
WID-S
100
AcDbPolyline
 90
16
 70
1
 10
76701.22637339962
 20
13893.72703308658
 10
76685.22637339962
 20
13893.72703308658
 10
76685.22637339962
 20
13893.72703308658
 10
76685.22637339962
 20
13893.72703308658
 10
76685.22637339962
 20
13893.72703308658
 10
76685.22637339962
 20
13893.72703308658
 10
76685.22637339962
 20
13943.72703308658
 10
76685.22637339962
 20
13943.72703308658
 10
76685.22637339962
 20
13943.72703308658
 10
76685.22637339962
 20
13943.72703308658
 10
76685.22637339962
 20
13943.72703308658
 10
76785.22637339962
 20
13943.72703308658
 10
76785.22637339962
 20
13893.72703308658
 10
76769.22637339962
 20
13893.72703308658
 10
76769.22637339962
 20
13908.72703308658
 10
76701.22637339962
 20
13908.72703308658
  0
LINE
  5
8F20
330
8EFC
100
AcDbEntity
  8
ELE-2
100
AcDbLine
 10
76685.22637339962
 20
13013.72703308635
 30
0.0
 11
76685.22637340009
 21
13893.72703308635
 31
0.0
1001
INERCAD20
1000
UnNamed
1070
2001
1071
4
  0
LWPOLYLINE
  5
8F21
330
8EFC
100
AcDbEntity
  8
WID-S
100
AcDbPolyline
 90
16
 70
1
 10
76698.22637339962
 20
13896.72703308658
 10
76688.22637339962
 20
13896.72703308658
 10
76688.22637339962
 20
13896.72703308658
 10
76688.22637339962
 20
13896.72703308658
 10
76688.22637339962
 20
13896.72703308658
 10
76688.22637339962
 20
13896.72703308658
 10
76688.22637339962
 20
13940.72703308658
 10
76688.22637339962
 20
13940.72703308658
 10
76688.22637339962
 20
13940.72703308658
 10
76688.22637339962
 20
13940.72703308658
 10
76688.22637339962
 20
13940.72703308658
 10
76782.22637339962
 20
13940.72703308658
 10
76782.22637339962
 20
13896.72703308658
 10
76772.22637339962
 20
13896.72703308658
 10
76772.22637339962
 20
13911.72703308658
 10
76698.22637339962
 20
13911.72703308658
  0
LINE
  5
8F22
330
8EFC
100
AcDbEntity
  8
WID-S
100
AcDbLine
 10
76735.22637339962
 20
13908.72703308658
 30
0.0
 11
76735.22637339962
 21
13893.72703308658
 31
0.0
  0
LWPOLYLINE
  5
8F23
330
8EFC
100
AcDbEntity
  8
WID-S
100
AcDbPolyline
 90
4
 70
1
 10
76733.22637340007
 20
13413.72703308705
 10
76703.22637340007
 20
13413.72703308658
 10
76703.22637340055
 20
13493.72703308612
 10
76733.22637340007
 20
13493.72703308705
1001
INERCAD20
1000
UnNamed
1070
2001
1071
2
  0
LWPOLYLINE
  5
8F24
330
8EFC
100
AcDbEntity
  8
WID-S
100
AcDbPolyline
 90
4
 70
1
 10
76730.22637340007
 20
13416.72703308705
 10
76706.22637340009
 20
13416.72703308682
 10
76706.22637340055
 20
13490.72703308635
 10
76730.22637340007
 20
13490.72703308705
1001
INERCAD20
1000
UnNamed
1070
2001
1071
2
  0
LWPOLYLINE
  5
8F25
330
8EFC
100
AcDbEntity
  8
WID-S
100
AcDbPolyline
 90
4
 70
1
 10
76767.22637340055
 20
13413.72703308728
 10
76737.22637340055
 20
13413.72703308681
 10
76737.22637340102
 20
13493.72703308635
 10
76767.22637340055
 20
13493.72703308728
1001
INERCAD20
1000
UnNamed
1070
2001
1071
2
  0
LWPOLYLINE
  5
8F26
330
8EFC
100
AcDbEntity
  8
WID-S
100
AcDbPolyline
 90
4
 70
1
 10
76764.22637340055
 20
13416.72703308728
 10
76740.22637340055
 20
13416.72703308705
 10
76740.22637340102
 20
13490.72703308658
 10
76764.22637340055
 20
13490.72703308728
1001
INERCAD20
1000
UnNamed
1070
2001
1071
2
  0
LWPOLYLINE
  5
8F27
330
8EFC
100
AcDbEntity
  8
WID-S
100
AcDbPolyline
 90
4
 70
1
 10
76767.22637339962
 20
13823.72703308682
 10
76737.22637339962
 20
13823.72703308635
 10
76737.22637340007
 20
13903.72703308588
 10
76767.22637339962
 20
13903.72703308682
1001
INERCAD20
1000
UnNamed
1070
2001
1071
2
  0
LWPOLYLINE
  5
8F28
330
8EFC
100
AcDbEntity
  8
WID-S
100
AcDbPolyline
 90
4
 70
1
 10
76764.22637339962
 20
13826.72703308682
 10
76740.22637339962
 20
13826.72703308635
 10
76740.22637340009
 20
13900.72703308612
 10
76764.22637339962
 20
13900.72703308682
1001
INERCAD20
1000
UnNamed
1070
2001
1071
2
  0
LINE
  5
8F29
330
8EFC
100
AcDbEntity
  8
WID
100
AcDbLine
 10
76749.72637340055
 20
13493.72703308612
 30
0.0
 11
76749.72637339962
 21
13823.72703308588
 31
0.0
1001
INERCAD20
1000
UnNamed
1070
2001
1071
1
  0
LINE
  5
8F2A
330
8EFC
100
AcDbEntity
  8
WID
100
AcDbLine
 10
76820.72637340055
 20
13413.72703308658
 30
0.0
 11
76820.72637340009
 21
13083.72703308682
 31
0.0
1001
INERCAD20
1000
UnNamed
1070
2001
1071
1
  0
LINE
  5
8F2B
330
8EFC
100
AcDbEntity
  8
WID
100
AcDbLine
 10
76854.72637340055
 20
13493.72703308612
 30
0.0
 11
76854.72637339962
 21
13823.72703308588
 31
0.0
1001
INERCAD20
1000
UnNamed
1070
2001
1071
1
  0
LINE
  5
8F2C
330
8EFC
100
AcDbEntity
  8
WID
100
AcDbLine
 10
76720.72637340055
 20
13413.72703308658
 30
0.0
 11
76720.72637340009
 21
13083.72703308682
 31
0.0
1001
INERCAD20
1000
UnNamed
1070
2001
1071
1
  0
LINE
  5
8F2D
330
8EFC
100
AcDbEntity
  8
WID
100
AcDbLine
 10
76754.72637340055
 20
13493.72703308612
 30
0.0
 11
76754.72637339962
 21
13823.72703308588
 31
0.0
1001
INERCAD20
1000
UnNamed
1070
2001
1071
1
  0
ARC
  5
8F2E
330
8EFC
100
AcDbEntity
  8
FIN
100
AcDbCircle
 10
76888.03970330757
 20
12958.72703334661
 30
0.0
 40
5.737144297840901
100
AcDbArc
 50
119.3649765601151
 51
240.6350234398849
  0
ENDBLK
  5
8F2F
330
8EFC
100
AcDbEntity
  8
0
100
AcDbBlockEnd
  0
BLOCK
  5
8F31
330
8F30
100
AcDbEntity
  8
0
100
AcDbBlockBegin
  2
dsfsdfdfssxcv
 70
0
 10
0.0
 20
0.0
 30
0.0
  3
dsfsdfdfssxcv
  1

  0
ARC
  5
8F32
330
8F30
100
AcDbEntity
  8
FIN
100
AcDbCircle
 10
76287.89304019601
 20
16408.72703334373
 30
0.0
 40
5.666666664074
100
AcDbArc
 50
118.0724868995107
 51
241.9275131004892
  0
ARC
  5
8F33
330
8F30
100
AcDbEntity
  8
FIN
100
AcDbCircle
 10
76288.03970336368
 20
17398.72703334467
 30
0.0
 40
5.737144297840901
100
AcDbArc
 50
119.3649765601163
 51
240.6350234398837
  0
LWPOLYLINE
  5
8F34
330
8F30
100
AcDbEntity
  8
WID-S
100
AcDbPolyline
 90
16
 70
1
 10
76198.22637347558
 20
16460.72703313071
 10
76188.22637347558
 20
16460.72703313071
 10
76188.22637347558
 20
16460.72703313071
 10
76188.22637347558
 20
16460.72703313071
 10
76188.22637347558
 20
16460.72703313071
 10
76188.22637347558
 20
16460.72703313071
 10
76188.22637347558
 20
16416.72703313071
 10
76188.22637347558
 20
16416.72703313071
 10
76188.22637347558
 20
16416.72703313071
 10
76188.22637347558
 20
16416.72703313071
 10
76188.22637347558
 20
16416.72703313071
 10
76282.22637347558
 20
16416.72703313071
 10
76282.22637347558
 20
16460.72703313071
 10
76272.22637347558
 20
16460.72703313071
 10
76272.22637347558
 20
16445.72703313071
 10
76198.22637347558
 20
16445.72703313071
  0
LWPOLYLINE
  5
8F35
330
8F30
100
AcDbEntity
  8
WID-S
100
AcDbPolyline
 90
16
 70
1
 10
76201.22637347558
 20
16463.72703313071
 10
76185.22637347558
 20
16463.72703313071
 10
76185.22637347558
 20
16463.72703313071
 10
76185.22637347558
 20
16463.72703313071
 10
76185.22637347558
 20
16463.72703313071
 10
76185.22637347558
 20
16463.72703313071
 10
76185.22637347558
 20
16413.72703313071
 10
76185.22637347558
 20
16413.72703313071
 10
76185.22637347558
 20
16413.72703313071
 10
76185.22637347558
 20
16413.72703313071
 10
76185.22637347558
 20
16413.72703313071
 10
76285.22637347558
 20
16413.72703313071
 10
76285.22637347558
 20
16463.72703313071
 10
76269.22637347558
 20
16463.72703313071
 10
76269.22637347558
 20
16448.72703313071
 10
76201.22637347558
 20
16448.72703313071
  0
LINE
  5
8F36
330
8F30
100
AcDbEntity
  8
WID-S
100
AcDbLine
 10
76235.22637347558
 20
16448.72703313071
 30
0.0
 11
76235.22637347558
 21
16463.72703313071
 31
0.0
  0
LWPOLYLINE
  5
8F37
330
8F30
100
AcDbEntity
  8
WID-S
100
AcDbPolyline
 90
4
 70
1
 10
76233.22637347603
 20
16533.72703313024
 10
76203.22637347605
 20
16533.72703313071
 10
76203.22637347651
 20
16453.72703313117
 10
76233.22637347603
 20
16453.72703313024
1001
INERCAD20
1000
UnNamed
1070
2001
1071
2
  0
LWPOLYLINE
  5
8F38
330
8F30
100
AcDbEntity
  8
WID-S
100
AcDbPolyline
 90
4
 70
1
 10
76230.22637347605
 20
16530.72703313024
 10
76206.22637347603
 20
16530.7270331307
 10
76206.22637347651
 20
16456.72703313117
 10
76230.22637347605
 20
16456.72703313047
1001
INERCAD20
1000
UnNamed
1070
2001
1071
2
  0
LINE
  5
8F39
330
8F30
100
AcDbEntity
  8
ELE-2
100
AcDbLine
 10
76269.22637347512
 20
16463.72703313071
 30
0.0
 11
76269.22637347558
 21
17343.72703313071
 31
0.0
1001
INERCAD20
1000
UnNamed
1070
2001
1071
4
  0
LINE
  5
8F3A
330
8F30
100
AcDbEntity
  8
ELE-2
100
AcDbLine
 10
76201.22637347558
 20
16463.72703313024
 30
0.0
 11
76201.22637347605
 21
17343.72703313071
 31
0.0
1001
INERCAD20
1000
UnNamed
1070
2001
1071
4
  0
LINE
  5
8F3B
330
8F30
100
AcDbEntity
  8
ELE-2
100
AcDbLine
 10
76235.22637347605
 20
17343.72703313071
 30
0.0
 11
76235.22637347605
 21
16463.72703313024
 31
0.0
1001
INERCAD20
1000
UnNamed
1070
2001
1071
4
  0
LINE
  5
8F3C
330
8F30
100
AcDbEntity
  8
ELE-2
100
AcDbLine
 10
76285.22637347558
 20
16463.72703313071
 30
0.0
 11
76285.22637347605
 21
17343.72703313071
 31
0.0
1001
INERCAD20
1000
UnNamed
1070
2001
1071
4
  0
LINE
  5
8F3D
330
8F30
100
AcDbEntity
  8
WID
100
AcDbLine
 10
76215.72637347651
 20
16863.72703313094
 30
0.0
 11
76215.72637347605
 21
16533.72703313117
 31
0.0
1001
INERCAD20
1000
UnNamed
1070
2001
1071
1
  0
LWPOLYLINE
  5
8F3E
330
8F30
100
AcDbEntity
  8
WID-S
100
AcDbPolyline
 90
16
 70
1
 10
76201.22637347558
 20
17343.72703313094
 10
76185.22637347558
 20
17343.72703313094
 10
76185.22637347558
 20
17343.72703313094
 10
76185.22637347558
 20
17343.72703313094
 10
76185.22637347558
 20
17343.72703313094
 10
76185.22637347558
 20
17343.72703313094
 10
76185.22637347558
 20
17393.72703313094
 10
76185.22637347558
 20
17393.72703313094
 10
76185.22637347558
 20
17393.72703313094
 10
76185.22637347558
 20
17393.72703313094
 10
76185.22637347558
 20
17393.72703313094
 10
76285.22637347558
 20
17393.72703313094
 10
76285.22637347558
 20
17343.72703313094
 10
76269.22637347558
 20
17343.72703313094
 10
76269.22637347558
 20
17358.72703313094
 10
76201.22637347558
 20
17358.72703313094
  0
LINE
  5
8F3F
330
8F30
100
AcDbEntity
  8
ELE-2
100
AcDbLine
 10
76185.22637347558
 20
16463.72703313071
 30
0.0
 11
76185.22637347605
 21
17343.72703313071
 31
0.0
1001
INERCAD20
1000
UnNamed
1070
2001
1071
4
  0
LWPOLYLINE
  5
8F40
330
8F30
100
AcDbEntity
  8
WID-S
100
AcDbPolyline
 90
16
 70
1
 10
76198.22637347558
 20
17346.72703313094
 10
76188.22637347558
 20
17346.72703313094
 10
76188.22637347558
 20
17346.72703313094
 10
76188.22637347558
 20
17346.72703313094
 10
76188.22637347558
 20
17346.72703313094
 10
76188.22637347558
 20
17346.72703313094
 10
76188.22637347558
 20
17390.72703313094
 10
76188.22637347558
 20
17390.72703313094
 10
76188.22637347558
 20
17390.72703313094
 10
76188.22637347558
 20
17390.72703313094
 10
76188.22637347558
 20
17390.72703313094
 10
76282.22637347558
 20
17390.72703313094
 10
76282.22637347558
 20
17346.72703313094
 10
76272.22637347558
 20
17346.72703313094
 10
76272.22637347558
 20
17361.72703313094
 10
76198.22637347558
 20
17361.72703313094
  0
LINE
  5
8F41
330
8F30
100
AcDbEntity
  8
WID-S
100
AcDbLine
 10
76235.22637347558
 20
17358.72703313094
 30
0.0
 11
76235.22637347558
 21
17343.72703313094
 31
0.0
  0
LWPOLYLINE
  5
8F42
330
8F30
100
AcDbEntity
  8
WID-S
100
AcDbPolyline
 90
4
 70
1
 10
76233.22637347603
 20
16863.72703313141
 10
76203.22637347605
 20
16863.72703313094
 10
76203.22637347651
 20
16943.72703313047
 10
76233.22637347603
 20
16943.72703313141
1001
INERCAD20
1000
UnNamed
1070
2001
1071
2
  0
LWPOLYLINE
  5
8F43
330
8F30
100
AcDbEntity
  8
WID-S
100
AcDbPolyline
 90
4
 70
1
 10
76230.22637347605
 20
16866.7270331314
 10
76206.22637347603
 20
16866.72703313117
 10
76206.22637347651
 20
16940.72703313071
 10
76230.22637347605
 20
16940.7270331314
1001
INERCAD20
1000
UnNamed
1070
2001
1071
2
  0
LINE
  5
8F44
330
8F30
100
AcDbEntity
  8
ELE-2
100
AcDbLine
 10
76485.22637347558
 20
16903.72703313071
 30
0.0
 11
75885.22637347558
 21
16903.72703313094
 31
0.0
  0
LWPOLYLINE
  5
8F45
330
8F30
100
AcDbEntity
  8
WID-S
100
AcDbPolyline
 90
4
 70
1
 10
76267.22637347651
 20
16863.72703313164
 10
76237.22637347651
 20
16863.72703313117
 10
76237.22637347698
 20
16943.72703313071
 10
76267.22637347651
 20
16943.72703313164
1001
INERCAD20
1000
UnNamed
1070
2001
1071
2
  0
LWPOLYLINE
  5
8F46
330
8F30
100
AcDbEntity
  8
WID-S
100
AcDbPolyline
 90
4
 70
1
 10
76264.22637347651
 20
16866.72703313164
 10
76240.22637347651
 20
16866.7270331314
 10
76240.22637347698
 20
16940.72703313094
 10
76264.22637347651
 20
16940.72703313164
1001
INERCAD20
1000
UnNamed
1070
2001
1071
2
  0
LWPOLYLINE
  5
8F47
330
8F30
100
AcDbEntity
  8
WID-S
100
AcDbPolyline
 90
4
 70
1
 10
76267.22637347558
 20
17273.72703313117
 10
76237.22637347558
 20
17273.7270331307
 10
76237.22637347605
 20
17353.72703313024
 10
76267.22637347558
 20
17353.72703313117
1001
INERCAD20
1000
UnNamed
1070
2001
1071
2
  0
LWPOLYLINE
  5
8F48
330
8F30
100
AcDbEntity
  8
WID-S
100
AcDbPolyline
 90
4
 70
1
 10
76264.22637347558
 20
17276.72703313117
 10
76240.22637347558
 20
17276.72703313071
 10
76240.22637347603
 20
17350.72703313047
 10
76264.22637347558
 20
17350.72703313117
1001
INERCAD20
1000
UnNamed
1070
2001
1071
2
  0
LINE
  5
8F49
330
8F30
100
AcDbEntity
  8
WID
100
AcDbLine
 10
76249.72637347651
 20
16943.72703313047
 30
0.0
 11
76249.72637347558
 21
17273.72703313024
 31
0.0
1001
INERCAD20
1000
UnNamed
1070
2001
1071
1
  0
LWPOLYLINE
  5
8F4A
330
8F30
100
AcDbEntity
  8
WID-S
100
AcDbPolyline
 90
16
 70
1
 10
76098.22637347558
 20
16460.72703313071
 10
76088.22637347558
 20
16460.72703313071
 10
76088.22637347558
 20
16460.72703313071
 10
76088.22637347558
 20
16460.72703313071
 10
76088.22637347558
 20
16460.72703313071
 10
76088.22637347558
 20
16460.72703313071
 10
76088.22637347558
 20
16416.72703313071
 10
76088.22637347558
 20
16416.72703313071
 10
76088.22637347558
 20
16416.72703313071
 10
76088.22637347558
 20
16416.72703313071
 10
76088.22637347558
 20
16416.72703313071
 10
76182.22637347558
 20
16416.72703313071
 10
76182.22637347558
 20
16460.72703313071
 10
76172.22637347558
 20
16460.72703313071
 10
76172.22637347558
 20
16445.72703313071
 10
76098.22637347558
 20
16445.72703313071
  0
LWPOLYLINE
  5
8F4B
330
8F30
100
AcDbEntity
  8
WID-S
100
AcDbPolyline
 90
16
 70
1
 10
76101.22637347558
 20
16463.72703313071
 10
76085.22637347558
 20
16463.72703313071
 10
76085.22637347558
 20
16463.72703313071
 10
76085.22637347558
 20
16463.72703313071
 10
76085.22637347558
 20
16463.72703313071
 10
76085.22637347558
 20
16463.72703313071
 10
76085.22637347558
 20
16413.72703313071
 10
76085.22637347558
 20
16413.72703313071
 10
76085.22637347558
 20
16413.72703313071
 10
76085.22637347558
 20
16413.72703313071
 10
76085.22637347558
 20
16413.72703313071
 10
76185.22637347558
 20
16413.72703313071
 10
76185.22637347558
 20
16463.72703313071
 10
76169.22637347558
 20
16463.72703313071
 10
76169.22637347558
 20
16448.72703313071
 10
76101.22637347558
 20
16448.72703313071
  0
LINE
  5
8F4C
330
8F30
100
AcDbEntity
  8
WID-S
100
AcDbLine
 10
76135.22637347558
 20
16448.72703313071
 30
0.0
 11
76135.22637347558
 21
16463.72703313071
 31
0.0
  0
LWPOLYLINE
  5
8F4D
330
8F30
100
AcDbEntity
  8
WID-S
100
AcDbPolyline
 90
4
 70
1
 10
76133.22637347605
 20
16533.72703313024
 10
76103.22637347603
 20
16533.72703313071
 10
76103.22637347651
 20
16453.72703313117
 10
76133.22637347605
 20
16453.72703313024
1001
INERCAD20
1000
UnNamed
1070
2001
1071
2
  0
LWPOLYLINE
  5
8F4E
330
8F30
100
AcDbEntity
  8
WID-S
100
AcDbPolyline
 90
4
 70
1
 10
76130.22637347603
 20
16530.72703313024
 10
76106.22637347605
 20
16530.72703313071
 10
76106.22637347651
 20
16456.72703313117
 10
76130.22637347603
 20
16456.72703313047
1001
INERCAD20
1000
UnNamed
1070
2001
1071
2
  0
LINE
  5
8F4F
330
8F30
100
AcDbEntity
  8
ELE-2
100
AcDbLine
 10
76169.22637347512
 20
16463.72703313071
 30
0.0
 11
76169.22637347558
 21
17343.72703313071
 31
0.0
1001
INERCAD20
1000
UnNamed
1070
2001
1071
4
  0
LINE
  5
8F50
330
8F30
100
AcDbEntity
  8
ELE-2
100
AcDbLine
 10
76101.22637347558
 20
16463.72703313024
 30
0.0
 11
76101.22637347605
 21
17343.72703313071
 31
0.0
1001
INERCAD20
1000
UnNamed
1070
2001
1071
4
  0
LINE
  5
8F51
330
8F30
100
AcDbEntity
  8
ELE-2
100
AcDbLine
 10
76135.22637347605
 20
17343.72703313071
 30
0.0
 11
76135.22637347605
 21
16463.72703313024
 31
0.0
1001
INERCAD20
1000
UnNamed
1070
2001
1071
4
  0
LINE
  5
8F52
330
8F30
100
AcDbEntity
  8
ELE-2
100
AcDbLine
 10
76185.22637347558
 20
16463.72703313071
 30
0.0
 11
76185.22637347605
 21
17343.72703313071
 31
0.0
1001
INERCAD20
1000
UnNamed
1070
2001
1071
4
  0
LINE
  5
8F53
330
8F30
100
AcDbEntity
  8
WID
100
AcDbLine
 10
76115.72637347651
 20
16863.72703313094
 30
0.0
 11
76115.72637347605
 21
16533.72703313117
 31
0.0
1001
INERCAD20
1000
UnNamed
1070
2001
1071
1
  0
LWPOLYLINE
  5
8F54
330
8F30
100
AcDbEntity
  8
WID-S
100
AcDbPolyline
 90
16
 70
1
 10
76101.22637347558
 20
17343.72703313094
 10
76085.22637347558
 20
17343.72703313094
 10
76085.22637347558
 20
17343.72703313094
 10
76085.22637347558
 20
17343.72703313094
 10
76085.22637347558
 20
17343.72703313094
 10
76085.22637347558
 20
17343.72703313094
 10
76085.22637347558
 20
17393.72703313094
 10
76085.22637347558
 20
17393.72703313094
 10
76085.22637347558
 20
17393.72703313094
 10
76085.22637347558
 20
17393.72703313094
 10
76085.22637347558
 20
17393.72703313094
 10
76185.22637347558
 20
17393.72703313094
 10
76185.22637347558
 20
17343.72703313094
 10
76169.22637347558
 20
17343.72703313094
 10
76169.22637347558
 20
17358.72703313094
 10
76101.22637347558
 20
17358.72703313094
  0
LINE
  5
8F55
330
8F30
100
AcDbEntity
  8
ELE-2
100
AcDbLine
 10
76085.22637347558
 20
16463.72703313071
 30
0.0
 11
76085.22637347605
 21
17343.72703313071
 31
0.0
1001
INERCAD20
1000
UnNamed
1070
2001
1071
4
  0
LWPOLYLINE
  5
8F56
330
8F30
100
AcDbEntity
  8
WID-S
100
AcDbPolyline
 90
16
 70
1
 10
76098.22637347558
 20
17346.72703313094
 10
76088.22637347558
 20
17346.72703313094
 10
76088.22637347558
 20
17346.72703313094
 10
76088.22637347558
 20
17346.72703313094
 10
76088.22637347558
 20
17346.72703313094
 10
76088.22637347558
 20
17346.72703313094
 10
76088.22637347558
 20
17390.72703313094
 10
76088.22637347558
 20
17390.72703313094
 10
76088.22637347558
 20
17390.72703313094
 10
76088.22637347558
 20
17390.72703313094
 10
76088.22637347558
 20
17390.72703313094
 10
76182.22637347558
 20
17390.72703313094
 10
76182.22637347558
 20
17346.72703313094
 10
76172.22637347558
 20
17346.72703313094
 10
76172.22637347558
 20
17361.72703313094
 10
76098.22637347558
 20
17361.72703313094
  0
LINE
  5
8F57
330
8F30
100
AcDbEntity
  8
WID-S
100
AcDbLine
 10
76135.22637347558
 20
17358.72703313094
 30
0.0
 11
76135.22637347558
 21
17343.72703313094
 31
0.0
  0
LWPOLYLINE
  5
8F58
330
8F30
100
AcDbEntity
  8
WID-S
100
AcDbPolyline
 90
4
 70
1
 10
76133.22637347605
 20
16863.72703313141
 10
76103.22637347603
 20
16863.72703313094
 10
76103.22637347651
 20
16943.72703313047
 10
76133.22637347605
 20
16943.72703313141
1001
INERCAD20
1000
UnNamed
1070
2001
1071
2
  0
LWPOLYLINE
  5
8F59
330
8F30
100
AcDbEntity
  8
WID-S
100
AcDbPolyline
 90
4
 70
1
 10
76130.22637347603
 20
16866.7270331314
 10
76106.22637347605
 20
16866.72703313117
 10
76106.22637347651
 20
16940.72703313071
 10
76130.22637347603
 20
16940.7270331314
1001
INERCAD20
1000
UnNamed
1070
2001
1071
2
  0
LWPOLYLINE
  5
8F5A
330
8F30
100
AcDbEntity
  8
WID-S
100
AcDbPolyline
 90
4
 70
1
 10
76167.22637347651
 20
16863.72703313164
 10
76137.22637347651
 20
16863.72703313117
 10
76137.22637347698
 20
16943.72703313071
 10
76167.22637347651
 20
16943.72703313164
1001
INERCAD20
1000
UnNamed
1070
2001
1071
2
  0
LWPOLYLINE
  5
8F5B
330
8F30
100
AcDbEntity
  8
WID-S
100
AcDbPolyline
 90
4
 70
1
 10
76164.22637347651
 20
16866.72703313164
 10
76140.22637347651
 20
16866.7270331314
 10
76140.22637347698
 20
16940.72703313094
 10
76164.22637347651
 20
16940.72703313164
1001
INERCAD20
1000
UnNamed
1070
2001
1071
2
  0
LWPOLYLINE
  5
8F5C
330
8F30
100
AcDbEntity
  8
WID-S
100
AcDbPolyline
 90
4
 70
1
 10
76167.22637347558
 20
17273.72703313117
 10
76137.22637347558
 20
17273.7270331307
 10
76137.22637347605
 20
17353.72703313024
 10
76167.22637347558
 20
17353.72703313117
1001
INERCAD20
1000
UnNamed
1070
2001
1071
2
  0
LWPOLYLINE
  5
8F5D
330
8F30
100
AcDbEntity
  8
WID-S
100
AcDbPolyline
 90
4
 70
1
 10
76164.22637347558
 20
17276.72703313117
 10
76140.22637347558
 20
17276.72703313071
 10
76140.22637347605
 20
17350.72703313047
 10
76164.22637347558
 20
17350.72703313117
1001
INERCAD20
1000
UnNamed
1070
2001
1071
2
  0
LINE
  5
8F5E
330
8F30
100
AcDbEntity
  8
WID
100
AcDbLine
 10
76149.72637347651
 20
16943.72703313047
 30
0.0
 11
76149.72637347558
 21
17273.72703313024
 31
0.0
1001
INERCAD20
1000
UnNamed
1070
2001
1071
1
  0
LINE
  5
8F5F
330
8F30
100
AcDbEntity
  8
WID
100
AcDbLine
 10
76220.72637347651
 20
16863.72703313094
 30
0.0
 11
76220.72637347605
 21
16533.72703313117
 31
0.0
1001
INERCAD20
1000
UnNamed
1070
2001
1071
1
  0
LINE
  5
8F60
330
8F30
100
AcDbEntity
  8
WID
100
AcDbLine
 10
76254.72637347651
 20
16943.72703313047
 30
0.0
 11
76254.72637347558
 21
17273.72703313024
 31
0.0
1001
INERCAD20
1000
UnNamed
1070
2001
1071
1
  0
LINE
  5
8F61
330
8F30
100
AcDbEntity
  8
WID
100
AcDbLine
 10
76120.72637347651
 20
16863.72703313094
 30
0.0
 11
76120.72637347605
 21
16533.72703313117
 31
0.0
1001
INERCAD20
1000
UnNamed
1070
2001
1071
1
  0
LINE
  5
8F62
330
8F30
100
AcDbEntity
  8
WID
100
AcDbLine
 10
76154.72637347651
 20
16943.72703313047
 30
0.0
 11
76154.72637347558
 21
17273.72703313024
 31
0.0
1001
INERCAD20
1000
UnNamed
1070
2001
1071
1
  0
LINE
  5
8F63
330
8F30
100
AcDbEntity
  8
마감선
100
AcDbLine
 10
76285.2263733913
 20
16403.72703312989
 30
0.0
 11
76285.22637347745
 21
16403.72703312969
 31
0.0
  0
ENDBLK
  5
8F64
330
8F30
100
AcDbEntity
  8
0
100
AcDbBlockEnd
  0
BLOCK
  5
8F66
330
8F65
100
AcDbEntity
  8
0
100
AcDbBlockBegin
  2
wertert
 70
0
 10
0.0
 20
0.0
 30
0.0
  3
wertert
  1

  0
LINE
  5
8F67
330
8F65
100
AcDbEntity
  8
단열재
100
AcDbLine
 10
118185.2263482602
 20
16003.72703330145
 30
0.0
 11
118785.2263482595
 21
16003.72703330186
 31
0.0
  0
LINE
  5
8F68
330
8F65
100
AcDbEntity
  8
단열재
100
AcDbLine
 10
118785.2263482595
 20
16003.72703330186
 30
0.0
 11
118785.2263482517
 21
14053.72703312973
 31
0.0
  0
LINE
  5
8F69
330
8F65
100
AcDbEntity
  8
단열재
100
AcDbLine
 10
118560.2263483388
 20
21403.72703338453
 30
0.0
 11
118185.2263483369
 21
21403.7270333877
 31
0.0
  0
LINE
  5
8F6A
330
8F65
100
AcDbEntity
  8
단열재
100
AcDbLine
 10
118185.2263483369
 20
21403.7270333877
 30
0.0
 11
118185.2263482699
 21
17503.72703313132
 31
0.0
  0
LINE
  5
8F6B
330
8F65
100
AcDbEntity
  8
단열재
100
AcDbLine
 10
118785.2263482326
 20
9803.727033300966
 30
0.0
 11
123935.2263482887
 21
9803.727033300962
 31
0.0
  0
LINE
  5
8F6C
330
8F65
100
AcDbEntity
  8
단열재
100
AcDbLine
 10
130397.3583826945
 20
21403.7270333006
 30
0.0
 11
128485.2263483388
 21
21403.7270333143
 31
0.0
  0
LINE
  5
8F6D
330
8F65
100
AcDbEntity
  8
단열재
100
AcDbLine
 10
130397.3583826945
 20
21403.7270333006
 30
0.0
 11
130709.9215156213
 21
21091.16390037544
 31
0.0
  0
LINE
  5
8F6E
330
8F65
100
AcDbEntity
  8
단열재
100
AcDbLine
 10
125035.2263482888
 20
9803.727033300962
 30
0.0
 11
125485.2263483411
 21
9803.727033300933
 31
0.0
  0
LINE
  5
8F6F
330
8F65
100
AcDbEntity
  8
단열재
100
AcDbLine
 10
128485.2263483388
 20
9803.727033300962
 30
0.0
 11
133285.2263483401
 21
9803.727033300962
 31
0.0
  0
LINE
  5
8F70
330
8F65
100
AcDbEntity
  8
단열재
100
AcDbLine
 10
133285.2263483222
 20
13203.72703329842
 30
0.0
 11
133285.2263483187
 21
13853.72703330016
 31
0.0
  0
LINE
  5
8F71
330
8F65
100
AcDbEntity
  8
단열재
100
AcDbLine
 10
125485.2263483395
 20
21403.72703333575
 30
0.0
 11
125035.2263483471
 21
21403.72703333898
 31
0.0
  0
LINE
  5
8F72
330
8F65
100
AcDbEntity
  8
단열재
100
AcDbLine
 10
123935.226348347
 20
21403.72703334471
 30
0.0
 11
123135.2263483417
 21
21403.72703335257
 31
0.0
  0
LINE
  5
8F73
330
8F65
100
AcDbEntity
  8
단열재
100
AcDbLine
 10
118185.2263482615
 20
16303.7270331314
 30
0.0
 11
118185.2263482602
 21
16003.72703330145
 31
0.0
  0
LINE
  5
8F74
330
8F65
100
AcDbEntity
  8
단열재
100
AcDbLine
 10
118785.2263482326
 20
9803.727033300966
 30
0.0
 11
118785.226348234
 21
10153.72703330275
 31
0.0
  0
LINE
  5
8F75
330
8F65
100
AcDbEntity
  8
단열재
100
AcDbLine
 10
118785.2263482437
 20
12253.72703330306
 30
0.0
 11
118785.2263482453
 21
12853.7270330874
 31
0.0
  0
LINE
  5
8F76
330
8F65
100
AcDbEntity
  8
단열재
100
AcDbLine
 10
120935.2263483418
 20
21403.72703336832
 30
0.0
 11
120160.2263483385
 21
21403.72703337401
 31
0.0
  0
LINE
  5
8F77
330
8F65
100
AcDbEntity
  8
단열재
100
AcDbLine
 10
133285.2263483069
 20
16053.72703330016
 30
0.0
 11
133285.2263482935
 21
18515.8590677162
 31
0.0
  0
LINE
  5
8F78
330
8F65
100
AcDbEntity
  8
단열재
100
AcDbLine
 10
133285.2263482935
 20
18515.8590677162
 30
0.0
 11
132972.6632154229
 21
18828.4222005851
 31
0.0
  0
ENDBLK
  5
8F79
330
8F65
100
AcDbEntity
  8
0
100
AcDbBlockEnd
  0
BLOCK
  5
A007
330
A005
100
AcDbEntity
  8
0
100
AcDbBlockBegin
  2
단면표시
 70
0
 10
0.0
 20
0.0
 30
0.0
  3
단면표시
  1

  0
LWPOLYLINE
  5
A008
330
A005
100
AcDbEntity
  8
2SEC
 62
2
100
AcDbPolyline
 90
5
 70
0
 10
54172.24685638638
 20
16193.59857258589
 10
54061.78990642022
 20
16193.59857258589
 10
54438.91352305305
 20
16570.72218921871
 10
54816.03713968588
 20
16193.59857258589
 10
54705.58018971972
 20
16193.59857258589
1001
AcDbBlockRepETag
1070
1
1071
0
1005
A008
  0
CIRCLE
  5
A009
330
A005
100
AcDbEntity
  8
2SEC
 62
2
100
AcDbCircle
 10
54438.91352305305
 20
16193.59857258589
 30
0.0
 40
266.6666666666666
1001
AcDbBlockRepETag
1070
1
1071
1
1005
A009
  0
SOLID
  5
A00A
330
A005
100
AcDbEntity
  8
2SEC
 62
2
100
AcDbTrace
 10
54172.24685638638
 20
16193.59857258589
 30
0.0
 11
54061.78990642022
 21
16193.59857258589
 31
0.0
 12
54192.54564771671
 22
16295.64748788324
 32
0.0
 13
54250.35171473663
 23
16382.1603809023
 33
0.0
1001
AcDbBlockRepETag
1070
1
1071
2
1005
A00A
  0
SOLID
  5
A00B
330
A005
100
AcDbEntity
  8
2SEC
 62
2
100
AcDbTrace
 10
54438.91352305305
 20
16460.26523925255
 30
0.0
 11
54438.91352305305
 21
16570.72218921871
 31
0.0
 12
54336.86460775569
 22
16439.96644792223
 32
0.0
 13
54250.35171473663
 23
16382.1603809023
 33
0.0
1001
AcDbBlockRepETag
1070
1
1071
3
1005
A00B
  0
SOLID
  5
A00C
330
A005
100
AcDbEntity
  8
2SEC
 62
2
100
AcDbTrace
 10
54438.91352305305
 20
16460.26523925255
 30
0.0
 11
54438.91352305305
 21
16570.72218921871
 31
0.0
 12
54540.96243835041
 22
16439.96644792223
 32
0.0
 13
54627.47533136947
 23
16382.1603809023
 33
0.0
1001
AcDbBlockRepETag
1070
1
1071
4
1005
A00C
  0
SOLID
  5
A00D
330
A005
100
AcDbEntity
  8
2SEC
 62
2
100
AcDbTrace
 10
54705.58018971972
 20
16193.59857258589
 30
0.0
 11
54816.03713968588
 21
16193.59857258589
 31
0.0
 12
54685.28139838938
 22
16295.64748788324
 32
0.0
 13
54627.47533136947
 23
16382.1603809023
 33
0.0
1001
AcDbBlockRepETag
1070
1
1071
5
1005
A00D
  0
ENDBLK
  5
A00E
330
A005
100
AcDbEntity
  8
0
100
AcDbBlockEnd
  0
BLOCK
  5
A010
330
A00F
100
AcDbEntity
  8
0
100
AcDbBlockBegin
  2
eksdua
 70
0
 10
0.0
 20
0.0
 30
0.0
  3
eksdua
  1

  4
k
  0
HATCH
  5
A011
330
A00F
100
AcDbEntity
  8
2SEC
100
AcDbHatch
 10
0.0
 20
0.0
 30
0.0
210
0.0
220
0.0
230
1.0
  2
SOLID
 70
1
 71
0
 91
1
 92
7
 72
0
 73
1
 93
3
 10
15176.05489110733
 20
7.827839e-08
 10
15176.05489110733
 20
-479.4469107953591
 10
14941.33757210327
 20
7.7070581e-08
 97
0
 75
0
 76
1
 47
4.680184668305948
 98
1
 10
15129.61529983747
 20
-41.33473087656239
450
0
451
0
460
0.0
461
0.0
452
0
462
0.0
453
0
470

1001
ACAD
1010
57340.40574395365
1020
17804.63049611216
1030
0.0
  0
LWPOLYLINE
  5
A012
330
A00F
100
AcDbEntity
  8
2SEC
100
AcDbPolyline
 90
3
 70
0
 10
15176.05489110733
 20
7.827839e-08
 10
15176.05489110733
 20
-479.4469107953591
 10
14941.33757210327
 20
7.70851329e-08
  0
LWPOLYLINE
  5
A013
330
A00F
100
AcDbEntity
  8
2SEC
100
AcDbPolyline
 90
2
 70
0
 10
8500.000000036955
 20
7164.794093894994
 10
8499.999999937594
 20
-12097.86325486663
  0
HATCH
  5
A014
330
A00F
100
AcDbEntity
  8
2SEC
100
AcDbHatch
 10
0.0
 20
0.0
 30
0.0
210
0.0
220
0.0
230
1.0
  2
SOLID
 70
1
 71
0
 91
1
 92
7
 72
0
 73
1
 93
3
 10
3.69618647e-08
 20
7164.794093894994
 10
-479.4469108366902
 20
7164.794093894994
 10
3.57467798e-08
 20
6930.076774890935
 97
0
 75
0
 76
1
 47
4.680184668305948
 98
1
 10
-41.33473091788618
 20
7118.35450262512
450
0
451
0
460
0.0
461
0.0
452
0
462
0.0
453
0
470

1001
ACAD
1010
57340.40574395365
1020
17804.63049611216
1030
0.0
  0
LWPOLYLINE
  5
A015
330
A00F
100
AcDbEntity
  8
2SEC
100
AcDbPolyline
 90
4
 70
0
 10
-6.24058885e-08
 20
-12097.86325486663
 10
3.69545887e-08
 20
7164.794093894994
 10
-479.4469108366829
 20
7164.794093894994
 10
3.57613317e-08
 20
6930.076774890931
  0
LINE
  5
A016
330
A00F
100
AcDbEntity
  8
2SEC
100
AcDbLine
 10
15176.05489110733
 20
7.827839e-08
 30
0.0
 11
-4586.602457613888
 21
-2.36577762e-08
 31
0.0
  0
TEXT
  5
A017
330
A00F
100
AcDbEntity
  8
RXANNOT
 62
3
100
AcDbText
 10
-204.2553192141869
 20
-12518.66112720645
 30
0.0
 40
200.0
  1
단1
  7
굴림체
 72
4
 11
-6.52507879e-08
 21
-12417.86325486603
 31
0.0
100
AcDbText
  0
INSERT
  5
A018
330
A00F
100
AcDbEntity
  8
2SEC
100
AcDbBlockReference
  2
단면표시
 10
19432.3182870378
 20
-77744.55948252967
 30
0.0
 41
1.200000000000727
 42
1.200000000000727
 43
1.200000000000727
 50
90.0
  0
TEXT
  5
A019
330
A00F
100
AcDbEntity
  8
RXANNOT
 62
3
100
AcDbText
 10
8295.744680785805
 20
-12518.66112720645
 30
0.0
 40
200.0
  1
단2
  7
굴림체
 72
4
 11
8499.99999993474
 21
-12417.86325486603
 31
0.0
100
AcDbText
  0
INSERT
  5
A01A
330
A00F
100
AcDbEntity
  8
2SEC
100
AcDbBlockReference
  2
단면표시
 10
27932.3182870378
 20
-77744.55948252967
 30
0.0
 41
1.200000000000727
 42
1.200000000000727
 43
1.200000000000727
 50
90.0
  0
TEXT
  5
A01B
330
A00F
100
AcDbEntity
  8
RXANNOT
 62
3
100
AcDbText
 10
-5110.857776802624
 20
-100.7978723643743
 30
0.0
 40
200.0
  1
단3
  7
굴림체
 72
4
 11
-4906.602457653687
 21
-2.39488145e-08
 31
0.0
100
AcDbText
  0
INSERT
  5
A01C
330
A00F
100
AcDbEntity
  8
2SEC
100
AcDbBlockReference
  2
단면표시
 10
-70233.29868531736
 20
19432.31828707913
 30
0.0
 41
-1.200000000004365
 42
1.200000000000727
 43
1.199999999999999
 50
180.0
  0
HATCH
  5
A01D
330
A00F
100
AcDbEntity
  8
2SEC
100
AcDbHatch
 10
0.0
 20
0.0
 30
0.0
210
0.0
220
0.0
230
1.0
  2
SOLID
 70
1
 71
0
 91
1
 92
7
 72
0
 73
1
 93
3
 10
8500.000000036955
 20
7164.794093851149
 10
8020.553089163318
 20
7164.794093851149
 10
8500.000000035747
 20
6930.076774847091
 97
0
 75
0
 76
1
 47
4.680184668305948
 98
1
 10
8458.665269082114
 20
7118.354502581275
450
0
451
0
460
0.0
461
0.0
452
0
462
0.0
453
0
470

1001
ACAD
1010
57340.40574395365
1020
17804.63049611216
1030
0.0
  0
LWPOLYLINE
  5
A01E
330
A00F
100
AcDbEntity
  8
2SEC
100
AcDbPolyline
 90
3
 70
0
 10
8500.000000036955
 20
7164.794093851149
 10
8020.553089163318
 20
7164.794093851149
 10
8500.000000035761
 20
6930.076774847086
  0
ENDBLK
  5
A01F
330
A00F
100
AcDbEntity
  8
0
100
AcDbBlockEnd
  0
BLOCK
  5
A7A7
330
A79D
100
AcDbEntity
  8
0
100
AcDbBlockBegin
  2
*D27
 70
1
 10
0.0
 20
0.0
 30
0.0
  3
*D27
  1

  0
LINE
  5
AC47
330
A79D
100
AcDbEntity
  8
RXDIM
 62
6
370
-2
440
16777216
100
AcDbLine
 10
8035.229018297687
 20
9953.727497590364
 30
0.0
 11
5935.229018301876
 21
9953.727497590364
 31
0.0
  0
LINE
  5
AC48
330
A79D
100
AcDbEntity
  8
RXDIM
 62
6
370
-2
440
16777216
100
AcDbLine
 10
8035.22901829792
 20
12753.72749750328
 30
0.0
 11
5935.229018301878
 21
12753.72749750328
 31
0.0
  0
LINE
  5
AC49
330
A79D
100
AcDbEntity
  8
RXDIM
 62
6
370
-2
440
16777216
100
AcDbLine
 10
6085.229018301877
 20
10053.72749759036
 30
0.0
 11
6085.229018301878
 21
12653.72749750328
 31
0.0
  0
INSERT
  5
AC4A
330
A79D
100
AcDbEntity
  8
RXDIM
 62
6
370
-2
440
16777216
100
AcDbBlockReference
  2
_RXDOT
 10
6085.229018301877
 20
9953.727497590364
 30
0.0
 41
100.0
 42
100.0
 43
100.0
 50
270.0
  0
INSERT
  5
AC4B
330
A79D
100
AcDbEntity
  8
RXDIM
 62
6
370
-2
440
16777216
100
AcDbBlockReference
  2
_RXDOT
 10
6085.229018301878
 20
12753.72749750328
 30
0.0
 41
100.0
 42
100.0
 43
100.0
 50
90.0
  0
MTEXT
  5
AC4C
330
A79D
100
AcDbEntity
  8
RXDIM
 62
3
440
16777216
100
AcDbMText
 10
5882.968380004004
 20
11353.72749754682
 30
0.0
 40
200.0
 41
0.0
 46
0.0
 71
5
  1
\A1;2800
  7
굴림체
 11
1e-16
 21
1.0
 31
0.0
  0
POINT
  5
AC4D
330
A79D
100
AcDbEntity
  8
DEFPOINTS
 62
0
440
16777216
100
AcDbPoint
 10
8185.229018297688
 20
9953.727497590364
 30
0.0
  0
POINT
  5
AC4E
330
A79D
100
AcDbEntity
  8
DEFPOINTS
 62
0
440
16777216
100
AcDbPoint
 10
8185.229018297921
 20
12753.72749750328
 30
0.0
  0
POINT
  5
AC4F
330
A79D
100
AcDbEntity
  8
DEFPOINTS
 62
0
440
16777216
100
AcDbPoint
 10
6085.229018301878
 20
12753.72749750328
 30
0.0
  0
ENDBLK
  5
A7A8
330
A79D
100
AcDbEntity
  8
0
100
AcDbBlockEnd
  0
BLOCK
  5
A7B3
330
A7A9
100
AcDbEntity
  8
0
100
AcDbBlockBegin
  2
*D28
 70
1
 10
0.0
 20
0.0
 30
0.0
  3
*D28
  1

  0
LINE
  5
AC50
330
A7A9
100
AcDbEntity
  8
RXDIM
 62
6
370
-2
440
16777216
100
AcDbLine
 10
8035.229018301645
 20
12753.72749759036
 30
0.0
 11
5935.229018301876
 21
12753.72749759036
 31
0.0
  0
LINE
  5
AC51
330
A7A9
100
AcDbEntity
  8
RXDIM
 62
6
370
-2
440
16777216
100
AcDbLine
 10
8035.229018301645
 20
17653.72749767791
 30
0.0
 11
5935.229018301878
 21
17653.72749767791
 31
0.0
  0
LINE
  5
AC52
330
A7A9
100
AcDbEntity
  8
RXDIM
 62
6
370
-2
440
16777216
100
AcDbLine
 10
6085.229018301877
 20
12853.72749759036
 30
0.0
 11
6085.229018301878
 21
17553.72749767791
 31
0.0
  0
INSERT
  5
AC53
330
A7A9
100
AcDbEntity
  8
RXDIM
 62
6
370
-2
440
16777216
100
AcDbBlockReference
  2
_RXDOT
 10
6085.229018301877
 20
12753.72749759036
 30
0.0
 41
100.0
 42
100.0
 43
100.0
 50
270.0
  0
INSERT
  5
AC54
330
A7A9
100
AcDbEntity
  8
RXDIM
 62
6
370
-2
440
16777216
100
AcDbBlockReference
  2
_RXDOT
 10
6085.229018301878
 20
17653.72749767791
 30
0.0
 41
100.0
 42
100.0
 43
100.0
 50
90.0
  0
MTEXT
  5
AC55
330
A7A9
100
AcDbEntity
  8
RXDIM
 62
3
440
16777216
100
AcDbMText
 10
5882.702422557194
 20
15203.72749763414
 30
0.0
 40
200.0
 41
0.0
 46
0.0
 71
5
  1
\A1;4900
  7
굴림체
 11
1e-16
 21
1.0
 31
0.0
  0
POINT
  5
AC56
330
A7A9
100
AcDbEntity
  8
DEFPOINTS
 62
0
440
16777216
100
AcDbPoint
 10
8185.229018301646
 20
12753.72749759036
 30
0.0
  0
POINT
  5
AC57
330
A7A9
100
AcDbEntity
  8
DEFPOINTS
 62
0
440
16777216
100
AcDbPoint
 10
8185.229018301646
 20
17653.72749767791
 30
0.0
  0
POINT
  5
AC58
330
A7A9
100
AcDbEntity
  8
DEFPOINTS
 62
0
440
16777216
100
AcDbPoint
 10
6085.229018301878
 20
17653.72749767791
 30
0.0
  0
ENDBLK
  5
A7B4
330
A7A9
100
AcDbEntity
  8
0
100
AcDbBlockEnd
  0
BLOCK
  5
A7BF
330
A7B5
100
AcDbEntity
  8
0
100
AcDbBlockBegin
  2
*D29
 70
1
 10
0.0
 20
0.0
 30
0.0
  3
*D29
  1

  0
LINE
  5
AC59
330
A7B5
100
AcDbEntity
  8
RXDIM
 62
6
370
-2
440
16777216
100
AcDbLine
 10
8035.229018301645
 20
17653.72749767791
 30
0.0
 11
6535.229018301876
 21
17653.72749767791
 31
0.0
  0
LINE
  5
AC5A
330
A7B5
100
AcDbEntity
  8
RXDIM
 62
6
370
-2
440
16777216
100
AcDbLine
 10
8035.229018301413
 20
19453.72749767884
 30
0.0
 11
6535.229018301878
 21
19453.72749767884
 31
0.0
  0
LINE
  5
AC5B
330
A7B5
100
AcDbEntity
  8
RXDIM
 62
6
370
-2
440
16777216
100
AcDbLine
 10
6685.229018301876
 20
17753.72749767791
 30
0.0
 11
6685.229018301878
 21
19353.72749767885
 31
0.0
  0
INSERT
  5
AC5C
330
A7B5
100
AcDbEntity
  8
RXDIM
 62
6
370
-2
440
16777216
100
AcDbBlockReference
  2
_RXDOT
 10
6685.229018301876
 20
17653.72749767791
 30
0.0
 41
100.0
 42
100.0
 43
100.0
 50
270.0
  0
INSERT
  5
AC5D
330
A7B5
100
AcDbEntity
  8
RXDIM
 62
6
370
-2
440
16777216
100
AcDbBlockReference
  2
_RXDOT
 10
6685.229018301878
 20
19453.72749767884
 30
0.0
 41
100.0
 42
100.0
 43
100.0
 50
90.0
  0
MTEXT
  5
AC5E
330
A7B5
100
AcDbEntity
  8
RXDIM
 62
3
440
16777216
100
AcDbMText
 10
6482.569443833789
 20
18553.72749767838
 30
0.0
 40
200.0
 41
0.0
 46
0.0
 71
5
  1
\A1;1800
  7
굴림체
 11
1e-16
 21
1.0
 31
0.0
  0
POINT
  5
AC5F
330
A7B5
100
AcDbEntity
  8
DEFPOINTS
 62
0
440
16777216
100
AcDbPoint
 10
8185.229018301646
 20
17653.72749767791
 30
0.0
  0
POINT
  5
AC60
330
A7B5
100
AcDbEntity
  8
DEFPOINTS
 62
0
440
16777216
100
AcDbPoint
 10
8185.229018301411
 20
19453.72749767884
 30
0.0
  0
POINT
  5
AC61
330
A7B5
100
AcDbEntity
  8
DEFPOINTS
 62
0
440
16777216
100
AcDbPoint
 10
6685.229018301878
 20
19453.72749767884
 30
0.0
  0
ENDBLK
  5
A7C0
330
A7B5
100
AcDbEntity
  8
0
100
AcDbBlockEnd
  0
BLOCK
  5
A7CB
330
A7C1
100
AcDbEntity
  8
0
100
AcDbBlockBegin
  2
*D30
 70
1
 10
0.0
 20
0.0
 30
0.0
  3
*D30
  1

  0
LINE
  5
AC62
330
A7C1
100
AcDbEntity
  8
RXDIM
 62
6
370
-2
440
16777216
100
AcDbLine
 10
8035.229018301413
 20
19453.72749767884
 30
0.0
 11
6535.229018301878
 21
19453.72749767884
 31
0.0
  0
LINE
  5
AC63
330
A7C1
100
AcDbEntity
  8
RXDIM
 62
6
370
-2
440
16777216
100
AcDbLine
 10
8035.229018292332
 20
21253.72749759037
 30
0.0
 11
6535.229018301878
 21
21253.72749759037
 31
0.0
  0
LINE
  5
AC64
330
A7C1
100
AcDbEntity
  8
RXDIM
 62
6
370
-2
440
16777216
100
AcDbLine
 10
6685.229018301878
 20
19553.72749767884
 30
0.0
 11
6685.229018301878
 21
21153.72749759037
 31
0.0
  0
INSERT
  5
AC65
330
A7C1
100
AcDbEntity
  8
RXDIM
 62
6
370
-2
440
16777216
100
AcDbBlockReference
  2
_RXDOT
 10
6685.229018301878
 20
19453.72749767884
 30
0.0
 41
100.0
 42
100.0
 43
100.0
 50
270.0
  0
INSERT
  5
AC66
330
A7C1
100
AcDbEntity
  8
RXDIM
 62
6
370
-2
440
16777216
100
AcDbBlockReference
  2
_RXDOT
 10
6685.229018301878
 20
21253.72749759037
 30
0.0
 41
100.0
 42
100.0
 43
100.0
 50
90.0
  0
MTEXT
  5
AC67
330
A7C1
100
AcDbEntity
  8
RXDIM
 62
3
440
16777216
100
AcDbMText
 10
6482.569443833789
 20
20353.72749763461
 30
0.0
 40
200.0
 41
0.0
 46
0.0
 71
5
  1
\A1;1800
  7
굴림체
 11
1e-16
 21
1.0
 31
0.0
  0
POINT
  5
AC68
330
A7C1
100
AcDbEntity
  8
DEFPOINTS
 62
0
440
16777216
100
AcDbPoint
 10
8185.229018301411
 20
19453.72749767884
 30
0.0
  0
POINT
  5
AC69
330
A7C1
100
AcDbEntity
  8
DEFPOINTS
 62
0
440
16777216
100
AcDbPoint
 10
8185.22901829233
 20
21253.72749759037
 30
0.0
  0
POINT
  5
AC6A
330
A7C1
100
AcDbEntity
  8
DEFPOINTS
 62
0
440
16777216
100
AcDbPoint
 10
6685.229018301878
 20
21253.72749759037
 30
0.0
  0
ENDBLK
  5
A7CC
330
A7C1
100
AcDbEntity
  8
0
100
AcDbBlockEnd
  0
BLOCK
  5
A7D7
330
A7CD
100
AcDbEntity
  8
0
100
AcDbBlockBegin
  2
*D31
 70
1
 10
0.0
 20
0.0
 30
0.0
  3
*D31
  1

  0
LINE
  5
AC6B
330
A7CD
100
AcDbEntity
  8
RXDIM
 62
6
370
-2
440
16777216
100
AcDbLine
 10
8035.229018292332
 20
21253.72749759037
 30
0.0
 11
5335.22901830188
 21
21253.72749759037
 31
0.0
  0
LINE
  5
AC6C
330
A7CD
100
AcDbEntity
  8
RXDIM
 62
6
370
-2
440
16777216
100
AcDbLine
 10
8035.229018301413
 20
9953.727497590364
 30
0.0
 11
5335.229018301878
 21
9953.727497590364
 31
0.0
  0
LINE
  5
AC6D
330
A7CD
100
AcDbEntity
  8
RXDIM
 62
6
370
-2
440
16777216
100
AcDbLine
 10
5485.22901830188
 20
21153.72749759037
 30
0.0
 11
5485.229018301878
 21
10053.72749759036
 31
0.0
  0
INSERT
  5
AC6E
330
A7CD
100
AcDbEntity
  8
RXDIM
 62
6
370
-2
440
16777216
100
AcDbBlockReference
  2
_RXDOT
 10
5485.22901830188
 20
21253.72749759037
 30
0.0
 41
100.0
 42
100.0
 43
100.0
 50
90.0
  0
INSERT
  5
AC6F
330
A7CD
100
AcDbEntity
  8
RXDIM
 62
6
370
-2
440
16777216
100
AcDbBlockReference
  2
_RXDOT
 10
5485.229018301878
 20
9953.727497590364
 30
0.0
 41
100.0
 42
100.0
 43
100.0
 50
270.0
  0
MTEXT
  5
AC70
330
A7CD
100
AcDbEntity
  8
RXDIM
 62
3
440
16777216
100
AcDbMText
 10
5282.569443833791
 20
15603.72749759036
 30
0.0
 40
200.0
 41
0.0
 46
0.0
 71
5
  1
\A1;11300
  7
굴림체
 11
1e-16
 21
1.0
 31
0.0
  0
POINT
  5
AC71
330
A7CD
100
AcDbEntity
  8
DEFPOINTS
 62
0
440
16777216
100
AcDbPoint
 10
8185.22901829233
 20
21253.72749759037
 30
0.0
  0
POINT
  5
AC72
330
A7CD
100
AcDbEntity
  8
DEFPOINTS
 62
0
440
16777216
100
AcDbPoint
 10
8185.229018301411
 20
9953.727497590364
 30
0.0
  0
POINT
  5
AC73
330
A7CD
100
AcDbEntity
  8
DEFPOINTS
 62
0
440
16777216
100
AcDbPoint
 10
5485.229018301878
 20
9953.727497590364
 30
0.0
  0
ENDBLK
  5
A7D8
330
A7CD
100
AcDbEntity
  8
0
100
AcDbBlockEnd
  0
BLOCK
  5
A7E3
330
A7D9
100
AcDbEntity
  8
0
100
AcDbBlockBegin
  2
*D32
 70
1
 10
0.0
 20
0.0
 30
0.0
  3
*D32
  1

  0
LINE
  5
AC74
330
A7D9
100
AcDbEntity
  8
RXDIM
 62
6
370
-2
440
16777216
100
AcDbLine
 10
12035.22591547243
 20
25268.52159152519
 30
0.0
 11
12035.22591547243
 21
27768.52159159457
 31
0.0
  0
LINE
  5
AC75
330
A7D9
100
AcDbEntity
  8
RXDIM
 62
6
370
-2
440
16777216
100
AcDbLine
 10
26835.2259154226
 20
25268.52159167839
 30
0.0
 11
26835.2259154226
 21
27768.52159159457
 31
0.0
  0
LINE
  5
AC76
330
A7D9
100
AcDbEntity
  8
RXDIM
 62
6
370
-2
440
16777216
100
AcDbLine
 10
12135.22591547243
 20
27618.52159159457
 30
0.0
 11
26735.22591542261
 21
27618.52159159457
 31
0.0
  0
INSERT
  5
AC77
330
A7D9
100
AcDbEntity
  8
RXDIM
 62
6
370
-2
440
16777216
100
AcDbBlockReference
  2
_RXDOT
 10
12035.22591547243
 20
27618.52159159457
 30
0.0
 41
100.0
 42
100.0
 43
100.0
 50
180.0
  0
INSERT
  5
AC78
330
A7D9
100
AcDbEntity
  8
RXDIM
 62
6
370
-2
440
16777216
100
AcDbBlockReference
  2
_RXDOT
 10
26835.2259154226
 20
27618.52159159457
 30
0.0
 41
100.0
 42
100.0
 43
100.0
  0
MTEXT
  5
AC79
330
A7D9
100
AcDbEntity
  8
RXDIM
 62
3
440
16777216
100
AcDbMText
 10
19435.22591544752
 20
27821.18116606266
 30
0.0
 40
200.0
 41
0.0
 46
0.0
 71
5
  1
\A1;14800
  7
굴림체
  0
POINT
  5
AC7A
330
A7D9
100
AcDbEntity
  8
DEFPOINTS
 62
0
440
16777216
100
AcDbPoint
 10
12035.22591547243
 20
25118.52159152519
 30
0.0
  0
POINT
  5
AC7B
330
A7D9
100
AcDbEntity
  8
DEFPOINTS
 62
0
440
16777216
100
AcDbPoint
 10
26835.2259154226
 20
25118.52159167839
 30
0.0
  0
POINT
  5
AC7C
330
A7D9
100
AcDbEntity
  8
DEFPOINTS
 62
0
440
16777216
100
AcDbPoint
 10
26835.2259154226
 20
27618.52159159457
 30
0.0
  0
ENDBLK
  5
A7E4
330
A7D9
100
AcDbEntity
  8
0
100
AcDbBlockEnd
  0
BLOCK
  5
A7EF
330
A7E5
100
AcDbEntity
  8
0
100
AcDbBlockBegin
  2
*D33
 70
1
 10
0.0
 20
0.0
 30
0.0
  3
*D33
  1

  0
LINE
  5
AC7D
330
A7E5
100
AcDbEntity
  8
RXDIM
 62
6
370
-2
440
16777216
100
AcDbLine
 10
14085.22591544542
 20
25268.52159150796
 30
0.0
 11
14085.22591544542
 21
27168.52159159457
 31
0.0
  0
LINE
  5
AC7E
330
A7E5
100
AcDbEntity
  8
RXDIM
 62
6
370
-2
440
16777216
100
AcDbLine
 10
17035.22591563355
 20
25268.52159151634
 30
0.0
 11
17035.22591563355
 21
27168.52159159457
 31
0.0
  0
LINE
  5
AC7F
330
A7E5
100
AcDbEntity
  8
RXDIM
 62
6
370
-2
440
16777216
100
AcDbLine
 10
14185.22591544542
 20
27018.52159159457
 30
0.0
 11
16935.22591563355
 21
27018.52159159457
 31
0.0
  0
INSERT
  5
AC80
330
A7E5
100
AcDbEntity
  8
RXDIM
 62
6
370
-2
440
16777216
100
AcDbBlockReference
  2
_RXDOT
 10
14085.22591544542
 20
27018.52159159457
 30
0.0
 41
100.0
 42
100.0
 43
100.0
 50
180.0
  0
INSERT
  5
AC81
330
A7E5
100
AcDbEntity
  8
RXDIM
 62
6
370
-2
440
16777216
100
AcDbBlockReference
  2
_RXDOT
 10
17035.22591563355
 20
27018.52159159457
 30
0.0
 41
100.0
 42
100.0
 43
100.0
  0
MTEXT
  5
AC82
330
A7E5
100
AcDbEntity
  8
RXDIM
 62
3
440
16777216
100
AcDbMText
 10
15560.22591553948
 20
27220.78222989245
 30
0.0
 40
200.0
 41
0.0
 46
0.0
 71
5
  1
\A1;2950
  7
굴림체
  0
POINT
  5
AC83
330
A7E5
100
AcDbEntity
  8
DEFPOINTS
 62
0
440
16777216
100
AcDbPoint
 10
14085.22591544542
 20
25118.52159150796
 30
0.0
  0
POINT
  5
AC84
330
A7E5
100
AcDbEntity
  8
DEFPOINTS
 62
0
440
16777216
100
AcDbPoint
 10
17035.22591563355
 20
25118.52159151634
 30
0.0
  0
POINT
  5
AC85
330
A7E5
100
AcDbEntity
  8
DEFPOINTS
 62
0
440
16777216
100
AcDbPoint
 10
17035.22591563355
 20
27018.52159159457
 30
0.0
  0
ENDBLK
  5
A7F0
330
A7E5
100
AcDbEntity
  8
0
100
AcDbBlockEnd
  0
BLOCK
  5
A7FB
330
A7F1
100
AcDbEntity
  8
0
100
AcDbBlockBegin
  2
*D34
 70
1
 10
0.0
 20
0.0
 30
0.0
  3
*D34
  1

  0
LINE
  5
AC86
330
A7F1
100
AcDbEntity
  8
RXDIM
 62
6
370
-2
440
16777216
100
AcDbLine
 10
17035.22591563355
 20
25268.52159151634
 30
0.0
 11
17035.22591563355
 21
27168.52159159457
 31
0.0
  0
LINE
  5
AC87
330
A7F1
100
AcDbEntity
  8
RXDIM
 62
6
370
-2
440
16777216
100
AcDbLine
 10
18735.22591547266
 20
25268.5215915075
 30
0.0
 11
18735.22591547266
 21
27168.52159159457
 31
0.0
  0
LINE
  5
AC88
330
A7F1
100
AcDbEntity
  8
RXDIM
 62
6
370
-2
440
16777216
100
AcDbLine
 10
17135.22591563355
 20
27018.52159159457
 30
0.0
 11
18635.22591547266
 21
27018.52159159457
 31
0.0
  0
INSERT
  5
AC89
330
A7F1
100
AcDbEntity
  8
RXDIM
 62
6
370
-2
440
16777216
100
AcDbBlockReference
  2
_RXDOT
 10
17035.22591563355
 20
27018.52159159457
 30
0.0
 41
100.0
 42
100.0
 43
100.0
 50
180.0
  0
INSERT
  5
AC8A
330
A7F1
100
AcDbEntity
  8
RXDIM
 62
6
370
-2
440
16777216
100
AcDbBlockReference
  2
_RXDOT
 10
18735.22591547266
 20
27018.52159159457
 30
0.0
 41
100.0
 42
100.0
 43
100.0
  0
MTEXT
  5
AC8B
330
A7F1
100
AcDbEntity
  8
RXDIM
 62
3
440
16777216
100
AcDbMText
 10
17885.2259155531
 20
27221.18116606266
 30
0.0
 40
200.0
 41
0.0
 46
0.0
 71
5
  1
\A1;1700
  7
굴림체
  0
POINT
  5
AC8C
330
A7F1
100
AcDbEntity
  8
DEFPOINTS
 62
0
440
16777216
100
AcDbPoint
 10
17035.22591563355
 20
25118.52159151634
 30
0.0
  0
POINT
  5
AC8D
330
A7F1
100
AcDbEntity
  8
DEFPOINTS
 62
0
440
16777216
100
AcDbPoint
 10
18735.22591547266
 20
25118.5215915075
 30
0.0
  0
POINT
  5
AC8E
330
A7F1
100
AcDbEntity
  8
DEFPOINTS
 62
0
440
16777216
100
AcDbPoint
 10
18735.22591547266
 20
27018.52159159457
 30
0.0
  0
ENDBLK
  5
A7FC
330
A7F1
100
AcDbEntity
  8
0
100
AcDbBlockEnd
  0
BLOCK
  5
A807
330
A7FD
100
AcDbEntity
  8
0
100
AcDbBlockBegin
  2
*D35
 70
1
 10
0.0
 20
0.0
 30
0.0
  3
*D35
  1

  0
LINE
  5
AC8F
330
A7FD
100
AcDbEntity
  8
RXDIM
 62
6
370
-2
440
16777216
100
AcDbLine
 10
18735.22591547266
 20
25268.5215915075
 30
0.0
 11
18735.22591547266
 21
27168.52159159457
 31
0.0
  0
LINE
  5
AC90
330
A7FD
100
AcDbEntity
  8
RXDIM
 62
6
370
-2
440
16777216
100
AcDbLine
 10
22635.22591542284
 20
25268.52159159877
 30
0.0
 11
22635.22591542284
 21
27168.52159159457
 31
0.0
  0
LINE
  5
AC91
330
A7FD
100
AcDbEntity
  8
RXDIM
 62
6
370
-2
440
16777216
100
AcDbLine
 10
18835.22591547266
 20
27018.52159159457
 30
0.0
 11
22535.22591542284
 21
27018.52159159457
 31
0.0
  0
INSERT
  5
AC92
330
A7FD
100
AcDbEntity
  8
RXDIM
 62
6
370
-2
440
16777216
100
AcDbBlockReference
  2
_RXDOT
 10
18735.22591547266
 20
27018.52159159457
 30
0.0
 41
100.0
 42
100.0
 43
100.0
 50
180.0
  0
INSERT
  5
AC93
330
A7FD
100
AcDbEntity
  8
RXDIM
 62
6
370
-2
440
16777216
100
AcDbBlockReference
  2
_RXDOT
 10
22635.22591542284
 20
27018.52159159457
 30
0.0
 41
100.0
 42
100.0
 43
100.0
  0
MTEXT
  5
AC94
330
A7FD
100
AcDbEntity
  8
RXDIM
 62
3
440
16777216
100
AcDbMText
 10
20685.22591544775
 20
27220.78222989245
 30
0.0
 40
200.0
 41
0.0
 46
0.0
 71
5
  1
\A1;3900
  7
굴림체
  0
POINT
  5
AC95
330
A7FD
100
AcDbEntity
  8
DEFPOINTS
 62
0
440
16777216
100
AcDbPoint
 10
18735.22591547266
 20
25118.5215915075
 30
0.0
  0
POINT
  5
AC96
330
A7FD
100
AcDbEntity
  8
DEFPOINTS
 62
0
440
16777216
100
AcDbPoint
 10
22635.22591542284
 20
25118.52159159877
 30
0.0
  0
POINT
  5
AC97
330
A7FD
100
AcDbEntity
  8
DEFPOINTS
 62
0
440
16777216
100
AcDbPoint
 10
22635.22591542284
 20
27018.52159159457
 30
0.0
  0
ENDBLK
  5
A808
330
A7FD
100
AcDbEntity
  8
0
100
AcDbBlockEnd
  0
BLOCK
  5
A813
330
A809
100
AcDbEntity
  8
0
100
AcDbBlockBegin
  2
*D36
 70
1
 10
0.0
 20
0.0
 30
0.0
  3
*D36
  1

  0
LINE
  5
AC98
330
A809
100
AcDbEntity
  8
RXDIM
 62
6
370
-2
440
16777216
100
AcDbLine
 10
22635.22591542284
 20
25268.52159159877
 30
0.0
 11
22635.22591542284
 21
26568.52159159457
 31
0.0
  0
LINE
  5
AC99
330
A809
100
AcDbEntity
  8
RXDIM
 62
6
370
-2
440
16777216
100
AcDbLine
 10
24035.22591542261
 20
25268.52159157595
 30
0.0
 11
24035.22591542261
 21
26568.52159159457
 31
0.0
  0
LINE
  5
AC9A
330
A809
100
AcDbEntity
  8
RXDIM
 62
6
370
-2
440
16777216
100
AcDbLine
 10
22735.22591542284
 20
26418.52159159458
 30
0.0
 11
23935.2259154226
 21
26418.52159159458
 31
0.0
  0
INSERT
  5
AC9B
330
A809
100
AcDbEntity
  8
RXDIM
 62
6
370
-2
440
16777216
100
AcDbBlockReference
  2
_RXDOT
 10
22635.22591542284
 20
26418.52159159458
 30
0.0
 41
100.0
 42
100.0
 43
100.0
 50
180.0
  0
INSERT
  5
AC9C
330
A809
100
AcDbEntity
  8
RXDIM
 62
6
370
-2
440
16777216
100
AcDbBlockReference
  2
_RXDOT
 10
24035.22591542261
 20
26418.52159159458
 30
0.0
 41
100.0
 42
100.0
 43
100.0
  0
MTEXT
  5
AC9D
330
A809
100
AcDbEntity
  8
RXDIM
 62
3
440
16777216
100
AcDbMText
 10
23335.22591542272
 20
26621.18116606266
 30
0.0
 40
200.0
 41
0.0
 46
0.0
 71
5
  1
\A1;1400
  7
굴림체
  0
POINT
  5
AC9E
330
A809
100
AcDbEntity
  8
DEFPOINTS
 62
0
440
16777216
100
AcDbPoint
 10
22635.22591542284
 20
25118.52159159877
 30
0.0
  0
POINT
  5
AC9F
330
A809
100
AcDbEntity
  8
DEFPOINTS
 62
0
440
16777216
100
AcDbPoint
 10
24035.22591542261
 20
25118.52159157595
 30
0.0
  0
POINT
  5
ACA0
330
A809
100
AcDbEntity
  8
DEFPOINTS
 62
0
440
16777216
100
AcDbPoint
 10
24035.22591542261
 20
26418.52159159458
 30
0.0
  0
ENDBLK
  5
A814
330
A809
100
AcDbEntity
  8
0
100
AcDbBlockEnd
  0
BLOCK
  5
A81F
330
A815
100
AcDbEntity
  8
0
100
AcDbBlockBegin
  2
*D37
 70
1
 10
0.0
 20
0.0
 30
0.0
  3
*D37
  1

  0
LINE
  5
ACA1
330
A815
100
AcDbEntity
  8
RXDIM
 62
6
370
-2
440
16777216
100
AcDbLine
 10
22635.22591542284
 20
25268.52159156617
 30
0.0
 11
22635.22591542284
 21
27168.52159159457
 31
0.0
  0
LINE
  5
ACA2
330
A815
100
AcDbEntity
  8
RXDIM
 62
6
370
-2
440
16777216
100
AcDbLine
 10
26835.2259154226
 20
25268.52159159085
 30
0.0
 11
26835.2259154226
 21
27168.52159159457
 31
0.0
  0
LINE
  5
ACA3
330
A815
100
AcDbEntity
  8
RXDIM
 62
6
370
-2
440
16777216
100
AcDbLine
 10
22735.22591542284
 20
27018.52159159457
 30
0.0
 11
26735.22591542261
 21
27018.52159159457
 31
0.0
  0
INSERT
  5
ACA4
330
A815
100
AcDbEntity
  8
RXDIM
 62
6
370
-2
440
16777216
100
AcDbBlockReference
  2
_RXDOT
 10
22635.22591542284
 20
27018.52159159457
 30
0.0
 41
100.0
 42
100.0
 43
100.0
 50
180.0
  0
INSERT
  5
ACA5
330
A815
100
AcDbEntity
  8
RXDIM
 62
6
370
-2
440
16777216
100
AcDbBlockReference
  2
_RXDOT
 10
26835.2259154226
 20
27018.52159159457
 30
0.0
 41
100.0
 42
100.0
 43
100.0
  0
MTEXT
  5
ACA6
330
A815
100
AcDbEntity
  8
RXDIM
 62
3
440
16777216
100
AcDbMText
 10
24735.22591542272
 20
27221.04818733925
 30
0.0
 40
200.0
 41
0.0
 46
0.0
 71
5
  1
\A1;4200
  7
굴림체
  0
POINT
  5
ACA7
330
A815
100
AcDbEntity
  8
DEFPOINTS
 62
0
440
16777216
100
AcDbPoint
 10
22635.22591542284
 20
25118.52159156617
 30
0.0
  0
POINT
  5
ACA8
330
A815
100
AcDbEntity
  8
DEFPOINTS
 62
0
440
16777216
100
AcDbPoint
 10
26835.2259154226
 20
25118.52159159085
 30
0.0
  0
POINT
  5
ACA9
330
A815
100
AcDbEntity
  8
DEFPOINTS
 62
0
440
16777216
100
AcDbPoint
 10
26835.2259154226
 20
27018.52159159457
 30
0.0
  0
ENDBLK
  5
A820
330
A815
100
AcDbEntity
  8
0
100
AcDbBlockEnd
  0
BLOCK
  5
A82B
330
A821
100
AcDbEntity
  8
0
100
AcDbBlockBegin
  2
*D38
 70
1
 10
0.0
 20
0.0
 30
0.0
  3
*D38
  1

  0
LINE
  5
ACAA
330
A821
100
AcDbEntity
  8
RXDIM
 62
6
370
-2
440
16777216
100
AcDbLine
 10
12035.22591537091
 20
5152.530909393572
 30
0.0
 11
12035.22591537091
 21
3052.530909499277
 31
0.0
  0
LINE
  5
ACAB
330
A821
100
AcDbEntity
  8
RXDIM
 62
6
370
-2
440
16777216
100
AcDbLine
 10
26835.22591553204
 20
5152.530909450383
 30
0.0
 11
26835.22591553204
 21
3052.530909499277
 31
0.0
  0
LINE
  5
ACAC
330
A821
100
AcDbEntity
  8
RXDIM
 62
6
370
-2
440
16777216
100
AcDbLine
 10
12135.22591537091
 20
3202.530909499277
 30
0.0
 11
26735.22591553203
 21
3202.530909499277
 31
0.0
  0
INSERT
  5
ACAD
330
A821
100
AcDbEntity
  8
RXDIM
 62
6
370
-2
440
16777216
100
AcDbBlockReference
  2
_RXDOT
 10
12035.22591537091
 20
3202.530909499277
 30
0.0
 41
100.0
 42
100.0
 43
100.0
 50
180.0
  0
INSERT
  5
ACAE
330
A821
100
AcDbEntity
  8
RXDIM
 62
6
370
-2
440
16777216
100
AcDbBlockReference
  2
_RXDOT
 10
26835.22591553204
 20
3202.530909499277
 30
0.0
 41
100.0
 42
100.0
 43
100.0
  0
MTEXT
  5
ACAF
330
A821
100
AcDbEntity
  8
RXDIM
 62
3
440
16777216
100
AcDbMText
 10
19435.22591545147
 20
3405.190483967363
 30
0.0
 40
200.0
 41
0.0
 46
0.0
 71
5
  1
\A1;14800
  7
굴림체
  0
POINT
  5
ACB0
330
A821
100
AcDbEntity
  8
DEFPOINTS
 62
0
440
16777216
100
AcDbPoint
 10
12035.22591537091
 20
5302.530909393572
 30
0.0
  0
POINT
  5
ACB1
330
A821
100
AcDbEntity
  8
DEFPOINTS
 62
0
440
16777216
100
AcDbPoint
 10
26835.22591553204
 20
5302.530909450382
 30
0.0
  0
POINT
  5
ACB2
330
A821
100
AcDbEntity
  8
DEFPOINTS
 62
0
440
16777216
100
AcDbPoint
 10
26835.22591553204
 20
3202.530909499277
 30
0.0
  0
ENDBLK
  5
A82C
330
A821
100
AcDbEntity
  8
0
100
AcDbBlockEnd
  0
BLOCK
  5
A837
330
A82D
100
AcDbEntity
  8
0
100
AcDbBlockBegin
  2
*D39
 70
1
 10
0.0
 20
0.0
 30
0.0
  3
*D39
  1

  0
LINE
  5
ACB3
330
A82D
100
AcDbEntity
  8
RXDIM
 62
6
370
-2
440
16777216
100
AcDbLine
 10
12035.22591537115
 20
5152.530909393572
 30
0.0
 11
12035.22591537115
 21
3652.530909499277
 31
0.0
  0
LINE
  5
ACB4
330
A82D
100
AcDbEntity
  8
RXDIM
 62
6
370
-2
440
16777216
100
AcDbLine
 10
12635.22591537068
 20
5152.530909390778
 30
0.0
 11
12635.22591537068
 21
3652.530909499277
 31
0.0
  0
LINE
  5
ACB5
330
A82D
100
AcDbEntity
  8
RXDIM
 62
6
370
-2
440
16777216
100
AcDbLine
 10
12135.22591537115
 20
3802.530909499277
 30
0.0
 11
12535.22591537068
 21
3802.530909499277
 31
0.0
  0
INSERT
  5
ACB6
330
A82D
100
AcDbEntity
  8
RXDIM
 62
6
370
-2
440
16777216
100
AcDbBlockReference
  2
_RXDOT
 10
12035.22591537115
 20
3802.530909499277
 30
0.0
 41
100.0
 42
100.0
 43
100.0
 50
180.0
  0
INSERT
  5
ACB7
330
A82D
100
AcDbEntity
  8
RXDIM
 62
6
370
-2
440
16777216
100
AcDbBlockReference
  2
_RXDOT
 10
12635.22591537068
 20
3802.530909499277
 30
0.0
 41
100.0
 42
100.0
 43
100.0
  0
MTEXT
  5
ACB8
330
A82D
100
AcDbEntity
  8
RXDIM
 62
3
440
16777216
100
AcDbMText
 10
12335.22591537091
 20
4004.791547797149
 30
0.0
 40
200.0
 41
0.0
 46
0.0
 71
5
  1
\A1;600
  7
굴림체
  0
POINT
  5
ACB9
330
A82D
100
AcDbEntity
  8
DEFPOINTS
 62
0
440
16777216
100
AcDbPoint
 10
12035.22591537115
 20
5302.530909393572
 30
0.0
  0
POINT
  5
ACBA
330
A82D
100
AcDbEntity
  8
DEFPOINTS
 62
0
440
16777216
100
AcDbPoint
 10
12635.22591537068
 20
5302.530909390778
 30
0.0
  0
POINT
  5
ACBB
330
A82D
100
AcDbEntity
  8
DEFPOINTS
 62
0
440
16777216
100
AcDbPoint
 10
12635.22591537068
 20
3802.530909499277
 30
0.0
  0
ENDBLK
  5
A838
330
A82D
100
AcDbEntity
  8
0
100
AcDbBlockEnd
  0
BLOCK
  5
A843
330
A839
100
AcDbEntity
  8
0
100
AcDbBlockBegin
  2
*D40
 70
1
 10
0.0
 20
0.0
 30
0.0
  3
*D40
  1

  0
LINE
  5
ACBC
330
A839
100
AcDbEntity
  8
RXDIM
 62
6
370
-2
440
16777216
100
AcDbLine
 10
17035.22591560561
 20
5152.530909384725
 30
0.0
 11
17035.22591560561
 21
3652.530909499277
 31
0.0
  0
LINE
  5
ACBD
330
A839
100
AcDbEntity
  8
RXDIM
 62
6
370
-2
440
16777216
100
AcDbLine
 10
18735.22591537115
 20
5152.530909375877
 30
0.0
 11
18735.22591537115
 21
3652.530909499277
 31
0.0
  0
LINE
  5
ACBE
330
A839
100
AcDbEntity
  8
RXDIM
 62
6
370
-2
440
16777216
100
AcDbLine
 10
17135.22591560561
 20
3802.530909499277
 30
0.0
 11
18635.22591537115
 21
3802.530909499277
 31
0.0
  0
INSERT
  5
ACBF
330
A839
100
AcDbEntity
  8
RXDIM
 62
6
370
-2
440
16777216
100
AcDbBlockReference
  2
_RXDOT
 10
17035.22591560561
 20
3802.530909499277
 30
0.0
 41
100.0
 42
100.0
 43
100.0
 50
180.0
  0
INSERT
  5
ACC0
330
A839
100
AcDbEntity
  8
RXDIM
 62
6
370
-2
440
16777216
100
AcDbBlockReference
  2
_RXDOT
 10
18735.22591537115
 20
3802.530909499277
 30
0.0
 41
100.0
 42
100.0
 43
100.0
  0
MTEXT
  5
ACC1
330
A839
100
AcDbEntity
  8
RXDIM
 62
3
440
16777216
100
AcDbMText
 10
17885.22591548838
 20
4005.190483967362
 30
0.0
 40
200.0
 41
0.0
 46
0.0
 71
5
  1
\A1;1700
  7
굴림체
  0
POINT
  5
ACC2
330
A839
100
AcDbEntity
  8
DEFPOINTS
 62
0
440
16777216
100
AcDbPoint
 10
17035.22591560561
 20
5302.530909384724
 30
0.0
  0
POINT
  5
ACC3
330
A839
100
AcDbEntity
  8
DEFPOINTS
 62
0
440
16777216
100
AcDbPoint
 10
18735.22591537115
 20
5302.530909375877
 30
0.0
  0
POINT
  5
ACC4
330
A839
100
AcDbEntity
  8
DEFPOINTS
 62
0
440
16777216
100
AcDbPoint
 10
18735.22591537115
 20
3802.530909499277
 30
0.0
  0
ENDBLK
  5
A844
330
A839
100
AcDbEntity
  8
0
100
AcDbBlockEnd
  0
BLOCK
  5
A84F
330
A845
100
AcDbEntity
  8
0
100
AcDbBlockBegin
  2
*D41
 70
1
 10
0.0
 20
0.0
 30
0.0
  3
*D41
  1

  0
LINE
  5
ACC5
330
A845
100
AcDbEntity
  8
RXDIM
 62
6
370
-2
440
16777216
100
AcDbLine
 10
18735.22591537115
 20
5152.530909375877
 30
0.0
 11
18735.22591537115
 21
3652.530909499277
 31
0.0
  0
LINE
  5
ACC6
330
A845
100
AcDbEntity
  8
RXDIM
 62
6
370
-2
440
16777216
100
AcDbLine
 10
22635.22591553227
 20
5152.530909425703
 30
0.0
 11
22635.22591553227
 21
3652.530909499277
 31
0.0
  0
LINE
  5
ACC7
330
A845
100
AcDbEntity
  8
RXDIM
 62
6
370
-2
440
16777216
100
AcDbLine
 10
18835.22591537115
 20
3802.530909499277
 30
0.0
 11
22535.22591553227
 21
3802.530909499277
 31
0.0
  0
INSERT
  5
ACC8
330
A845
100
AcDbEntity
  8
RXDIM
 62
6
370
-2
440
16777216
100
AcDbBlockReference
  2
_RXDOT
 10
18735.22591537115
 20
3802.530909499277
 30
0.0
 41
100.0
 42
100.0
 43
100.0
 50
180.0
  0
INSERT
  5
ACC9
330
A845
100
AcDbEntity
  8
RXDIM
 62
6
370
-2
440
16777216
100
AcDbBlockReference
  2
_RXDOT
 10
22635.22591553227
 20
3802.530909499277
 30
0.0
 41
100.0
 42
100.0
 43
100.0
  0
MTEXT
  5
ACCA
330
A845
100
AcDbEntity
  8
RXDIM
 62
3
440
16777216
100
AcDbMText
 10
20685.22591545171
 20
4004.791547797149
 30
0.0
 40
200.0
 41
0.0
 46
0.0
 71
5
  1
\A1;3900
  7
굴림체
  0
POINT
  5
ACCB
330
A845
100
AcDbEntity
  8
DEFPOINTS
 62
0
440
16777216
100
AcDbPoint
 10
18735.22591537115
 20
5302.530909375877
 30
0.0
  0
POINT
  5
ACCC
330
A845
100
AcDbEntity
  8
DEFPOINTS
 62
0
440
16777216
100
AcDbPoint
 10
22635.22591553227
 20
5302.530909425702
 30
0.0
  0
POINT
  5
ACCD
330
A845
100
AcDbEntity
  8
DEFPOINTS
 62
0
440
16777216
100
AcDbPoint
 10
22635.22591553227
 20
3802.530909499277
 30
0.0
  0
ENDBLK
  5
A850
330
A845
100
AcDbEntity
  8
0
100
AcDbBlockEnd
  0
BLOCK
  5
A85B
330
A851
100
AcDbEntity
  8
0
100
AcDbBlockBegin
  2
*D42
 70
1
 10
0.0
 20
0.0
 30
0.0
  3
*D42
  1

  0
LINE
  5
ACCE
330
A851
100
AcDbEntity
  8
RXDIM
 62
6
370
-2
440
16777216
100
AcDbLine
 10
22635.22591553227
 20
5152.530909425703
 30
0.0
 11
22635.22591553227
 21
3652.530909499277
 31
0.0
  0
LINE
  5
ACCF
330
A851
100
AcDbEntity
  8
RXDIM
 62
6
370
-2
440
16777216
100
AcDbLine
 10
26835.22591553204
 20
5152.530909450383
 30
0.0
 11
26835.22591553204
 21
3652.530909499277
 31
0.0
  0
LINE
  5
ACD0
330
A851
100
AcDbEntity
  8
RXDIM
 62
6
370
-2
440
16777216
100
AcDbLine
 10
22735.22591553227
 20
3802.530909499277
 30
0.0
 11
26735.22591553203
 21
3802.530909499277
 31
0.0
  0
INSERT
  5
ACD1
330
A851
100
AcDbEntity
  8
RXDIM
 62
6
370
-2
440
16777216
100
AcDbBlockReference
  2
_RXDOT
 10
22635.22591553227
 20
3802.530909499277
 30
0.0
 41
100.0
 42
100.0
 43
100.0
 50
180.0
  0
INSERT
  5
ACD2
330
A851
100
AcDbEntity
  8
RXDIM
 62
6
370
-2
440
16777216
100
AcDbBlockReference
  2
_RXDOT
 10
26835.22591553204
 20
3802.530909499277
 30
0.0
 41
100.0
 42
100.0
 43
100.0
  0
MTEXT
  5
ACD3
330
A851
100
AcDbEntity
  8
RXDIM
 62
3
440
16777216
100
AcDbMText
 10
24735.22591553215
 20
4005.057505243958
 30
0.0
 40
200.0
 41
0.0
 46
0.0
 71
5
  1
\A1;4200
  7
굴림체
  0
POINT
  5
ACD4
330
A851
100
AcDbEntity
  8
DEFPOINTS
 62
0
440
16777216
100
AcDbPoint
 10
22635.22591553227
 20
5302.530909425702
 30
0.0
  0
POINT
  5
ACD5
330
A851
100
AcDbEntity
  8
DEFPOINTS
 62
0
440
16777216
100
AcDbPoint
 10
26835.22591553204
 20
5302.530909450382
 30
0.0
  0
POINT
  5
ACD6
330
A851
100
AcDbEntity
  8
DEFPOINTS
 62
0
440
16777216
100
AcDbPoint
 10
26835.22591553204
 20
3802.530909499277
 30
0.0
  0
ENDBLK
  5
A85C
330
A851
100
AcDbEntity
  8
0
100
AcDbBlockEnd
  0
BLOCK
  5
A867
330
A85D
100
AcDbEntity
  8
0
100
AcDbBlockBegin
  2
*D43
 70
1
 10
0.0
 20
0.0
 30
0.0
  3
*D43
  1

  0
LINE
  5
ACD7
330
A85D
100
AcDbEntity
  8
RXDIM
 62
6
370
-2
440
16777216
100
AcDbLine
 10
31507.5788386864
 20
21253.72749759037
 30
0.0
 11
32407.57883868663
 21
21253.72749759037
 31
0.0
  0
LINE
  5
ACD8
330
A85D
100
AcDbEntity
  8
RXDIM
 62
6
370
-2
440
16777216
100
AcDbLine
 10
31507.5788386864
 20
18453.72749759037
 30
0.0
 11
32407.57883868663
 21
18453.72749759037
 31
0.0
  0
LINE
  5
ACD9
330
A85D
100
AcDbEntity
  8
RXDIM
 62
6
370
-2
440
16777216
100
AcDbLine
 10
32257.57883868663
 20
21153.72749759037
 30
0.0
 11
32257.57883868663
 21
18553.72749759037
 31
0.0
  0
INSERT
  5
ACDA
330
A85D
100
AcDbEntity
  8
RXDIM
 62
6
370
-2
440
16777216
100
AcDbBlockReference
  2
_RXDOT
 10
32257.57883868663
 20
21253.72749759037
 30
0.0
 41
100.0
 42
100.0
 43
100.0
 50
90.0
  0
INSERT
  5
ACDB
330
A85D
100
AcDbEntity
  8
RXDIM
 62
6
370
-2
440
16777216
100
AcDbBlockReference
  2
_RXDOT
 10
32257.57883868663
 20
18453.72749759037
 30
0.0
 41
100.0
 42
100.0
 43
100.0
 50
270.0
  0
MTEXT
  5
ACDC
330
A85D
100
AcDbEntity
  8
RXDIM
 62
3
440
16777216
100
AcDbMText
 10
32055.31820038876
 20
19853.72749759037
 30
0.0
 40
200.0
 41
0.0
 46
0.0
 71
5
  1
\A1;2800
  7
굴림체
 11
1e-16
 21
1.0
 31
0.0
  0
POINT
  5
ACDD
330
A85D
100
AcDbEntity
  8
DEFPOINTS
 62
0
440
16777216
100
AcDbPoint
 10
31357.5788386864
 20
21253.72749759037
 30
0.0
  0
POINT
  5
ACDE
330
A85D
100
AcDbEntity
  8
DEFPOINTS
 62
0
440
16777216
100
AcDbPoint
 10
31357.5788386864
 20
18453.72749759037
 30
0.0
  0
POINT
  5
ACDF
330
A85D
100
AcDbEntity
  8
DEFPOINTS
 62
0
440
16777216
100
AcDbPoint
 10
32257.57883868663
 20
18453.72749759037
 30
0.0
  0
ENDBLK
  5
A868
330
A85D
100
AcDbEntity
  8
0
100
AcDbBlockEnd
  0
BLOCK
  5
A873
330
A869
100
AcDbEntity
  8
0
100
AcDbBlockBegin
  2
*D44
 70
1
 10
0.0
 20
0.0
 30
0.0
  3
*D44
  1

  0
LINE
  5
ACE0
330
A869
100
AcDbEntity
  8
RXDIM
 62
6
370
-2
440
16777216
100
AcDbLine
 10
31507.5788386864
 20
18453.72749759037
 30
0.0
 11
32407.5788386864
 21
18453.72749759037
 31
0.0
  0
LINE
  5
ACE1
330
A869
100
AcDbEntity
  8
RXDIM
 62
6
370
-2
440
16777216
100
AcDbLine
 10
31507.57883868664
 20
16453.72749759037
 30
0.0
 11
32407.5788386864
 21
16453.72749759037
 31
0.0
  0
LINE
  5
ACE2
330
A869
100
AcDbEntity
  8
RXDIM
 62
6
370
-2
440
16777216
100
AcDbLine
 10
32257.5788386864
 20
18353.72749759037
 30
0.0
 11
32257.5788386864
 21
16553.72749759037
 31
0.0
  0
INSERT
  5
ACE3
330
A869
100
AcDbEntity
  8
RXDIM
 62
6
370
-2
440
16777216
100
AcDbBlockReference
  2
_RXDOT
 10
32257.5788386864
 20
18453.72749759037
 30
0.0
 41
100.0
 42
100.0
 43
100.0
 50
90.0
  0
INSERT
  5
ACE4
330
A869
100
AcDbEntity
  8
RXDIM
 62
6
370
-2
440
16777216
100
AcDbBlockReference
  2
_RXDOT
 10
32257.5788386864
 20
16453.72749759037
 30
0.0
 41
100.0
 42
100.0
 43
100.0
 50
270.0
  0
MTEXT
  5
ACE5
330
A869
100
AcDbEntity
  8
RXDIM
 62
3
440
16777216
100
AcDbMText
 10
32055.31820038852
 20
17453.72749759037
 30
0.0
 40
200.0
 41
0.0
 46
0.0
 71
5
  1
\A1;2000
  7
굴림체
 11
1e-16
 21
1.0
 31
0.0
  0
POINT
  5
ACE6
330
A869
100
AcDbEntity
  8
DEFPOINTS
 62
0
440
16777216
100
AcDbPoint
 10
31357.5788386864
 20
18453.72749759037
 30
0.0
  0
POINT
  5
ACE7
330
A869
100
AcDbEntity
  8
DEFPOINTS
 62
0
440
16777216
100
AcDbPoint
 10
31357.57883868663
 20
16453.72749759037
 30
0.0
  0
POINT
  5
ACE8
330
A869
100
AcDbEntity
  8
DEFPOINTS
 62
0
440
16777216
100
AcDbPoint
 10
32257.5788386864
 20
16453.72749759037
 30
0.0
  0
ENDBLK
  5
A874
330
A869
100
AcDbEntity
  8
0
100
AcDbBlockEnd
  0
BLOCK
  5
A87F
330
A875
100
AcDbEntity
  8
0
100
AcDbBlockBegin
  2
*D45
 70
1
 10
0.0
 20
0.0
 30
0.0
  3
*D45
  1

  0
LINE
  5
ACE9
330
A875
100
AcDbEntity
  8
RXDIM
 62
6
370
-2
440
16777216
100
AcDbLine
 10
31507.57883868664
 20
16453.72749759037
 30
0.0
 11
33007.57883868641
 21
16453.72749759037
 31
0.0
  0
LINE
  5
ACEA
330
A875
100
AcDbEntity
  8
RXDIM
 62
6
370
-2
440
16777216
100
AcDbLine
 10
31507.57883868617
 20
13453.72749759036
 30
0.0
 11
33007.5788386864
 21
13453.72749759036
 31
0.0
  0
LINE
  5
ACEB
330
A875
100
AcDbEntity
  8
RXDIM
 62
6
370
-2
440
16777216
100
AcDbLine
 10
32857.5788386864
 20
16353.72749759037
 30
0.0
 11
32857.5788386864
 21
13553.72749759036
 31
0.0
  0
INSERT
  5
ACEC
330
A875
100
AcDbEntity
  8
RXDIM
 62
6
370
-2
440
16777216
100
AcDbBlockReference
  2
_RXDOT
 10
32857.57883868641
 20
16453.72749759037
 30
0.0
 41
100.0
 42
100.0
 43
100.0
 50
90.0
  0
INSERT
  5
ACED
330
A875
100
AcDbEntity
  8
RXDIM
 62
6
370
-2
440
16777216
100
AcDbBlockReference
  2
_RXDOT
 10
32857.5788386864
 20
13453.72749759036
 30
0.0
 41
100.0
 42
100.0
 43
100.0
 50
270.0
  0
MTEXT
  5
ACEE
330
A875
100
AcDbEntity
  8
RXDIM
 62
3
440
16777216
100
AcDbMText
 10
32655.31820038853
 20
14953.72749759037
 30
0.0
 40
200.0
 41
0.0
 46
0.0
 71
5
  1
\A1;3000
  7
굴림체
 11
1e-16
 21
1.0
 31
0.0
  0
POINT
  5
ACEF
330
A875
100
AcDbEntity
  8
DEFPOINTS
 62
0
440
16777216
100
AcDbPoint
 10
31357.57883868663
 20
16453.72749759037
 30
0.0
  0
POINT
  5
ACF0
330
A875
100
AcDbEntity
  8
DEFPOINTS
 62
0
440
16777216
100
AcDbPoint
 10
31357.57883868617
 20
13453.72749759036
 30
0.0
  0
POINT
  5
ACF1
330
A875
100
AcDbEntity
  8
DEFPOINTS
 62
0
440
16777216
100
AcDbPoint
 10
32857.5788386864
 20
13453.72749759036
 30
0.0
  0
ENDBLK
  5
A880
330
A875
100
AcDbEntity
  8
0
100
AcDbBlockEnd
  0
BLOCK
  5
A88B
330
A881
100
AcDbEntity
  8
0
100
AcDbBlockBegin
  2
*D46
 70
1
 10
0.0
 20
0.0
 30
0.0
  3
*D46
  1

  0
LINE
  5
ACF2
330
A881
100
AcDbEntity
  8
RXDIM
 62
6
370
-2
440
16777216
100
AcDbLine
 10
31507.57883868617
 20
13453.72749759036
 30
0.0
 11
33007.57883868663
 21
13453.72749759036
 31
0.0
  0
LINE
  5
ACF3
330
A881
100
AcDbEntity
  8
RXDIM
 62
6
370
-2
440
16777216
100
AcDbLine
 10
31507.57883868664
 20
9953.727497590364
 30
0.0
 11
33007.57883868663
 21
9953.727497590364
 31
0.0
  0
LINE
  5
ACF4
330
A881
100
AcDbEntity
  8
RXDIM
 62
6
370
-2
440
16777216
100
AcDbLine
 10
32857.57883868663
 20
13353.72749759036
 30
0.0
 11
32857.57883868663
 21
10053.72749759036
 31
0.0
  0
INSERT
  5
ACF5
330
A881
100
AcDbEntity
  8
RXDIM
 62
6
370
-2
440
16777216
100
AcDbBlockReference
  2
_RXDOT
 10
32857.57883868663
 20
13453.72749759036
 30
0.0
 41
100.0
 42
100.0
 43
100.0
 50
90.0
  0
INSERT
  5
ACF6
330
A881
100
AcDbEntity
  8
RXDIM
 62
6
370
-2
440
16777216
100
AcDbBlockReference
  2
_RXDOT
 10
32857.57883868663
 20
9953.727497590364
 30
0.0
 41
100.0
 42
100.0
 43
100.0
 50
270.0
  0
MTEXT
  5
ACF7
330
A881
100
AcDbEntity
  8
RXDIM
 62
3
440
16777216
100
AcDbMText
 10
32655.31820038876
 20
11703.72749759037
 30
0.0
 40
200.0
 41
0.0
 46
0.0
 71
5
  1
\A1;3500
  7
굴림체
 11
1e-16
 21
1.0
 31
0.0
  0
POINT
  5
ACF8
330
A881
100
AcDbEntity
  8
DEFPOINTS
 62
0
440
16777216
100
AcDbPoint
 10
31357.57883868617
 20
13453.72749759036
 30
0.0
  0
POINT
  5
ACF9
330
A881
100
AcDbEntity
  8
DEFPOINTS
 62
0
440
16777216
100
AcDbPoint
 10
31357.57883868663
 20
9953.727497590364
 30
0.0
  0
POINT
  5
ACFA
330
A881
100
AcDbEntity
  8
DEFPOINTS
 62
0
440
16777216
100
AcDbPoint
 10
32857.57883868663
 20
9953.727497590364
 30
0.0
  0
ENDBLK
  5
A88C
330
A881
100
AcDbEntity
  8
0
100
AcDbBlockEnd
  0
BLOCK
  5
A897
330
A88D
100
AcDbEntity
  8
0
100
AcDbBlockBegin
  2
*D47
 70
1
 10
0.0
 20
0.0
 30
0.0
  3
*D47
  1

  0
LINE
  5
ACFB
330
A88D
100
AcDbEntity
  8
RXDIM
 62
6
370
-2
440
16777216
100
AcDbLine
 10
31507.5788386864
 20
21253.72749759037
 30
0.0
 11
33607.57883868664
 21
21253.72749759037
 31
0.0
  0
LINE
  5
ACFC
330
A88D
100
AcDbEntity
  8
RXDIM
 62
6
370
-2
440
16777216
100
AcDbLine
 10
31507.57883868664
 20
9953.727497590364
 30
0.0
 11
33607.57883868664
 21
9953.727497590364
 31
0.0
  0
LINE
  5
ACFD
330
A88D
100
AcDbEntity
  8
RXDIM
 62
6
370
-2
440
16777216
100
AcDbLine
 10
33457.57883868664
 20
21153.72749759037
 30
0.0
 11
33457.57883868663
 21
10053.72749759036
 31
0.0
  0
INSERT
  5
ACFE
330
A88D
100
AcDbEntity
  8
RXDIM
 62
6
370
-2
440
16777216
100
AcDbBlockReference
  2
_RXDOT
 10
33457.57883868664
 20
21253.72749759037
 30
0.0
 41
100.0
 42
100.0
 43
100.0
 50
90.0
  0
INSERT
  5
ACFF
330
A88D
100
AcDbEntity
  8
RXDIM
 62
6
370
-2
440
16777216
100
AcDbBlockReference
  2
_RXDOT
 10
33457.57883868663
 20
9953.727497590364
 30
0.0
 41
100.0
 42
100.0
 43
100.0
 50
270.0
  0
MTEXT
  5
AD00
330
A88D
100
AcDbEntity
  8
RXDIM
 62
3
440
16777216
100
AcDbMText
 10
33254.91926421855
 20
15603.72749759037
 30
0.0
 40
200.0
 41
0.0
 46
0.0
 71
5
  1
\A1;11300
  7
굴림체
 11
1e-16
 21
1.0
 31
0.0
  0
POINT
  5
AD01
330
A88D
100
AcDbEntity
  8
DEFPOINTS
 62
0
440
16777216
100
AcDbPoint
 10
31357.5788386864
 20
21253.72749759037
 30
0.0
  0
POINT
  5
AD02
330
A88D
100
AcDbEntity
  8
DEFPOINTS
 62
0
440
16777216
100
AcDbPoint
 10
31357.57883868663
 20
9953.727497590364
 30
0.0
  0
POINT
  5
AD03
330
A88D
100
AcDbEntity
  8
DEFPOINTS
 62
0
440
16777216
100
AcDbPoint
 10
33457.57883868663
 20
9953.727497590364
 30
0.0
  0
ENDBLK
  5
A898
330
A88D
100
AcDbEntity
  8
0
100
AcDbBlockEnd
  0
BLOCK
  5
A8A3
330
A899
100
AcDbEntity
  8
0
100
AcDbBlockBegin
  2
*D48
 70
1
 10
0.0
 20
0.0
 30
0.0
  3
*D48
  1

  0
LINE
  5
AD04
330
A899
100
AcDbEntity
  8
RXDIM
 62
6
370
-2
440
16777216
100
AcDbLine
 10
31507.57883868664
 20
16453.72749759037
 30
0.0
 11
33007.5788386864
 21
16453.72749759037
 31
0.0
  0
LINE
  5
AD05
330
A899
100
AcDbEntity
  8
RXDIM
 62
6
370
-2
440
16777216
100
AcDbLine
 10
31507.5788386864
 20
21253.72749759037
 30
0.0
 11
33007.5788386864
 21
21253.72749759037
 31
0.0
  0
LINE
  5
AD06
330
A899
100
AcDbEntity
  8
RXDIM
 62
6
370
-2
440
16777216
100
AcDbLine
 10
32857.5788386864
 20
16553.72749759037
 30
0.0
 11
32857.5788386864
 21
21153.72749759037
 31
0.0
  0
INSERT
  5
AD07
330
A899
100
AcDbEntity
  8
RXDIM
 62
6
370
-2
440
16777216
100
AcDbBlockReference
  2
_RXDOT
 10
32857.5788386864
 20
16453.72749759037
 30
0.0
 41
100.0
 42
100.0
 43
100.0
 50
270.0
  0
INSERT
  5
AD08
330
A899
100
AcDbEntity
  8
RXDIM
 62
6
370
-2
440
16777216
100
AcDbBlockReference
  2
_RXDOT
 10
32857.5788386864
 20
21253.72749759037
 30
0.0
 41
100.0
 42
100.0
 43
100.0
 50
90.0
  0
MTEXT
  5
AD09
330
A899
100
AcDbEntity
  8
RXDIM
 62
3
440
16777216
100
AcDbMText
 10
32655.05224294172
 20
18853.72749759037
 30
0.0
 40
200.0
 41
0.0
 46
0.0
 71
5
  1
\A1;4800
  7
굴림체
 11
1e-16
 21
1.0
 31
0.0
  0
POINT
  5
AD0A
330
A899
100
AcDbEntity
  8
DEFPOINTS
 62
0
440
16777216
100
AcDbPoint
 10
31357.57883868663
 20
16453.72749759037
 30
0.0
  0
POINT
  5
AD0B
330
A899
100
AcDbEntity
  8
DEFPOINTS
 62
0
440
16777216
100
AcDbPoint
 10
31357.5788386864
 20
21253.72749759037
 30
0.0
  0
POINT
  5
AD0C
330
A899
100
AcDbEntity
  8
DEFPOINTS
 62
0
440
16777216
100
AcDbPoint
 10
32857.5788386864
 20
21253.72749759037
 30
0.0
  0
ENDBLK
  5
A8A4
330
A899
100
AcDbEntity
  8
0
100
AcDbBlockEnd
  0
BLOCK
  5
A8AF
330
A8A5
100
AcDbEntity
  8
0
100
AcDbBlockBegin
  2
*D49
 70
1
 10
0.0
 20
0.0
 30
0.0
  3
*D49
  1

  0
LINE
  5
AD0D
330
A8A5
100
AcDbEntity
  8
RXDIM
 62
6
370
-2
440
16777216
100
AcDbLine
 10
26835.2259154226
 20
25268.52159159131
 30
0.0
 11
26835.2259154226
 21
26568.52159159457
 31
0.0
  0
LINE
  5
AD0E
330
A8A5
100
AcDbEntity
  8
RXDIM
 62
6
370
-2
440
16777216
100
AcDbLine
 10
24035.22591542261
 20
25268.52159157548
 30
0.0
 11
24035.22591542261
 21
26568.52159159457
 31
0.0
  0
LINE
  5
AD0F
330
A8A5
100
AcDbEntity
  8
RXDIM
 62
6
370
-2
440
16777216
100
AcDbLine
 10
26735.22591542261
 20
26418.52159159458
 30
0.0
 11
24135.2259154226
 21
26418.52159159458
 31
0.0
  0
INSERT
  5
AD10
330
A8A5
100
AcDbEntity
  8
RXDIM
 62
6
370
-2
440
16777216
100
AcDbBlockReference
  2
_RXDOT
 10
26835.2259154226
 20
26418.52159159458
 30
0.0
 41
100.0
 42
100.0
 43
100.0
  0
INSERT
  5
AD11
330
A8A5
100
AcDbEntity
  8
RXDIM
 62
6
370
-2
440
16777216
100
AcDbBlockReference
  2
_RXDOT
 10
24035.22591542261
 20
26418.52159159458
 30
0.0
 41
100.0
 42
100.0
 43
100.0
 50
180.0
  0
MTEXT
  5
AD12
330
A8A5
100
AcDbEntity
  8
RXDIM
 62
3
440
16777216
100
AcDbMText
 10
25435.22591542261
 20
26620.78222989245
 30
0.0
 40
200.0
 41
0.0
 46
0.0
 71
5
  1
\A1;2800
  7
굴림체
  0
POINT
  5
AD13
330
A8A5
100
AcDbEntity
  8
DEFPOINTS
 62
0
440
16777216
100
AcDbPoint
 10
26835.2259154226
 20
25118.52159159131
 30
0.0
  0
POINT
  5
AD14
330
A8A5
100
AcDbEntity
  8
DEFPOINTS
 62
0
440
16777216
100
AcDbPoint
 10
24035.22591542261
 20
25118.52159157548
 30
0.0
  0
POINT
  5
AD15
330
A8A5
100
AcDbEntity
  8
DEFPOINTS
 62
0
440
16777216
100
AcDbPoint
 10
24035.22591542261
 20
26418.52159159458
 30
0.0
  0
ENDBLK
  5
A8B0
330
A8A5
100
AcDbEntity
  8
0
100
AcDbBlockEnd
  0
BLOCK
  5
A8BB
330
A8B1
100
AcDbEntity
  8
0
100
AcDbBlockBegin
  2
*D50
 70
1
 10
0.0
 20
0.0
 30
0.0
  3
*D50
  1

  0
LINE
  5
AD16
330
A8B1
100
AcDbEntity
  8
RXDIM
 62
6
370
-2
440
16777216
100
AcDbLine
 10
8035.229018310259
 20
17653.72749767791
 30
0.0
 11
6535.229018301878
 21
17653.72749767791
 31
0.0
  0
LINE
  5
AD17
330
A8B1
100
AcDbEntity
  8
RXDIM
 62
6
370
-2
440
16777216
100
AcDbLine
 10
8035.229018310259
 20
16153.72749759083
 30
0.0
 11
6535.229018301878
 21
16153.72749759083
 31
0.0
  0
LINE
  5
AD18
330
A8B1
100
AcDbEntity
  8
RXDIM
 62
6
370
-2
440
16777216
100
AcDbLine
 10
6685.229018301878
 20
17553.72749767791
 30
0.0
 11
6685.229018301878
 21
16253.72749759083
 31
0.0
  0
INSERT
  5
AD19
330
A8B1
100
AcDbEntity
  8
RXDIM
 62
6
370
-2
440
16777216
100
AcDbBlockReference
  2
_RXDOT
 10
6685.229018301878
 20
17653.72749767791
 30
0.0
 41
100.0
 42
100.0
 43
100.0
 50
90.0
  0
INSERT
  5
AD1A
330
A8B1
100
AcDbEntity
  8
RXDIM
 62
6
370
-2
440
16777216
100
AcDbBlockReference
  2
_RXDOT
 10
6685.229018301878
 20
16153.72749759083
 30
0.0
 41
100.0
 42
100.0
 43
100.0
 50
270.0
  0
MTEXT
  5
AD1B
330
A8B1
100
AcDbEntity
  8
RXDIM
 62
3
440
16777216
100
AcDbMText
 10
6482.569443833789
 20
16903.72749763437
 30
0.0
 40
200.0
 41
0.0
 46
0.0
 71
5
  1
\A1;1500
  7
굴림체
 11
1e-16
 21
1.0
 31
0.0
  0
POINT
  5
AD1C
330
A8B1
100
AcDbEntity
  8
DEFPOINTS
 62
0
440
16777216
100
AcDbPoint
 10
8185.229018310259
 20
17653.72749767791
 30
0.0
  0
POINT
  5
AD1D
330
A8B1
100
AcDbEntity
  8
DEFPOINTS
 62
0
440
16777216
100
AcDbPoint
 10
8185.229018310259
 20
16153.72749759083
 30
0.0
  0
POINT
  5
AD1E
330
A8B1
100
AcDbEntity
  8
DEFPOINTS
 62
0
440
16777216
100
AcDbPoint
 10
6685.229018301878
 20
16153.72749759083
 30
0.0
  0
ENDBLK
  5
A8BC
330
A8B1
100
AcDbEntity
  8
0
100
AcDbBlockEnd
  0
BLOCK
  5
A8C7
330
A8BD
100
AcDbEntity
  8
0
100
AcDbBlockBegin
  2
*D51
 70
1
 10
0.0
 20
0.0
 30
0.0
  3
*D51
  1

  0
LINE
  5
AD1F
330
A8BD
100
AcDbEntity
  8
RXDIM
 62
6
370
-2
440
16777216
100
AcDbLine
 10
8035.229018309793
 20
16153.72749759083
 30
0.0
 11
6535.229018301878
 21
16153.72749759083
 31
0.0
  0
LINE
  5
AD20
330
A8BD
100
AcDbEntity
  8
RXDIM
 62
6
370
-2
440
16777216
100
AcDbLine
 10
8035.229018309793
 20
14153.72749767744
 30
0.0
 11
6535.229018301878
 21
14153.72749767744
 31
0.0
  0
LINE
  5
AD21
330
A8BD
100
AcDbEntity
  8
RXDIM
 62
6
370
-2
440
16777216
100
AcDbLine
 10
6685.229018301878
 20
16053.72749759083
 30
0.0
 11
6685.229018301878
 21
14253.72749767744
 31
0.0
  0
INSERT
  5
AD22
330
A8BD
100
AcDbEntity
  8
RXDIM
 62
6
370
-2
440
16777216
100
AcDbBlockReference
  2
_RXDOT
 10
6685.229018301878
 20
16153.72749759083
 30
0.0
 41
100.0
 42
100.0
 43
100.0
 50
90.0
  0
INSERT
  5
AD23
330
A8BD
100
AcDbEntity
  8
RXDIM
 62
6
370
-2
440
16777216
100
AcDbBlockReference
  2
_RXDOT
 10
6685.229018301878
 20
14153.72749767744
 30
0.0
 41
100.0
 42
100.0
 43
100.0
 50
270.0
  0
MTEXT
  5
AD24
330
A8BD
100
AcDbEntity
  8
RXDIM
 62
3
440
16777216
100
AcDbMText
 10
6482.968380004004
 20
15153.72749763414
 30
0.0
 40
200.0
 41
0.0
 46
0.0
 71
5
  1
\A1;2000
  7
굴림체
 11
1e-16
 21
1.0
 31
0.0
  0
POINT
  5
AD25
330
A8BD
100
AcDbEntity
  8
DEFPOINTS
 62
0
440
16777216
100
AcDbPoint
 10
8185.229018309794
 20
16153.72749759083
 30
0.0
  0
POINT
  5
AD26
330
A8BD
100
AcDbEntity
  8
DEFPOINTS
 62
0
440
16777216
100
AcDbPoint
 10
8185.229018309794
 20
14153.72749767744
 30
0.0
  0
POINT
  5
AD27
330
A8BD
100
AcDbEntity
  8
DEFPOINTS
 62
0
440
16777216
100
AcDbPoint
 10
6685.229018301878
 20
14153.72749767744
 30
0.0
  0
ENDBLK
  5
A8C8
330
A8BD
100
AcDbEntity
  8
0
100
AcDbBlockEnd
  0
BLOCK
  5
A8D3
330
A8C9
100
AcDbEntity
  8
0
100
AcDbBlockBegin
  2
*D52
 70
1
 10
0.0
 20
0.0
 30
0.0
  3
*D52
  1

  0
LINE
  5
AD28
330
A8C9
100
AcDbEntity
  8
RXDIM
 62
6
370
-2
440
16777216
100
AcDbLine
 10
8035.229018309793
 20
14153.72749767744
 30
0.0
 11
6535.229018301878
 21
14153.72749767744
 31
0.0
  0
LINE
  5
AD29
330
A8C9
100
AcDbEntity
  8
RXDIM
 62
6
370
-2
440
16777216
100
AcDbLine
 10
8035.229018309793
 20
12753.72749759036
 30
0.0
 11
6535.229018301878
 21
12753.72749759036
 31
0.0
  0
LINE
  5
AD2A
330
A8C9
100
AcDbEntity
  8
RXDIM
 62
6
370
-2
440
16777216
100
AcDbLine
 10
6685.229018301878
 20
14053.72749767744
 30
0.0
 11
6685.229018301878
 21
12853.72749759036
 31
0.0
  0
INSERT
  5
AD2B
330
A8C9
100
AcDbEntity
  8
RXDIM
 62
6
370
-2
440
16777216
100
AcDbBlockReference
  2
_RXDOT
 10
6685.229018301878
 20
14153.72749767744
 30
0.0
 41
100.0
 42
100.0
 43
100.0
 50
90.0
  0
INSERT
  5
AD2C
330
A8C9
100
AcDbEntity
  8
RXDIM
 62
6
370
-2
440
16777216
100
AcDbBlockReference
  2
_RXDOT
 10
6685.229018301878
 20
12753.72749759036
 30
0.0
 41
100.0
 42
100.0
 43
100.0
 50
270.0
  0
MTEXT
  5
AD2D
330
A8C9
100
AcDbEntity
  8
RXDIM
 62
3
440
16777216
100
AcDbMText
 10
6482.56944383379
 20
13453.7274976339
 30
0.0
 40
200.0
 41
0.0
 46
0.0
 71
5
  1
\A1;1400
  7
굴림체
 11
1e-16
 21
1.0
 31
0.0
  0
POINT
  5
AD2E
330
A8C9
100
AcDbEntity
  8
DEFPOINTS
 62
0
440
16777216
100
AcDbPoint
 10
8185.229018309794
 20
14153.72749767744
 30
0.0
  0
POINT
  5
AD2F
330
A8C9
100
AcDbEntity
  8
DEFPOINTS
 62
0
440
16777216
100
AcDbPoint
 10
8185.229018309794
 20
12753.72749759036
 30
0.0
  0
POINT
  5
AD30
330
A8C9
100
AcDbEntity
  8
DEFPOINTS
 62
0
440
16777216
100
AcDbPoint
 10
6685.229018301878
 20
12753.72749759036
 30
0.0
  0
ENDBLK
  5
A8D4
330
A8C9
100
AcDbEntity
  8
0
100
AcDbBlockEnd
  0
BLOCK
  5
A8DF
330
A8D5
100
AcDbEntity
  8
0
100
AcDbBlockBegin
  2
*D53
 70
1
 10
0.0
 20
0.0
 30
0.0
  3
*D53
  1

  0
LINE
  5
AD31
330
A8D5
100
AcDbEntity
  8
RXDIM
 62
6
370
-2
440
16777216
100
AcDbLine
 10
8035.229018310259
 20
17653.72749767791
 30
0.0
 11
5935.229018301876
 21
17653.72749767791
 31
0.0
  0
LINE
  5
AD32
330
A8D5
100
AcDbEntity
  8
RXDIM
 62
6
370
-2
440
16777216
100
AcDbLine
 10
8035.229018301178
 20
21253.72749759037
 30
0.0
 11
5935.229018301878
 21
21253.72749759037
 31
0.0
  0
LINE
  5
AD33
330
A8D5
100
AcDbEntity
  8
RXDIM
 62
6
370
-2
440
16777216
100
AcDbLine
 10
6085.229018301877
 20
17753.72749767791
 30
0.0
 11
6085.229018301878
 21
21153.72749759037
 31
0.0
  0
INSERT
  5
AD34
330
A8D5
100
AcDbEntity
  8
RXDIM
 62
6
370
-2
440
16777216
100
AcDbBlockReference
  2
_RXDOT
 10
6085.229018301877
 20
17653.72749767791
 30
0.0
 41
100.0
 42
100.0
 43
100.0
 50
270.0
  0
INSERT
  5
AD35
330
A8D5
100
AcDbEntity
  8
RXDIM
 62
6
370
-2
440
16777216
100
AcDbBlockReference
  2
_RXDOT
 10
6085.229018301878
 20
21253.72749759037
 30
0.0
 41
100.0
 42
100.0
 43
100.0
 50
90.0
  0
MTEXT
  5
AD36
330
A8D5
100
AcDbEntity
  8
RXDIM
 62
3
440
16777216
100
AcDbMText
 10
5882.968380004002
 20
19453.72749763414
 30
0.0
 40
200.0
 41
0.0
 46
0.0
 71
5
  1
\A1;3600
  7
굴림체
 11
1e-16
 21
1.0
 31
0.0
  0
POINT
  5
AD37
330
A8D5
100
AcDbEntity
  8
DEFPOINTS
 62
0
440
16777216
100
AcDbPoint
 10
8185.229018310259
 20
17653.72749767791
 30
0.0
  0
POINT
  5
AD38
330
A8D5
100
AcDbEntity
  8
DEFPOINTS
 62
0
440
16777216
100
AcDbPoint
 10
8185.229018301178
 20
21253.72749759037
 30
0.0
  0
POINT
  5
AD39
330
A8D5
100
AcDbEntity
  8
DEFPOINTS
 62
0
440
16777216
100
AcDbPoint
 10
6085.229018301878
 20
21253.72749759037
 30
0.0
  0
ENDBLK
  5
A8E0
330
A8D5
100
AcDbEntity
  8
0
100
AcDbBlockEnd
  0
BLOCK
  5
A8EB
330
A8E1
100
AcDbEntity
  8
0
100
AcDbBlockBegin
  2
*D54
 70
1
 10
0.0
 20
0.0
 30
0.0
  3
*D54
  1

  0
LINE
  5
AD3A
330
A8E1
100
AcDbEntity
  8
RXDIM
 62
6
370
-2
440
16777216
100
AcDbLine
 10
12635.22591537068
 20
5152.530222821638
 30
0.0
 11
12635.22591537068
 21
3652.530909499277
 31
0.0
  0
LINE
  5
AD3B
330
A8E1
100
AcDbEntity
  8
RXDIM
 62
6
370
-2
440
16777216
100
AcDbLine
 10
15435.22591537068
 20
5152.530222807204
 30
0.0
 11
15435.22591537068
 21
3652.530909499277
 31
0.0
  0
LINE
  5
AD3C
330
A8E1
100
AcDbEntity
  8
RXDIM
 62
6
370
-2
440
16777216
100
AcDbLine
 10
12735.22591537068
 20
3802.530909499277
 30
0.0
 11
15335.22591537068
 21
3802.530909499277
 31
0.0
  0
INSERT
  5
AD3D
330
A8E1
100
AcDbEntity
  8
RXDIM
 62
6
370
-2
440
16777216
100
AcDbBlockReference
  2
_RXDOT
 10
12635.22591537068
 20
3802.530909499277
 30
0.0
 41
100.0
 42
100.0
 43
100.0
 50
180.0
  0
INSERT
  5
AD3E
330
A8E1
100
AcDbEntity
  8
RXDIM
 62
6
370
-2
440
16777216
100
AcDbBlockReference
  2
_RXDOT
 10
15435.22591537068
 20
3802.530909499277
 30
0.0
 41
100.0
 42
100.0
 43
100.0
  0
MTEXT
  5
AD3F
330
A8E1
100
AcDbEntity
  8
RXDIM
 62
3
440
16777216
100
AcDbMText
 10
14035.22591537068
 20
4004.791547797149
 30
0.0
 40
200.0
 41
0.0
 46
0.0
 71
5
  1
\A1;2800
  7
굴림체
  0
POINT
  5
AD40
330
A8E1
100
AcDbEntity
  8
DEFPOINTS
 62
0
440
16777216
100
AcDbPoint
 10
12635.22591537068
 20
5302.530222821639
 30
0.0
  0
POINT
  5
AD41
330
A8E1
100
AcDbEntity
  8
DEFPOINTS
 62
0
440
16777216
100
AcDbPoint
 10
15435.22591537068
 20
5302.530222807203
 30
0.0
  0
POINT
  5
AD42
330
A8E1
100
AcDbEntity
  8
DEFPOINTS
 62
0
440
16777216
100
AcDbPoint
 10
15435.22591537068
 20
3802.530909499277
 30
0.0
  0
ENDBLK
  5
A8EC
330
A8E1
100
AcDbEntity
  8
0
100
AcDbBlockEnd
  0
BLOCK
  5
A8F7
330
A8ED
100
AcDbEntity
  8
0
100
AcDbBlockBegin
  2
*D55
 70
1
 10
0.0
 20
0.0
 30
0.0
  3
*D55
  1

  0
LINE
  5
AD43
330
A8ED
100
AcDbEntity
  8
RXDIM
 62
6
370
-2
440
16777216
100
AcDbLine
 10
15435.22591537068
 20
5152.530222807204
 30
0.0
 11
15435.22591537068
 21
3652.530909499277
 31
0.0
  0
LINE
  5
AD44
330
A8ED
100
AcDbEntity
  8
RXDIM
 62
6
370
-2
440
16777216
100
AcDbLine
 10
17035.22591560561
 20
5152.530222804875
 30
0.0
 11
17035.22591560561
 21
3652.530909499277
 31
0.0
  0
LINE
  5
AD45
330
A8ED
100
AcDbEntity
  8
RXDIM
 62
6
370
-2
440
16777216
100
AcDbLine
 10
15535.22591537068
 20
3802.530909499277
 30
0.0
 11
16935.22591560561
 21
3802.530909499277
 31
0.0
  0
INSERT
  5
AD46
330
A8ED
100
AcDbEntity
  8
RXDIM
 62
6
370
-2
440
16777216
100
AcDbBlockReference
  2
_RXDOT
 10
15435.22591537068
 20
3802.530909499277
 30
0.0
 41
100.0
 42
100.0
 43
100.0
 50
180.0
  0
INSERT
  5
AD47
330
A8ED
100
AcDbEntity
  8
RXDIM
 62
6
370
-2
440
16777216
100
AcDbBlockReference
  2
_RXDOT
 10
17035.22591560561
 20
3802.530909499277
 30
0.0
 41
100.0
 42
100.0
 43
100.0
  0
MTEXT
  5
AD48
330
A8ED
100
AcDbEntity
  8
RXDIM
 62
3
440
16777216
100
AcDbMText
 10
16235.22591548814
 20
4005.190483967362
 30
0.0
 40
200.0
 41
0.0
 46
0.0
 71
5
  1
\A1;1600
  7
굴림체
  0
POINT
  5
AD49
330
A8ED
100
AcDbEntity
  8
DEFPOINTS
 62
0
440
16777216
100
AcDbPoint
 10
15435.22591537068
 20
5302.530222807203
 30
0.0
  0
POINT
  5
AD4A
330
A8ED
100
AcDbEntity
  8
DEFPOINTS
 62
0
440
16777216
100
AcDbPoint
 10
17035.22591560561
 20
5302.530222804875
 30
0.0
  0
POINT
  5
AD4B
330
A8ED
100
AcDbEntity
  8
DEFPOINTS
 62
0
440
16777216
100
AcDbPoint
 10
17035.22591560561
 20
3802.530909499277
 30
0.0
  0
ENDBLK
  5
A8F8
330
A8ED
100
AcDbEntity
  8
0
100
AcDbBlockEnd
  0
BLOCK
  5
A903
330
A8F9
100
AcDbEntity
  8
0
100
AcDbBlockBegin
  2
*D56
 70
1
 10
0.0
 20
0.0
 30
0.0
  3
*D56
  1

  0
LINE
  5
AD4C
330
A8F9
100
AcDbEntity
  8
RXDIM
 62
6
370
-2
440
16777216
100
AcDbLine
 10
26835.22591553204
 20
5152.530909450383
 30
0.0
 11
26835.22591553204
 21
4252.530909499276
 31
0.0
  0
LINE
  5
AD4D
330
A8F9
100
AcDbEntity
  8
RXDIM
 62
6
370
-2
440
16777216
100
AcDbLine
 10
25335.22591552039
 20
5152.530909576577
 30
0.0
 11
25335.22591552039
 21
4252.530909499276
 31
0.0
  0
LINE
  5
AD4E
330
A8F9
100
AcDbEntity
  8
RXDIM
 62
6
370
-2
440
16777216
100
AcDbLine
 10
26735.22591553203
 20
4402.530909499277
 30
0.0
 11
25435.2259155204
 21
4402.530909499277
 31
0.0
  0
INSERT
  5
AD4F
330
A8F9
100
AcDbEntity
  8
RXDIM
 62
6
370
-2
440
16777216
100
AcDbBlockReference
  2
_RXDOT
 10
26835.22591553204
 20
4402.530909499277
 30
0.0
 41
100.0
 42
100.0
 43
100.0
  0
INSERT
  5
AD50
330
A8F9
100
AcDbEntity
  8
RXDIM
 62
6
370
-2
440
16777216
100
AcDbBlockReference
  2
_RXDOT
 10
25335.22591552039
 20
4402.530909499277
 30
0.0
 41
100.0
 42
100.0
 43
100.0
 50
180.0
  0
MTEXT
  5
AD51
330
A8F9
100
AcDbEntity
  8
RXDIM
 62
3
440
16777216
100
AcDbMText
 10
26085.22591552622
 20
4605.190483967362
 30
0.0
 40
200.0
 41
0.0
 46
0.0
 71
5
  1
\A1;1500
  7
굴림체
  0
POINT
  5
AD52
330
A8F9
100
AcDbEntity
  8
DEFPOINTS
 62
0
440
16777216
100
AcDbPoint
 10
26835.22591553204
 20
5302.530909450382
 30
0.0
  0
POINT
  5
AD53
330
A8F9
100
AcDbEntity
  8
DEFPOINTS
 62
0
440
16777216
100
AcDbPoint
 10
25335.22591552039
 20
5302.530909576577
 30
0.0
  0
POINT
  5
AD54
330
A8F9
100
AcDbEntity
  8
DEFPOINTS
 62
0
440
16777216
100
AcDbPoint
 10
25335.22591552039
 20
4402.530909499277
 30
0.0
  0
ENDBLK
  5
A904
330
A8F9
100
AcDbEntity
  8
0
100
AcDbBlockEnd
  0
BLOCK
  5
A90F
330
A905
100
AcDbEntity
  8
0
100
AcDbBlockBegin
  2
*D57
 70
1
 10
0.0
 20
0.0
 30
0.0
  3
*D57
  1

  0
LINE
  5
AD55
330
A905
100
AcDbEntity
  8
RXDIM
 62
6
370
-2
440
16777216
100
AcDbLine
 10
25335.22591552039
 20
5152.530909576577
 30
0.0
 11
25335.22591552039
 21
4252.530909499276
 31
0.0
  0
LINE
  5
AD56
330
A905
100
AcDbEntity
  8
RXDIM
 62
6
370
-2
440
16777216
100
AcDbLine
 10
22635.22591553227
 20
5152.530909481582
 30
0.0
 11
22635.22591553227
 21
4252.530909499276
 31
0.0
  0
LINE
  5
AD57
330
A905
100
AcDbEntity
  8
RXDIM
 62
6
370
-2
440
16777216
100
AcDbLine
 10
25235.2259155204
 20
4402.530909499277
 30
0.0
 11
22735.22591553227
 21
4402.530909499277
 31
0.0
  0
INSERT
  5
AD58
330
A905
100
AcDbEntity
  8
RXDIM
 62
6
370
-2
440
16777216
100
AcDbBlockReference
  2
_RXDOT
 10
25335.22591552039
 20
4402.530909499277
 30
0.0
 41
100.0
 42
100.0
 43
100.0
  0
INSERT
  5
AD59
330
A905
100
AcDbEntity
  8
RXDIM
 62
6
370
-2
440
16777216
100
AcDbBlockReference
  2
_RXDOT
 10
22635.22591553227
 20
4402.530909499277
 30
0.0
 41
100.0
 42
100.0
 43
100.0
 50
180.0
  0
MTEXT
  5
AD5A
330
A905
100
AcDbEntity
  8
RXDIM
 62
3
440
16777216
100
AcDbMText
 10
23985.22591552633
 20
4605.057505243958
 30
0.0
 40
200.0
 41
0.0
 46
0.0
 71
5
  1
\A1;2700
  7
굴림체
  0
POINT
  5
AD5B
330
A905
100
AcDbEntity
  8
DEFPOINTS
 62
0
440
16777216
100
AcDbPoint
 10
25335.22591552039
 20
5302.530909576577
 30
0.0
  0
POINT
  5
AD5C
330
A905
100
AcDbEntity
  8
DEFPOINTS
 62
0
440
16777216
100
AcDbPoint
 10
22635.22591553227
 20
5302.530909481582
 30
0.0
  0
POINT
  5
AD5D
330
A905
100
AcDbEntity
  8
DEFPOINTS
 62
0
440
16777216
100
AcDbPoint
 10
22635.22591553227
 20
4402.530909499277
 30
0.0
  0
ENDBLK
  5
A910
330
A905
100
AcDbEntity
  8
0
100
AcDbBlockEnd
  0
BLOCK
  5
A91B
330
A911
100
AcDbEntity
  8
0
100
AcDbBlockBegin
  2
*D58
 70
1
 10
0.0
 20
0.0
 30
0.0
  3
*D58
  1

  0
LINE
  5
AD5E
330
A911
100
AcDbEntity
  8
RXDIM
 62
6
370
-2
440
16777216
100
AcDbLine
 10
19385.22591544868
 20
21253.72749759037
 30
0.0
 11
19385.22591544845
 21
21253.72749759037
 31
0.0
  0
LINE
  5
AD5F
330
A911
100
AcDbEntity
  8
RXDIM
 62
6
370
-2
440
16777216
100
AcDbLine
 10
19385.22591544891
 20
19003.72749759037
 30
0.0
 11
19385.22591544845
 21
19003.72749759037
 31
0.0
  0
LINE
  5
AD60
330
A911
100
AcDbEntity
  8
RXDIM
 62
6
370
-2
440
16777216
100
AcDbLine
 10
19535.22591544845
 20
21153.72749759037
 30
0.0
 11
19535.22591544845
 21
19103.72749759037
 31
0.0
  0
INSERT
  5
AD61
330
A911
100
AcDbEntity
  8
RXDIM
 62
6
370
-2
440
16777216
100
AcDbBlockReference
  2
_RXDOT
 10
19535.22591544845
 20
21253.72749759037
 30
0.0
 41
100.0
 42
100.0
 43
100.0
 50
90.0
  0
INSERT
  5
AD62
330
A911
100
AcDbEntity
  8
RXDIM
 62
6
370
-2
440
16777216
100
AcDbBlockReference
  2
_RXDOT
 10
19535.22591544845
 20
19003.72749759037
 30
0.0
 41
100.0
 42
100.0
 43
100.0
 50
270.0
  0
MTEXT
  5
AD63
330
A911
100
AcDbEntity
  8
RXDIM
 62
3
440
16777216
100
AcDbMText
 10
19332.96527715057
 20
20128.72749759038
 30
0.0
 40
200.0
 41
0.0
 46
0.0
 71
5
  1
\A1;2250
  7
굴림체
 11
1e-16
 21
1.0
 31
0.0
  0
POINT
  5
AD64
330
A911
100
AcDbEntity
  8
DEFPOINTS
 62
0
440
16777216
100
AcDbPoint
 10
19535.22591544868
 20
21253.72749759037
 30
0.0
  0
POINT
  5
AD65
330
A911
100
AcDbEntity
  8
DEFPOINTS
 62
0
440
16777216
100
AcDbPoint
 10
19535.22591544891
 20
19003.72749759037
 30
0.0
  0
POINT
  5
AD66
330
A911
100
AcDbEntity
  8
DEFPOINTS
 62
0
440
16777216
100
AcDbPoint
 10
19535.22591544845
 20
19003.72749759037
 30
0.0
  0
ENDBLK
  5
A91C
330
A911
100
AcDbEntity
  8
0
100
AcDbBlockEnd
  0
BLOCK
  5
A927
330
A91D
100
AcDbEntity
  8
0
100
AcDbBlockBegin
  2
*D59
 70
1
 10
0.0
 20
0.0
 30
0.0
  3
*D59
  1

  0
LINE
  5
AD67
330
A91D
100
AcDbEntity
  8
RXDIM
 62
6
370
-2
440
16777216
100
AcDbLine
 10
19385.22591544891
 20
19003.72749759037
 30
0.0
 11
19385.22591544845
 21
19003.72749759037
 31
0.0
  0
LINE
  5
AD68
330
A91D
100
AcDbEntity
  8
RXDIM
 62
6
370
-2
440
16777216
100
AcDbLine
 10
19385.22591544891
 20
17653.72749767791
 30
0.0
 11
19385.22591544845
 21
17653.72749767791
 31
0.0
  0
LINE
  5
AD69
330
A91D
100
AcDbEntity
  8
RXDIM
 62
6
370
-2
440
16777216
100
AcDbLine
 10
19535.22591544845
 20
18903.72749759037
 30
0.0
 11
19535.22591544845
 21
17753.72749767791
 31
0.0
  0
INSERT
  5
AD6A
330
A91D
100
AcDbEntity
  8
RXDIM
 62
6
370
-2
440
16777216
100
AcDbBlockReference
  2
_RXDOT
 10
19535.22591544845
 20
19003.72749759037
 30
0.0
 41
100.0
 42
100.0
 43
100.0
 50
90.0
  0
INSERT
  5
AD6B
330
A91D
100
AcDbEntity
  8
RXDIM
 62
6
370
-2
440
16777216
100
AcDbBlockReference
  2
_RXDOT
 10
19535.22591544845
 20
17653.72749767791
 30
0.0
 41
100.0
 42
100.0
 43
100.0
 50
270.0
  0
MTEXT
  5
AD6C
330
A91D
100
AcDbEntity
  8
RXDIM
 62
3
440
16777216
100
AcDbMText
 10
19332.56634098036
 20
18328.72749763414
 30
0.0
 40
200.0
 41
0.0
 46
0.0
 71
5
  1
\A1;1350
  7
굴림체
 11
1e-16
 21
1.0
 31
0.0
  0
POINT
  5
AD6D
330
A91D
100
AcDbEntity
  8
DEFPOINTS
 62
0
440
16777216
100
AcDbPoint
 10
19535.22591544891
 20
19003.72749759037
 30
0.0
  0
POINT
  5
AD6E
330
A91D
100
AcDbEntity
  8
DEFPOINTS
 62
0
440
16777216
100
AcDbPoint
 10
19535.22591544891
 20
17653.72749767791
 30
0.0
  0
POINT
  5
AD6F
330
A91D
100
AcDbEntity
  8
DEFPOINTS
 62
0
440
16777216
100
AcDbPoint
 10
19535.22591544845
 20
17653.72749767791
 30
0.0
  0
ENDBLK
  5
A928
330
A91D
100
AcDbEntity
  8
0
100
AcDbBlockEnd
  0
BLOCK
  5
A933
330
A929
100
AcDbEntity
  8
0
100
AcDbBlockBegin
  2
*D60
 70
1
 10
0.0
 20
0.0
 30
0.0
  3
*D60
  1

  0
LINE
  5
AD70
330
A929
100
AcDbEntity
  8
RXDIM
 62
6
370
-2
440
16777216
100
AcDbLine
 10
19385.22591544891
 20
17653.72749767791
 30
0.0
 11
19385.22591544845
 21
17653.72749767791
 31
0.0
  0
LINE
  5
AD71
330
A929
100
AcDbEntity
  8
RXDIM
 62
6
370
-2
440
16777216
100
AcDbLine
 10
19385.22591544891
 20
15803.72749759036
 30
0.0
 11
19385.22591544845
 21
15803.72749759036
 31
0.0
  0
LINE
  5
AD72
330
A929
100
AcDbEntity
  8
RXDIM
 62
6
370
-2
440
16777216
100
AcDbLine
 10
19535.22591544845
 20
17553.72749767791
 30
0.0
 11
19535.22591544845
 21
15903.72749759036
 31
0.0
  0
INSERT
  5
AD73
330
A929
100
AcDbEntity
  8
RXDIM
 62
6
370
-2
440
16777216
100
AcDbBlockReference
  2
_RXDOT
 10
19535.22591544845
 20
17653.72749767791
 30
0.0
 41
100.0
 42
100.0
 43
100.0
 50
90.0
  0
INSERT
  5
AD74
330
A929
100
AcDbEntity
  8
RXDIM
 62
6
370
-2
440
16777216
100
AcDbBlockReference
  2
_RXDOT
 10
19535.22591544845
 20
15803.72749759036
 30
0.0
 41
100.0
 42
100.0
 43
100.0
 50
270.0
  0
MTEXT
  5
AD75
330
A929
100
AcDbEntity
  8
RXDIM
 62
3
440
16777216
100
AcDbMText
 10
19332.56634098036
 20
16728.72749763414
 30
0.0
 40
200.0
 41
0.0
 46
0.0
 71
5
  1
\A1;1850
  7
굴림체
 11
1e-16
 21
1.0
 31
0.0
  0
POINT
  5
AD76
330
A929
100
AcDbEntity
  8
DEFPOINTS
 62
0
440
16777216
100
AcDbPoint
 10
19535.22591544891
 20
17653.72749767791
 30
0.0
  0
POINT
  5
AD77
330
A929
100
AcDbEntity
  8
DEFPOINTS
 62
0
440
16777216
100
AcDbPoint
 10
19535.22591544891
 20
15803.72749759036
 30
0.0
  0
POINT
  5
AD78
330
A929
100
AcDbEntity
  8
DEFPOINTS
 62
0
440
16777216
100
AcDbPoint
 10
19535.22591544845
 20
15803.72749759036
 30
0.0
  0
ENDBLK
  5
A934
330
A929
100
AcDbEntity
  8
0
100
AcDbBlockEnd
  0
BLOCK
  5
A93E
330
A935
100
AcDbEntity
  8
0
100
AcDbBlockBegin
  2
*D61
 70
1
 10
0.0
 20
0.0
 30
0.0
  3
*D61
  1

  0
LINE
  5
AD79
330
A935
100
AcDbEntity
  8
RXDIM
 62
6
370
-2
440
16777216
100
AcDbLine
 10
19685.22591544821
 20
14153.72749767744
 30
0.0
 11
19685.22591544845
 21
14153.72749767744
 31
0.0
  0
LINE
  5
AD7A
330
A935
100
AcDbEntity
  8
RXDIM
 62
6
370
-2
440
16777216
100
AcDbLine
 10
19535.22591544845
 20
15703.72749759036
 30
0.0
 11
19535.22591544845
 21
14253.72749767744
 31
0.0
  0
INSERT
  5
AD7B
330
A935
100
AcDbEntity
  8
RXDIM
 62
6
370
-2
440
16777216
100
AcDbBlockReference
  2
_RXDOT
 10
19535.22591544845
 20
15803.72749759036
 30
0.0
 41
100.0
 42
100.0
 43
100.0
 50
90.0
  0
INSERT
  5
AD7C
330
A935
100
AcDbEntity
  8
RXDIM
 62
6
370
-2
440
16777216
100
AcDbBlockReference
  2
_RXDOT
 10
19535.22591544845
 20
14153.72749767744
 30
0.0
 41
100.0
 42
100.0
 43
100.0
 50
270.0
  0
MTEXT
  5
AD7D
330
A935
100
AcDbEntity
  8
RXDIM
 62
3
440
16777216
100
AcDbMText
 10
19332.56634098036
 20
14978.7274976339
 30
0.0
 40
200.0
 41
0.0
 46
0.0
 71
5
  1
\A1;1650
  7
굴림체
 11
1e-16
 21
1.0
 31
0.0
  0
POINT
  5
AD7E
330
A935
100
AcDbEntity
  8
DEFPOINTS
 62
0
440
16777216
100
AcDbPoint
 10
19535.22591544845
 20
15803.72749759036
 30
0.0
  0
POINT
  5
AD7F
330
A935
100
AcDbEntity
  8
DEFPOINTS
 62
0
440
16777216
100
AcDbPoint
 10
19535.22591544821
 20
14153.72749767744
 30
0.0
  0
POINT
  5
AD80
330
A935
100
AcDbEntity
  8
DEFPOINTS
 62
0
440
16777216
100
AcDbPoint
 10
19535.22591544845
 20
14153.72749767744
 30
0.0
  0
ENDBLK
  5
A93F
330
A935
100
AcDbEntity
  8
0
100
AcDbBlockEnd
  0
BLOCK
  5
A949
330
A940
100
AcDbEntity
  8
0
100
AcDbBlockBegin
  2
*D62
 70
1
 10
0.0
 20
0.0
 30
0.0
  3
*D62
  1

  0
LINE
  5
AD81
330
A940
100
AcDbEntity
  8
RXDIM
 62
6
370
-2
440
16777216
100
AcDbLine
 10
19685.22591544798
 20
12353.72749759036
 30
0.0
 11
19685.22591544821
 21
12353.72749759036
 31
0.0
  0
LINE
  5
AD82
330
A940
100
AcDbEntity
  8
RXDIM
 62
6
370
-2
440
16777216
100
AcDbLine
 10
19535.22591544821
 20
14053.72749767744
 30
0.0
 11
19535.22591544821
 21
12453.72749759036
 31
0.0
  0
INSERT
  5
AD83
330
A940
100
AcDbEntity
  8
RXDIM
 62
6
370
-2
440
16777216
100
AcDbBlockReference
  2
_RXDOT
 10
19535.22591544821
 20
14153.72749767744
 30
0.0
 41
100.0
 42
100.0
 43
100.0
 50
90.0
  0
INSERT
  5
AD84
330
A940
100
AcDbEntity
  8
RXDIM
 62
6
370
-2
440
16777216
100
AcDbBlockReference
  2
_RXDOT
 10
19535.22591544821
 20
12353.72749759036
 30
0.0
 41
100.0
 42
100.0
 43
100.0
 50
270.0
  0
MTEXT
  5
AD85
330
A940
100
AcDbEntity
  8
RXDIM
 62
3
440
16777216
100
AcDbMText
 10
19332.56634098013
 20
13253.7274976339
 30
0.0
 40
200.0
 41
0.0
 46
0.0
 71
5
  1
\A1;1800
  7
굴림체
 11
1e-16
 21
1.0
 31
0.0
  0
POINT
  5
AD86
330
A940
100
AcDbEntity
  8
DEFPOINTS
 62
0
440
16777216
100
AcDbPoint
 10
19535.22591544821
 20
14153.72749767744
 30
0.0
  0
POINT
  5
AD87
330
A940
100
AcDbEntity
  8
DEFPOINTS
 62
0
440
16777216
100
AcDbPoint
 10
19535.22591544798
 20
12353.72749759036
 30
0.0
  0
POINT
  5
AD88
330
A940
100
AcDbEntity
  8
DEFPOINTS
 62
0
440
16777216
100
AcDbPoint
 10
19535.22591544821
 20
12353.72749759036
 30
0.0
  0
ENDBLK
  5
A94A
330
A940
100
AcDbEntity
  8
0
100
AcDbBlockEnd
  0
BLOCK
  5
A955
330
A94B
100
AcDbEntity
  8
0
100
AcDbBlockBegin
  2
*D63
 70
1
 10
0.0
 20
0.0
 30
0.0
  3
*D63
  1

  0
LINE
  5
AD89
330
A94B
100
AcDbEntity
  8
RXDIM
 62
6
370
-2
440
16777216
100
AcDbLine
 10
19685.22591544798
 20
12353.72749759036
 30
0.0
 11
19685.22591544821
 21
12353.72749759036
 31
0.0
  0
LINE
  5
AD8A
330
A94B
100
AcDbEntity
  8
RXDIM
 62
6
370
-2
440
16777216
100
AcDbLine
 10
19385.22591544868
 20
9953.727497590364
 30
0.0
 11
19385.22591544821
 21
9953.727497590364
 31
0.0
  0
LINE
  5
AD8B
330
A94B
100
AcDbEntity
  8
RXDIM
 62
6
370
-2
440
16777216
100
AcDbLine
 10
19535.22591544821
 20
12253.72749759036
 30
0.0
 11
19535.22591544821
 21
10053.72749759036
 31
0.0
  0
INSERT
  5
AD8C
330
A94B
100
AcDbEntity
  8
RXDIM
 62
6
370
-2
440
16777216
100
AcDbBlockReference
  2
_RXDOT
 10
19535.22591544821
 20
12353.72749759036
 30
0.0
 41
100.0
 42
100.0
 43
100.0
 50
90.0
  0
INSERT
  5
AD8D
330
A94B
100
AcDbEntity
  8
RXDIM
 62
6
370
-2
440
16777216
100
AcDbBlockReference
  2
_RXDOT
 10
19535.22591544821
 20
9953.727497590364
 30
0.0
 41
100.0
 42
100.0
 43
100.0
 50
270.0
  0
MTEXT
  5
AD8E
330
A94B
100
AcDbEntity
  8
RXDIM
 62
3
440
16777216
100
AcDbMText
 10
19332.69931970353
 20
11153.72749759036
 30
0.0
 40
200.0
 41
0.0
 46
0.0
 71
5
  1
\A1;2400
  7
굴림체
 11
1e-16
 21
1.0
 31
0.0
  0
POINT
  5
AD8F
330
A94B
100
AcDbEntity
  8
DEFPOINTS
 62
0
440
16777216
100
AcDbPoint
 10
19535.22591544798
 20
12353.72749759036
 30
0.0
  0
POINT
  5
AD90
330
A94B
100
AcDbEntity
  8
DEFPOINTS
 62
0
440
16777216
100
AcDbPoint
 10
19535.22591544868
 20
9953.727497590364
 30
0.0
  0
POINT
  5
AD91
330
A94B
100
AcDbEntity
  8
DEFPOINTS
 62
0
440
16777216
100
AcDbPoint
 10
19535.22591544821
 20
9953.727497590364
 30
0.0
  0
ENDBLK
  5
A956
330
A94B
100
AcDbEntity
  8
0
100
AcDbBlockEnd
  0
BLOCK
  5
A961
330
A957
100
AcDbEntity
  8
0
100
AcDbBlockBegin
  2
*D64
 70
1
 10
0.0
 20
0.0
 30
0.0
  3
*D64
  1

  0
LINE
  5
AD92
330
A957
100
AcDbEntity
  8
RXDIM
 62
6
370
-2
440
16777216
100
AcDbLine
 10
12635.22591537115
 20
5152.530909496018
 30
0.0
 11
12635.22591537115
 21
4252.530909499276
 31
0.0
  0
LINE
  5
AD93
330
A957
100
AcDbEntity
  8
RXDIM
 62
6
370
-2
440
16777216
100
AcDbLine
 10
14035.22591543122
 20
5152.530909495086
 30
0.0
 11
14035.22591543122
 21
4252.530909499276
 31
0.0
  0
LINE
  5
AD94
330
A957
100
AcDbEntity
  8
RXDIM
 62
6
370
-2
440
16777216
100
AcDbLine
 10
12735.22591537115
 20
4402.530909499277
 30
0.0
 11
13935.22591543122
 21
4402.530909499277
 31
0.0
  0
INSERT
  5
AD95
330
A957
100
AcDbEntity
  8
RXDIM
 62
6
370
-2
440
16777216
100
AcDbBlockReference
  2
_RXDOT
 10
12635.22591537115
 20
4402.530909499277
 30
0.0
 41
100.0
 42
100.0
 43
100.0
 50
180.0
  0
INSERT
  5
AD96
330
A957
100
AcDbEntity
  8
RXDIM
 62
6
370
-2
440
16777216
100
AcDbBlockReference
  2
_RXDOT
 10
14035.22591543122
 20
4402.530909499277
 30
0.0
 41
100.0
 42
100.0
 43
100.0
  0
MTEXT
  5
AD97
330
A957
100
AcDbEntity
  8
RXDIM
 62
3
440
16777216
100
AcDbMText
 10
13335.22591540118
 20
4605.190483967362
 30
0.0
 40
200.0
 41
0.0
 46
0.0
 71
5
  1
\A1;1400
  7
굴림체
  0
POINT
  5
AD98
330
A957
100
AcDbEntity
  8
DEFPOINTS
 62
0
440
16777216
100
AcDbPoint
 10
12635.22591537115
 20
5302.530909496018
 30
0.0
  0
POINT
  5
AD99
330
A957
100
AcDbEntity
  8
DEFPOINTS
 62
0
440
16777216
100
AcDbPoint
 10
14035.22591543122
 20
5302.530909495086
 30
0.0
  0
POINT
  5
AD9A
330
A957
100
AcDbEntity
  8
DEFPOINTS
 62
0
440
16777216
100
AcDbPoint
 10
14035.22591543122
 20
4402.530909499277
 30
0.0
  0
ENDBLK
  5
A962
330
A957
100
AcDbEntity
  8
0
100
AcDbBlockEnd
  0
BLOCK
  5
A96D
330
A963
100
AcDbEntity
  8
0
100
AcDbBlockBegin
  2
*D65
 70
1
 10
0.0
 20
0.0
 30
0.0
  3
*D65
  1

  0
LINE
  5
AD9B
330
A963
100
AcDbEntity
  8
RXDIM
 62
6
370
-2
440
16777216
100
AcDbLine
 10
14035.22591543122
 20
5152.530909495086
 30
0.0
 11
14035.22591543122
 21
4252.530909499276
 31
0.0
  0
LINE
  5
AD9C
330
A963
100
AcDbEntity
  8
RXDIM
 62
6
370
-2
440
16777216
100
AcDbLine
 10
15435.22591537068
 20
5152.530909487635
 30
0.0
 11
15435.22591537068
 21
4252.530909499276
 31
0.0
  0
LINE
  5
AD9D
330
A963
100
AcDbEntity
  8
RXDIM
 62
6
370
-2
440
16777216
100
AcDbLine
 10
14135.22591543122
 20
4402.530909499277
 30
0.0
 11
15335.22591537068
 21
4402.530909499277
 31
0.0
  0
INSERT
  5
AD9E
330
A963
100
AcDbEntity
  8
RXDIM
 62
6
370
-2
440
16777216
100
AcDbBlockReference
  2
_RXDOT
 10
14035.22591543122
 20
4402.530909499277
 30
0.0
 41
100.0
 42
100.0
 43
100.0
 50
180.0
  0
INSERT
  5
AD9F
330
A963
100
AcDbEntity
  8
RXDIM
 62
6
370
-2
440
16777216
100
AcDbBlockReference
  2
_RXDOT
 10
15435.22591537068
 20
4402.530909499277
 30
0.0
 41
100.0
 42
100.0
 43
100.0
  0
MTEXT
  5
ADA0
330
A963
100
AcDbEntity
  8
RXDIM
 62
3
440
16777216
100
AcDbMText
 10
14735.22591540095
 20
4605.190483967362
 30
0.0
 40
200.0
 41
0.0
 46
0.0
 71
5
  1
\A1;1400
  7
굴림체
  0
POINT
  5
ADA1
330
A963
100
AcDbEntity
  8
DEFPOINTS
 62
0
440
16777216
100
AcDbPoint
 10
14035.22591543122
 20
5302.530909495086
 30
0.0
  0
POINT
  5
ADA2
330
A963
100
AcDbEntity
  8
DEFPOINTS
 62
0
440
16777216
100
AcDbPoint
 10
15435.22591537068
 20
5302.530909487636
 30
0.0
  0
POINT
  5
ADA3
330
A963
100
AcDbEntity
  8
DEFPOINTS
 62
0
440
16777216
100
AcDbPoint
 10
15435.22591537068
 20
4402.530909499277
 30
0.0
  0
ENDBLK
  5
A96E
330
A963
100
AcDbEntity
  8
0
100
AcDbBlockEnd
  0
BLOCK
  5
A979
330
A96F
100
AcDbEntity
  8
0
100
AcDbBlockBegin
  2
*D66
 70
1
 10
0.0
 20
0.0
 30
0.0
  3
*D66
  1

  0
LINE
  5
ADA4
330
A96F
100
AcDbEntity
  8
RXDIM
 62
6
370
-2
440
16777216
100
AcDbLine
 10
14085.22591544542
 20
25268.52159150796
 30
0.0
 11
14085.22591544542
 21
27168.52159159457
 31
0.0
  0
LINE
  5
ADA5
330
A96F
100
AcDbEntity
  8
RXDIM
 62
6
370
-2
440
16777216
100
AcDbLine
 10
12035.22591547266
 20
25268.5215915182
 30
0.0
 11
12035.22591547266
 21
27168.52159159457
 31
0.0
  0
LINE
  5
ADA6
330
A96F
100
AcDbEntity
  8
RXDIM
 62
6
370
-2
440
16777216
100
AcDbLine
 10
13985.22591544542
 20
27018.52159159457
 30
0.0
 11
12135.22591547266
 21
27018.52159159457
 31
0.0
  0
INSERT
  5
ADA7
330
A96F
100
AcDbEntity
  8
RXDIM
 62
6
370
-2
440
16777216
100
AcDbBlockReference
  2
_RXDOT
 10
14085.22591544542
 20
27018.52159159457
 30
0.0
 41
100.0
 42
100.0
 43
100.0
  0
INSERT
  5
ADA8
330
A96F
100
AcDbEntity
  8
RXDIM
 62
6
370
-2
440
16777216
100
AcDbBlockReference
  2
_RXDOT
 10
12035.22591547266
 20
27018.52159159457
 30
0.0
 41
100.0
 42
100.0
 43
100.0
 50
180.0
  0
MTEXT
  5
ADA9
330
A96F
100
AcDbEntity
  8
RXDIM
 62
3
440
16777216
100
AcDbMText
 10
13060.22591545904
 20
27220.78222989245
 30
0.0
 40
200.0
 41
0.0
 46
0.0
 71
5
  1
\A1;2050
  7
굴림체
  0
POINT
  5
ADAA
330
A96F
100
AcDbEntity
  8
DEFPOINTS
 62
0
440
16777216
100
AcDbPoint
 10
14085.22591544542
 20
25118.52159150796
 30
0.0
  0
POINT
  5
ADAB
330
A96F
100
AcDbEntity
  8
DEFPOINTS
 62
0
440
16777216
100
AcDbPoint
 10
12035.22591547266
 20
25118.52159151821
 30
0.0
  0
POINT
  5
ADAC
330
A96F
100
AcDbEntity
  8
DEFPOINTS
 62
0
440
16777216
100
AcDbPoint
 10
12035.22591547266
 20
27018.52159159457
 30
0.0
  0
ENDBLK
  5
A97A
330
A96F
100
AcDbEntity
  8
0
100
AcDbBlockEnd
  0
BLOCK
  5
B057
330
B053
100
AcDbEntity
  8
0
100
AcDbBlockBegin
  2
*B67
 70
1
 10
11645.22591537365
 20
16497.97850087561
 30
0.0
  3
*B67
  1

  0
LWPOLYLINE
  5
B054
330
B053
100
AcDbEntity
  8
RXLEADER
 62
6
100
AcDbPolyline
 90
2
 70
1
 43
50.0
 10
11670.22591537365
 20
16497.97850087561
 42
1.0
 10
11620.22591537365
 20
16497.97850087561
 42
1.0
  0
LWPOLYLINE
  5
B055
330
B053
100
AcDbEntity
  8
RXLEADER
 62
6
100
AcDbPolyline
 90
2
 70
0
 10
11595.22591537365
 20
16497.97850087561
 10
10300.86737609212
 20
16497.97850087561
  0
TEXT
  5
B056
330
B053
100
AcDbEntity
  8
RXANNOT
 62
3
100
AcDbText
 10
7105.122695241059
 20
16397.97850087561
 30
0.0
 40
200.0
  1
차면시설(불투명쉬트지)
  7
굴림체
 72
2
 11
10100.86737609212
 21
16497.97850087561
 31
0.0
100
AcDbText
 73
2
  0
ENDBLK
  5
B058
330
B053
100
AcDbEntity
  8
0
100
AcDbBlockEnd
  0
BLOCK
  5
B05D
330
B059
100
AcDbEntity
  8
0
100
AcDbBlockBegin
  2
*B68
 70
1
 10
12245.22591535517
 20
13921.15801766098
 30
0.0
  3
*B68
  1

  0
LWPOLYLINE
  5
B05A
330
B059
100
AcDbEntity
  8
RXLEADER
 62
6
100
AcDbPolyline
 90
2
 70
1
 43
50.0
 10
12270.22591535517
 20
13921.15801766098
 42
1.0
 10
12220.22591535517
 20
13921.15801766098
 42
1.0
  0
LWPOLYLINE
  5
B05B
330
B059
100
AcDbEntity
  8
RXLEADER
 62
6
100
AcDbPolyline
 90
2
 70
0
 10
12195.22591535517
 20
13921.15801766098
 10
10800.86737609183
 20
13921.15801766098
  0
TEXT
  5
B05C
330
B059
100
AcDbEntity
  8
RXANNOT
 62
3
100
AcDbText
 10
7605.122695240767
 20
13821.15801766098
 30
0.0
 40
200.0
  1
차면시설(불투명쉬트지)
  7
굴림체
 72
2
 11
10600.86737609183
 21
13921.15801766098
 31
0.0
100
AcDbText
 73
2
  0
ENDBLK
  5
B05E
330
B059
100
AcDbEntity
  8
0
100
AcDbBlockEnd
  0
BLOCK
  5
B063
330
B05F
100
AcDbEntity
  8
0
100
AcDbBlockBegin
  2
*B69
 70
1
 10
12245.22591535517
 20
11880.15470890485
 30
0.0
  3
*B69
  1

  0
LWPOLYLINE
  5
B060
330
B05F
100
AcDbEntity
  8
RXLEADER
 62
6
100
AcDbPolyline
 90
2
 70
1
 43
50.0
 10
12270.22591535517
 20
11880.15470890485
 42
1.0
 10
12220.22591535517
 20
11880.15470890485
 42
1.0
  0
LWPOLYLINE
  5
B061
330
B05F
100
AcDbEntity
  8
RXLEADER
 62
6
100
AcDbPolyline
 90
2
 70
0
 10
12195.22591535517
 20
11880.15470890485
 10
10800.86737609183
 20
11880.15470890485
  0
TEXT
  5
B062
330
B05F
100
AcDbEntity
  8
RXANNOT
 62
3
100
AcDbText
 10
7605.122695240767
 20
11780.15470890485
 30
0.0
 40
200.0
  1
차면시설(불투명쉬트지)
  7
굴림체
 72
2
 11
10600.86737609183
 21
11880.15470890485
 31
0.0
100
AcDbText
 73
2
  0
ENDBLK
  5
B064
330
B05F
100
AcDbEntity
  8
0
100
AcDbBlockEnd
  0
BLOCK
  5
B069
330
B065
100
AcDbEntity
  8
0
100
AcDbBlockBegin
  2
*B70
 70
1
 10
20685.22591546757
 20
21623.72749759525
 30
0.0
  3
*B70
  1

  0
LWPOLYLINE
  5
B066
330
B065
100
AcDbEntity
  8
RXLEADER
 62
6
100
AcDbPolyline
 90
2
 70
1
 43
50.0
 10
20685.22591546757
 20
21598.72749759525
 42
1.0
 10
20685.22591546757
 20
21648.72749759525
 42
1.0
  0
LWPOLYLINE
  5
B067
330
B065
100
AcDbEntity
  8
RXLEADER
 62
6
100
AcDbPolyline
 90
3
 70
0
 10
20685.22591546757
 20
21673.72749759524
 10
20685.22591546757
 20
22041.23010668939
 10
20871.63742425479
 20
22041.23010668939
  0
TEXT
  5
B068
330
B065
100
AcDbEntity
  8
RXANNOT
 62
3
100
AcDbText
 10
21071.63742425479
 20
21941.23010668938
 30
0.0
 40
200.0
  1
난간설치
  7
굴림체
 11
21071.63742425479
 21
22041.23010668939
 31
0.0
100
AcDbText
 73
2
  0
ENDBLK
  5
B06A
330
B065
100
AcDbEntity
  8
0
100
AcDbBlockEnd
  0
BLOCK
  5
B06F
330
B06B
100
AcDbEntity
  8
0
100
AcDbBlockBegin
  2
*B71
 70
1
 10
20685.22591545929
 20
9583.727520314278
 30
0.0
  3
*B71
  1

  0
LWPOLYLINE
  5
B06C
330
B06B
100
AcDbEntity
  8
RXLEADER
 62
6
100
AcDbPolyline
 90
2
 70
1
 43
50.0
 10
20685.22591545929
 20
9608.727520314278
 42
1.0
 10
20685.22591545929
 20
9558.727520314278
 42
1.0
  0
LWPOLYLINE
  5
B06D
330
B06B
100
AcDbEntity
  8
RXLEADER
 62
6
100
AcDbPolyline
 90
3
 70
0
 10
20685.22591545929
 20
9533.727520314276
 10
20685.22591545929
 20
9166.224911220139
 10
20871.63742424651
 20
9166.224911220139
  0
TEXT
  5
B06E
330
B06B
100
AcDbEntity
  8
RXANNOT
 62
3
100
AcDbText
 10
21071.63742424651
 20
9066.224911220139
 30
0.0
 40
200.0
  1
난간설치
  7
굴림체
 11
21071.63742424651
 21
9166.224911220139
 31
0.0
100
AcDbText
 73
2
  0
ENDBLK
  5
B070
330
B06B
100
AcDbEntity
  8
0
100
AcDbBlockEnd
  0
ENDSEC
  0
SECTION
  2
ENTITIES
  0
INSERT
  5
13C
330
1F
100
AcDbEntity
  8
RXINFO
100
AcDbBlockReference
  2
*B2
 10
0.0
 20
0.0
 30
0.0
  0
LINE
  5
A3E2
330
1F
100
AcDbEntity
  8
HAT
100
AcDbLine
 10
17185.22591565456
 20
20872.72749758455
 30
0.0
 11
17190.22591565456
 21
20872.72749758455
 31
0.0
1001
ACAD
1010
102199.8526549796
1020
38942.53715614396
1030
0.0
  0
LINE
  5
A3E3
330
1F
100
AcDbEntity
  8
HAT
100
AcDbLine
 10
18600.22591544216
 20
19672.72749758455
 30
0.0
 11
18605.22591544478
 21
19672.72749758455
 31
0.0
1001
ACAD
1010
102199.8526549796
1020
38942.53715614396
1030
0.0
  0
LINE
  5
A3E4
330
1F
100
AcDbEntity
  8
HAT
100
AcDbLine
 10
18600.22591544187
 20
19472.72749758455
 30
0.0
 11
18605.22591544367
 21
19472.72749758455
 31
0.0
1001
ACAD
1010
102199.8526549796
1020
38942.53715614396
1030
0.0
  0
LINE
  5
A3E5
330
1F
100
AcDbEntity
  8
HAT
100
AcDbLine
 10
18600.22591544152
 20
19272.72749758455
 30
0.0
 11
18605.22591544257
 21
19272.72749758455
 31
0.0
1001
ACAD
1010
102199.8526549796
1020
38942.53715614396
1030
0.0
  0
LINE
  5
A3E6
330
1F
100
AcDbEntity
  8
HAT
100
AcDbLine
 10
17165.22591562784
 20
21072.72749758455
 30
0.0
 11
18335.2259154538
 21
21072.72749758455
 31
0.0
1001
ACAD
1010
102199.8526549796
1020
38942.53715614396
1030
0.0
  0
LINE
  5
A3E7
330
1F
100
AcDbEntity
  8
HAT
100
AcDbLine
 10
18335.2259154538
 20
21072.72749758455
 30
0.0
 11
18605.2259154524
 21
21072.72749758455
 31
0.0
1001
ACAD
1010
102199.8526549796
1020
38942.53715614396
1030
0.0
  0
LINE
  5
A3E8
330
1F
100
AcDbEntity
  8
HAT
100
AcDbLine
 10
18450.22591563361
 20
20872.72749758455
 30
0.0
 11
18605.22591545136
 21
20872.72749758455
 31
0.0
1001
ACAD
1010
102199.8526549796
1020
38942.53715614396
1030
0.0
  0
LINE
  5
A3E9
330
1F
100
AcDbEntity
  8
HAT
100
AcDbLine
 10
17215.17579001846
 20
20872.72749758455
 30
0.0
 11
18052.23219702317
 21
20872.72749758455
 31
0.0
1001
ACAD
1010
102199.8526549796
1020
38942.53715614396
1030
0.0
  0
LINE
  5
A3EA
330
1F
100
AcDbEntity
  8
HAT
100
AcDbLine
 10
18052.23219702317
 20
20872.72749758455
 30
0.0
 11
18378.22591563355
 21
20872.72749758455
 31
0.0
1001
ACAD
1010
102199.8526549796
1020
38942.53715614396
1030
0.0
  0
LINE
  5
A3EB
330
1F
100
AcDbEntity
  8
HAT
100
AcDbLine
 10
17165.22591562732
 20
20672.72749758455
 30
0.0
 11
17904.33306897821
 21
20672.72749758455
 31
0.0
1001
ACAD
1010
102199.8526549796
1020
38942.53715614396
1030
0.0
  0
LINE
  5
A3EC
330
1F
100
AcDbEntity
  8
HAT
100
AcDbLine
 10
18450.22591563366
 20
20672.72749758455
 30
0.0
 11
18605.22591545025
 21
20672.72749758455
 31
0.0
1001
ACAD
1010
102199.8526549796
1020
38942.53715614396
1030
0.0
  0
LINE
  5
A3ED
330
1F
100
AcDbEntity
  8
HAT
100
AcDbLine
 10
17904.33306897827
 20
20672.72749758455
 30
0.0
 11
18378.22591563372
 21
20672.72749758455
 31
0.0
1001
ACAD
1010
102199.8526549796
1020
38942.53715614396
1030
0.0
  0
LINE
  5
A3EE
330
1F
100
AcDbEntity
  8
HAT
100
AcDbLine
 10
17165.22591562703
 20
20472.72749758455
 30
0.0
 11
17852.23009624553
 21
20472.72749758455
 31
0.0
1001
ACAD
1010
102199.8526549796
1020
38942.53715614396
1030
0.0
  0
LINE
  5
A3EF
330
1F
100
AcDbEntity
  8
HAT
100
AcDbLine
 10
18450.22591563378
 20
20472.72749758455
 30
0.0
 11
18605.22591544915
 21
20472.72749758455
 31
0.0
1001
ACAD
1010
102199.8526549796
1020
38942.53715614396
1030
0.0
  0
LINE
  5
A3F0
330
1F
100
AcDbEntity
  8
HAT
100
AcDbLine
 10
17852.23009624553
 20
20472.72749758455
 30
0.0
 11
18420.22591563378
 21
20472.72749758455
 31
0.0
1001
ACAD
1010
102199.8526549796
1020
38942.53715614396
1030
0.0
  0
LINE
  5
A3F1
330
1F
100
AcDbEntity
  8
HAT
100
AcDbLine
 10
17165.2259156268
 20
20272.72749758455
 30
0.0
 11
18605.22591544804
 21
20272.72749758455
 31
0.0
1001
ACAD
1010
102199.8526549796
1020
38942.53715614396
1030
0.0
  0
LINE
  5
A3F2
330
1F
100
AcDbEntity
  8
HAT
100
AcDbLine
 10
17634.46966738696
 20
20072.72749758455
 30
0.0
 11
18605.22591544693
 21
20072.72749758455
 31
0.0
1001
ACAD
1010
102199.8526549796
1020
38942.53715614396
1030
0.0
  0
LINE
  5
A3F3
330
1F
100
AcDbEntity
  8
HAT
100
AcDbLine
 10
17570.17509452527
 20
19872.72749758455
 30
0.0
 11
17786.79195542115
 21
19872.72749758455
 31
0.0
1001
ACAD
1010
102199.8526549796
1020
38942.53715614396
1030
0.0
  0
LINE
  5
A3F4
330
1F
100
AcDbEntity
  8
HAT
100
AcDbLine
 10
17165.22591562598
 20
19672.72749758455
 30
0.0
 11
18152.97783379774
 21
19672.72749758455
 31
0.0
1001
ACAD
1010
102199.8526549796
1020
38942.53715614396
1030
0.0
  0
LINE
  5
A3F5
330
1F
100
AcDbEntity
  8
HAT
100
AcDbLine
 10
18152.97783379774
 20
19672.72749758455
 30
0.0
 11
18560.22591544216
 21
19672.72749758455
 31
0.0
1001
ACAD
1010
102199.8526549796
1020
38942.53715614396
1030
0.0
  0
LINE
  5
A3F6
330
1F
100
AcDbEntity
  8
HAT
100
AcDbLine
 10
17915.01383102056
 20
19472.72749758455
 30
0.0
 11
17969.7591509223
 21
19472.72749758455
 31
0.0
1001
ACAD
1010
102199.8526549796
1020
38942.53715614396
1030
0.0
  0
LINE
  5
A3F7
330
1F
100
AcDbEntity
  8
HAT
100
AcDbLine
 10
17969.7591509223
 20
19472.72749758455
 30
0.0
 11
18560.22591544181
 21
19472.72749758455
 31
0.0
1001
ACAD
1010
102199.8526549796
1020
38942.53715614396
1030
0.0
  0
LINE
  5
A3F8
330
1F
100
AcDbEntity
  8
HAT
100
AcDbLine
 10
17165.2259156254
 20
19272.72749758455
 30
0.0
 11
17888.32488106144
 21
19272.72749758455
 31
0.0
1001
ACAD
1010
102199.8526549796
1020
38942.53715614396
1030
0.0
  0
LINE
  5
A3F9
330
1F
100
AcDbEntity
  8
HAT
100
AcDbLine
 10
17888.32488106144
 20
19272.72749758455
 30
0.0
 11
18560.22591544152
 21
19272.72749758455
 31
0.0
1001
ACAD
1010
102199.8526549796
1020
38942.53715614396
1030
0.0
  0
LINE
  5
A3FA
330
1F
100
AcDbEntity
  8
HAT
100
AcDbLine
 10
17365.22591562517
 20
19133.72749758929
 30
0.0
 11
17365.22591562517
 21
19270.02887562111
 31
0.0
1001
ACAD
1010
102199.8526549796
1020
38942.53715614396
1030
0.0
  0
LINE
  5
A3FB
330
1F
100
AcDbEntity
  8
HAT
100
AcDbLine
 10
17365.22591562517
 20
19659.94177818611
 30
0.0
 11
17365.22591562517
 21
19784.16230547162
 31
0.0
1001
ACAD
1010
102199.8526549796
1020
38942.53715614396
1030
0.0
  0
LINE
  5
A3FC
330
1F
100
AcDbEntity
  8
HAT
100
AcDbLine
 10
17365.22591562517
 20
20423.72749764366
 30
0.0
 11
17365.22591562517
 21
21123.72749764267
 31
0.0
1001
ACAD
1010
102199.8526549796
1020
38942.53715614396
1030
0.0
  0
LINE
  5
A3FD
330
1F
100
AcDbEntity
  8
HAT
100
AcDbLine
 10
17365.22591562517
 20
20320.00103499486
 30
0.0
 11
17365.22591562517
 21
20393.72749764366
 31
0.0
1001
ACAD
1010
102199.8526549796
1020
38942.53715614396
1030
0.0
  0
LINE
  5
A3FE
330
1F
100
AcDbEntity
  8
HAT
100
AcDbLine
 10
17565.22591562517
 20
19133.72749758877
 30
0.0
 11
17565.22591562517
 21
19275.67125325445
 31
0.0
1001
ACAD
1010
102199.8526549796
1020
38942.53715614396
1030
0.0
  0
LINE
  5
A3FF
330
1F
100
AcDbEntity
  8
HAT
100
AcDbLine
 10
17565.22591562517
 20
19654.37741730014
 30
0.0
 11
17565.22591562517
 21
19866.95971427879
 31
0.0
1001
ACAD
1010
102199.8526549796
1020
38942.53715614396
1030
0.0
  0
LINE
  5
A400
330
1F
100
AcDbEntity
  8
HAT
100
AcDbLine
 10
17565.22591562517
 20
20423.72749764369
 30
0.0
 11
17565.22591562517
 21
21123.72749764119
 31
0.0
1001
ACAD
1010
102199.8526549796
1020
38942.53715614396
1030
0.0
  0
LINE
  5
A401
330
1F
100
AcDbEntity
  8
HAT
100
AcDbLine
 10
17565.22591562517
 20
20237.36489783046
 30
0.0
 11
17565.22591562517
 21
20393.72749764369
 31
0.0
1001
ACAD
1010
102199.8526549796
1020
38942.53715614396
1030
0.0
  0
LINE
  5
A402
330
1F
100
AcDbEntity
  8
HAT
100
AcDbLine
 10
17765.22591562517
 20
19133.72749758821
 30
0.0
 11
17765.22591562517
 21
19296.98409256535
 31
0.0
1001
ACAD
1010
102199.8526549796
1020
38942.53715614396
1030
0.0
  0
LINE
  5
A403
330
1F
100
AcDbEntity
  8
HAT
100
AcDbLine
 10
17765.22591562517
 20
19633.06457798923
 30
0.0
 11
17765.22591562517
 21
20393.72749764369
 31
0.0
1001
ACAD
1010
102199.8526549796
1020
38942.53715614396
1030
0.0
  0
LINE
  5
A404
330
1F
100
AcDbEntity
  8
HAT
100
AcDbLine
 10
17765.22591562517
 20
20423.72749764369
 30
0.0
 11
17765.22591562517
 21
21123.72749763967
 31
0.0
1001
ACAD
1010
102199.8526549796
1020
38942.53715614396
1030
0.0
  0
LINE
  5
A405
330
1F
100
AcDbEntity
  8
HAT
100
AcDbLine
 10
17965.22591562517
 20
19072.72749758682
 30
0.0
 11
17965.22591562517
 21
19465.11982752378
 31
0.0
1001
ACAD
1010
102199.8526549796
1020
38942.53715614396
1030
0.0
  0
LINE
  5
A406
330
1F
100
AcDbEntity
  8
HAT
100
AcDbLine
 10
17965.22591562517
 20
20776.96254685598
 30
0.0
 11
17965.22591562517
 21
21123.72749763822
 31
0.0
1001
ACAD
1010
102199.8526549796
1020
38942.53715614396
1030
0.0
  0
LINE
  5
A407
330
1F
100
AcDbEntity
  8
HAT
100
AcDbLine
 10
17965.22591562517
 20
19465.11982752378
 30
0.0
 11
17965.22591562517
 21
19731.50089056803
 31
0.0
1001
ACAD
1010
102199.8526549796
1020
38942.53715614396
1030
0.0
  0
LINE
  5
A408
330
1F
100
AcDbEntity
  8
HAT
100
AcDbLine
 10
18165.22591562517
 20
19072.72749758609
 30
0.0
 11
18165.22591562517
 21
19681.47921004124
 31
0.0
1001
ACAD
1010
102199.8526549796
1020
38942.53715614396
1030
0.0
  0
LINE
  5
A409
330
1F
100
AcDbEntity
  8
HAT
100
AcDbLine
 10
18165.22591562517
 20
20951.71897484346
 30
0.0
 11
18165.22591562517
 21
21123.7274976367
 31
0.0
1001
ACAD
1010
102199.8526549796
1020
38942.53715614396
1030
0.0
  0
LINE
  5
A40A
330
1F
100
AcDbEntity
  8
HAT
100
AcDbLine
 10
18165.22591562517
 20
19681.47921004124
 30
0.0
 11
18165.22591562517
 21
19731.50089056803
 31
0.0
1001
ACAD
1010
102199.8526549796
1020
38942.53715614396
1030
0.0
  0
LINE
  5
A40B
330
1F
100
AcDbEntity
  8
HAT
100
AcDbLine
 10
18365.22591562516
 20
19072.72749758536
 30
0.0
 11
18365.22591562516
 21
19777.59984182812
 31
0.0
1001
ACAD
1010
102199.8526549796
1020
38942.53715614396
1030
0.0
  0
LINE
  5
A40C
330
1F
100
AcDbEntity
  8
HAT
100
AcDbLine
 10
18365.22591562516
 20
21017.67614862214
 30
0.0
 11
18365.22591562516
 21
21123.72749763522
 31
0.0
1001
ACAD
1010
102199.8526549796
1020
38942.53715614396
1030
0.0
  0
LINE
  5
A40D
330
1F
100
AcDbEntity
  8
HAT
100
AcDbLine
 10
18365.22591562516
 20
19777.59984182812
 30
0.0
 11
18365.22591562516
 21
21017.67614862211
 31
0.0
1001
ACAD
1010
102199.8526549796
1020
38942.53715614396
1030
0.0
  0
LINE
  5
A40E
330
1F
100
AcDbEntity
  8
HAT
100
AcDbLine
 10
18565.22591562517
 20
19072.72749758464
 30
0.0
 11
18565.22591562517
 21
19115.72749758665
 31
0.0
1001
ACAD
1010
102199.8526549796
1020
38942.53715614396
1030
0.0
  0
LINE
  5
A40F
330
1F
100
AcDbEntity
  8
HAT
100
AcDbLine
 10
18565.22591562517
 20
20423.72749764416
 30
0.0
 11
18565.22591562517
 21
21123.72749763374
 31
0.0
1001
ACAD
1010
102199.8526549796
1020
38942.53715614396
1030
0.0
  0
LINE
  5
A410
330
1F
100
AcDbEntity
  8
HAT
100
AcDbLine
 10
18565.22591562517
 20
19805.72749758664
 30
0.0
 11
18565.22591562517
 21
20393.72749764416
 31
0.0
1001
ACAD
1010
102199.8526549796
1020
38942.53715614396
1030
0.0
  0
LINE
  5
A411
330
1F
100
AcDbEntity
  8
HAT
100
AcDbLine
 10
17965.22591562517
 20
20051.50089056803
 30
0.0
 11
17965.22591562517
 21
20776.96254685595
 31
0.0
1001
ACAD
1010
102199.8526549796
1020
38942.53715614396
1030
0.0
  0
LINE
  5
A412
330
1F
100
AcDbEntity
  8
HAT
100
AcDbLine
 10
18172.63794270385
 20
19872.72749758455
 30
0.0
 11
18605.22591544589
 21
19872.72749758455
 31
0.0
1001
ACAD
1010
102199.8526549796
1020
38942.53715614396
1030
0.0
  0
LINE
  5
A413
330
1F
100
AcDbEntity
  8
HAT
100
AcDbLine
 10
18165.22591562517
 20
20051.50089056803
 30
0.0
 11
18165.22591562517
 21
20951.71897484346
 31
0.0
1001
ACAD
1010
102199.8526549796
1020
38942.53715614396
1030
0.0
  0
HATCH
  5
A414
330
1F
100
AcDbEntity
  8
HAT
100
AcDbHatch
 10
0.0
 20
0.0
 30
0.0
210
0.0
220
0.0
230
1.0
  2
NET
 70
0
 71
0
 91
3
 92
22
 72
0
 73
1
 93
4
 10
18160.00947439688
 20
14874.17463698608
 10
18160.00947439688
 20
14554.17463698608
 10
17538.66452005779
 20
14554.17463698608
 10
17538.66452005779
 20
14874.17463698605
 97
0
 92
24
 93
4
 72
1
 10
17544.67515835567
 20
14551.40867953905
 11
18197.33473282377
 21
14551.40867953905
 72
1
 10
18197.33473282377
 20
14551.40867953905
 11
18197.33473282377
 21
14875.34484975183
 72
1
 10
18197.33473282377
 20
14875.3448497518
 11
17544.67515835567
 21
14875.3448497518
 72
1
 10
17544.67515835567
 20
14875.3448497518
 11
17544.67515835567
 21
14551.40867953902
 97
0
 92
1
 93
14
 72
1
 10
18617.22591542284
 20
15285.72749759863
 11
17245.22591562144
 21
15285.727497591
 72
1
 10
17245.22591562138
 20
15285.727497591
 11
17245.2259156215
 21
15233.72749767744
 72
1
 10
17245.2259156215
 20
15233.72749767744
 11
17110.22591562191
 21
15233.72749767744
 72
1
 10
17110.22591562191
 20
15233.72749767744
 11
17110.22591562191
 21
15218.72749767744
 72
1
 10
17110.22591562191
 20
15218.72749767744
 11
17067.22591562191
 21
15203.72749767744
 72
1
 10
17067.22591562191
 20
15203.72749767744
 11
17035.22591561958
 21
15203.72749767744
 72
1
 10
17035.22591561958
 20
15203.72749767744
 11
17035.2259156183
 21
14303.72749767744
 72
1
 10
17035.2259156183
 20
14303.72749767744
 11
17067.22591562191
 21
14303.72749767744
 72
1
 10
17067.22591562191
 20
14303.72749767744
 11
17110.22591562191
 21
14288.72749767744
 72
1
 10
17110.22591562191
 20
14288.72749767744
 11
17110.22591562191
 21
14271.72749767744
 72
1
 10
17110.22591562191
 20
14271.72749767744
 11
17153.22591561818
 21
14271.72749767744
 72
1
 10
17153.22591561818
 20
14271.72749767744
 11
17153.2259156183
 21
14153.72749766859
 72
1
 10
17153.2259156183
 20
14153.72749766859
 11
18617.22591541707
 21
14153.72749766859
 72
1
 10
18617.22591541707
 20
14153.72749766859
 11
18617.22591542284
 21
15285.72749759863
 97
0
 75
0
 76
1
 52
0.0
 41
300.0
 77
0
 78
2
 53
0.0
 43
18617.22591542289
 44
15303.72749759863
 45
0.0
 46
300.0
 79
0
 53
90.0
 43
18617.22591542289
 44
15303.72749759863
 45
-300.0
 46
1.84e-14
 79
0
 47
2.892234967461614
 98
2
 10
17731.67067386221
 20
14988.06348266118
 10
17731.67067386221
 20
14988.06348266118
1001
ACAD
1010
103651.8526547773
1020
35173.53715615805
1030
0.0
  0
HATCH
  5
A415
330
1F
100
AcDbEntity
  8
HAT
100
AcDbHatch
 10
0.0
 20
0.0
 30
0.0
210
0.0
220
0.0
230
1.0
  2
NET
 70
0
 71
0
 91
3
 92
22
 72
0
 73
1
 93
4
 10
17540.88789661781
 20
17027.69659319114
 10
18162.2328509569
 20
17027.69659319114
 10
18162.2328509569
 20
16707.69659319114
 10
17540.88789661781
 20
16707.69659319114
 97
0
 92
24
 93
4
 72
1
 10
17546.8985349157
 20
16706.52638042516
 11
18199.55810938379
 21
16706.52638042516
 72
1
 10
18199.55810938379
 20
16706.52638042516
 11
18199.55810938379
 21
17030.46255063794
 72
1
 10
18199.55810938379
 20
17030.46255063794
 11
17546.8985349157
 21
17030.46255063794
 72
1
 10
17546.8985349157
 20
17030.46255063794
 11
17546.8985349157
 21
16706.52638042516
 97
0
 92
1
 93
14
 72
1
 10
17245.22591562127
 20
16321.72749758955
 11
18617.22591542778
 21
16321.7274975821
 72
1
 10
18617.22591542778
 20
16321.7274975821
 11
18617.22591543448
 21
17653.72749766906
 72
1
 10
18617.22591543442
 20
17653.72749766907
 11
17153.22591562359
 21
17653.72749766907
 72
1
 10
17153.22591562359
 20
17653.72749766907
 11
17153.22591562383
 21
17535.72749767791
 72
1
 10
17153.22591562383
 20
17535.72749767791
 11
17110.22591562191
 21
17535.72749767791
 72
1
 10
17110.22591562191
 20
17535.72749767791
 11
17110.22591562191
 21
17518.72749767791
 72
1
 10
17110.22591562191
 20
17518.72749767791
 11
17067.22591562191
 21
17503.72749767791
 72
1
 10
17067.22591562191
 20
17503.72749767791
 11
17035.22591562284
 21
17503.72749767791
 72
1
 10
17035.22591562284
 20
17503.72749767791
 11
17035.22591562156
 21
16603.72749767791
 72
1
 10
17035.22591562156
 20
16603.72749767791
 11
17067.22591562191
 21
16603.72749767791
 72
1
 10
17067.22591562196
 20
16603.72749767791
 11
17110.22591562191
 21
16588.72749767791
 72
1
 10
17110.22591562191
 20
16588.72749767788
 11
17110.22591562191
 21
16573.72749767791
 72
1
 10
17110.22591562191
 20
16573.72749767791
 11
17245.22591562121
 21
16573.72749767791
 72
1
 10
17245.22591562121
 20
16573.72749767791
 11
17245.22591562127
 21
16321.72749758955
 97
0
 75
0
 76
1
 52
0.0
 41
300.0
 77
0
 78
2
 53
0.0
 43
18617.22591542767
 44
16303.7274975821
 45
0.0
 46
300.0
 79
0
 53
90.0
 43
18617.22591542767
 44
16303.7274975821
 45
-300.0
 46
1.84e-14
 79
0
 47
6.519650277595348
 98
2
 10
17524.64843252126
 20
17259.0289641253
 10
17524.64843252126
 20
17259.0289641253
1001
ACAD
1010
103651.852654782
1020
36173.5371561415
1030
0.0
  0
LINE
  5
A416
330
1F
100
AcDbEntity
  8
HAT
100
AcDbLine
 10
17165.22591561544
 20
12103.72749759863
 30
0.0
 11
17884.16674639878
 21
12103.72749759863
 31
0.0
1001
ACAD
1010
103651.8526547773
1020
35173.53715615805
1030
0.0
  0
LINE
  5
A417
330
1F
100
AcDbEntity
  8
HAT
100
AcDbLine
 10
17884.16674639878
 20
12103.72749759863
 30
0.0
 11
18560.22591540886
 21
12103.72749759863
 31
0.0
1001
ACAD
1010
103651.8526547773
1020
35173.53715615805
1030
0.0
  0
LINE
  5
A418
330
1F
100
AcDbEntity
  8
HAT
100
AcDbLine
 10
17914.30871349299
 20
11903.72749759863
 30
0.0
 11
17958.68123709655
 21
11903.72749759863
 31
0.0
1001
ACAD
1010
103651.8526547773
1020
35173.53715615805
1030
0.0
  0
LINE
  5
A419
330
1F
100
AcDbEntity
  8
HAT
100
AcDbLine
 10
17958.68123709655
 20
11903.72749759863
 30
0.0
 11
18560.22591540922
 21
11903.72749759863
 31
0.0
1001
ACAD
1010
103651.8526547773
1020
35173.53715615805
1030
0.0
  0
LINE
  5
A41A
330
1F
100
AcDbEntity
  8
HAT
100
AcDbLine
 10
17686.94258542766
 20
11703.72749759863
 30
0.0
 11
18128.18887994886
 21
11703.72749759863
 31
0.0
1001
ACAD
1010
103651.8526547773
1020
35173.53715615805
1030
0.0
  0
LINE
  5
A41B
330
1F
100
AcDbEntity
  8
HAT
100
AcDbLine
 10
18128.18887994886
 20
11703.72749759863
 30
0.0
 11
18560.22591540956
 21
11703.72749759863
 31
0.0
1001
ACAD
1010
103651.8526547773
1020
35173.53715615805
1030
0.0
  0
LINE
  5
A41C
330
1F
100
AcDbEntity
  8
HAT
100
AcDbLine
 10
17438.91425452399
 20
11503.72749759863
 30
0.0
 11
17841.79195518413
 21
11503.72749759863
 31
0.0
1001
ACAD
1010
103651.8526547773
1020
35173.53715615805
1030
0.0
  0
LINE
  5
A41D
330
1F
100
AcDbEntity
  8
HAT
100
AcDbLine
 10
17628.37898758187
 20
11303.72749759863
 30
0.0
 11
17841.79195518413
 21
11303.72749759863
 31
0.0
1001
ACAD
1010
103651.8526547773
1020
35173.53715615805
1030
0.0
  0
LINE
  5
A41E
330
1F
100
AcDbEntity
  8
HAT
100
AcDbLine
 10
17598.5967040403
 20
11103.72749759863
 30
0.0
 11
18605.22591540171
 21
11103.72749759863
 31
0.0
1001
ACAD
1010
103651.8526547773
1020
35173.53715615805
1030
0.0
  0
LINE
  5
A41F
330
1F
100
AcDbEntity
  8
HAT
100
AcDbLine
 10
17165.22591562528
 20
10903.72749759863
 30
0.0
 11
18605.22591540048
 21
10903.72749759863
 31
0.0
1001
ACAD
1010
103651.8526547773
1020
35173.53715615805
1030
0.0
  0
LINE
  5
A420
330
1F
100
AcDbEntity
  8
HAT
100
AcDbLine
 10
17165.22591561335
 20
10703.72749759863
 30
0.0
 11
17910.5831655027
 21
10703.72749759863
 31
0.0
1001
ACAD
1010
103651.8526547773
1020
35173.53715615805
1030
0.0
  0
LINE
  5
A421
330
1F
100
AcDbEntity
  8
HAT
100
AcDbLine
 10
18505.22591539652
 20
10703.72749759863
 30
0.0
 11
18605.22591539926
 21
10703.72749759863
 31
0.0
1001
ACAD
1010
103651.8526547773
1020
35173.53715615805
1030
0.0
  0
LINE
  5
A422
330
1F
100
AcDbEntity
  8
HAT
100
AcDbLine
 10
17910.5831655027
 20
10703.72749759863
 30
0.0
 11
18475.22591539653
 21
10703.72749759863
 31
0.0
1001
ACAD
1010
103651.8526547773
1020
35173.53715615805
1030
0.0
  0
LINE
  5
A423
330
1F
100
AcDbEntity
  8
HAT
100
AcDbLine
 10
17175.22591553436
 20
10503.72749759863
 30
0.0
 11
17974.56594893528
 21
10503.72749759863
 31
0.0
1001
ACAD
1010
103651.8526547773
1020
35173.53715615805
1030
0.0
  0
LINE
  5
A424
330
1F
100
AcDbEntity
  8
HAT
100
AcDbLine
 10
18505.22591539641
 20
10503.72749759863
 30
0.0
 11
18605.22591539804
 21
10503.72749759863
 31
0.0
1001
ACAD
1010
103651.8526547773
1020
35173.53715615805
1030
0.0
  0
LINE
  5
A425
330
1F
100
AcDbEntity
  8
HAT
100
AcDbLine
 10
17974.56594893528
 20
10503.72749759863
 30
0.0
 11
18433.22591539641
 21
10503.72749759863
 31
0.0
1001
ACAD
1010
103651.8526547773
1020
35173.53715615805
1030
0.0
  0
LINE
  5
A426
330
1F
100
AcDbEntity
  8
HAT
100
AcDbLine
 10
17165.22591561271
 20
10303.72749759863
 30
0.0
 11
18145.22591538547
 21
10303.72749759863
 31
0.0
1001
ACAD
1010
103651.8526547773
1020
35173.53715615805
1030
0.0
  0
LINE
  5
A427
330
1F
100
AcDbEntity
  8
HAT
100
AcDbLine
 10
18505.22591539635
 20
10303.72749759863
 30
0.0
 11
18605.22591539688
 21
10303.72749759863
 31
0.0
1001
ACAD
1010
103651.8526547773
1020
35173.53715615805
1030
0.0
  0
LINE
  5
A428
330
1F
100
AcDbEntity
  8
HAT
100
AcDbLine
 10
18145.22591538553
 20
10303.72749759863
 30
0.0
 11
18451.23633656912
 21
10303.72749759863
 31
0.0
1001
ACAD
1010
103651.8526547773
1020
35173.53715615805
1030
0.0
  0
LINE
  5
A429
330
1F
100
AcDbEntity
  8
HAT
100
AcDbLine
 10
17165.22591561242
 20
10103.72749759863
 30
0.0
 11
18335.2259153953
 21
10103.72749759863
 31
0.0
1001
ACAD
1010
103651.8526547773
1020
35173.53715615805
1030
0.0
  0
LINE
  5
A42A
330
1F
100
AcDbEntity
  8
HAT
100
AcDbLine
 10
18335.2259153953
 20
10103.72749759863
 30
0.0
 11
18605.22591539565
 21
10103.72749759863
 31
0.0
1001
ACAD
1010
103651.8526547773
1020
35173.53715615805
1030
0.0
  0
LINE
  5
A42B
330
1F
100
AcDbEntity
  8
HAT
100
AcDbLine
 10
17217.22591542289
 20
10083.72749759036
 30
0.0
 11
17217.22591542289
 21
10423.7274975807
 31
0.0
1001
ACAD
1010
103651.8526547773
1020
35173.53715615805
1030
0.0
  0
LINE
  5
A42C
330
1F
100
AcDbEntity
  8
HAT
100
AcDbLine
 10
17217.22591542289
 20
12082.72826832452
 30
0.0
 11
17217.22591542289
 21
12223.72749759019
 31
0.0
1001
ACAD
1010
103651.8526547773
1020
35173.53715615805
1030
0.0
  0
LINE
  5
A42D
330
1F
100
AcDbEntity
  8
HAT
100
AcDbLine
 10
17217.22591542289
 20
10443.7274975807
 30
0.0
 11
17217.22591542289
 21
10783.72749759089
 31
0.0
1001
ACAD
1010
103651.8526547773
1020
35173.53715615805
1030
0.0
  0
LINE
  5
A42E
330
1F
100
AcDbEntity
  8
HAT
100
AcDbLine
 10
17217.22591542289
 20
11511.66564791598
 30
0.0
 11
17217.22591542289
 21
11692.72826832452
 31
0.0
1001
ACAD
1010
103651.8526547773
1020
35173.53715615805
1030
0.0
  0
LINE
  5
A42F
330
1F
100
AcDbEntity
  8
HAT
100
AcDbLine
 10
17217.22591542289
 20
10813.72749759089
 30
0.0
 11
17217.22591542289
 21
10972.70564784937
 31
0.0
1001
ACAD
1010
103651.8526547773
1020
35173.53715615805
1030
0.0
  0
LINE
  5
A430
330
1F
100
AcDbEntity
  8
HAT
100
AcDbLine
 10
17417.22591542289
 20
10083.72749759036
 30
0.0
 11
17417.22591542289
 21
10783.72749759086
 31
0.0
1001
ACAD
1010
103651.8526547773
1020
35173.53715615805
1030
0.0
  0
LINE
  5
A431
330
1F
100
AcDbEntity
  8
HAT
100
AcDbLine
 10
17417.22591542289
 20
12081.21472165795
 30
0.0
 11
17417.22591542289
 21
12223.72749758978
 31
0.0
1001
ACAD
1010
103651.8526547773
1020
35173.53715615805
1030
0.0
  0
LINE
  5
A432
330
1F
100
AcDbEntity
  8
HAT
100
AcDbLine
 10
17417.22591542289
 20
10813.72749759086
 30
0.0
 11
17417.22591542289
 21
10972.75953847875
 31
0.0
1001
ACAD
1010
103651.8526547773
1020
35173.53715615805
1030
0.0
  0
LINE
  5
A433
330
1F
100
AcDbEntity
  8
HAT
100
AcDbLine
 10
17617.22591542289
 20
10083.72749759036
 30
0.0
 11
17617.22591542289
 21
10783.72749759083
 31
0.0
1001
ACAD
1010
103651.8526547773
1020
35173.53715615805
1030
0.0
  0
LINE
  5
A434
330
1F
100
AcDbEntity
  8
HAT
100
AcDbLine
 10
17617.22591542289
 20
12075.71091557751
 30
0.0
 11
17617.22591542289
 21
12223.7274975894
 31
0.0
1001
ACAD
1010
103651.8526547773
1020
35173.53715615805
1030
0.0
  0
LINE
  5
A435
330
1F
100
AcDbEntity
  8
HAT
100
AcDbLine
 10
17617.22591542289
 20
10813.72749759083
 30
0.0
 11
17617.22591542289
 21
11143.4131814238
 31
0.0
1001
ACAD
1010
103651.8526547773
1020
35173.53715615805
1030
0.0
  0
LINE
  5
A436
330
1F
100
AcDbEntity
  8
HAT
100
AcDbLine
 10
17817.22591542289
 20
10083.72749759036
 30
0.0
 11
17817.22591542289
 21
10783.72749759083
 31
0.0
1001
ACAD
1010
103651.8526547773
1020
35173.53715615805
1030
0.0
  0
LINE
  5
A437
330
1F
100
AcDbEntity
  8
HAT
100
AcDbLine
 10
17817.22591542289
 20
12032.58742739508
 30
0.0
 11
17817.22591542289
 21
12223.72749758899
 31
0.0
1001
ACAD
1010
103651.8526547773
1020
35173.53715615805
1030
0.0
  0
LINE
  5
A438
330
1F
100
AcDbEntity
  8
HAT
100
AcDbLine
 10
17817.22591542289
 20
10813.72749759083
 30
0.0
 11
17817.22591542289
 21
11742.86910925393
 31
0.0
1001
ACAD
1010
103651.8526547773
1020
35173.53715615805
1030
0.0
  0
LINE
  5
A439
330
1F
100
AcDbEntity
  8
HAT
100
AcDbLine
 10
18017.22591542289
 20
10083.72749759036
 30
0.0
 11
18017.22591542289
 21
10434.64870988514
 31
0.0
1001
ACAD
1010
103651.8526547773
1020
35173.53715615805
1030
0.0
  0
LINE
  5
A43A
330
1F
100
AcDbEntity
  8
HAT
100
AcDbLine
 10
18017.22591542289
 20
11815.99166398519
 30
0.0
 11
18017.22591542289
 21
12284.72749759243
 31
0.0
1001
ACAD
1010
103651.8526547773
1020
35173.53715615805
1030
0.0
  0
LINE
  5
A43B
330
1F
100
AcDbEntity
  8
HAT
100
AcDbLine
 10
18017.22591542289
 20
10434.64870988517
 30
0.0
 11
18017.22591542289
 21
11209.17137714406
 31
0.0
1001
ACAD
1010
103651.8526547773
1020
35173.53715615805
1030
0.0
  0
LINE
  5
A43C
330
1F
100
AcDbEntity
  8
HAT
100
AcDbLine
 10
18217.22591542289
 20
10083.72749759036
 30
0.0
 11
18217.22591542289
 21
10257.36640478887
 31
0.0
1001
ACAD
1010
103651.8526547773
1020
35173.53715615805
1030
0.0
  0
LINE
  5
A43D
330
1F
100
AcDbEntity
  8
HAT
100
AcDbLine
 10
18217.22591542289
 20
11643.01972245312
 30
0.0
 11
18217.22591542289
 21
12284.7274975917
 31
0.0
1001
ACAD
1010
103651.8526547773
1020
35173.53715615805
1030
0.0
  0
LINE
  5
A43E
330
1F
100
AcDbEntity
  8
HAT
100
AcDbLine
 10
18217.22591542289
 20
10257.36640478887
 30
0.0
 11
18217.22591542289
 21
11209.17137714406
 31
0.0
1001
ACAD
1010
103651.8526547773
1020
35173.53715615805
1030
0.0
  0
LINE
  5
A43F
330
1F
100
AcDbEntity
  8
HAT
100
AcDbLine
 10
18417.22591542289
 20
10083.72749759036
 30
0.0
 11
18417.22591542289
 21
10190.21591387471
 31
0.0
1001
ACAD
1010
103651.8526547773
1020
35173.53715615805
1030
0.0
  0
LINE
  5
A440
330
1F
100
AcDbEntity
  8
HAT
100
AcDbLine
 10
18417.22591542289
 20
11566.70823860282
 30
0.0
 11
18417.22591542289
 21
12284.72749759097
 31
0.0
1001
ACAD
1010
103651.8526547773
1020
35173.53715615805
1030
0.0
  0
LINE
  5
A441
330
1F
100
AcDbEntity
  8
HAT
100
AcDbLine
 10
18417.22591542289
 20
10190.21591387471
 30
0.0
 11
18417.22591542289
 21
11566.70823860282
 31
0.0
1001
ACAD
1010
103651.8526547773
1020
35173.53715615805
1030
0.0
  0
LINE
  5
A442
330
1F
100
AcDbEntity
  8
HAT
100
AcDbLine
 10
18217.22591542289
 20
11529.17137714406
 30
0.0
 11
18217.22591542289
 21
11643.01972245312
 31
0.0
1001
ACAD
1010
103651.8526547773
1020
35173.53715615805
1030
0.0
  0
LINE
  5
A443
330
1F
100
AcDbEntity
  8
HAT
100
AcDbLine
 10
18017.22591542289
 20
11529.17137714406
 30
0.0
 11
18017.22591542289
 21
11815.99166398519
 31
0.0
1001
ACAD
1010
103651.8526547773
1020
35173.53715615805
1030
0.0
  0
LINE
  5
A444
330
1F
100
AcDbEntity
  8
HAT
100
AcDbLine
 10
18227.63794246682
 20
11303.72749759863
 30
0.0
 11
18605.22591540293
 21
11303.72749759863
 31
0.0
1001
ACAD
1010
103651.8526547773
1020
35173.53715615805
1030
0.0
  0
LINE
  5
A445
330
1F
100
AcDbEntity
  8
HAT
100
AcDbLine
 10
18227.63794246682
 20
11503.72749759863
 30
0.0
 11
18605.22591540409
 21
11503.72749759863
 31
0.0
1001
ACAD
1010
103651.8526547773
1020
35173.53715615805
1030
0.0
  0
LINE
  5
A446
330
1F
100
AcDbEntity
  8
HAT
100
AcDbLine
 10
17417.22591542289
 20
11511.66564791598
 30
0.0
 11
17417.22591542289
 21
11694.24181499106
 31
0.0
1001
ACAD
1010
103651.8526547773
1020
35173.53715615805
1030
0.0
  0
LINE
  5
A447
330
1F
100
AcDbEntity
  8
HAT
100
AcDbLine
 10
17617.22591542289
 20
11340.95811410094
 30
0.0
 11
17617.22591542289
 21
11699.74562107149
 31
0.0
1001
ACAD
1010
103651.8526547773
1020
35173.53715615805
1030
0.0
  0
LINE
  5
A448
330
1F
100
AcDbEntity
  8
CEN
100
AcDbLine
 10
8185.229018309794
 20
14153.72749767744
 30
0.0
 11
19194.97439300961
 21
14153.72749767744
 31
0.0
  0
LWPOLYLINE
  5
A449
330
1F
100
AcDbEntity
  8
CEN
100
AcDbPolyline
 90
2
 70
0
 10
12035.22591547243
 20
25118.52159159457
 10
12035.22591537091
 20
5302.530909499277
  0
LINE
  5
A44A
330
1F
100
AcDbEntity
  8
CEN
100
AcDbLine
 10
13462.96104368282
 20
16153.72749759083
 30
0.0
 11
8185.229018309794
 21
16153.72749759083
 31
0.0
  0
LINE
  5
A44B
330
1F
100
AcDbEntity
  8
CEN
100
AcDbLine
 10
16435.05618792301
 20
15803.72749759036
 30
0.0
 11
23074.50834271888
 21
15803.72749759036
 31
0.0
  0
LINE
  5
A44C
330
1F
100
AcDbEntity
  8
CEN
100
AcDbLine
 10
25335.22591548658
 20
17072.27923416496
 30
0.0
 11
25335.22591552039
 21
5302.530909576577
 31
0.0
  0
LINE
  5
A44D
330
1F
100
AcDbEntity
  8
CEN
100
AcDbLine
 10
22635.22591542284
 20
25118.52159156617
 30
0.0
 11
22635.22591553227
 21
5302.530909425702
 31
0.0
  0
LWPOLYLINE
  5
A44E
330
1F
100
AcDbEntity
  8
CEN
100
AcDbPolyline
 90
2
 70
0
 10
15435.22591543704
 20
18172.19108595107
 10
15435.22591537068
 20
5302.530909496483
  0
LWPOLYLINE
  5
A44F
330
1F
100
AcDbEntity
  8
CEN
100
AcDbPolyline
 90
2
 70
0
 10
18735.22591547266
 20
25118.5215915075
 10
18735.22591537115
 20
5302.530909375877
  0
INSERT
  5
A450
330
1F
100
AcDbEntity
  8
0
100
AcDbBlockReference
  2
A$C641937F6
 10
3180.715441490232
 20
24227.85972309405
 30
0.0
 41
49.99999999993979
 42
50.0
 43
50.0
 50
23.94946729215702
  0
LWPOLYLINE
  5
A451
330
1F
100
AcDbEntity
  8
0
100
AcDbPolyline
 90
4
 70
1
 10
37499.99954189424
 20
28399.99981474843
 10
1599.999541894242
 20
28399.99981474843
 10
1599.999541894242
 20
1299.999814748422
 10
37499.99954189424
 20
1299.999814748422
  0
LWPOLYLINE
  5
A452
330
1F
100
AcDbEntity
  8
CEN
100
AcDbPolyline
 90
2
 70
0
 10
17035.22591563355
 20
25118.52159152565
 10
17035.22591560561
 20
5302.530909490429
  0
LINE
  5
A453
330
1F
100
AcDbEntity
  8
CEN
100
AcDbLine
 10
23099.84526037792
 20
19753.72749759037
 30
0.0
 11
13593.83285602415
 21
19753.72749759037
 31
0.0
  0
CIRCLE
  5
A454
330
1F
100
AcDbEntity
  8
RXSYMBOL
 62
2
100
AcDbCircle
 10
16104.86338972702
 20
2361.250231053804
 30
0.0
 40
540.0
  0
LINE
  5
A455
330
1F
100
AcDbEntity
  8
RXSYMBOL
 62
2
100
AcDbLine
 10
15024.86338972702
 20
2361.250231053804
 30
0.0
 11
21998.15687094565
 21
2361.250231053804
 31
0.0
  0
LINE
  5
A456
330
1F
100
AcDbEntity
  8
RXSYMBOL
 62
2
100
AcDbLine
 10
16104.86338972702
 20
2361.250231053804
 30
0.0
 11
16104.86338972702
 21
1420.768408164506
 31
0.0
  0
TEXT
  5
A457
330
1F
100
AcDbEntity
  8
RXDWGTITLE
 62
3
100
AcDbText
 10
17184.86338972678
 20
2481.250231053804
 30
0.0
 40
420.0
  1
3 층 평 면 도
  7
굴림체
100
AcDbText
  0
TEXT
  5
A458
330
1F
100
AcDbEntity
  8
RXSBTXT
 62
3
100
AcDbText
 10
16012.94849611
 20
2481.250231053804
 30
0.0
 40
270.0
  1
1
  7
굴림체
 72
1
 11
16104.86338972702
 21
2481.250231053804
 31
0.0
100
AcDbText
  0
TEXT
  5
A459
330
1F
100
AcDbEntity
  8
RXSBTXT
 62
3
100
AcDbText
 10
15862.31019823766
 20
2061.250231053804
 30
0.0
 40
180.0
  1
A
  7
굴림체
 72
2
 11
15984.86338972702
 21
2241.250231053804
 31
0.0
100
AcDbText
 73
3
  0
TEXT
  5
A45A
330
1F
100
AcDbEntity
  8
RXSBTXT
 62
3
100
AcDbText
 10
20205.02616658557
 20
2076.555522776798
 30
0.0
 40
180.0
  1
축척 : 1/100 
  7
굴림체
100
AcDbText
  0
INSERT
  5
A45B
102
{ACAD_XDICTIONARY
360
A45C
102
}
330
1F
100
AcDbEntity
  8
0
100
AcDbBlockReference
  2
A$C4838202B
 10
-0.0004761685268022
 20
-0.000166782985616
 30
0.0
 41
50.0
 42
50.0
 43
50.0
  0
TEXT
  5
A45D
330
1F
100
AcDbEntity
  8
TEXT
100
AcDbText
 10
38527.02599355625
 20
3049.999814748888
 30
0.0
 40
200.0
  1
2019. 07.  .
  7
굴림체
 72
2
 11
40161.06854674773
 21
3149.999814748888
 31
0.0
100
AcDbText
 73
2
  0
TEXT
  5
A45E
330
1F
100
AcDbEntity
  8
TEXT
100
AcDbText
 10
38114.89315891575
 20
5873.769971092355
 30
0.0
 40
200.0
  1
3 층 평 면 도
  7
굴림체
 72
1
 11
38999.99954189448
 21
5973.769971092355
 31
0.0
100
AcDbText
 73
2
  0
TEXT
  5
A45F
330
1F
100
AcDbEntity
  8
TEXT
100
AcDbText
 10
38886.31422404197
 20
3737.283046402627
 30
0.0
 40
200.0
  1
1/100
  7
굴림체
 72
1
 11
39226.73975595687
 21
3837.283046402627
 31
0.0
100
AcDbText
 73
2
  0
TEXT
  5
A460
330
1F
100
AcDbEntity
  8
TEXT
100
AcDbText
 10
15563.68660877214
 20
11506.22013496969
 30
0.0
 40
200.0
  1
방2
  7
굴림체
 11
15563.68660877214
 21
11606.22013496969
 31
0.0
100
AcDbText
 73
2
  0
TEXT
  5
A461
330
1F
100
AcDbEntity
  8
TEXT
100
AcDbText
 10
17600.88789661781
 20
16767.69659319114
 30
0.0
 40
200.0
  1
현관
  7
굴림체
 11
17600.88789661781
 21
16867.69659319114
 31
0.0
100
AcDbText
 73
2
  0
TEXT
  5
A462
330
1F
100
AcDbEntity
  8
TEXT
100
AcDbText
 10
15348.69848727662
 20
19049.86891104029
 30
0.0
 40
200.0
  1
방1
  7
굴림체
 11
15348.69848727662
 21
19149.86891104029
 31
0.0
100
AcDbText
 73
2
  0
TEXT
  5
A463
330
1F
100
AcDbEntity
  8
TEXT
100
AcDbText
 10
20257.31026821508
 20
16973.92445620395
 30
0.0
 40
200.0
  1
주방
  7
굴림체
 11
20257.31026821508
 21
17073.92445620395
 31
0.0
100
AcDbText
 73
2
  0
TEXT
  5
A464
330
1F
100
AcDbEntity
  8
TEXT
100
AcDbText
 10
24155.73728663352
 20
18498.43388426363
 30
0.0
 40
200.0
  1
안방
  7
굴림체
 11
24155.73728663352
 21
18598.43388426363
 31
0.0
100
AcDbText
 73
2
  0
TEXT
  5
A465
330
1F
100
AcDbEntity
  8
TEXT
100
AcDbText
 10
23752.90884588723
 20
11550.71651432815
 30
0.0
 40
200.0
  1
안방
  7
굴림체
 11
23752.90884588723
 21
11650.71651432815
 31
0.0
100
AcDbText
 73
2
  0
TEXT
  5
A466
330
1F
100
AcDbEntity
  8
TEXT
100
AcDbText
 10
24212.09762758616
 20
14903.01611146855
 30
0.0
 40
200.0
  1
방1
  7
굴림체
 11
24212.09762758616
 21
15003.01611146855
 31
0.0
100
AcDbText
 73
2
  0
TEXT
  5
A467
330
1F
100
AcDbEntity
  8
TEXT
100
AcDbText
 10
20257.31026821531
 20
14462.81516276079
 30
0.0
 40
200.0
  1
주방
  7
굴림체
 11
20257.31026821531
 21
14562.81516276079
 31
0.0
100
AcDbText
 73
2
  0
TEXT
  5
A468
330
1F
100
AcDbEntity
  8
TEXT
100
AcDbText
 10
20444.02196257695
 20
11811.14487697289
 30
0.0
 40
200.0
  1
거실
  7
굴림체
 11
20444.02196257695
 21
11911.14487697289
 31
0.0
100
AcDbText
 73
2
  0
TEXT
  5
A469
330
1F
100
AcDbEntity
  8
TEXT
100
AcDbText
 10
20257.31026821531
 20
19162.97676550703
 30
0.0
 40
200.0
  1
거실
  7
굴림체
 11
20257.31026821531
 21
19262.97676550703
 31
0.0
100
AcDbText
 73
2
  0
LWPOLYLINE
  5
A46A
330
1F
100
AcDbEntity
  8
ETC
 62
6
100
AcDbPolyline
 90
4
 70
1
 10
20197.31026821531
 20
19102.97676550703
 10
20197.31026821531
 20
19422.97676550703
 10
20800.83765656821
 20
19422.97676550703
 10
20800.83765656821
 20
19102.97676550703
  0
LWPOLYLINE
  5
A46B
330
1F
100
AcDbEntity
  8
ETC
 62
6
100
AcDbPolyline
 90
4
 70
1
 10
20384.02196257695
 20
11751.14487697289
 10
20384.02196257695
 20
12071.14487697289
 10
20987.54935092986
 20
12071.14487697289
 10
20987.54935092986
 20
11751.14487697289
  0
LWPOLYLINE
  5
A46C
330
1F
100
AcDbEntity
  8
ETC
 62
6
100
AcDbPolyline
 90
4
 70
1
 10
20197.31026821531
 20
14402.81516276079
 10
20197.31026821531
 20
14722.81516276079
 10
20824.020349967
 20
14722.81516276079
 10
20824.020349967
 20
14402.81516276079
  0
LWPOLYLINE
  5
A46D
330
1F
100
AcDbEntity
  8
ETC
 62
6
100
AcDbPolyline
 90
4
 70
1
 10
24152.09762758616
 20
14843.01611146855
 10
24152.09762758616
 20
15163.01611146855
 10
24615.72699960572
 20
15163.01611146855
 10
24615.72699960572
 20
14843.01611146855
  0
LWPOLYLINE
  5
A46E
330
1F
100
AcDbEntity
  8
ETC
 62
6
100
AcDbPolyline
 90
4
 70
1
 10
23692.90884588723
 20
11490.71651432815
 10
23692.90884588723
 20
11810.71651432815
 10
24311.01214065537
 20
11810.71651432815
 10
24311.01214065537
 20
11490.71651432815
  0
LWPOLYLINE
  5
A46F
330
1F
100
AcDbEntity
  8
ETC
 62
6
100
AcDbPolyline
 90
4
 70
1
 10
24095.73728663352
 20
18438.43388426363
 10
24095.73728663352
 20
18758.43388426363
 10
24713.84058140166
 20
18758.43388426363
 10
24713.84058140166
 20
18438.43388426363
  0
LWPOLYLINE
  5
A470
330
1F
100
AcDbEntity
  8
ETC
 62
6
100
AcDbPolyline
 90
4
 70
1
 10
20197.31026821508
 20
16913.92445620395
 10
20197.31026821508
 20
17233.92445620395
 10
20824.02034996677
 20
17233.92445620395
 10
20824.02034996677
 20
16913.92445620395
  0
LWPOLYLINE
  5
A471
330
1F
100
AcDbEntity
  8
ETC
 62
6
100
AcDbPolyline
 90
4
 70
1
 10
15288.69848727662
 20
18989.86891104029
 10
15288.69848727662
 20
19309.86891104029
 10
15752.32785929617
 20
19309.86891104029
 10
15752.32785929617
 20
18989.86891104029
  0
LWPOLYLINE
  5
A472
330
1F
100
AcDbEntity
  8
ETC
 62
6
100
AcDbPolyline
 90
4
 70
1
 10
17540.88789661781
 20
16707.69659319114
 10
17540.88789661781
 20
17027.69659319114
 10
18162.2328509569
 20
17027.69659319114
 10
18162.2328509569
 20
16707.69659319114
  0
LWPOLYLINE
  5
A473
330
1F
100
AcDbEntity
  8
ETC
 62
6
100
AcDbPolyline
 90
4
 70
1
 10
15503.68660877214
 20
11446.22013496969
 10
15503.68660877214
 20
11766.22013496969
 10
15967.31598079169
 20
11766.22013496969
 10
15967.31598079169
 20
11446.22013496969
  0
TEXT
  5
A474
330
1F
100
AcDbEntity
  8
TEXT
100
AcDbText
 10
19904.32118200461
 20
20474.9620044405
 30
0.0
 40
200.0
  1
확장형발코니
  7
굴림체
 72
1
 11
20721.34245860036
 21
20574.9620044405
 31
0.0
100
AcDbText
 73
2
  0
LINE
  5
A475
330
1F
100
AcDbEntity
  8
HID
100
AcDbLine
 10
22417.22591547325
 20
16571.72749759037
 30
0.0
 11
22417.22591547325
 21
15921.72749759036
 31
0.0
  0
LINE
  5
A476
330
1F
100
AcDbEntity
  8
HID
100
AcDbLine
 10
21817.22591547325
 20
16571.72749759037
 30
0.0
 11
21817.22591547325
 21
15921.72749759036
 31
0.0
  0
LINE
  5
A477
330
1F
100
AcDbEntity
  8
HID
100
AcDbLine
 10
21317.22591547325
 20
15921.72749759036
 30
0.0
 11
21317.22591547325
 21
16571.72749759037
 31
0.0
  0
LINE
  5
A478
330
1F
100
AcDbEntity
  8
HID
100
AcDbLine
 10
20567.22591547325
 20
15921.72749759036
 30
0.0
 11
20567.22591547325
 21
16571.72749759037
 31
0.0
  0
INSERT
  5
A479
330
1F
100
AcDbEntity
  8
HID
100
AcDbBlockReference
  2
A$C50B84BD0
 10
19815.22586874355
 20
16751.72746111372
 30
0.0
 50
180.0
  0
LWPOLYLINE
  5
A47A
330
1F
100
AcDbEntity
  8
FUR
100
AcDbPolyline
 90
4
 70
1
 10
22517.22591547324
 20
16571.72749759037
 10
22517.22591547324
 20
15921.72749759036
 10
19844.11127294559
 20
15921.72749759036
 10
19844.11127294559
 20
16571.72749759037
  0
LWPOLYLINE
  5
A47B
330
1F
100
AcDbEntity
  8
FUR
100
AcDbPolyline
 90
2
 70
0
 10
22517.22591547324
 20
15971.72749759036
 10
19844.11127294559
 20
15971.72749759036
  0
LWPOLYLINE
  5
A47C
330
1F
100
AcDbEntity
  8
HID
100
AcDbPolyline
 90
2
 70
0
 10
22517.22591547324
 20
16251.72749759036
 10
19844.11127294559
 20
16251.72749759036
  0
INSERT
  5
A47D
330
1F
100
AcDbEntity
  8
FUR
100
AcDbBlockReference
  2
A$C4B5353AF
 10
21307.22596592462
 20
16541.72747894948
 30
0.0
 50
180.0
  0
INSERT
  5
A47E
330
1F
100
AcDbEntity
  8
FUR
100
AcDbBlockReference
  2
A$C4DDB60C8
 10
22407.22586192895
 20
16531.727530616
 30
0.0
 50
180.0
  0
LWPOLYLINE
  5
A47F
330
1F
100
AcDbEntity
  8
HID
100
AcDbPolyline
 90
4
 70
0
 10
22417.22591547325
 20
15921.72749759036
 10
22417.22591547325
 20
16421.72749759037
 10
21817.22591547325
 20
16421.72749759037
 10
21817.22591547325
 20
15921.72749759036
  0
LWPOLYLINE
  5
A480
330
1F
100
AcDbEntity
  8
HID
100
AcDbPolyline
 90
4
 70
1
 10
22417.22591547325
 20
16691.72749759037
 10
21817.22591547325
 20
16691.72749759037
 10
21817.22591547325
 20
16671.72749759037
 10
22417.22591547325
 20
16671.72749759037
  0
LINE
  5
A481
330
1F
100
AcDbEntity
  8
HID
100
AcDbLine
 10
21837.22591547325
 20
16571.72749759037
 30
0.0
 11
21837.22591547325
 21
16671.72749759037
 31
0.0
  0
LINE
  5
A482
330
1F
100
AcDbEntity
  8
HID
100
AcDbLine
 10
22397.22591547324
 20
16571.72749759037
 30
0.0
 11
22397.22591547324
 21
16671.72749759037
 31
0.0
  0
LINE
  5
A483
330
1F
100
AcDbEntity
  8
HID
100
AcDbLine
 10
22417.22591547371
 20
15035.72749759036
 30
0.0
 11
22417.22591547371
 21
15685.72749759036
 31
0.0
  0
LINE
  5
A484
330
1F
100
AcDbEntity
  8
HID
100
AcDbLine
 10
21817.22591547371
 20
15035.72749759036
 30
0.0
 11
21817.22591547371
 21
15685.72749759036
 31
0.0
  0
LINE
  5
A485
330
1F
100
AcDbEntity
  8
HID
100
AcDbLine
 10
21317.22591547371
 20
15685.72749759036
 30
0.0
 11
21317.22591547371
 21
15035.72749759036
 31
0.0
  0
LINE
  5
A486
330
1F
100
AcDbEntity
  8
HID
100
AcDbLine
 10
20567.22591547371
 20
15685.72749759036
 30
0.0
 11
20567.22591547371
 21
15035.72749759036
 31
0.0
  0
INSERT
  5
A487
330
1F
100
AcDbEntity
  8
HID
100
AcDbBlockReference
  2
A$C50B84BD0
 10
19815.22586874355
 20
14855.72753406712
 30
0.0
 41
-1.0
  0
LWPOLYLINE
  5
A488
330
1F
100
AcDbEntity
  8
FUR
100
AcDbPolyline
 90
4
 70
1
 10
22517.22591547371
 20
15035.72749759036
 10
22517.22591547371
 20
15685.72749759036
 10
19844.11127294606
 20
15685.72749759036
 10
19844.11127294606
 20
15035.72749759036
  0
LWPOLYLINE
  5
A489
330
1F
100
AcDbEntity
  8
FUR
100
AcDbPolyline
 90
2
 70
0
 10
22517.22591547371
 20
15635.72749759036
 10
19844.11127294606
 20
15635.72749759036
  0
LWPOLYLINE
  5
A48A
330
1F
100
AcDbEntity
  8
HID
100
AcDbPolyline
 90
2
 70
0
 10
22517.22591547371
 20
15355.72749759036
 10
19844.11127294606
 20
15355.72749759036
  0
INSERT
  5
A48B
330
1F
100
AcDbEntity
  8
FUR
100
AcDbBlockReference
  2
A$C4B5353AF
 10
21307.22596592509
 20
15065.72751623125
 30
0.0
 41
-1.0
  0
INSERT
  5
A48C
330
1F
100
AcDbEntity
  8
FUR
100
AcDbBlockReference
  2
A$C4DDB60C8
 10
22407.22586192942
 20
15075.72746456473
 30
0.0
 41
-1.0
  0
LWPOLYLINE
  5
A48D
330
1F
100
AcDbEntity
  8
HID
100
AcDbPolyline
 90
4
 70
0
 10
22417.22591547371
 20
15685.72749759036
 10
22417.22591547371
 20
15185.72749759036
 10
21817.22591547371
 20
15185.72749759036
 10
21817.22591547371
 20
15685.72749759036
  0
LWPOLYLINE
  5
A48E
330
1F
100
AcDbEntity
  8
HID
100
AcDbPolyline
 90
4
 70
1
 10
22417.22591547371
 20
14915.72749759036
 10
21817.22591547371
 20
14915.72749759036
 10
21817.22591547371
 20
14935.72749759036
 10
22417.22591547371
 20
14935.72749759036
  0
LINE
  5
A48F
330
1F
100
AcDbEntity
  8
HID
100
AcDbLine
 10
21837.22591547371
 20
15035.72749759036
 30
0.0
 11
21837.22591547371
 21
14935.72749759036
 31
0.0
  0
LINE
  5
A490
330
1F
100
AcDbEntity
  8
HID
100
AcDbLine
 10
22397.22591547371
 20
15035.72749759036
 30
0.0
 11
22397.22591547371
 21
14935.72749759036
 31
0.0
  0
LINE
  5
A491
330
1F
100
AcDbEntity
  8
CEN
100
AcDbLine
 10
19329.59345027309
 20
17653.72749767791
 30
0.0
 11
8185.229018310259
 21
17653.72749767791
 31
0.0
  0
LINE
  5
A492
330
1F
100
AcDbEntity
  8
CEN
100
AcDbLine
 10
14523.06937304785
 20
19453.72749767884
 30
0.0
 11
8185.228971622825
 21
19453.72749767884
 31
0.0
  0
LINE
  5
A493
330
1F
100
AcDbEntity
  8
CEN
100
AcDbLine
 10
8185.229018301646
 20
12753.72749759036
 30
0.0
 11
15936.34660849767
 21
12753.72749759036
 31
0.0
  0
LINE
  5
A494
330
1F
100
AcDbEntity
  8
CEN
100
AcDbLine
 10
8185.229018301178
 20
21253.72749759037
 30
0.0
 11
31357.5788386864
 21
21253.72749759037
 31
0.0
  0
LINE
  5
A495
330
1F
100
AcDbEntity
  8
CEN
100
AcDbLine
 10
16564.51241828425
 20
19003.7274975899
 30
0.0
 11
19329.59345027333
 21
19003.72749759037
 31
0.0
  0
LINE
  5
A496
330
1F
100
AcDbEntity
  8
CEN
100
AcDbLine
 10
26835.2259154226
 20
25118.52159159085
 30
0.0
 11
26835.22591553204
 21
5302.530909450382
 31
0.0
  0
TEXT
  5
A497
330
1F
100
AcDbEntity
  8
TEXT
100
AcDbText
 10
17598.66452005779
 20
14612.578892305
 30
0.0
 40
200.0
  1
현관
  7
굴림체
 11
17598.66452005779
 21
14712.578892305
 31
0.0
100
AcDbText
 73
2
  0
LWPOLYLINE
  5
A498
330
1F
100
AcDbEntity
  8
ETC
 62
6
100
AcDbPolyline
 90
4
 70
1
 10
17538.66452005779
 20
14874.17463698608
 10
17538.66452005779
 20
14554.17463698608
 10
18160.00947439688
 20
14554.17463698608
 10
18160.00947439688
 20
14874.17463698608
  0
LWPOLYLINE
  5
A499
330
1F
100
AcDbEntity
  8
CEN
100
AcDbPolyline
 90
2
 70
0
 10
12035.22591547266
 20
25118.52159159457
 10
12035.22591537115
 20
5302.530909499277
  0
LWPOLYLINE
  5
A49A
330
1F
100
AcDbEntity
  8
CEN
100
AcDbPolyline
 90
2
 70
0
 10
12635.22591542901
 20
16591.80548681506
 10
12635.22591537115
 20
5302.530909496018
  0
TEXT
  5
A49B
330
1F
100
AcDbEntity
  8
TEXT
100
AcDbText
 10
17901.79195518413
 20
11269.17137714406
 30
0.0
 40
200.0
  1
WC
  7
굴림체
 11
17901.79195518413
 21
11369.17137714406
 31
0.0
100
AcDbText
 73
2
  0
LWPOLYLINE
  5
A49C
330
1F
100
AcDbEntity
  8
ETC
 62
6
100
AcDbPolyline
 90
4
 70
1
 10
17841.79195518413
 20
11209.17137714406
 10
17841.79195518413
 20
11529.17137714406
 10
18227.63794246682
 20
11529.17137714406
 10
18227.63794246682
 20
11209.17137714406
  0
LINE
  5
A49D
330
1F
100
AcDbEntity
  8
0
100
AcDbLine
 10
17153.22591562121
 20
16321.72749759004
 30
0.0
 11
18617.22591542767
 21
16321.7274975821
 31
0.0
  0
LINE
  5
A49E
330
1F
100
AcDbEntity
  8
0
100
AcDbLine
 10
18617.22591542575
 20
15921.72749759036
 30
0.0
 11
17153.22591562121
 21
16321.72749759004
 31
0.0
  0
LINE
  5
A49F
330
1F
100
AcDbEntity
  8
0
100
AcDbLine
 10
18617.22591543448
 20
17653.72749766907
 30
0.0
 11
17153.22591562359
 21
17653.72749766907
 31
0.0
  0
LINE
  5
A4A0
330
1F
100
AcDbEntity
  8
0
100
AcDbLine
 10
18617.22591543494
 20
17753.72749766907
 30
0.0
 11
17153.22591562336
 21
17753.72749766907
 31
0.0
  0
DIMENSION
  5
A4A1
330
1F
100
AcDbEntity
  8
RXDIM
100
AcDbDimension
280
0
  2
*D27
  3
NDIM 100
 10
6085.229018301878
 20
12753.72749750328
 30
0.0
 11
5882.968380004004
 21
11353.72749754682
 31
0.0
 70
32
 71
5
 42
-1.0
 73
0
 74
0
 75
0
100
AcDbAlignedDimension
 13
8185.229018297688
 23
9953.727497590364
 33
0.0
 14
8185.229018297921
 24
12753.72749750328
 34
0.0
 50
90.0
100
AcDbRotatedDimension
  0
DIMENSION
  5
A4A2
330
1F
100
AcDbEntity
  8
RXDIM
100
AcDbDimension
280
0
  2
*D28
  3
NDIM 100
 10
6085.229018301878
 20
17653.72749767791
 30
0.0
 11
5882.702422557194
 21
15203.72749763414
 31
0.0
 70
32
 71
5
 42
-1.0
 73
0
 74
0
 75
0
100
AcDbAlignedDimension
 13
8185.229018301646
 23
12753.72749759036
 33
0.0
 14
8185.229018301646
 24
17653.72749767791
 34
0.0
 50
90.0
100
AcDbRotatedDimension
  0
DIMENSION
  5
A4A3
330
1F
100
AcDbEntity
  8
RXDIM
100
AcDbDimension
280
0
  2
*D29
  3
NDIM 100
 10
6685.229018301878
 20
19453.72749767884
 30
0.0
 11
6482.569443833789
 21
18553.72749767838
 31
0.0
 70
32
 71
5
 42
-1.0
 73
0
 74
0
 75
0
100
AcDbAlignedDimension
 13
8185.229018301646
 23
17653.72749767791
 33
0.0
 14
8185.229018301411
 24
19453.72749767884
 34
0.0
 50
90.0
100
AcDbRotatedDimension
  0
DIMENSION
  5
A4A4
330
1F
100
AcDbEntity
  8
RXDIM
100
AcDbDimension
280
0
  2
*D30
  3
NDIM 100
 10
6685.229018301878
 20
21253.72749759037
 30
0.0
 11
6482.569443833789
 21
20353.72749763461
 31
0.0
 70
32
 71
5
 42
-1.0
 73
0
 74
0
 75
0
100
AcDbAlignedDimension
 13
8185.229018301411
 23
19453.72749767884
 33
0.0
 14
8185.22901829233
 24
21253.72749759037
 34
0.0
 50
90.0
100
AcDbRotatedDimension
  0
DIMENSION
  5
A4A5
330
1F
100
AcDbEntity
  8
RXDIM
100
AcDbDimension
280
0
  2
*D31
  3
NDIM 100
 10
5485.229018301878
 20
9953.727497590364
 30
0.0
 11
5282.569443833791
 21
15603.72749759036
 31
0.0
 70
32
 71
5
 42
-1.0
 73
0
 74
0
 75
0
100
AcDbAlignedDimension
 13
8185.22901829233
 23
21253.72749759037
 33
0.0
 14
8185.229018301411
 24
9953.727497590364
 34
0.0
 50
90.0
100
AcDbRotatedDimension
  0
DIMENSION
  5
A4A6
330
1F
100
AcDbEntity
  8
RXDIM
100
AcDbDimension
280
0
  2
*D32
  3
NDIM 100
 10
26835.2259154226
 20
27618.52159159457
 30
0.0
 11
19435.22591544752
 21
27821.18116606266
 31
0.0
 70
32
 71
5
 42
-1.0
 73
0
 74
0
 75
0
100
AcDbAlignedDimension
 13
12035.22591547243
 23
25118.52159152519
 33
0.0
 14
26835.2259154226
 24
25118.52159167839
 34
0.0
 50
0.0
100
AcDbRotatedDimension
  0
DIMENSION
  5
A4A7
330
1F
100
AcDbEntity
  8
RXDIM
100
AcDbDimension
280
0
  2
*D33
  3
NDIM 100
 10
17035.22591563355
 20
27018.52159159457
 30
0.0
 11
15560.22591553948
 21
27220.78222989245
 31
0.0
 70
32
 71
5
 42
-1.0
 73
0
 74
0
 75
0
100
AcDbAlignedDimension
 13
14085.22591544542
 23
25118.52159150796
 33
0.0
 14
17035.22591563355
 24
25118.52159151634
 34
0.0
 50
0.0
100
AcDbRotatedDimension
  0
DIMENSION
  5
A4A8
330
1F
100
AcDbEntity
  8
RXDIM
100
AcDbDimension
280
0
  2
*D34
  3
NDIM 100
 10
18735.22591547266
 20
27018.52159159457
 30
0.0
 11
17885.2259155531
 21
27221.18116606266
 31
0.0
 70
32
 71
5
 42
-1.0
 73
0
 74
0
 75
0
100
AcDbAlignedDimension
 13
17035.22591563355
 23
25118.52159151634
 33
0.0
 14
18735.22591547266
 24
25118.5215915075
 34
0.0
 50
0.0
100
AcDbRotatedDimension
  0
DIMENSION
  5
A4A9
330
1F
100
AcDbEntity
  8
RXDIM
100
AcDbDimension
280
0
  2
*D35
  3
NDIM 100
 10
22635.22591542284
 20
27018.52159159457
 30
0.0
 11
20685.22591544775
 21
27220.78222989245
 31
0.0
 70
32
 71
5
 42
-1.0
 73
0
 74
0
 75
0
100
AcDbAlignedDimension
 13
18735.22591547266
 23
25118.5215915075
 33
0.0
 14
22635.22591542284
 24
25118.52159159877
 34
0.0
 50
0.0
100
AcDbRotatedDimension
  0
DIMENSION
  5
A4AA
330
1F
100
AcDbEntity
  8
RXDIM
100
AcDbDimension
280
0
  2
*D36
  3
NDIM 100
 10
24035.22591542261
 20
26418.52159159458
 30
0.0
 11
23335.22591542272
 21
26621.18116606266
 31
0.0
 70
32
 71
5
 42
-1.0
 73
0
 74
0
 75
0
100
AcDbAlignedDimension
 13
22635.22591542284
 23
25118.52159159877
 33
0.0
 14
24035.22591542261
 24
25118.52159157595
 34
0.0
 50
0.0
100
AcDbRotatedDimension
  0
DIMENSION
  5
A4AB
330
1F
100
AcDbEntity
  8
RXDIM
100
AcDbDimension
280
0
  2
*D37
  3
NDIM 100
 10
26835.2259154226
 20
27018.52159159457
 30
0.0
 11
24735.22591542272
 21
27221.04818733925
 31
0.0
 70
32
 71
5
 42
-1.0
 73
0
 74
0
 75
0
100
AcDbAlignedDimension
 13
22635.22591542284
 23
25118.52159156617
 33
0.0
 14
26835.2259154226
 24
25118.52159159085
 34
0.0
 50
0.0
100
AcDbRotatedDimension
  0
DIMENSION
  5
A4AC
330
1F
100
AcDbEntity
  8
RXDIM
100
AcDbDimension
280
0
  2
*D38
  3
NDIM 100
 10
26835.22591553204
 20
3202.530909499277
 30
0.0
 11
19435.22591545147
 21
3405.190483967363
 31
0.0
 70
32
 71
5
 42
-1.0
 73
0
 74
0
 75
0
100
AcDbAlignedDimension
 13
12035.22591537091
 23
5302.530909393572
 33
0.0
 14
26835.22591553204
 24
5302.530909450382
 34
0.0
 50
0.0
100
AcDbRotatedDimension
  0
DIMENSION
  5
A4AD
330
1F
100
AcDbEntity
  8
RXDIM
100
AcDbDimension
280
0
  2
*D39
  3
NDIM 100
 10
12635.22591537068
 20
3802.530909499277
 30
0.0
 11
12335.22591537091
 21
4004.791547797149
 31
0.0
 70
32
 71
5
 42
-1.0
 73
0
 74
0
 75
0
100
AcDbAlignedDimension
 13
12035.22591537115
 23
5302.530909393572
 33
0.0
 14
12635.22591537068
 24
5302.530909390778
 34
0.0
 50
0.0
100
AcDbRotatedDimension
  0
DIMENSION
  5
A4AE
330
1F
100
AcDbEntity
  8
RXDIM
100
AcDbDimension
280
0
  2
*D40
  3
NDIM 100
 10
18735.22591537115
 20
3802.530909499277
 30
0.0
 11
17885.22591548838
 21
4005.190483967362
 31
0.0
 70
32
 71
5
 42
-1.0
 73
0
 74
0
 75
0
100
AcDbAlignedDimension
 13
17035.22591560561
 23
5302.530909384724
 33
0.0
 14
18735.22591537115
 24
5302.530909375877
 34
0.0
 50
0.0
100
AcDbRotatedDimension
  0
DIMENSION
  5
A4AF
330
1F
100
AcDbEntity
  8
RXDIM
100
AcDbDimension
280
0
  2
*D41
  3
NDIM 100
 10
22635.22591553227
 20
3802.530909499277
 30
0.0
 11
20685.22591545171
 21
4004.791547797149
 31
0.0
 70
32
 71
5
 42
-1.0
 73
0
 74
0
 75
0
100
AcDbAlignedDimension
 13
18735.22591537115
 23
5302.530909375877
 33
0.0
 14
22635.22591553227
 24
5302.530909425702
 34
0.0
 50
0.0
100
AcDbRotatedDimension
  0
DIMENSION
  5
A4B0
330
1F
100
AcDbEntity
  8
RXDIM
100
AcDbDimension
280
0
  2
*D42
  3
NDIM 100
 10
26835.22591553204
 20
3802.530909499277
 30
0.0
 11
24735.22591553215
 21
4005.057505243958
 31
0.0
 70
32
 71
5
 42
-1.0
 73
0
 74
0
 75
0
100
AcDbAlignedDimension
 13
22635.22591553227
 23
5302.530909425702
 33
0.0
 14
26835.22591553204
 24
5302.530909450382
 34
0.0
 50
0.0
100
AcDbRotatedDimension
  0
DIMENSION
  5
A4B1
330
1F
100
AcDbEntity
  8
RXDIM
100
AcDbDimension
280
0
  2
*D43
  3
NDIM 100
 10
32257.57883868663
 20
18453.72749759037
 30
0.0
 11
32055.31820038876
 21
19853.72749759037
 31
0.0
 70
32
 71
5
 42
-1.0
 73
0
 74
0
 75
0
100
AcDbAlignedDimension
 13
31357.5788386864
 23
21253.72749759037
 33
0.0
 14
31357.5788386864
 24
18453.72749759037
 34
0.0
 50
90.0
100
AcDbRotatedDimension
  0
DIMENSION
  5
A4B2
330
1F
100
AcDbEntity
  8
RXDIM
100
AcDbDimension
280
0
  2
*D44
  3
NDIM 100
 10
32257.5788386864
 20
16453.72749759037
 30
0.0
 11
32055.31820038852
 21
17453.72749759037
 31
0.0
 70
32
 71
5
 42
-1.0
 73
0
 74
0
 75
0
100
AcDbAlignedDimension
 13
31357.5788386864
 23
18453.72749759037
 33
0.0
 14
31357.57883868663
 24
16453.72749759037
 34
0.0
 50
90.0
100
AcDbRotatedDimension
  0
DIMENSION
  5
A4B3
330
1F
100
AcDbEntity
  8
RXDIM
100
AcDbDimension
280
0
  2
*D45
  3
NDIM 100
 10
32857.5788386864
 20
13453.72749759036
 30
0.0
 11
32655.31820038853
 21
14953.72749759037
 31
0.0
 70
32
 71
5
 42
-1.0
 73
0
 74
0
 75
0
100
AcDbAlignedDimension
 13
31357.57883868663
 23
16453.72749759037
 33
0.0
 14
31357.57883868617
 24
13453.72749759036
 34
0.0
 50
90.0
100
AcDbRotatedDimension
  0
DIMENSION
  5
A4B4
330
1F
100
AcDbEntity
  8
RXDIM
100
AcDbDimension
280
0
  2
*D46
  3
NDIM 100
 10
32857.57883868663
 20
9953.727497590364
 30
0.0
 11
32655.31820038876
 21
11703.72749759037
 31
0.0
 70
32
 71
5
 42
-1.0
 73
0
 74
0
 75
0
100
AcDbAlignedDimension
 13
31357.57883868617
 23
13453.72749759036
 33
0.0
 14
31357.57883868663
 24
9953.727497590364
 34
0.0
 50
90.0
100
AcDbRotatedDimension
  0
DIMENSION
  5
A4B5
330
1F
100
AcDbEntity
  8
RXDIM
100
AcDbDimension
280
0
  2
*D47
  3
NDIM 100
 10
33457.57883868663
 20
9953.727497590364
 30
0.0
 11
33254.91926421855
 21
15603.72749759037
 31
0.0
 70
32
 71
5
 42
-1.0
 73
0
 74
0
 75
0
100
AcDbAlignedDimension
 13
31357.5788386864
 23
21253.72749759037
 33
0.0
 14
31357.57883868663
 24
9953.727497590364
 34
0.0
 50
90.0
100
AcDbRotatedDimension
  0
DIMENSION
  5
A4B6
330
1F
100
AcDbEntity
  8
RXDIM
100
AcDbDimension
280
0
  2
*D48
  3
NDIM 100
 10
32857.5788386864
 20
21253.72749759037
 30
0.0
 11
32655.05224294172
 21
18853.72749759037
 31
0.0
 70
32
 71
5
 42
-1.0
 73
0
 74
0
 75
0
100
AcDbAlignedDimension
 13
31357.57883868663
 23
16453.72749759037
 33
0.0
 14
31357.5788386864
 24
21253.72749759037
 34
0.0
 50
90.0
100
AcDbRotatedDimension
  0
LWPOLYLINE
  5
A4B7
330
1F
100
AcDbEntity
  8
CEN
100
AcDbPolyline
 90
2
 70
0
 10
14085.22591544542
 20
25118.52159150796
 10
14085.22591543982
 20
17303.67514916409
  0
LWPOLYLINE
  5
A4B8
330
1F
100
AcDbEntity
  8
CEN
100
AcDbPolyline
 90
2
 70
0
 10
14035.22591543686
 20
13178.87917830805
 10
14035.22591543122
 20
5302.530909409405
  0
LINE
  5
A4B9
330
1F
100
AcDbEntity
  8
CEN
100
AcDbLine
 10
24035.22591542261
 20
25118.52159157548
 30
0.0
 11
24035.22591544775
 21
20513.1984081265
 31
0.0
  0
LINE
  5
A4BA
330
1F
100
AcDbEntity
  8
CEN
100
AcDbLine
 10
26186.71158375283
 20
18453.72749759037
 30
0.0
 11
31357.57883868617
 21
18453.72749759037
 31
0.0
  0
LINE
  5
A4BB
330
1F
100
AcDbEntity
  8
CEN
100
AcDbLine
 10
22016.56800137804
 20
16453.72749759037
 30
0.0
 11
31357.57883868594
 21
16453.72749759037
 31
0.0
  0
LINE
  5
A4BC
330
1F
100
AcDbEntity
  8
CEN
100
AcDbLine
 10
22016.56800137827
 20
13453.72749759036
 30
0.0
 11
31357.57883868617
 21
13453.72749759036
 31
0.0
  0
LINE
  5
A4BD
330
1F
100
AcDbEntity
  8
CEN
100
AcDbLine
 10
8185.229018305369
 20
9953.727497590364
 30
0.0
 11
31357.57883868617
 21
9953.727497590364
 31
0.0
  0
DIMENSION
  5
A4BE
330
1F
100
AcDbEntity
  8
RXDIM
100
AcDbDimension
280
0
  2
*D49
  3
NDIM 100
 10
24035.22591542261
 20
26418.52159159458
 30
0.0
 11
25435.22591542261
 21
26620.78222989245
 31
0.0
 70
32
 71
5
 42
-1.0
 73
0
 74
0
 75
0
100
AcDbAlignedDimension
 13
26835.2259154226
 23
25118.52159159131
 33
0.0
 14
24035.22591542261
 24
25118.52159157548
 34
0.0
 50
0.0
100
AcDbRotatedDimension
  0
DIMENSION
  5
A4BF
330
1F
100
AcDbEntity
  8
RXDIM
100
AcDbDimension
280
0
  2
*D50
  3
NDIM 100
 10
6685.229018301878
 20
16153.72749759083
 30
0.0
 11
6482.569443833789
 21
16903.72749763437
 31
0.0
 70
32
 71
5
 42
-1.0
 73
0
 74
0
 75
0
100
AcDbAlignedDimension
 13
8185.229018310259
 23
17653.72749767791
 33
0.0
 14
8185.229018310259
 24
16153.72749759083
 34
0.0
 50
90.0
100
AcDbRotatedDimension
  0
DIMENSION
  5
A4C0
330
1F
100
AcDbEntity
  8
RXDIM
100
AcDbDimension
280
0
  2
*D51
  3
NDIM 100
 10
6685.229018301878
 20
14153.72749767744
 30
0.0
 11
6482.968380004004
 21
15153.72749763414
 31
0.0
 70
32
 71
5
 42
-1.0
 73
0
 74
0
 75
0
100
AcDbAlignedDimension
 13
8185.229018309794
 23
16153.72749759083
 33
0.0
 14
8185.229018309794
 24
14153.72749767744
 34
0.0
 50
90.0
100
AcDbRotatedDimension
  0
DIMENSION
  5
A4C1
330
1F
100
AcDbEntity
  8
RXDIM
100
AcDbDimension
280
0
  2
*D52
  3
NDIM 100
 10
6685.229018301878
 20
12753.72749759036
 30
0.0
 11
6482.56944383379
 21
13453.7274976339
 31
0.0
 70
32
 71
5
 42
-1.0
 73
0
 74
0
 75
0
100
AcDbAlignedDimension
 13
8185.229018309794
 23
14153.72749767744
 33
0.0
 14
8185.229018309794
 24
12753.72749759036
 34
0.0
 50
90.0
100
AcDbRotatedDimension
  0
TEXT
  5
A4C2
330
1F
100
AcDbEntity
  8
TEXT
100
AcDbText
 10
12715.99283063266
 20
16792.71493334662
 30
0.0
 40
200.0
  1
ELEV홀
  7
굴림체
 11
12715.99283063266
 21
16892.71493334662
 31
0.0
100
AcDbText
 73
2
  0
DIMENSION
  5
A4C3
330
1F
100
AcDbEntity
  8
RXDIM
100
AcDbDimension
280
0
  2
*D53
  3
NDIM 100
 10
6085.229018301878
 20
21253.72749759037
 30
0.0
 11
5882.968380004002
 21
19453.72749763414
 31
0.0
 70
32
 71
5
 42
-1.0
 73
0
 74
0
 75
0
100
AcDbAlignedDimension
 13
8185.229018310259
 23
17653.72749767791
 33
0.0
 14
8185.229018301178
 24
21253.72749759037
 34
0.0
 50
90.0
100
AcDbRotatedDimension
  0
LINE
  5
A4C4
330
1F
100
AcDbEntity
  8
0
100
AcDbLine
 10
17153.22591562132
 20
15285.72749759048
 30
0.0
 11
18617.22591542289
 21
15285.72749759863
 31
0.0
  0
LINE
  5
A4C5
330
1F
100
AcDbEntity
  8
0
100
AcDbLine
 10
18617.22591542481
 20
15685.72749759083
 30
0.0
 11
17153.22591562132
 21
15285.72749759048
 31
0.0
  0
DIMENSION
  5
A4C6
330
1F
100
AcDbEntity
  8
RXDIM
100
AcDbDimension
280
0
  2
*D54
  3
NDIM 100
 10
15435.22591537068
 20
3802.530909499277
 30
0.0
 11
14035.22591537068
 21
4004.791547797149
 31
0.0
 70
32
 71
5
 42
-1.0
 73
0
 74
0
 75
0
100
AcDbAlignedDimension
 13
12635.22591537068
 23
5302.530222821639
 33
0.0
 14
15435.22591537068
 24
5302.530222807203
 34
0.0
 50
0.0
100
AcDbRotatedDimension
  0
DIMENSION
  5
A4C7
330
1F
100
AcDbEntity
  8
RXDIM
100
AcDbDimension
280
0
  2
*D55
  3
NDIM 100
 10
17035.22591560561
 20
3802.530909499277
 30
0.0
 11
16235.22591548814
 21
4005.190483967362
 31
0.0
 70
32
 71
5
 42
-1.0
 73
0
 74
0
 75
0
100
AcDbAlignedDimension
 13
15435.22591537068
 23
5302.530222807203
 33
0.0
 14
17035.22591560561
 24
5302.530222804875
 34
0.0
 50
0.0
100
AcDbRotatedDimension
  0
TEXT
  5
A4C8
330
1F
100
AcDbEntity
  8
TEXT
100
AcDbText
 10
12520.48205525922
 20
20190.35357005829
 30
0.0
 40
200.0
  1
보일러실
  7
굴림체
 11
12520.48205525922
 21
20290.35357005829
 31
0.0
100
AcDbText
 73
2
  0
LWPOLYLINE
  5
A4C9
330
1F
100
AcDbEntity
  8
0
 62
6
100
AcDbPolyline
 90
4
 70
1
 10
12460.48205525923
 20
20130.35357005829
 10
12460.48205525923
 20
20450.35357005829
 10
13606.10283719731
 20
20450.35357005829
 10
13606.10283719731
 20
20130.35357005829
  0
DIMENSION
  5
A4CA
330
1F
100
AcDbEntity
  8
RXDIM
100
AcDbDimension
280
0
  2
*D56
  3
NDIM 100
 10
25335.22591552039
 20
4402.530909499277
 30
0.0
 11
26085.22591552622
 21
4605.190483967362
 31
0.0
 70
32
 71
5
 42
-1.0
 73
0
 74
0
 75
0
100
AcDbAlignedDimension
 13
26835.22591553204
 23
5302.530909450382
 33
0.0
 14
25335.22591552039
 24
5302.530909576577
 34
0.0
 50
0.0
100
AcDbRotatedDimension
  0
DIMENSION
  5
A4CB
330
1F
100
AcDbEntity
  8
RXDIM
100
AcDbDimension
280
0
  2
*D57
  3
NDIM 100
 10
22635.22591553227
 20
4402.530909499277
 30
0.0
 11
23985.22591552633
 21
4605.057505243958
 31
0.0
 70
32
 71
5
 42
-1.0
 73
0
 74
0
 75
0
100
AcDbAlignedDimension
 13
25335.22591552039
 23
5302.530909576577
 33
0.0
 14
22635.22591553227
 24
5302.530909481582
 34
0.0
 50
0.0
100
AcDbRotatedDimension
  0
DIMENSION
  5
A4CC
330
1F
100
AcDbEntity
  8
RXDIM
100
AcDbDimension
280
0
  2
*D58
  3
NDIM 100
 10
19535.22591544845
 20
19003.72749759037
 30
0.0
 11
19332.96527715057
 21
20128.72749759038
 31
0.0
 70
32
 71
5
 42
-1.0
 73
0
 74
0
 75
0
100
AcDbAlignedDimension
 13
19535.22591544868
 23
21253.72749759037
 33
0.0
 14
19535.22591544891
 24
19003.72749759037
 34
0.0
 50
90.0
100
AcDbRotatedDimension
  0
DIMENSION
  5
A4CD
330
1F
100
AcDbEntity
  8
RXDIM
100
AcDbDimension
280
0
  2
*D59
  3
NDIM 100
 10
19535.22591544845
 20
17653.72749767791
 30
0.0
 11
19332.56634098036
 21
18328.72749763414
 31
0.0
 70
32
 71
5
 42
-1.0
 73
0
 74
0
 75
0
100
AcDbAlignedDimension
 13
19535.22591544891
 23
19003.72749759037
 33
0.0
 14
19535.22591544891
 24
17653.72749767791
 34
0.0
 50
90.0
100
AcDbRotatedDimension
  0
DIMENSION
  5
A4CE
330
1F
100
AcDbEntity
  8
RXDIM
100
AcDbDimension
280
0
  2
*D60
  3
NDIM 100
 10
19535.22591544845
 20
15803.72749759036
 30
0.0
 11
19332.56634098036
 21
16728.72749763414
 31
0.0
 70
32
 71
5
 42
-1.0
 73
0
 74
0
 75
0
100
AcDbAlignedDimension
 13
19535.22591544891
 23
17653.72749767791
 33
0.0
 14
19535.22591544891
 24
15803.72749759036
 34
0.0
 50
90.0
100
AcDbRotatedDimension
  0
DIMENSION
  5
A4CF
330
1F
100
AcDbEntity
  8
RXDIM
100
AcDbDimension
280
0
  2
*D61
  3
NDIM 100
 10
19535.22591544845
 20
14153.72749767744
 30
0.0
 11
19332.56634098036
 21
14978.7274976339
 31
0.0
 70
32
 71
5
 42
-1.0
 73
0
 74
0
 75
0
100
AcDbAlignedDimension
 13
19535.22591544845
 23
15803.72749759036
 33
0.0
 14
19535.22591544821
 24
14153.72749767744
 34
0.0
 50
90.0
100
AcDbRotatedDimension
  0
DIMENSION
  5
A4D0
330
1F
100
AcDbEntity
  8
RXDIM
100
AcDbDimension
280
0
  2
*D62
  3
NDIM 100
 10
19535.22591544821
 20
12353.72749759036
 30
0.0
 11
19332.56634098013
 21
13253.7274976339
 31
0.0
 70
32
 71
5
 42
-1.0
 73
0
 74
0
 75
0
100
AcDbAlignedDimension
 13
19535.22591544821
 23
14153.72749767744
 33
0.0
 14
19535.22591544798
 24
12353.72749759036
 34
0.0
 50
90.0
100
AcDbRotatedDimension
  0
DIMENSION
  5
A4D1
330
1F
100
AcDbEntity
  8
RXDIM
100
AcDbDimension
280
0
  2
*D63
  3
NDIM 100
 10
19535.22591544821
 20
9953.727497590364
 30
0.0
 11
19332.69931970353
 21
11153.72749759036
 31
0.0
 70
32
 71
5
 42
-1.0
 73
0
 74
0
 75
0
100
AcDbAlignedDimension
 13
19535.22591544798
 23
12353.72749759036
 33
0.0
 14
19535.22591544868
 24
9953.727497590364
 34
0.0
 50
90.0
100
AcDbRotatedDimension
  0
TEXT
  5
A4D2
330
1F
100
AcDbEntity
  8
TEXT
100
AcDbText
 10
37800.04008864831
 20
26913.97212251708
 30
0.0
 40
200.0
  1
(가림)
  7
굴림체
 72
1
 11
39025.57200354192
 21
27013.97212251708
 31
0.0
100
AcDbText
 73
2
  0
TEXT
  5
A4D3
330
1F
100
AcDbEntity
  8
TEXT
100
AcDbText
 10
37731.95498226533
 20
26554.02231617425
 30
0.0
 40
200.0
  1
다가구주택 신축공사
  7
굴림체
 72
1
 11
39025.57200354192
 21
26654.02231617425
 31
0.0
100
AcDbText
 73
2
  0
LINE
  5
A4D4
330
1F
100
AcDbEntity
  8
COR
100
AcDbLine
 10
14060.22591536765
 20
15613.72749759083
 30
0.0
 11
14085.22591536766
 21
15613.72749759083
 31
0.0
  0
LINE
  5
A4D5
330
1F
100
AcDbEntity
  8
COR
100
AcDbLine
 10
14135.22591536765
 20
15613.72749759083
 30
0.0
 11
15317.22591542115
 21
15613.72749759045
 31
0.0
  0
LWPOLYLINE
  5
A4D6
330
1F
100
AcDbEntity
  8
ELE-2
100
AcDbPolyline
 90
4
 70
0
 10
14185.22591536742
 20
14263.72749759083
 10
14185.22591536742
 20
14213.72749759083
 10
15267.22591542091
 20
14213.72749759045
 10
15267.22591542091
 20
14263.72749759045
  0
LINE
  5
A4D7
330
1F
100
AcDbEntity
  8
COR
100
AcDbLine
 10
14060.22591536765
 20
15343.72749759083
 30
0.0
 11
14085.22591536766
 21
15343.72749759083
 31
0.0
  0
LINE
  5
A4D8
330
1F
100
AcDbEntity
  8
COR
100
AcDbLine
 10
14135.22591536765
 20
15343.72749759083
 30
0.0
 11
15317.22591542115
 21
15343.72749759045
 31
0.0
  0
LWPOLYLINE
  5
A4D9
330
1F
100
AcDbEntity
  8
ELE-2
100
AcDbPolyline
 90
4
 70
0
 10
14185.22591536742
 20
14533.72749759083
 10
14185.22591536742
 20
14483.72749759083
 10
15267.22591542091
 20
14483.72749759045
 10
15267.22591542091
 20
14533.72749759045
  0
LINE
  5
A4DA
330
1F
100
AcDbEntity
  8
COR
100
AcDbLine
 10
14060.22591536765
 20
15073.72749759083
 30
0.0
 11
14085.22591536766
 21
15073.72749759083
 31
0.0
  0
LINE
  5
A4DB
330
1F
100
AcDbEntity
  8
COR
100
AcDbLine
 10
14135.22591536765
 20
15073.72749759083
 30
0.0
 11
15317.22591542115
 21
15073.72749759045
 31
0.0
  0
LWPOLYLINE
  5
A4DC
330
1F
100
AcDbEntity
  8
ELE-2
100
AcDbPolyline
 90
4
 70
0
 10
14185.22591536742
 20
14803.72749759083
 10
14185.22591536742
 20
14753.72749759083
 10
15267.22591542091
 20
14753.72749759045
 10
15267.22591542091
 20
14803.72749759045
  0
LINE
  5
A4DD
330
1F
100
AcDbEntity
  8
COR
100
AcDbLine
 10
14060.22591536742
 20
14803.72749759083
 30
0.0
 11
14085.22591536742
 21
14803.72749759083
 31
0.0
  0
LINE
  5
A4DE
330
1F
100
AcDbEntity
  8
COR
100
AcDbLine
 10
14135.22591536742
 20
14803.72749759083
 30
0.0
 11
15317.22591542092
 21
14803.72749759045
 31
0.0
  0
LWPOLYLINE
  5
A4DF
330
1F
100
AcDbEntity
  8
ELE-2
100
AcDbPolyline
 90
4
 70
0
 10
14185.22591536766
 20
15073.72749759083
 10
14185.22591536766
 20
15023.72749759083
 10
15267.22591542115
 20
15023.72749759045
 10
15267.22591542115
 20
15073.72749759045
  0
LINE
  5
A4E0
330
1F
100
AcDbEntity
  8
COR
100
AcDbLine
 10
14060.22591536742
 20
14533.72749759083
 30
0.0
 11
14085.22591536742
 21
14533.72749759083
 31
0.0
  0
LINE
  5
A4E1
330
1F
100
AcDbEntity
  8
COR
100
AcDbLine
 10
14135.22591536742
 20
14533.72749759083
 30
0.0
 11
15317.22591542092
 21
14533.72749759045
 31
0.0
  0
LWPOLYLINE
  5
A4E2
330
1F
100
AcDbEntity
  8
ELE-2
100
AcDbPolyline
 90
4
 70
0
 10
14185.22591536766
 20
15343.72749759083
 10
14185.22591536766
 20
15293.72749759083
 10
15267.22591542115
 20
15293.72749759045
 10
15267.22591542115
 20
15343.72749759045
  0
LINE
  5
A4E3
330
1F
100
AcDbEntity
  8
COR
100
AcDbLine
 10
14060.22591536742
 20
14263.72749759083
 30
0.0
 11
14085.22591536742
 21
14263.72749759083
 31
0.0
  0
LINE
  5
A4E4
330
1F
100
AcDbEntity
  8
COR
100
AcDbLine
 10
14135.22591536742
 20
14263.72749759083
 30
0.0
 11
15317.22591542092
 21
14263.72749759045
 31
0.0
  0
LWPOLYLINE
  5
A4E5
330
1F
100
AcDbEntity
  8
ELE-2
100
AcDbPolyline
 90
4
 70
0
 10
14185.22591536766
 20
15613.72749759083
 10
14185.22591536766
 20
15563.72749759083
 10
15267.22591542115
 20
15563.72749759045
 10
15267.22591542115
 20
15613.72749759045
  0
LWPOLYLINE
  5
A4E6
330
1F
100
AcDbEntity
  8
ELE-2
100
AcDbPolyline
 90
4
 70
0
 10
14185.22591536766
 20
15883.72749759083
 10
14185.22591536766
 20
15833.72749759083
 10
15267.22591542115
 20
15833.72749759045
 10
15267.22591542115
 20
15883.72749759045
  0
LWPOLYLINE
  5
A4E7
330
1F
100
AcDbEntity
  8
COR
100
AcDbPolyline
 90
4
 70
1
 10
14010.22591536766
 20
16153.72749759083
 10
14060.22591536765
 20
16153.72749759083
 10
14060.22591536742
 20
14263.72749759083
 10
14010.22591536742
 20
14263.72749759083
  0
LWPOLYLINE
  5
A4E8
330
1F
100
AcDbEntity
  8
COR
100
AcDbPolyline
 90
4
 70
1
 10
13985.22591536766
 20
16178.72749759083
 10
14085.22591536766
 20
16178.72749759083
 10
14085.22591536742
 20
14238.72749759083
 10
13985.22591536742
 20
14238.72749759083
  0
LWPOLYLINE
  5
A4E9
330
1F
100
AcDbEntity
  8
COR
100
AcDbPolyline
 90
4
 70
1
 10
13935.22591536765
 20
16228.72749759083
 10
14135.22591536765
 20
16228.72749759083
 10
14135.22591536742
 20
14188.72749759083
 10
13935.22591536742
 20
14188.72749759083
  0
LINE
  5
A4EA
330
1F
100
AcDbEntity
  8
COR
100
AcDbLine
 10
14060.22591536765
 20
15883.72749759083
 30
0.0
 11
14085.22591536766
 21
15883.72749759083
 31
0.0
  0
LINE
  5
A4EB
330
1F
100
AcDbEntity
  8
COR
100
AcDbLine
 10
14135.22591536765
 20
15883.72749759083
 30
0.0
 11
15317.22591542115
 21
15883.72749759045
 31
0.0
  0
LINE
  5
A4EC
330
1F
100
AcDbEntity
  8
COR
100
AcDbLine
 10
14060.22591536789
 20
16153.72749759083
 30
0.0
 11
14085.22591536789
 21
16153.72749759083
 31
0.0
  0
LINE
  5
A4ED
330
1F
100
AcDbEntity
  8
COR
100
AcDbLine
 10
14010.22591536742
 20
15883.72749759083
 30
0.0
 11
13985.22591536742
 21
15883.72749759083
 31
0.0
  0
LINE
  5
A4EE
330
1F
100
AcDbEntity
  8
COR
100
AcDbLine
 10
13935.22591536742
 20
15883.72749759083
 30
0.0
 11
12753.22591536742
 21
15883.72749759074
 31
0.0
  0
LINE
  5
A4EF
330
1F
100
AcDbEntity
  8
COR
100
AcDbLine
 10
14010.22591536742
 20
15613.72749759083
 30
0.0
 11
13985.22591536742
 21
15613.72749759083
 31
0.0
  0
LINE
  5
A4F0
330
1F
100
AcDbEntity
  8
COR
100
AcDbLine
 10
13935.22591536742
 20
15613.72749759083
 30
0.0
 11
12753.22591536742
 21
15613.72749759074
 31
0.0
  0
LINE
  5
A4F1
330
1F
100
AcDbEntity
  8
COR
100
AcDbLine
 10
14010.22591536742
 20
15343.72749759083
 30
0.0
 11
13985.22591536742
 21
15343.72749759083
 31
0.0
  0
LINE
  5
A4F2
330
1F
100
AcDbEntity
  8
COR
100
AcDbLine
 10
13935.22591536742
 20
15343.72749759083
 30
0.0
 11
12753.22591536742
 21
15343.72749759074
 31
0.0
  0
LWPOLYLINE
  5
A4F3
330
1F
100
AcDbEntity
  8
ELE-2
100
AcDbPolyline
 90
4
 70
0
 10
13885.22591536719
 20
14263.72749759083
 10
13885.22591536719
 20
14313.72749759083
 10
12803.22591536719
 20
14313.72749759074
 10
12803.22591536719
 20
14263.72749759074
  0
LINE
  5
A4F4
330
1F
100
AcDbEntity
  8
COR
100
AcDbLine
 10
14010.22591536742
 20
15073.72749759083
 30
0.0
 11
13985.22591536742
 21
15073.72749759083
 31
0.0
  0
LINE
  5
A4F5
330
1F
100
AcDbEntity
  8
COR
100
AcDbLine
 10
13935.22591536742
 20
15073.72749759083
 30
0.0
 11
12753.22591536742
 21
15073.72749759074
 31
0.0
  0
LWPOLYLINE
  5
A4F6
330
1F
100
AcDbEntity
  8
ELE-2
100
AcDbPolyline
 90
4
 70
0
 10
13885.22591536719
 20
14533.72749759083
 10
13885.22591536719
 20
14583.72749759083
 10
12803.22591536719
 20
14583.72749759074
 10
12803.22591536719
 20
14533.72749759074
  0
LINE
  5
A4F7
330
1F
100
AcDbEntity
  8
COR
100
AcDbLine
 10
14010.22591536719
 20
14803.72749759083
 30
0.0
 11
13985.22591536719
 21
14803.72749759083
 31
0.0
  0
LINE
  5
A4F8
330
1F
100
AcDbEntity
  8
COR
100
AcDbLine
 10
13935.22591536719
 20
14803.72749759083
 30
0.0
 11
12753.22591536719
 21
14803.72749759074
 31
0.0
  0
LWPOLYLINE
  5
A4F9
330
1F
100
AcDbEntity
  8
ELE-2
100
AcDbPolyline
 90
4
 70
0
 10
13885.22591536719
 20
14803.72749759083
 10
13885.22591536742
 20
14853.72749759083
 10
12803.22591536742
 20
14853.72749759074
 10
12803.22591536719
 20
14803.72749759074
  0
LINE
  5
A4FA
330
1F
100
AcDbEntity
  8
COR
100
AcDbLine
 10
14010.22591536719
 20
14533.72749759083
 30
0.0
 11
13985.22591536719
 21
14533.72749759083
 31
0.0
  0
LINE
  5
A4FB
330
1F
100
AcDbEntity
  8
COR
100
AcDbLine
 10
13935.22591536719
 20
14533.72749759083
 30
0.0
 11
12753.22591536719
 21
14533.72749759074
 31
0.0
  0
LWPOLYLINE
  5
A4FC
330
1F
100
AcDbEntity
  8
ELE-2
100
AcDbPolyline
 90
4
 70
0
 10
13885.22591536742
 20
15073.72749759083
 10
13885.22591536742
 20
15123.72749759083
 10
12803.22591536742
 20
15123.72749759074
 10
12803.22591536742
 20
15073.72749759074
  0
LINE
  5
A4FD
330
1F
100
AcDbEntity
  8
COR
100
AcDbLine
 10
14010.22591536719
 20
14263.72749759083
 30
0.0
 11
13985.22591536719
 21
14263.72749759083
 31
0.0
  0
LINE
  5
A4FE
330
1F
100
AcDbEntity
  8
COR
100
AcDbLine
 10
13935.22591536719
 20
14263.72749759083
 30
0.0
 11
12753.22591536719
 21
14263.72749759074
 31
0.0
  0
LWPOLYLINE
  5
A4FF
330
1F
100
AcDbEntity
  8
ELE-2
100
AcDbPolyline
 90
4
 70
0
 10
13885.22591536742
 20
15343.72749759083
 10
13885.22591536742
 20
15393.72749759083
 10
12803.22591536742
 20
15393.72749759074
 10
12803.22591536742
 20
15343.72749759074
  0
LWPOLYLINE
  5
A500
330
1F
100
AcDbEntity
  8
ELE-2
100
AcDbPolyline
 90
4
 70
0
 10
13885.22591536742
 20
15613.72749759083
 10
13885.22591536742
 20
15663.72749759083
 10
12803.22591536742
 20
15663.72749759074
 10
12803.22591536742
 20
15613.72749759074
  0
LWPOLYLINE
  5
A501
330
1F
100
AcDbEntity
  8
ELE-2
100
AcDbPolyline
 90
4
 70
0
 10
13885.22591536742
 20
15883.72749759083
 10
13885.22591536742
 20
15933.72749759083
 10
12803.22591536742
 20
15933.72749759074
 10
12803.22591536742
 20
15883.72749759074
  0
LINE
  5
A502
330
1F
100
AcDbEntity
  8
ETC
100
AcDbLine
 10
14735.22591536725
 20
14803.72749759062
 30
0.0
 11
14735.22591536774
 21
15883.72749759062
 31
0.0
  0
HATCH
  5
A503
330
1F
100
AcDbEntity
  8
ETC
100
AcDbHatch
 10
0.0
 20
0.0
 30
0.0
210
0.0
220
0.0
230
1.0
  2
SOLID
 70
1
 71
0
 91
1
 92
1
 93
6
 72
1
 10
14839.36962514952
 20
14869.61822313679
 11
14847.72591536725
 21
14848.72749759214
 72
1
 10
14847.72591536725
 20
14848.72749759214
 11
14735.22591536725
 21
14803.72749759214
 72
1
 10
14735.22591536725
 20
14803.72749759214
 11
14622.72591536725
 21
14848.72749759214
 72
1
 10
14622.72591536725
 20
14848.72749759214
 11
14631.08220558532
 21
14869.61822313679
 72
1
 10
14631.08220558532
 20
14869.61822313679
 11
14735.22591536725
 21
14827.96073922402
 72
1
 10
14735.22591536725
 20
14827.96073922402
 11
14839.36962514918
 21
14869.61822313679
 97
0
 75
0
 76
1
 98
1
 10
5413.446017184644
 20
24283.20307961597
450
0
451
0
460
0.0
461
0.0
452
0
462
0.0
453
0
470

1001
ACAD
1010
-8894.816635069956
1020
-106.1582634137113
1030
0.0
  0
LWPOLYLINE
  5
A504
330
1F
100
AcDbEntity
  8
ETC
100
AcDbPolyline
 90
6
 70
1
 10
14631.08220558532
 20
14869.61822313679
 10
14735.22591536725
 20
14827.96073922402
 10
14839.36962514952
 20
14869.61822313679
 10
14847.72591536725
 20
14848.72749759214
 10
14735.22591536725
 20
14803.72749759214
 10
14622.72591536725
 20
14848.72749759214
  0
LINE
  5
A505
330
1F
100
AcDbEntity
  8
ETC
100
AcDbLine
 10
13335.22591536672
 20
13558.72749759083
 30
0.0
 11
13335.22591536763
 21
16153.72749759077
 31
0.0
  0
LINE
  5
A506
330
1F
100
AcDbEntity
  8
ETC
100
AcDbLine
 10
14735.22591536696
 20
13558.72749759036
 30
0.0
 11
13335.22591536672
 21
13558.72749759083
 31
0.0
  0
LINE
  5
A507
330
1F
100
AcDbEntity
  8
ETC
100
AcDbLine
 10
14735.22591536707
 20
14533.72749759557
 30
0.0
 11
14735.22591536696
 21
13558.72749759036
 31
0.0
  0
HATCH
  5
A508
330
1F
100
AcDbEntity
  8
ETC
100
AcDbHatch
 10
0.0
 20
0.0
 30
0.0
210
0.0
220
0.0
230
1.0
  2
SOLID
 70
1
 71
0
 91
1
 92
1
 93
6
 72
1
 10
14839.36962515377
 20
14467.83677204705
 11
14847.7259153715
 21
14488.7274975917
 72
1
 10
14847.7259153715
 20
14488.7274975924
 11
14735.2259153715
 21
14533.7274975924
 72
1
 10
14735.2259153715
 20
14533.7274975924
 11
14622.7259153715
 21
14488.7274975924
 72
1
 10
14622.7259153715
 20
14488.7274975924
 11
14631.08220558957
 21
14467.83677204775
 72
1
 10
14631.08220558957
 20
14467.83677204705
 11
14735.2259153715
 21
14509.49425595982
 72
1
 10
14735.2259153715
 20
14509.49425596052
 11
14839.36962515343
 21
14467.83677204775
 97
0
 75
0
 76
1
 98
1
 10
5413.446017185401
 20
5054.251915572742
450
0
451
0
460
0.0
461
0.0
452
0
462
0.0
453
0
470

1001
ACAD
1010
-8894.816635069956
1020
-106.1582634137113
1030
0.0
  0
LWPOLYLINE
  5
A509
330
1F
100
AcDbEntity
  8
ETC
100
AcDbPolyline
 90
6
 70
1
 10
14631.08220558957
 20
14467.83677204705
 10
14735.2259153715
 20
14509.49425596052
 10
14839.36962515377
 20
14467.83677204705
 10
14847.7259153715
 20
14488.7274975924
 10
14735.2259153715
 20
14533.7274975924
 10
14622.7259153715
 20
14488.7274975924
  0
LINE
  5
A50A
330
1F
100
AcDbEntity
  8
COR
100
AcDbLine
 10
14010.22591536766
 20
16153.72749759083
 30
0.0
 11
13985.22591536766
 21
16153.72749759083
 31
0.0
  0
LWPOLYLINE
  5
A50B
330
1F
100
AcDbEntity
  8
0
100
AcDbPolyline
 90
6
 70
0
 10
13956.47591536765
 20
14955.3383664951
 10
14700.6029721116
 20
14645.74328927475
 10
14729.4128176716
 20
14714.98917578639
 10
14741.03901306324
 20
14547.68755720289
 10
14769.84885862324
 20
14616.93344371452
 10
15513.97591536719
 20
14307.33836649463
  0
TEXT
  5
A50C
330
1F
100
AcDbEntity
  8
TEXT
100
AcDbText
 10
14627.80359120637
 20
16010.1115741978
 30
0.0
 40
200.0
  1
UP
  7
굴림체
 72
1
 11
14763.97380397233
 21
16110.1115741978
 31
0.0
100
AcDbText
 73
2
  0
LWPOLYLINE
  5
A50D
330
1F
100
AcDbEntity
  8
ETC
100
AcDbPolyline
 90
2
 70
1
 43
50.0
 10
14710.22591536774
 20
15883.72749759062
 42
-1.0
 10
14760.22591536774
 20
15883.72749759062
 42
-1.0
  0
LWPOLYLINE
  5
A50E
330
1F
100
AcDbEntity
  8
ETC
100
AcDbPolyline
 90
2
 70
1
 43
50.0
 10
13310.22591536763
 20
16153.72749759123
 42
-1.0
 10
13360.22591536763
 20
16153.72749759123
 42
-1.0
  0
TEXT
  5
A50F
330
1F
100
AcDbEntity
  8
TEXT
100
AcDbText
 10
13227.80359120631
 20
16327.7335942812
 30
0.0
 40
200.0
  1
DN
  7
굴림체
 72
1
 11
13363.97380397227
 21
16427.7335942812
 31
0.0
100
AcDbText
 73
2
  0
INSERT
  5
A510
330
1F
100
AcDbEntity
  8
COL
100
AcDbBlockReference
  2
1000문WELKJWLT
 10
16960.22591562191
 20
17033.72749767791
 30
0.0
 50
90.0
  0
INSERT
  5
A511
330
1F
100
AcDbEntity
  8
COL
100
AcDbBlockReference
  2
1000문WELKJWLT
 10
16960.22591562191
 20
14773.72749767744
 30
0.0
 41
-1.0
 50
90.0
  0
LINE
  5
A512
330
1F
100
AcDbEntity
  8
1-세부분할
100
AcDbLine
 10
13435.22591544146
 20
18083.72749767931
 30
0.0
 11
13435.22591544146
 21
17998.72749767931
 31
0.0
  0
LINE
  5
A513
330
1F
100
AcDbEntity
  8
1-세부분할
100
AcDbLine
 10
13685.22591544146
 20
18083.72749767931
 30
0.0
 11
13435.22591544146
 21
18083.72749767931
 31
0.0
  0
LINE
  5
A514
330
1F
100
AcDbEntity
  8
1-세부분할
100
AcDbLine
 10
13685.225915441
 20
19113.72749767931
 30
0.0
 11
13685.22591544146
 21
18083.72749767931
 31
0.0
  0
LINE
  5
A515
330
1F
100
AcDbEntity
  8
1-세부분할
100
AcDbLine
 10
12385.22591544146
 20
18083.72749767885
 30
0.0
 11
12385.225915441
 21
19113.72749767885
 31
0.0
  0
LINE
  5
A516
330
1F
100
AcDbEntity
  8
1-세부분할
100
AcDbLine
 10
12635.22591544146
 20
18083.72749767931
 30
0.0
 11
12385.22591544146
 21
18083.72749767885
 31
0.0
  0
LINE
  5
A517
330
1F
100
AcDbEntity
  8
1-세부분할
100
AcDbLine
 10
12635.22591544146
 20
17998.72749767931
 30
0.0
 11
12635.22591544146
 21
18083.72749767931
 31
0.0
  0
LINE
  5
A518
330
1F
100
AcDbEntity
  8
1-세부분할
100
AcDbLine
 10
13710.225915441
 20
19138.72749767931
 30
0.0
 11
13710.22591544146
 21
17926.72749767931
 31
0.0
  0
LINE
  5
A519
330
1F
100
AcDbEntity
  8
1-세부분할
100
AcDbLine
 10
12360.22591544146
 20
17926.72749767884
 30
0.0
 11
12360.225915441
 21
19138.72749767884
 31
0.0
  0
LINE
  5
A51A
330
1F
100
AcDbEntity
  8
1-세부분할
100
AcDbLine
 10
13035.225915441
 20
18532.72749767931
 30
0.0
 11
13035.22591544146
 21
17526.72749767931
 31
0.0
  0
LINE
  5
A51B
330
1F
100
AcDbEntity
  8
1-세부분할
100
AcDbLine
 10
12360.225915441
 20
19138.72749767884
 30
0.0
 11
13710.22591544146
 21
17926.72749767931
 31
0.0
  0
LINE
  5
A51C
330
1F
100
AcDbEntity
  8
1-세부분할
100
AcDbLine
 10
13710.225915441
 20
19138.72749767931
 30
0.0
 11
12360.22591544146
 21
17926.72749767884
 31
0.0
  0
LINE
  5
A51D
330
1F
100
AcDbEntity
  8
1-세부분할
100
AcDbLine
 10
13035.225915441
 20
18532.72749767931
 30
0.0
 11
12160.225915441
 21
18532.72749767884
 31
0.0
  0
LINE
  5
A51E
330
1F
100
AcDbEntity
  8
1-세부분할
100
AcDbLine
 10
13035.225915441
 20
18532.72749767931
 30
0.0
 11
13035.225915441
 21
19538.72749767931
 31
0.0
  0
LINE
  5
A51F
330
1F
100
AcDbEntity
  8
1-세부분할
100
AcDbLine
 10
13035.225915441
 20
18532.72749767931
 30
0.0
 11
13960.225915441
 21
18532.72749767931
 31
0.0
  0
LINE
  5
A520
330
1F
100
AcDbEntity
  8
1-세부분할
100
AcDbLine
 10
12385.225915441
 20
19113.72749767885
 30
0.0
 11
13685.225915441
 21
19113.72749767931
 31
0.0
  0
LINE
  5
A521
330
1F
100
AcDbEntity
  8
1-세부분할
100
AcDbLine
 10
12360.225915441
 20
19138.72749767884
 30
0.0
 11
13710.225915441
 21
19138.72749767931
 31
0.0
  0
LWPOLYLINE
  5
A522
330
1F
100
AcDbEntity
  8
_ELEV
100
AcDbPolyline
 90
5
 70
1
 10
12635.22591544146
 20
17783.72749767931
 10
12695.22591544146
 20
17783.72749767931
 10
12695.22591544146
 20
17753.72749767931
 10
12665.22591544146
 20
17523.72749767931
 10
12635.22591544146
 20
17523.72749767931
  0
LWPOLYLINE
  5
A523
330
1F
100
AcDbEntity
  8
_ELEV
100
AcDbPolyline
 90
5
 70
1
 10
13435.22591544146
 20
17783.72749767931
 10
13375.22591544146
 20
17783.72749767931
 10
13375.22591544146
 20
17753.72749767931
 10
13405.22591544146
 20
17523.72749767931
 10
13435.22591544146
 20
17523.72749767931
  0
LWPOLYLINE
  5
A524
330
1F
100
AcDbEntity
  8
1-세부분할
100
AcDbPolyline
 90
4
 70
0
 10
12635.22591544146
 20
17813.72749767931
 10
12695.22591544146
 20
17813.72749767931
 10
12695.22591544146
 20
17863.72749767931
 10
12635.22591544146
 20
17863.72749767931
  0
LWPOLYLINE
  5
A525
330
1F
100
AcDbEntity
  8
1-세부분할
100
AcDbPolyline
 90
4
 70
0
 10
13435.22591544146
 20
17813.72749767931
 10
13375.22591544146
 20
17813.72749767931
 10
13375.22591544146
 20
17863.72749767931
 10
13435.22591544146
 20
17863.72749767931
  0
LINE
  5
A526
330
1F
100
AcDbEntity
  8
1-세부분할
100
AcDbLine
 10
12575.22591544146
 20
17873.72749767931
 30
0.0
 11
12575.22591544146
 21
17913.72749767931
 31
0.0
  0
LINE
  5
A527
330
1F
100
AcDbEntity
  8
1-세부분할
100
AcDbLine
 10
13495.22591544146
 20
17873.72749767931
 30
0.0
 11
12575.22591544146
 21
17873.72749767931
 31
0.0
  0
LINE
  5
A528
330
1F
100
AcDbEntity
  8
1-세부분할
100
AcDbLine
 10
13495.22591544146
 20
17913.72749767931
 30
0.0
 11
13495.22591544146
 21
17873.72749767931
 31
0.0
  0
LINE
  5
A529
330
1F
100
AcDbEntity
  8
1-세부분할
100
AcDbLine
 10
12575.22591544146
 20
17913.72749767931
 30
0.0
 11
13495.22591544146
 21
17913.72749767931
 31
0.0
  0
LINE
  5
A52A
330
1F
100
AcDbEntity
  8
1-세부분할
100
AcDbLine
 10
12595.22591544146
 20
17948.72749767931
 30
0.0
 11
13485.22591544146
 21
17948.72749767931
 31
0.0
  0
LINE
  5
A52B
330
1F
100
AcDbEntity
  8
1-세부분할
100
AcDbLine
 10
12595.22591544146
 20
17988.72749767931
 30
0.0
 11
12595.22591544146
 21
17948.72749767931
 31
0.0
  0
LINE
  5
A52C
330
1F
100
AcDbEntity
  8
1-세부분할
100
AcDbLine
 10
13485.22591544146
 20
17988.72749767931
 30
0.0
 11
12595.22591544146
 21
17988.72749767931
 31
0.0
  0
LINE
  5
A52D
330
1F
100
AcDbEntity
  8
1-세부분할
100
AcDbLine
 10
13485.22591544146
 20
17948.72749767931
 30
0.0
 11
13485.22591544146
 21
17988.72749767931
 31
0.0
  0
LINE
  5
A52E
330
1F
100
AcDbEntity
  8
1-세부분할
100
AcDbLine
 10
13435.22591544146
 20
17998.72749767931
 30
0.0
 11
13445.22591544146
 21
17998.72749767931
 31
0.0
  0
LINE
  5
A52F
330
1F
100
AcDbEntity
  8
1-세부분할
100
AcDbLine
 10
12625.22591544146
 20
17998.72749767931
 30
0.0
 11
12635.22591544146
 21
17998.72749767931
 31
0.0
  0
LINE
  5
A530
330
1F
100
AcDbEntity
  8
1-세부분할
100
AcDbLine
 10
12635.22591544146
 20
17926.72749767931
 30
0.0
 11
12360.22591544146
 21
17926.72749767884
 31
0.0
  0
LINE
  5
A531
330
1F
100
AcDbEntity
  8
1-세부분할
100
AcDbLine
 10
12625.22591544146
 20
17938.72749767931
 30
0.0
 11
12635.22591544146
 21
17938.72749767931
 31
0.0
  0
LINE
  5
A532
330
1F
100
AcDbEntity
  8
1-세부분할
100
AcDbLine
 10
12635.22591544146
 20
17938.72749767931
 30
0.0
 11
12635.22591544146
 21
17926.72749767931
 31
0.0
  0
LINE
  5
A533
330
1F
100
AcDbEntity
  8
1-세부분할
100
AcDbLine
 10
13710.22591544146
 20
17926.72749767931
 30
0.0
 11
13435.22591544146
 21
17926.72749767931
 31
0.0
  0
LINE
  5
A534
330
1F
100
AcDbEntity
  8
1-세부분할
100
AcDbLine
 10
13435.22591544146
 20
17938.72749767931
 30
0.0
 11
13445.22591544146
 21
17938.72749767931
 31
0.0
  0
LINE
  5
A535
330
1F
100
AcDbEntity
  8
1-세부분할
100
AcDbLine
 10
13445.22591544146
 20
17938.72749767931
 30
0.0
 11
13435.22591544146
 21
17938.72749767931
 31
0.0
  0
LINE
  5
A536
330
1F
100
AcDbEntity
  8
1-세부분할
100
AcDbLine
 10
13435.22591544146
 20
17926.72749767931
 30
0.0
 11
13435.22591544146
 21
17938.72749767931
 31
0.0
  0
LWPOLYLINE
  5
A537
330
1F
100
AcDbEntity
  8
RXDOOR
100
AcDbPolyline
 90
9
 70
0
 10
16947.22591562307
 20
17863.72749767791
 10
16923.22591562307
 20
17863.72749767791
 10
16923.22591562307
 20
17888.72749767791
 10
16966.22591562307
 20
17888.72749767791
 10
16966.22591562307
 20
17903.72749767791
 10
17030.22591562307
 20
17903.72749767791
 10
17073.22591562307
 20
17888.72749767791
 10
17073.22591562307
 20
17863.72749767791
 10
17049.22591562307
 20
17863.72749767791
1001
INERCAD20
1000
UnNamed
1070
3001
1071
1
  0
LWPOLYLINE
  5
A538
330
1F
100
AcDbEntity
  8
RXDOOR
100
AcDbPolyline
 90
9
 70
0
 10
16947.22591562307
 20
18743.72749767791
 10
16923.22591562307
 20
18743.72749767791
 10
16923.22591562307
 20
18718.72749767791
 10
16966.22591562307
 20
18718.72749767791
 10
16966.22591562307
 20
18703.72749767791
 10
17030.22591562307
 20
18703.72749767791
 10
17073.22591562307
 20
18718.72749767791
 10
17073.22591562307
 20
18743.72749767791
 10
17049.22591562307
 20
18743.72749767791
1001
INERCAD20
1000
UnNamed
1070
3001
1071
1
  0
LWPOLYLINE
  5
A539
330
1F
100
AcDbEntity
  8
RXDOOR
100
AcDbPolyline
 90
4
 70
1
 10
16923.22591562307
 20
17888.72749767791
 10
16133.22591562307
 20
17888.72749767791
 10
16133.22591562307
 20
17928.72749767791
 10
16923.22591562307
 20
17928.72749767791
1001
INERCAD20
1000
UnNamed
1070
3001
1071
2
  0
ARC
  5
A53A
330
1F
100
AcDbEntity
  8
RXDOOR
 62
7
100
AcDbCircle
 10
16923.22591562307
 20
17928.72749767791
 30
0.0
 40
790.0
100
AcDbArc
 50
90.0
 51
180.0
1001
INERCAD20
1000
UnNamed
1070
3001
1071
3
  0
LWPOLYLINE
  5
A53B
330
1F
100
AcDbEntity
  8
RXDOOR
100
AcDbPolyline
 90
9
 70
0
 10
18625.22591544123
 20
19091.72749758664
 10
18625.22591544123
 20
19115.72749758665
 10
18600.22591544123
 20
19115.72749758665
 10
18600.22591544123
 20
19072.72749758664
 10
18585.22591544123
 20
19072.72749758664
 10
18585.225915441
 20
19008.72749758664
 10
18600.225915441
 20
18965.72749758664
 10
18625.225915441
 20
18965.72749758664
 10
18625.225915441
 20
18989.72749758664
1001
INERCAD20
1000
UnNamed
1070
3001
1071
1
  0
LWPOLYLINE
  5
A53C
330
1F
100
AcDbEntity
  8
RXDOOR
100
AcDbPolyline
 90
9
 70
0
 10
17845.22591544123
 20
19091.72749758711
 10
17845.22591544123
 20
19115.72749758711
 10
17870.22591544123
 20
19115.72749758711
 10
17870.22591544123
 20
19072.72749758711
 10
17885.22591544123
 20
19072.72749758711
 10
17885.225915441
 20
19008.72749758711
 10
17870.225915441
 20
18965.72749758711
 10
17845.225915441
 20
18965.72749758711
 10
17845.225915441
 20
18989.72749758711
1001
INERCAD20
1000
UnNamed
1070
3001
1071
1
  0
LWPOLYLINE
  5
A53D
330
1F
100
AcDbEntity
  8
RXDOOR
100
AcDbPolyline
 90
4
 70
1
 10
18600.22591544123
 20
19115.72749758665
 10
18600.22591544239
 20
19805.72749758664
 10
18560.22591544239
 20
19805.72749758664
 10
18560.22591544123
 20
19115.72749758665
1001
INERCAD20
1000
UnNamed
1070
3001
1071
2
  0
ARC
  5
A53E
330
1F
100
AcDbEntity
  8
RXDOOR
 62
7
100
AcDbCircle
 10
18560.22591544123
 20
19115.72749758665
 30
0.0
 40
690.0
100
AcDbArc
 50
90.0
 51
180.0
1001
INERCAD20
1000
UnNamed
1070
3001
1071
3
  0
LWPOLYLINE
  5
A53F
330
1F
100
AcDbEntity
  8
RXDOOR
100
AcDbPolyline
 90
9
 70
0
 10
18625.22591540863
 20
12265.72749759036
 10
18625.22591540863
 20
12241.72749759036
 10
18600.22591540863
 20
12241.72749759036
 10
18600.22591540863
 20
12284.72749759036
 10
18585.22591540863
 20
12284.72749759036
 10
18585.2259154084
 20
12348.72749759036
 10
18600.2259154084
 20
12391.72749759036
 10
18625.2259154084
 20
12391.72749759036
 10
18625.2259154084
 20
12367.72749759036
1001
INERCAD20
1000
UnNamed
1070
3001
1071
1
  0
LWPOLYLINE
  5
A540
330
1F
100
AcDbEntity
  8
RXDOOR
100
AcDbPolyline
 90
9
 70
0
 10
17845.22591540863
 20
12265.72749758989
 10
17845.22591540863
 20
12241.7274975899
 10
17870.22591540863
 20
12241.7274975899
 10
17870.22591540863
 20
12284.7274975899
 10
17885.22591540863
 20
12284.7274975899
 10
17885.2259154084
 20
12348.7274975899
 10
17870.2259154084
 20
12391.7274975899
 10
17845.2259154084
 20
12391.7274975899
 10
17845.2259154084
 20
12367.72749758989
1001
INERCAD20
1000
UnNamed
1070
3001
1071
1
  0
LWPOLYLINE
  5
A541
330
1F
100
AcDbEntity
  8
RXDOOR
100
AcDbPolyline
 90
4
 70
1
 10
18600.22591540863
 20
12241.72749759036
 10
18600.2259154098
 20
11551.72749759036
 10
18560.2259154098
 20
11551.72749759036
 10
18560.22591540863
 20
12241.72749759036
1001
INERCAD20
1000
UnNamed
1070
3001
1071
2
  0
ARC
  5
A542
330
1F
100
AcDbEntity
  8
RXDOOR
 62
7
100
AcDbCircle
 10
18560.22591540863
 20
12241.72749759036
 30
0.0
 40
690.0
100
AcDbArc
 50
180.0
 51
270.0
1001
INERCAD20
1000
UnNamed
1070
3001
1071
3
  0
LWPOLYLINE
  5
A543
330
1F
100
AcDbEntity
  8
RXDOOR
100
AcDbPolyline
 90
9
 70
0
 10
16947.22591561795
 20
13943.72749767744
 10
16923.22591561795
 20
13943.72749767744
 10
16923.22591561841
 20
13918.72749767744
 10
16966.22591561841
 20
13918.72749767744
 10
16966.22591561841
 20
13903.72749767744
 10
17030.22591561841
 20
13903.72749767744
 10
17073.22591561841
 20
13918.72749767744
 10
17073.22591561795
 20
13943.72749767744
 10
17049.22591561795
 20
13943.72749767744
1001
INERCAD20
1000
UnNamed
1070
3001
1071
1
  0
LWPOLYLINE
  5
A544
330
1F
100
AcDbEntity
  8
RXDOOR
100
AcDbPolyline
 90
9
 70
0
 10
16947.22591561935
 20
13063.72749767744
 10
16923.22591561934
 20
13063.72749767744
 10
16923.22591561934
 20
13088.72749767744
 10
16966.22591561935
 20
13088.72749767744
 10
16966.22591561935
 20
13103.72749767744
 10
17030.22591561935
 20
13103.72749767744
 10
17073.22591561934
 20
13088.72749767744
 10
17073.22591561934
 20
13063.72749767744
 10
17049.22591561935
 20
13063.72749767744
1001
INERCAD20
1000
UnNamed
1070
3001
1071
1
  0
LWPOLYLINE
  5
A545
330
1F
100
AcDbEntity
  8
RXDOOR
100
AcDbPolyline
 90
4
 70
1
 10
16923.22591561841
 20
13918.72749767744
 10
16133.22591561841
 20
13918.72749767651
 10
16133.22591561841
 20
13878.72749767651
 10
16923.22591561841
 20
13878.72749767744
1001
INERCAD20
1000
UnNamed
1070
3001
1071
2
  0
ARC
  5
A546
330
1F
100
AcDbEntity
  8
RXDOOR
 62
7
100
AcDbCircle
 10
16923.22591561841
 20
13878.72749767744
 30
0.0
 40
790.0
100
AcDbArc
 50
180.0
 51
270.0
1001
INERCAD20
1000
UnNamed
1070
3001
1071
3
  0
LWPOLYLINE
  5
A547
330
1F
100
AcDbEntity
  8
RXDOOR
100
AcDbPolyline
 90
9
 70
0
 10
22723.22591548477
 20
13343.72749759083
 10
22747.22591548477
 20
13343.72749759083
 10
22747.22591548477
 20
13318.72749759083
 10
22704.22591548477
 20
13318.72749759083
 10
22704.22591548477
 20
13303.72749759083
 10
22640.22591548477
 20
13303.72749759083
 10
22597.22591548477
 20
13318.72749759083
 10
22597.22591548477
 20
13343.72749759083
 10
22621.22591548477
 20
13343.72749759083
1001
INERCAD20
1000
UnNamed
1070
3001
1071
1
  0
LWPOLYLINE
  5
A548
330
1F
100
AcDbEntity
  8
RXDOOR
100
AcDbPolyline
 90
9
 70
0
 10
22723.2259154857
 20
12463.72749759083
 10
22747.2259154857
 20
12463.72749759083
 10
22747.2259154857
 20
12488.72749759083
 10
22704.2259154857
 20
12488.72749759083
 10
22704.2259154857
 20
12503.72749759083
 10
22640.2259154857
 20
12503.72749759083
 10
22597.2259154857
 20
12488.72749759083
 10
22597.2259154857
 20
12463.72749759083
 10
22621.2259154857
 20
12463.72749759083
1001
INERCAD20
1000
UnNamed
1070
3001
1071
1
  0
LWPOLYLINE
  5
A549
330
1F
100
AcDbEntity
  8
RXDOOR
100
AcDbPolyline
 90
4
 70
1
 10
22747.22591548477
 20
13318.72749759083
 10
23537.22591548477
 20
13318.72749759176
 10
23537.22591548477
 20
13278.72749759176
 10
22747.22591548477
 20
13278.72749759083
1001
INERCAD20
1000
UnNamed
1070
3001
1071
2
  0
ARC
  5
A54A
330
1F
100
AcDbEntity
  8
RXDOOR
 62
7
100
AcDbCircle
 10
22747.22591548477
 20
13278.72749759083
 30
0.0
 40
790.0
100
AcDbArc
 50
270.0
 51
0.0
1001
INERCAD20
1000
UnNamed
1070
3001
1071
3
  0
LWPOLYLINE
  5
A54B
330
1F
100
AcDbEntity
  8
RXDOOR
100
AcDbPolyline
 90
9
 70
0
 10
22723.22591548477
 20
13563.7274975899
 10
22747.22591548477
 20
13563.7274975899
 10
22747.22591548477
 20
13588.7274975899
 10
22704.22591548477
 20
13588.7274975899
 10
22704.22591548477
 20
13603.7274975899
 10
22640.22591548477
 20
13603.7274975899
 10
22597.22591548477
 20
13588.7274975899
 10
22597.22591548477
 20
13563.7274975899
 10
22621.22591548477
 20
13563.7274975899
1001
INERCAD20
1000
UnNamed
1070
3001
1071
1
  0
LWPOLYLINE
  5
A54C
330
1F
100
AcDbEntity
  8
RXDOOR
100
AcDbPolyline
 90
9
 70
0
 10
22723.2259154857
 20
14443.72749758989
 10
22747.2259154857
 20
14443.72749758989
 10
22747.2259154857
 20
14418.7274975899
 10
22704.2259154857
 20
14418.7274975899
 10
22704.2259154857
 20
14403.7274975899
 10
22640.2259154857
 20
14403.7274975899
 10
22597.2259154857
 20
14418.7274975899
 10
22597.2259154857
 20
14443.72749758989
 10
22621.2259154857
 20
14443.72749758989
1001
INERCAD20
1000
UnNamed
1070
3001
1071
1
  0
LWPOLYLINE
  5
A54D
330
1F
100
AcDbEntity
  8
RXDOOR
100
AcDbPolyline
 90
4
 70
1
 10
22747.22591548477
 20
13588.7274975899
 10
23537.22591548477
 20
13588.72749758897
 10
23537.22591548477
 20
13628.72749758897
 10
22747.22591548477
 20
13628.7274975899
1001
INERCAD20
1000
UnNamed
1070
3001
1071
2
  0
ARC
  5
A54E
330
1F
100
AcDbEntity
  8
RXDOOR
 62
7
100
AcDbCircle
 10
22747.22591548477
 20
13628.7274975899
 30
0.0
 40
790.0
100
AcDbArc
 50
0.0
 51
90.0
1001
INERCAD20
1000
UnNamed
1070
3001
1071
3
  0
DIMENSION
  5
A54F
330
1F
100
AcDbEntity
  8
RXDIM
100
AcDbDimension
280
0
  2
*D64
  3
NDIM 100
 10
14035.22591543122
 20
4402.530909499277
 30
0.0
 11
13335.22591540118
 21
4605.190483967362
 31
0.0
 70
32
 71
5
 42
-1.0
 73
0
 74
0
 75
0
100
AcDbAlignedDimension
 13
12635.22591537115
 23
5302.530909496018
 33
0.0
 14
14035.22591543122
 24
5302.530909495086
 34
0.0
 50
0.0
100
AcDbRotatedDimension
  0
DIMENSION
  5
A550
330
1F
100
AcDbEntity
  8
RXDIM
100
AcDbDimension
280
0
  2
*D65
  3
NDIM 100
 10
15435.22591537068
 20
4402.530909499277
 30
0.0
 11
14735.22591540095
 21
4605.190483967362
 31
0.0
 70
32
 71
5
 42
-1.0
 73
0
 74
0
 75
0
100
AcDbAlignedDimension
 13
14035.22591543122
 23
5302.530909495086
 33
0.0
 14
15435.22591537068
 24
5302.530909487636
 34
0.0
 50
0.0
100
AcDbRotatedDimension
  0
LINE
  5
A551
330
1F
100
AcDbEntity
  8
0
100
AcDbLine
 10
18617.22591541655
 20
14053.72749766859
 30
0.0
 11
17153.22591561818
 21
14053.72749766859
 31
0.0
  0
LINE
  5
A552
330
1F
100
AcDbEntity
  8
0
100
AcDbLine
 10
18617.22591541707
 20
14153.72749766859
 30
0.0
 11
17153.22591561818
 21
14153.72749766859
 31
0.0
  0
LWPOLYLINE
  5
A553
330
1F
100
AcDbEntity
  8
RXDOOR
100
AcDbPolyline
 90
9
 70
0
 10
22723.22591548454
 20
17763.72749759037
 10
22747.22591548454
 20
17763.72749759037
 10
22747.22591548454
 20
17788.72749759037
 10
22704.22591548454
 20
17788.72749759037
 10
22704.22591548454
 20
17803.72749759037
 10
22640.22591548454
 20
17803.72749759037
 10
22597.22591548454
 20
17788.72749759037
 10
22597.22591548454
 20
17763.72749759037
 10
22621.22591548454
 20
17763.72749759037
1001
INERCAD20
1000
UnNamed
1070
3001
1071
1
  0
LWPOLYLINE
  5
A554
330
1F
100
AcDbEntity
  8
RXDOOR
100
AcDbPolyline
 90
9
 70
0
 10
22723.22591548547
 20
18643.72749759037
 10
22747.22591548547
 20
18643.72749759037
 10
22747.22591548547
 20
18618.72749759037
 10
22704.22591548547
 20
18618.72749759037
 10
22704.22591548547
 20
18603.72749759037
 10
22640.22591548547
 20
18603.72749759037
 10
22597.22591548547
 20
18618.72749759037
 10
22597.22591548547
 20
18643.72749759037
 10
22621.22591548547
 20
18643.72749759037
1001
INERCAD20
1000
UnNamed
1070
3001
1071
1
  0
LWPOLYLINE
  5
A555
330
1F
100
AcDbEntity
  8
RXDOOR
100
AcDbPolyline
 90
4
 70
1
 10
22747.22591548454
 20
17788.72749759037
 10
23537.22591548454
 20
17788.72749758944
 10
23537.22591548454
 20
17828.72749758944
 10
22747.22591548454
 20
17828.72749759037
1001
INERCAD20
1000
UnNamed
1070
3001
1071
2
  0
ARC
  5
A556
330
1F
100
AcDbEntity
  8
RXDOOR
 62
7
100
AcDbCircle
 10
22747.22591548454
 20
17828.72749759037
 30
0.0
 40
790.0
100
AcDbArc
 50
0.0
 51
90.0
1001
INERCAD20
1000
UnNamed
1070
3001
1071
3
  0
INSERT
  5
A557
330
1F
100
AcDbEntity
  8
AA-DWXM-DOOR
100
AcDbBlockReference
  2
샤워기1
 10
17165.22591559956
 20
10433.72749753221
 30
0.0
 41
-1.0
 50
180.0
1001
AcDbBlockRepETag
1070
1
1071
1259
1005
0
  0
LINE
  5
A558
330
1F
100
AcDbEntity
  8
ELE-2
100
AcDbLine
 10
17195.22591561376
 20
10783.72749759089
 30
0.0
 11
17905.22591539652
 21
10783.72749759083
 31
0.0
1001
AcDbBlockRepETag
1070
1
1071
1582
1005
0
  0
LINE
  5
A559
330
1F
100
AcDbEntity
  8
ELE-2
100
AcDbLine
 10
17195.22591561329
 20
10813.72749759089
 30
0.0
 11
17905.22591539606
 21
10813.72749759083
 31
0.0
1001
AcDbBlockRepETag
1070
1
1071
1583
1005
0
  0
LINE
  5
A55A
330
1F
100
AcDbEntity
  8
ELE-2
100
AcDbLine
 10
17905.22591539652
 20
10783.72749759083
 30
0.0
 11
17905.22591539606
 21
10813.72749759083
 31
0.0
1001
AcDbBlockRepETag
1070
1
1071
1584
1005
0
  0
LWPOLYLINE
  5
A55B
330
1F
100
AcDbEntity
  8
WID-S
100
AcDbPolyline
 90
4
 70
1
 10
17195.22591561376
 20
10783.72749759089
 10
17195.22591561329
 20
10813.72749759089
 10
17165.22591561329
 20
10813.72749759089
 10
17165.22591561376
 20
10783.72749759089
1001
AcDbBlockRepETag
1070
1
1071
1585
1005
0
  0
LWPOLYLINE
  5
A55C
330
1F
100
AcDbEntity
  8
WID-S
100
AcDbPolyline
 90
4
 70
0
 10
17195.22591561376
 20
10793.72749759089
 10
17905.22591539652
 20
10793.72749759083
 10
17905.22591539606
 20
10803.72749759083
 10
17195.22591561329
 20
10803.72749759089
1001
AcDbBlockRepETag
1070
1
1071
1586
1005
0
  0
LINE
  5
A55D
330
1F
100
AcDbEntity
  8
ELE-2
100
AcDbLine
 10
18505.22591539652
 20
10783.72749759036
 30
0.0
 11
18505.22591539606
 21
10813.72749759036
 31
0.0
1001
AcDbBlockRepETag
1070
1
1071
1587
1005
0
  0
LWPOLYLINE
  5
A55E
330
1F
100
AcDbEntity
  8
WID-S
100
AcDbPolyline
 90
4
 70
1
 10
18605.22591539653
 20
10783.72749759036
 10
18605.22591539606
 20
10813.72749759036
 10
18575.22591539606
 20
10813.72749759036
 10
18575.22591539653
 20
10783.72749759036
1001
AcDbBlockRepETag
1070
1
1071
1588
1005
0
  0
LINE
  5
A55F
330
1F
100
AcDbEntity
  8
ELE-2
100
AcDbLine
 10
18505.22591539652
 20
10783.72749759036
 30
0.0
 11
18505.22591539606
 21
10813.72749759036
 31
0.0
1001
AcDbBlockRepETag
1070
1
1071
1589
1005
0
  0
LINE
  5
A560
330
1F
100
AcDbEntity
  8
ELE-2
100
AcDbLine
 10
17905.22591539652
 20
10783.72749759083
 30
0.0
 11
17905.22591539606
 21
10813.72749759083
 31
0.0
1001
AcDbBlockRepETag
1070
1
1071
1590
1005
0
  0
LWPOLYLINE
  5
A561
330
1F
100
AcDbEntity
  8
ELE-2
100
AcDbPolyline
 90
4
 70
1
 10
18505.22591539652
 20
10783.72749759036
 10
18505.22591539629
 20
10183.72749759036
 10
18475.22591539629
 20
10183.72749759036
 10
18475.22591539653
 20
10783.72749759036
1001
AcDbBlockRepETag
1070
1
1071
1591
1005
0
  0
LWPOLYLINE
  5
A562
330
1F
100
AcDbEntity
  8
WID-S
100
AcDbPolyline
 90
4
 70
1
 10
18485.22591539629
 20
10183.72749759036
 10
18485.22591539652
 20
10783.72749759036
 10
18495.22591539653
 20
10783.72749759036
 10
18495.22591539629
 20
10183.72749759036
1001
AcDbBlockRepETag
1070
1
1071
1592
1005
0
  0
ARC
  5
A563
330
1F
100
AcDbEntity
  8
ELE-1
100
AcDbCircle
 10
18505.22591539652
 20
10783.72749759036
 30
0.0
 40
600.0
100
AcDbArc
 50
180.0
 51
267.1340160280902
1001
AcDbBlockRepETag
1070
1
1071
1593
1005
0
  0
LWPOLYLINE
  5
A564
330
1F
100
AcDbEntity
  8
ELE-1
  6
Continuous
100
AcDbPolyline
 90
6
 70
0
 10
18475.22591539653
 20
10666.22749759036
 10
18463.22591539653
 20
10666.22749759036
 42
0.4142135623730951
 10
18433.22591539653
 20
10636.22749759036
 10
18433.22591539629
 20
10331.22749759036
 42
0.4142135623714968
 10
18463.22591539629
 20
10301.22749759036
 10
18475.22591539629
 20
10301.22749759036
1001
AcDbBlockRepETag
1070
1
1071
1594
1005
0
  0
LWPOLYLINE
  5
A565
330
1F
100
AcDbEntity
  8
ELE-1
  6
Continuous
100
AcDbPolyline
 90
4
 70
1
 10
18485.22591539652
 20
10678.72749759036
 10
18485.22591539652
 20
10638.72749759036
 10
18475.22591539653
 20
10638.72749759036
 10
18475.22591539653
 20
10678.72749759036
1001
AcDbBlockRepETag
1070
1
1071
1595
1005
0
  0
LWPOLYLINE
  5
A566
330
1F
100
AcDbEntity
  8
ELE-1
  6
Continuous
100
AcDbPolyline
 90
6
 70
0
 10
18475.22591539629
 20
10316.22749759036
 10
18463.22591539629
 20
10316.22749759036
 42
-0.4142135623729696
 10
18448.22591539629
 20
10331.22749759036
 10
18448.22591539653
 20
10636.22749759036
 42
-0.4142135623732725
 10
18463.22591539653
 20
10651.22749759036
 10
18475.22591539653
 20
10651.22749759036
1001
AcDbBlockRepETag
1070
1
1071
1596
1005
0
  0
LWPOLYLINE
  5
A567
330
1F
100
AcDbEntity
  8
ELE-1
  6
Continuous
100
AcDbPolyline
 90
4
 70
1
 10
18485.22591539629
 20
10328.72749759036
 10
18485.22591539629
 20
10288.72749759036
 10
18475.22591539629
 20
10288.72749759036
 10
18475.22591539629
 20
10328.72749759036
1001
AcDbBlockRepETag
1070
1
1071
1597
1005
0
  0
LINE
  5
A568
330
1F
100
AcDbEntity
  8
ELE-2
100
AcDbLine
 10
18505.22591539652
 20
10783.72749759036
 30
0.0
 11
18575.22591539653
 21
10783.72749759036
 31
0.0
1001
AcDbBlockRepETag
1070
1
1071
1598
1005
0
  0
LINE
  5
A569
330
1F
100
AcDbEntity
  8
ELE-2
100
AcDbLine
 10
18505.22591539606
 20
10813.72749759036
 30
0.0
 11
18575.22591539606
 21
10813.72749759036
 31
0.0
1001
AcDbBlockRepETag
1070
1
1071
1599
1005
0
  0
LWPOLYLINE
  5
A56A
330
1F
100
AcDbEntity
  8
WID-S
100
AcDbPolyline
 90
4
 70
0
 10
18575.22591539653
 20
10793.72749759036
 10
18505.22591539652
 20
10793.72749759036
 10
18505.22591539606
 20
10803.72749759036
 10
18575.22591539606
 20
10803.72749759036
1001
AcDbBlockRepETag
1070
1
1071
1600
1005
0
  0
TEXT
  5
A56B
330
1F
100
AcDbEntity
  8
TEXT
100
AcDbText
 10
17846.79195542115
 20
19796.02216716356
 30
0.0
 40
200.0
  1
WC
  7
굴림체
 11
17846.79195542115
 21
19896.02216716356
 31
0.0
100
AcDbText
 73
2
  0
LWPOLYLINE
  5
A56C
330
1F
100
AcDbEntity
  8
ETC
 62
6
100
AcDbPolyline
 90
4
 70
1
 10
17786.79195542115
 20
20051.50089056803
 10
17786.79195542115
 20
19731.50089056803
 10
18172.63794270385
 20
19731.50089056803
 10
18172.63794270385
 20
20051.50089056803
  0
INSERT
  5
A56D
330
1F
100
AcDbEntity
  8
AA-DWXM-DOOR
100
AcDbBlockReference
  2
샤워기1
 10
17165.22591562755
 20
20843.7274977021
 30
0.0
1001
AcDbBlockRepETag
1070
1
1071
1259
1005
0
  0
LINE
  5
A56E
330
1F
100
AcDbEntity
  8
ELE-2
100
AcDbLine
 10
17195.22591562703
 20
20423.72749764366
 30
0.0
 11
17850.22591563378
 21
20423.72749764369
 31
0.0
1001
AcDbBlockRepETag
1070
1
1071
1582
1005
0
  0
LINE
  5
A56F
330
1F
100
AcDbEntity
  8
ELE-2
100
AcDbLine
 10
17195.22591562656
 20
20393.72749764366
 30
0.0
 11
17850.22591563332
 21
20393.72749764369
 31
0.0
1001
AcDbBlockRepETag
1070
1
1071
1583
1005
0
  0
LINE
  5
A570
330
1F
100
AcDbEntity
  8
ELE-2
100
AcDbLine
 10
17850.22591563378
 20
20423.72749764369
 30
0.0
 11
17850.22591563332
 21
20393.72749764369
 31
0.0
1001
AcDbBlockRepETag
1070
1
1071
1584
1005
0
  0
LWPOLYLINE
  5
A571
330
1F
100
AcDbEntity
  8
WID-S
100
AcDbPolyline
 90
4
 70
1
 10
17195.22591562703
 20
20423.72749764366
 10
17195.22591562656
 20
20393.72749764366
 10
17165.22591562656
 20
20393.72749764366
 10
17165.22591562703
 20
20423.72749764366
1001
AcDbBlockRepETag
1070
1
1071
1585
1005
0
  0
LWPOLYLINE
  5
A572
330
1F
100
AcDbEntity
  8
WID-S
100
AcDbPolyline
 90
4
 70
0
 10
17195.22591562703
 20
20413.72749764366
 10
17850.22591563378
 20
20413.72749764369
 10
17850.22591563332
 20
20403.72749764369
 10
17195.22591562656
 20
20403.72749764366
1001
AcDbBlockRepETag
1070
1
1071
1586
1005
0
  0
LINE
  5
A573
330
1F
100
AcDbEntity
  8
ELE-2
100
AcDbLine
 10
18450.22591563378
 20
20423.72749764416
 30
0.0
 11
18450.22591563331
 21
20393.72749764416
 31
0.0
1001
AcDbBlockRepETag
1070
1
1071
1587
1005
0
  0
LWPOLYLINE
  5
A574
330
1F
100
AcDbEntity
  8
WID-S
100
AcDbPolyline
 90
4
 70
1
 10
18605.22591544903
 20
20423.72749764416
 10
18605.22591544856
 20
20393.72749764416
 10
18575.22591544856
 20
20393.72749764416
 10
18575.22591544903
 20
20423.72749764416
1001
AcDbBlockRepETag
1070
1
1071
1588
1005
0
  0
LINE
  5
A575
330
1F
100
AcDbEntity
  8
ELE-2
100
AcDbLine
 10
18450.22591563378
 20
20423.72749764416
 30
0.0
 11
18450.22591563331
 21
20393.72749764416
 31
0.0
1001
AcDbBlockRepETag
1070
1
1071
1589
1005
0
  0
LINE
  5
A576
330
1F
100
AcDbEntity
  8
ELE-2
100
AcDbLine
 10
17850.22591563378
 20
20423.72749764369
 30
0.0
 11
17850.22591563332
 21
20393.72749764369
 31
0.0
1001
AcDbBlockRepETag
1070
1
1071
1590
1005
0
  0
LWPOLYLINE
  5
A577
330
1F
100
AcDbEntity
  8
ELE-2
100
AcDbPolyline
 90
4
 70
1
 10
18450.22591563378
 20
20423.72749764416
 10
18450.22591563355
 20
21023.72749764416
 10
18420.22591563355
 20
21023.72749764416
 10
18420.22591563378
 20
20423.72749764416
1001
AcDbBlockRepETag
1070
1
1071
1591
1005
0
  0
LWPOLYLINE
  5
A578
330
1F
100
AcDbEntity
  8
WID-S
100
AcDbPolyline
 90
4
 70
1
 10
18430.22591563355
 20
21023.72749764416
 10
18430.22591563378
 20
20423.72749764416
 10
18440.22591563378
 20
20423.72749764416
 10
18440.22591563355
 20
21023.72749764416
1001
AcDbBlockRepETag
1070
1
1071
1592
1005
0
  0
ARC
  5
A579
330
1F
100
AcDbEntity
  8
ELE-1
100
AcDbCircle
 10
18450.22591563378
 20
20423.72749764416
 30
0.0
 40
600.0
100
AcDbArc
 50
92.8659839719098
 51
180.0
1001
AcDbBlockRepETag
1070
1
1071
1593
1005
0
  0
LWPOLYLINE
  5
A57A
330
1F
100
AcDbEntity
  8
ELE-1
  6
Continuous
100
AcDbPolyline
 90
6
 70
0
 10
18420.22591563378
 20
20541.22749764415
 10
18408.22591563378
 20
20541.22749764415
 42
-0.4142135623730951
 10
18378.22591563378
 20
20571.22749764416
 10
18378.22591563355
 20
20876.22749764415
 42
-0.4142135623714968
 10
18408.22591563355
 20
20906.22749764416
 10
18420.22591563355
 20
20906.22749764416
1001
AcDbBlockRepETag
1070
1
1071
1594
1005
0
  0
LWPOLYLINE
  5
A57B
330
1F
100
AcDbEntity
  8
ELE-1
  6
Continuous
100
AcDbPolyline
 90
4
 70
1
 10
18430.22591563378
 20
20528.72749764416
 10
18430.22591563378
 20
20568.72749764416
 10
18420.22591563378
 20
20568.72749764416
 10
18420.22591563378
 20
20528.72749764416
1001
AcDbBlockRepETag
1070
1
1071
1595
1005
0
  0
LWPOLYLINE
  5
A57C
330
1F
100
AcDbEntity
  8
ELE-1
  6
Continuous
100
AcDbPolyline
 90
6
 70
0
 10
18420.22591563355
 20
20891.22749764416
 10
18408.22591563355
 20
20891.22749764416
 42
0.4142135623729696
 10
18393.22591563355
 20
20876.22749764415
 10
18393.22591563378
 20
20571.22749764416
 42
0.4142135623732725
 10
18408.22591563378
 20
20556.22749764415
 10
18420.22591563378
 20
20556.22749764415
1001
AcDbBlockRepETag
1070
1
1071
1596
1005
0
  0
LWPOLYLINE
  5
A57D
330
1F
100
AcDbEntity
  8
ELE-1
  6
Continuous
100
AcDbPolyline
 90
4
 70
1
 10
18430.22591563355
 20
20948.72749764392
 10
18430.22591563355
 20
20988.72749764392
 10
18420.22591563355
 20
20988.72749764392
 10
18420.22591563355
 20
20948.72749764392
1001
AcDbBlockRepETag
1070
1
1071
1597
1005
0
  0
LINE
  5
A57E
330
1F
100
AcDbEntity
  8
ELE-2
100
AcDbLine
 10
18450.22591563378
 20
20423.72749764416
 30
0.0
 11
18575.22591544903
 21
20423.72749764416
 31
0.0
1001
AcDbBlockRepETag
1070
1
1071
1598
1005
0
  0
LINE
  5
A57F
330
1F
100
AcDbEntity
  8
ELE-2
100
AcDbLine
 10
18450.22591563331
 20
20393.72749764416
 30
0.0
 11
18575.22591544856
 21
20393.72749764416
 31
0.0
1001
AcDbBlockRepETag
1070
1
1071
1599
1005
0
  0
LWPOLYLINE
  5
A580
330
1F
100
AcDbEntity
  8
WID-S
100
AcDbPolyline
 90
4
 70
0
 10
18575.22591544903
 20
20413.72749764415
 10
18450.22591563378
 20
20413.72749764415
 10
18450.22591563331
 20
20403.72749764415
 10
18575.22591544856
 20
20403.72749764415
1001
AcDbBlockRepETag
1070
1
1071
1600
1005
0
  0
TEXT
  5
A581
330
1F
100
AcDbEntity
  8
글씨
100
AcDbText
 10
16606.32872155528
 20
17126.12974379877
 30
0.0
 40
160.0
  1
갑
  7
굴림체
 72
1
 11
16715.26489176805
 21
17206.12974379877
 31
0.0
100
AcDbText
 73
2
  0
CIRCLE
  5
A582
330
1F
100
AcDbEntity
  8
RXANNOT
100
AcDbCircle
 10
16715.88396175968
 20
17210.78588973371
 30
0.0
 40
138.4522072803172
  0
TEXT
  5
A583
330
1F
100
AcDbEntity
  8
글씨
100
AcDbText
 10
16606.32872155505
 20
14591.14268777718
 30
0.0
 40
160.0
  1
갑
  7
굴림체
 72
1
 11
16715.26489176781
 21
14671.14268777718
 31
0.0
100
AcDbText
 73
2
  0
CIRCLE
  5
A584
330
1F
100
AcDbEntity
  8
RXANNOT
100
AcDbCircle
 10
16715.88396175945
 20
14675.79883371213
 30
0.0
 40
138.4522072803172
  0
LINE
  5
A585
330
1F
100
AcDbEntity
  8
CEN
100
AcDbLine
 10
16608.77007668977
 20
12353.72749759036
 30
0.0
 11
19264.20287183201
 21
12353.72749759036
 31
0.0
  0
TEXT
  5
A586
330
1F
100
AcDbEntity
  8
TEXT
100
AcDbText
 10
14811.45381781531
 20
20474.96200444749
 30
0.0
 40
200.0
  1
확장형발코니
  7
굴림체
 72
1
 11
15628.47509441105
 21
20574.96200444749
 31
0.0
100
AcDbText
 73
2
  0
INSERT
  5
A587
330
1F
100
AcDbEntity
  8
WAL
100
AcDbBlockReference
  2
ertkjelrky
 10
11235.22591545939
 20
22653.72749759037
 30
0.0
  0
TEXT
  5
A588
330
1F
100
AcDbEntity
  8
TEXT
100
AcDbText
 10
25931.12638217717
 20
12337.44721811717
 30
0.0
 40
200.0
  1
확장형발코니
 50
270.0
  7
굴림체
 72
1
 11
26031.12638217717
 21
11520.42594152142
 31
0.0
100
AcDbText
 73
2
  0
LINE
  5
A589
330
1F
100
AcDbEntity
  8
CEN
100
AcDbLine
 10
27988.30241242232
 20
17300.65100063397
 30
0.0
 11
22058.56336102792
 21
23230.39005199554
 31
0.0
  0
INSERT
  5
A58A
330
1F
100
AcDbEntity
  8
COL
100
AcDbBlockReference
  2
3000RTREJY
 10
24445.27642178902
 20
20985.09834748659
 30
0.0
 50
315.0000000002948
  0
TEXT
  5
A58B
330
1F
100
AcDbEntity
  8
TEXT
100
AcDbText
 10
12926.79529680212
 20
11303.50472816203
 30
0.0
 40
200.0
  1
발코니
  7
굴림체
 11
12926.79529680212
 21
11403.50472816203
 31
0.0
100
AcDbText
 73
2
  0
LWPOLYLINE
  5
A58C
330
1F
100
AcDbEntity
  8
ETC
 62
6
100
AcDbPolyline
 90
4
 70
1
 10
12903.12974640302
 20
11243.50472816203
 10
12903.12974640302
 20
11563.50472816203
 10
13759.08936338726
 20
11563.50472816203
 10
13759.08936338726
 20
11243.50472816203
  0
INSERT
  5
A58D
330
1F
100
AcDbEntity
  8
COL
100
AcDbBlockReference
  2
l-209
 10
-17165.22591562633
 20
20052.16230605463
 30
0.0
 41
-1.0
 43
-1.0
 50
270.0
210
0.0
220
0.0
230
-1.0
  0
INSERT
  5
A58E
330
1F
100
AcDbEntity
  8
FIN
100
AcDbBlockReference
  2
A$C3AEE33D6
 10
17915.22586698172
 20
19672.52434310982
 30
0.0
 41
-1.0
 50
90.0
  0
INSERT
  5
A58F
330
1F
100
AcDbEntity
  8
COL
100
AcDbBlockReference
  2
2800RKEJTRLY
 10
19285.22591543448
 20
21253.72749761459
 30
0.0
  0
INSERT
  5
A590
330
1F
100
AcDbEntity
  8
COL
100
AcDbBlockReference
  2
2800RKEJTRLY
 10
19285.22591543424
 20
9953.727497209919
 30
0.0
 41
-1.0
 50
180.0
  0
INSERT
  5
A591
330
1F
100
AcDbEntity
  8
COL
100
AcDbBlockReference
  2
2800RKEJTRLY
 10
26835.22591550386
 20
10303.72749757686
 30
0.0
 41
-1.0
 50
270.0
  0
LWPOLYLINE
  5
A592
330
1F
100
AcDbEntity
  8
DEFPOINT
100
AcDbPolyline
 90
7
 70
1
 10
24035.22591544402
 20
21253.72749759037
 10
12035.22591545287
 20
21253.72749759037
 10
12035.22591545287
 20
16153.72749759083
 10
12635.22591542673
 20
16153.72749758774
 10
12635.22591539501
 20
9953.727497590364
 10
26835.22591550637
 20
9953.727497590364
 10
26835.22591545939
 20
18453.72749759037
  0
LWPOLYLINE
  5
A593
330
1F
100
AcDbEntity
  8
DEFPOINT
100
AcDbPolyline
 90
4
 70
1
 10
17035.22591562813
 20
21253.72749759037
 10
14085.22591544158
 20
21253.72749759037
 10
14085.22591544158
 20
19753.72749759037
 10
17035.22591562813
 20
19753.72749759037
  0
LWPOLYLINE
  5
A594
330
1F
100
AcDbEntity
  8
DEFPOINT
100
AcDbPolyline
 90
4
 70
1
 10
22635.2259154442
 20
21253.72749759037
 10
18735.22591544519
 20
21253.72749759037
 10
18735.22591544519
 20
19753.72749759037
 10
22635.2259154442
 20
19753.72749759037
  0
LWPOLYLINE
  5
A595
330
1F
100
AcDbEntity
  8
DEFPOINT
100
AcDbPolyline
 90
4
 70
1
 10
26835.22591547016
 20
16453.72749759037
 10
25335.22591548628
 20
16453.72749759037
 10
25335.22591550153
 20
9953.727497590364
 10
26835.22591548704
 20
9953.727497590364
  0
LWPOLYLINE
  5
A596
330
1F
100
AcDbEntity
  8
DEFPOINT
100
AcDbPolyline
 90
4
 70
1
 10
14035.22591543657
 20
12753.72749759036
 10
12635.22591539501
 20
12753.72749759036
 10
12635.22591539501
 20
9953.727497590364
 10
14035.22591543657
 20
9953.727497590364
  0
LINE
  5
A597
330
1F
100
AcDbEntity
  8
HID
100
AcDbLine
 10
25435.2259154722
 20
16353.72749759036
 30
0.0
 11
25435.22591548494
 21
13571.72749759048
 31
0.0
  0
LINE
  5
A598
330
1F
100
AcDbEntity
  8
HID
100
AcDbLine
 10
25235.2259154729
 20
16353.72749759036
 30
0.0
 11
25235.22591548547
 21
13571.72749759051
 31
0.0
  0
DIMENSION
  5
A599
330
1F
100
AcDbEntity
  8
RXDIM
100
AcDbDimension
280
0
  2
*D66
  3
NDIM 100
 10
12035.22591547266
 20
27018.52159159457
 30
0.0
 11
13060.22591545904
 21
27220.78222989245
 31
0.0
 70
32
 71
5
 42
-1.0
 73
0
 74
0
 75
0
100
AcDbAlignedDimension
 13
14085.22591544542
 23
25118.52159150796
 33
0.0
 14
12035.22591547266
 24
25118.52159151821
 34
0.0
 50
0.0
100
AcDbRotatedDimension
  0
INSERT
  5
A59A
330
1F
100
AcDbEntity
  8
WAL
100
AcDbBlockReference
  2
2000ertjhery
 10
26835.22591547895
 20
15953.72749759001
 30
0.0
  0
INSERT
  5
A59B
330
1F
100
AcDbEntity
  8
WAL
100
AcDbBlockReference
  2
2000ertjhery
 10
14735.22591544845
 20
21253.72749764311
 30
0.0
 50
90.0
  0
TEXT
  5
A59C
330
1F
100
AcDbEntity
  8
TEXT
100
AcDbText
 10
20297.85853498342
 20
18174.22544402863
 30
0.0
 40
200.0
  1
302호
  7
굴림체
 11
20297.85853498342
 21
18274.22544402863
 31
0.0
100
AcDbText
 73
2
  0
LWPOLYLINE
  5
A59D
330
1F
100
AcDbEntity
  8
WAL
 62
6
100
AcDbPolyline
 90
4
 70
1
 10
20237.85853498342
 20
18114.22544402863
 10
20237.85853498342
 20
18434.22544402863
 10
21012.43297929532
 20
18434.22544402863
 10
21012.43297929532
 20
18114.22544402863
  0
TEXT
  5
A59E
330
1F
100
AcDbEntity
  8
TEXT
100
AcDbText
 10
20297.85853498342
 20
12930.63714367367
 30
0.0
 40
200.0
  1
301호
  7
굴림체
 11
20297.85853498342
 21
13030.63714367367
 31
0.0
100
AcDbText
 73
2
  0
LWPOLYLINE
  5
A59F
330
1F
100
AcDbEntity
  8
WAL
 62
6
100
AcDbPolyline
 90
4
 70
1
 10
20237.85853498342
 20
12870.63714367367
 10
20237.85853498342
 20
13190.63714367367
 10
21012.43297929532
 20
13190.63714367367
 10
21012.43297929532
 20
12870.63714367367
  0
LWPOLYLINE
  5
A5A0
330
1F
100
AcDbEntity
  8
WID-S
100
AcDbPolyline
 90
16
 70
1
 10
12622.22591540217
 20
12096.72749759036
 10
12632.22591540217
 20
12096.72749759036
 10
12632.22591540217
 20
12096.72749759036
 10
12632.22591540217
 20
12096.72749759036
 10
12632.22591540217
 20
12096.72749759036
 10
12632.22591540217
 20
12096.72749759036
 10
12632.22591540217
 20
12140.72749759036
 10
12632.22591540217
 20
12140.72749759036
 10
12632.22591540217
 20
12140.72749759036
 10
12632.22591540217
 20
12140.72749759036
 10
12632.22591540217
 20
12140.72749759036
 10
12538.22591540217
 20
12140.72749759036
 10
12538.22591540217
 20
12096.72749759036
 10
12548.22591540217
 20
12096.72749759036
 10
12548.22591540217
 20
12111.72749759036
 10
12622.22591540217
 20
12111.72749759036
  0
LWPOLYLINE
  5
A5A1
330
1F
100
AcDbEntity
  8
WID-S
100
AcDbPolyline
 90
16
 70
1
 10
12619.22591540217
 20
12093.72749759036
 10
12635.22591540217
 20
12093.72749759036
 10
12635.22591540217
 20
12093.72749759036
 10
12635.22591540217
 20
12093.72749759036
 10
12635.22591540217
 20
12093.72749759036
 10
12635.22591540217
 20
12093.72749759036
 10
12635.22591540217
 20
12143.72749759036
 10
12635.22591540217
 20
12143.72749759036
 10
12635.22591540217
 20
12143.72749759036
 10
12635.22591540217
 20
12143.72749759036
 10
12635.22591540217
 20
12143.72749759036
 10
12535.22591540217
 20
12143.72749759036
 10
12535.22591540217
 20
12093.72749759036
 10
12551.22591540217
 20
12093.72749759036
 10
12551.22591540217
 20
12108.72749759036
 10
12619.22591540217
 20
12108.72749759036
  0
LINE
  5
A5A2
330
1F
100
AcDbEntity
  8
WID-S
100
AcDbLine
 10
12585.22591540217
 20
12108.72749759036
 30
0.0
 11
12585.22591540217
 21
12093.72749759036
 31
0.0
  0
LWPOLYLINE
  5
A5A3
330
1F
100
AcDbEntity
  8
WID-S
100
AcDbPolyline
 90
4
 70
1
 10
12587.22591540171
 20
12023.72749759083
 10
12617.22591540171
 20
12023.72749759036
 10
12617.22591540124
 20
12103.7274975899
 10
12587.22591540171
 20
12103.72749759083
1001
INERCAD20
1000
UnNamed
1070
2001
1071
2
  0
LWPOLYLINE
  5
A5A4
330
1F
100
AcDbEntity
  8
WID-S
100
AcDbPolyline
 90
4
 70
1
 10
12590.22591540171
 20
12026.72749759083
 10
12614.22591540171
 20
12026.72749759036
 10
12614.22591540124
 20
12100.7274975899
 10
12590.22591540171
 20
12100.72749759059
1001
INERCAD20
1000
UnNamed
1070
2001
1071
2
  0
LINE
  5
A5A5
330
1F
100
AcDbEntity
  8
ELE-2
100
AcDbLine
 10
12551.22591540264
 20
12093.72749759036
 30
0.0
 11
12551.22591540217
 21
10313.72749759036
 31
0.0
1001
INERCAD20
1000
UnNamed
1070
2001
1071
4
  0
LINE
  5
A5A6
330
1F
100
AcDbEntity
  8
ELE-2
100
AcDbLine
 10
12619.22591540217
 20
12093.72749759083
 30
0.0
 11
12619.22591540171
 21
10313.72749759036
 31
0.0
1001
INERCAD20
1000
UnNamed
1070
2001
1071
4
  0
LINE
  5
A5A7
330
1F
100
AcDbEntity
  8
ELE-2
100
AcDbLine
 10
12585.22591540171
 20
10313.72749759036
 30
0.0
 11
12585.22591540171
 21
12093.72749759083
 31
0.0
1001
INERCAD20
1000
UnNamed
1070
2001
1071
4
  0
LINE
  5
A5A8
330
1F
100
AcDbEntity
  8
ELE-2
100
AcDbLine
 10
12535.22591540217
 20
12093.72749759036
 30
0.0
 11
12535.22591540171
 21
10313.72749759036
 31
0.0
1001
INERCAD20
1000
UnNamed
1070
2001
1071
4
  0
LINE
  5
A5A9
330
1F
100
AcDbEntity
  8
WID
100
AcDbLine
 10
12604.72591540124
 20
11243.72749759013
 30
0.0
 11
12604.72591540171
 21
12023.7274975899
 31
0.0
1001
INERCAD20
1000
UnNamed
1070
2001
1071
1
  0
LWPOLYLINE
  5
A5AA
330
1F
100
AcDbEntity
  8
WID-S
100
AcDbPolyline
 90
16
 70
1
 10
12619.22591540217
 20
10313.72749759013
 10
12635.22591540217
 20
10313.72749759013
 10
12635.22591540217
 20
10313.72749759013
 10
12635.22591540217
 20
10313.72749759013
 10
12635.22591540217
 20
10313.72749759013
 10
12635.22591540217
 20
10313.72749759013
 10
12635.22591540217
 20
10263.72749759013
 10
12635.22591540217
 20
10263.72749759013
 10
12635.22591540217
 20
10263.72749759013
 10
12635.22591540217
 20
10263.72749759013
 10
12635.22591540217
 20
10263.72749759013
 10
12535.22591540217
 20
10263.72749759013
 10
12535.22591540217
 20
10313.72749759013
 10
12551.22591540217
 20
10313.72749759013
 10
12551.22591540217
 20
10298.72749759013
 10
12619.22591540217
 20
10298.72749759013
  0
LINE
  5
A5AB
330
1F
100
AcDbEntity
  8
ELE-2
100
AcDbLine
 10
12635.22591540217
 20
12093.72749759036
 30
0.0
 11
12635.22591540171
 21
10313.72749759036
 31
0.0
1001
INERCAD20
1000
UnNamed
1070
2001
1071
4
  0
LWPOLYLINE
  5
A5AC
330
1F
100
AcDbEntity
  8
WID-S
100
AcDbPolyline
 90
16
 70
1
 10
12622.22591540217
 20
10310.72749759013
 10
12632.22591540217
 20
10310.72749759013
 10
12632.22591540217
 20
10310.72749759013
 10
12632.22591540217
 20
10310.72749759013
 10
12632.22591540217
 20
10310.72749759013
 10
12632.22591540217
 20
10310.72749759013
 10
12632.22591540217
 20
10266.72749759013
 10
12632.22591540217
 20
10266.72749759013
 10
12632.22591540217
 20
10266.72749759013
 10
12632.22591540217
 20
10266.72749759013
 10
12632.22591540217
 20
10266.72749759013
 10
12538.22591540217
 20
10266.72749759013
 10
12538.22591540217
 20
10310.72749759013
 10
12548.22591540217
 20
10310.72749759013
 10
12548.22591540217
 20
10295.72749759013
 10
12622.22591540217
 20
10295.72749759013
  0
LINE
  5
A5AD
330
1F
100
AcDbEntity
  8
WID-S
100
AcDbLine
 10
12585.22591540217
 20
10298.72749759013
 30
0.0
 11
12585.22591540217
 21
10313.72749759013
 31
0.0
  0
LWPOLYLINE
  5
A5AE
330
1F
100
AcDbEntity
  8
WID-S
100
AcDbPolyline
 90
4
 70
1
 10
12587.22591540171
 20
11243.72749758966
 10
12617.22591540171
 20
11243.72749759013
 10
12617.22591540124
 20
11163.72749759059
 10
12587.22591540171
 20
11163.72749758966
1001
INERCAD20
1000
UnNamed
1070
2001
1071
2
  0
LWPOLYLINE
  5
A5AF
330
1F
100
AcDbEntity
  8
WID-S
100
AcDbPolyline
 90
4
 70
1
 10
12590.22591540171
 20
11240.72749758966
 10
12614.22591540171
 20
11240.7274975899
 10
12614.22591540124
 20
11166.72749759036
 10
12590.22591540171
 20
11166.72749758966
1001
INERCAD20
1000
UnNamed
1070
2001
1071
2
  0
LINE
  5
A5B0
330
1F
100
AcDbEntity
  8
ELE-2
100
AcDbLine
 10
12335.22591540217
 20
11203.72749759036
 30
0.0
 11
12935.22591540217
 21
11203.72749759013
 31
0.0
  0
LWPOLYLINE
  5
A5B1
330
1F
100
AcDbEntity
  8
WID-S
100
AcDbPolyline
 90
4
 70
1
 10
12553.22591540124
 20
11243.72749758943
 10
12583.22591540124
 20
11243.7274975899
 10
12583.22591540077
 20
11163.72749759036
 10
12553.22591540124
 20
11163.72749758943
1001
INERCAD20
1000
UnNamed
1070
2001
1071
2
  0
LWPOLYLINE
  5
A5B2
330
1F
100
AcDbEntity
  8
WID-S
100
AcDbPolyline
 90
4
 70
1
 10
12556.22591540124
 20
11240.72749758943
 10
12580.22591540124
 20
11240.72749758966
 10
12580.22591540078
 20
11166.72749759013
 10
12556.22591540124
 20
11166.72749758943
1001
INERCAD20
1000
UnNamed
1070
2001
1071
2
  0
LWPOLYLINE
  5
A5B3
330
1F
100
AcDbEntity
  8
WID-S
100
AcDbPolyline
 90
4
 70
1
 10
12553.22591540217
 20
10383.7274975899
 10
12583.22591540217
 20
10383.72749759036
 10
12583.22591540171
 20
10303.72749759083
 10
12553.22591540217
 20
10303.7274975899
1001
INERCAD20
1000
UnNamed
1070
2001
1071
2
  0
LWPOLYLINE
  5
A5B4
330
1F
100
AcDbEntity
  8
WID-S
100
AcDbPolyline
 90
4
 70
1
 10
12556.22591540217
 20
10380.7274975899
 10
12580.22591540217
 20
10380.72749759036
 10
12580.22591540171
 20
10306.72749759059
 10
12556.22591540217
 20
10306.7274975899
1001
INERCAD20
1000
UnNamed
1070
2001
1071
2
  0
LINE
  5
A5B5
330
1F
100
AcDbEntity
  8
WID
100
AcDbLine
 10
12570.72591540124
 20
11163.72749759059
 30
0.0
 11
12570.72591540217
 21
10383.72749759083
 31
0.0
1001
INERCAD20
1000
UnNamed
1070
2001
1071
1
  0
LWPOLYLINE
  5
A5B6
330
1F
100
AcDbEntity
  8
WID-S
100
AcDbPolyline
 90
16
 70
1
 10
12722.22591540217
 20
12096.72749759036
 10
12732.22591540217
 20
12096.72749759036
 10
12732.22591540217
 20
12096.72749759036
 10
12732.22591540217
 20
12096.72749759036
 10
12732.22591540217
 20
12096.72749759036
 10
12732.22591540217
 20
12096.72749759036
 10
12732.22591540217
 20
12140.72749759036
 10
12732.22591540217
 20
12140.72749759036
 10
12732.22591540217
 20
12140.72749759036
 10
12732.22591540217
 20
12140.72749759036
 10
12732.22591540217
 20
12140.72749759036
 10
12638.22591540217
 20
12140.72749759036
 10
12638.22591540217
 20
12096.72749759036
 10
12648.22591540217
 20
12096.72749759036
 10
12648.22591540217
 20
12111.72749759036
 10
12722.22591540217
 20
12111.72749759036
  0
LWPOLYLINE
  5
A5B7
330
1F
100
AcDbEntity
  8
WID-S
100
AcDbPolyline
 90
16
 70
1
 10
12719.22591540217
 20
12093.72749759036
 10
12735.22591540217
 20
12093.72749759036
 10
12735.22591540217
 20
12093.72749759036
 10
12735.22591540217
 20
12093.72749759036
 10
12735.22591540217
 20
12093.72749759036
 10
12735.22591540217
 20
12093.72749759036
 10
12735.22591540217
 20
12143.72749759036
 10
12735.22591540217
 20
12143.72749759036
 10
12735.22591540217
 20
12143.72749759036
 10
12735.22591540217
 20
12143.72749759036
 10
12735.22591540217
 20
12143.72749759036
 10
12635.22591540217
 20
12143.72749759036
 10
12635.22591540217
 20
12093.72749759036
 10
12651.22591540217
 20
12093.72749759036
 10
12651.22591540217
 20
12108.72749759036
 10
12719.22591540217
 20
12108.72749759036
  0
LINE
  5
A5B8
330
1F
100
AcDbEntity
  8
WID-S
100
AcDbLine
 10
12685.22591540217
 20
12108.72749759036
 30
0.0
 11
12685.22591540217
 21
12093.72749759036
 31
0.0
  0
LWPOLYLINE
  5
A5B9
330
1F
100
AcDbEntity
  8
WID-S
100
AcDbPolyline
 90
4
 70
1
 10
12687.22591540171
 20
12023.72749759083
 10
12717.22591540171
 20
12023.72749759036
 10
12717.22591540124
 20
12103.7274975899
 10
12687.22591540171
 20
12103.72749759083
1001
INERCAD20
1000
UnNamed
1070
2001
1071
2
  0
LWPOLYLINE
  5
A5BA
330
1F
100
AcDbEntity
  8
WID-S
100
AcDbPolyline
 90
4
 70
1
 10
12690.22591540171
 20
12026.72749759083
 10
12714.22591540171
 20
12026.72749759036
 10
12714.22591540124
 20
12100.7274975899
 10
12690.22591540171
 20
12100.72749759059
1001
INERCAD20
1000
UnNamed
1070
2001
1071
2
  0
LINE
  5
A5BB
330
1F
100
AcDbEntity
  8
ELE-2
100
AcDbLine
 10
12651.22591540264
 20
12093.72749759036
 30
0.0
 11
12651.22591540217
 21
10313.72749759036
 31
0.0
1001
INERCAD20
1000
UnNamed
1070
2001
1071
4
  0
LINE
  5
A5BC
330
1F
100
AcDbEntity
  8
ELE-2
100
AcDbLine
 10
12719.22591540217
 20
12093.72749759083
 30
0.0
 11
12719.22591540171
 21
10313.72749759036
 31
0.0
1001
INERCAD20
1000
UnNamed
1070
2001
1071
4
  0
LINE
  5
A5BD
330
1F
100
AcDbEntity
  8
ELE-2
100
AcDbLine
 10
12685.22591540171
 20
10313.72749759036
 30
0.0
 11
12685.22591540171
 21
12093.72749759083
 31
0.0
1001
INERCAD20
1000
UnNamed
1070
2001
1071
4
  0
LINE
  5
A5BE
330
1F
100
AcDbEntity
  8
ELE-2
100
AcDbLine
 10
12635.22591540217
 20
12093.72749759036
 30
0.0
 11
12635.22591540171
 21
10313.72749759036
 31
0.0
1001
INERCAD20
1000
UnNamed
1070
2001
1071
4
  0
LINE
  5
A5BF
330
1F
100
AcDbEntity
  8
WID
100
AcDbLine
 10
12704.72591540124
 20
11243.72749759013
 30
0.0
 11
12704.72591540171
 21
12023.7274975899
 31
0.0
1001
INERCAD20
1000
UnNamed
1070
2001
1071
1
  0
LWPOLYLINE
  5
A5C0
330
1F
100
AcDbEntity
  8
WID-S
100
AcDbPolyline
 90
16
 70
1
 10
12719.22591540217
 20
10313.72749759013
 10
12735.22591540217
 20
10313.72749759013
 10
12735.22591540217
 20
10313.72749759013
 10
12735.22591540217
 20
10313.72749759013
 10
12735.22591540217
 20
10313.72749759013
 10
12735.22591540217
 20
10313.72749759013
 10
12735.22591540217
 20
10263.72749759013
 10
12735.22591540217
 20
10263.72749759013
 10
12735.22591540217
 20
10263.72749759013
 10
12735.22591540217
 20
10263.72749759013
 10
12735.22591540217
 20
10263.72749759013
 10
12635.22591540217
 20
10263.72749759013
 10
12635.22591540217
 20
10313.72749759013
 10
12651.22591540217
 20
10313.72749759013
 10
12651.22591540217
 20
10298.72749759013
 10
12719.22591540217
 20
10298.72749759013
  0
LINE
  5
A5C1
330
1F
100
AcDbEntity
  8
ELE-2
100
AcDbLine
 10
12735.22591540217
 20
12093.72749759036
 30
0.0
 11
12735.22591540171
 21
10313.72749759036
 31
0.0
1001
INERCAD20
1000
UnNamed
1070
2001
1071
4
  0
LWPOLYLINE
  5
A5C2
330
1F
100
AcDbEntity
  8
WID-S
100
AcDbPolyline
 90
16
 70
1
 10
12722.22591540217
 20
10310.72749759013
 10
12732.22591540217
 20
10310.72749759013
 10
12732.22591540217
 20
10310.72749759013
 10
12732.22591540217
 20
10310.72749759013
 10
12732.22591540217
 20
10310.72749759013
 10
12732.22591540217
 20
10310.72749759013
 10
12732.22591540217
 20
10266.72749759013
 10
12732.22591540217
 20
10266.72749759013
 10
12732.22591540217
 20
10266.72749759013
 10
12732.22591540217
 20
10266.72749759013
 10
12732.22591540217
 20
10266.72749759013
 10
12638.22591540217
 20
10266.72749759013
 10
12638.22591540217
 20
10310.72749759013
 10
12648.22591540217
 20
10310.72749759013
 10
12648.22591540217
 20
10295.72749759013
 10
12722.22591540217
 20
10295.72749759013
  0
LINE
  5
A5C3
330
1F
100
AcDbEntity
  8
WID-S
100
AcDbLine
 10
12685.22591540217
 20
10298.72749759013
 30
0.0
 11
12685.22591540217
 21
10313.72749759013
 31
0.0
  0
LWPOLYLINE
  5
A5C4
330
1F
100
AcDbEntity
  8
WID-S
100
AcDbPolyline
 90
4
 70
1
 10
12687.22591540171
 20
11243.72749758966
 10
12717.22591540171
 20
11243.72749759013
 10
12717.22591540124
 20
11163.72749759059
 10
12687.22591540171
 20
11163.72749758966
1001
INERCAD20
1000
UnNamed
1070
2001
1071
2
  0
LWPOLYLINE
  5
A5C5
330
1F
100
AcDbEntity
  8
WID-S
100
AcDbPolyline
 90
4
 70
1
 10
12690.22591540171
 20
11240.72749758966
 10
12714.22591540171
 20
11240.7274975899
 10
12714.22591540124
 20
11166.72749759036
 10
12690.22591540171
 20
11166.72749758966
1001
INERCAD20
1000
UnNamed
1070
2001
1071
2
  0
LWPOLYLINE
  5
A5C6
330
1F
100
AcDbEntity
  8
WID-S
100
AcDbPolyline
 90
4
 70
1
 10
12653.22591540124
 20
11243.72749758943
 10
12683.22591540124
 20
11243.7274975899
 10
12683.22591540077
 20
11163.72749759036
 10
12653.22591540124
 20
11163.72749758943
1001
INERCAD20
1000
UnNamed
1070
2001
1071
2
  0
LWPOLYLINE
  5
A5C7
330
1F
100
AcDbEntity
  8
WID-S
100
AcDbPolyline
 90
4
 70
1
 10
12656.22591540124
 20
11240.72749758943
 10
12680.22591540124
 20
11240.72749758966
 10
12680.22591540078
 20
11166.72749759013
 10
12656.22591540124
 20
11166.72749758943
1001
INERCAD20
1000
UnNamed
1070
2001
1071
2
  0
LWPOLYLINE
  5
A5C8
330
1F
100
AcDbEntity
  8
WID-S
100
AcDbPolyline
 90
4
 70
1
 10
12653.22591540217
 20
10383.7274975899
 10
12683.22591540217
 20
10383.72749759036
 10
12683.22591540171
 20
10303.72749759083
 10
12653.22591540217
 20
10303.7274975899
1001
INERCAD20
1000
UnNamed
1070
2001
1071
2
  0
LWPOLYLINE
  5
A5C9
330
1F
100
AcDbEntity
  8
WID-S
100
AcDbPolyline
 90
4
 70
1
 10
12656.22591540217
 20
10380.7274975899
 10
12680.22591540217
 20
10380.72749759036
 10
12680.22591540171
 20
10306.72749759059
 10
12656.22591540217
 20
10306.7274975899
1001
INERCAD20
1000
UnNamed
1070
2001
1071
2
  0
LINE
  5
A5CA
330
1F
100
AcDbEntity
  8
WID
100
AcDbLine
 10
12670.72591540124
 20
11163.72749759059
 30
0.0
 11
12670.72591540217
 21
10383.72749759083
 31
0.0
1001
INERCAD20
1000
UnNamed
1070
2001
1071
1
  0
LINE
  5
A5CB
330
1F
100
AcDbEntity
  8
WID
100
AcDbLine
 10
12599.72591540124
 20
11243.72749759013
 30
0.0
 11
12599.72591540171
 21
12023.7274975899
 31
0.0
1001
INERCAD20
1000
UnNamed
1070
2001
1071
1
  0
LINE
  5
A5CC
330
1F
100
AcDbEntity
  8
WID
100
AcDbLine
 10
12565.72591540124
 20
11163.72749759059
 30
0.0
 11
12565.72591540217
 21
10383.72749759083
 31
0.0
1001
INERCAD20
1000
UnNamed
1070
2001
1071
1
  0
LINE
  5
A5CD
330
1F
100
AcDbEntity
  8
WID
100
AcDbLine
 10
12699.72591540124
 20
11243.72749759013
 30
0.0
 11
12699.72591540171
 21
12023.7274975899
 31
0.0
1001
INERCAD20
1000
UnNamed
1070
2001
1071
1
  0
LINE
  5
A5CE
330
1F
100
AcDbEntity
  8
WID
100
AcDbLine
 10
12665.72591540124
 20
11163.72749759059
 30
0.0
 11
12665.72591540217
 21
10383.72749759083
 31
0.0
1001
INERCAD20
1000
UnNamed
1070
2001
1071
1
  0
ARC
  5
A5CF
330
1F
100
AcDbEntity
  8
FIN
100
AcDbCircle
 10
12532.55924873799
 20
12148.72749759199
 30
0.0
 40
5.666666664074
100
AcDbArc
 50
298.0724868995107
 51
61.92751310048932
  0
ARC
  5
A5D0
330
1F
100
AcDbEntity
  8
FIN
100
AcDbCircle
 10
12532.41258557699
 20
10258.72749759106
 30
0.0
 40
5.737144297840901
100
AcDbArc
 50
299.3649765602187
 51
60.63502343978131
  0
INSERT
  5
A5D1
330
1F
100
AcDbEntity
  8
COL
100
AcDbBlockReference
  2
l-209
 10
-17165.22591562633
 20
11242.18564776239
 30
0.0
 43
-1.0
 50
270.0
210
0.0
220
0.0
230
-1.0
  0
INSERT
  5
A5D2
330
1F
100
AcDbEntity
  8
FIN
100
AcDbBlockReference
  2
A$C3AEE33D6
 10
17915.22586698172
 20
11680.22826049198
 30
0.0
 50
90.0
  0
TEXT
  5
A5D3
330
1F
100
AcDbEntity
  8
TEXT
100
AcDbText
 10
12752.25619176816
 20
18317.46193204062
 30
0.0
 40
200.0
  1
ELEV
  7
굴림체
 11
12752.25619176816
 21
18417.46193204062
 31
0.0
100
AcDbText
 73
2
  0
TEXT
  5
A5D4
330
1F
100
AcDbEntity
  8
TEXT
100
AcDbText
 10
12711.42624565883
 20
18577.26889843341
 30
0.0
 40
200.0
  1
8인승
  7
굴림체
 11
12711.42624565883
 21
18677.26889843341
 31
0.0
100
AcDbText
 73
2
  0
LWPOLYLINE
  5
A5D5
330
1F
100
AcDbEntity
  8
마감선
100
AcDbPolyline
 90
4
 70
0
 10
14735.22591544822
 20
21135.72749765187
 10
16917.22591562796
 20
21135.7274976459
 10
16917.22591562423
 20
18735.72749767841
 10
16923.22591562307
 20
18735.72749767841
  0
LWPOLYLINE
  5
A5D6
330
1F
100
AcDbEntity
  8
마감선
100
AcDbPolyline
 90
2
 70
0
 10
13435.22591544146
 20
17535.72749767791
 10
16960.22591562191
 20
17535.72749767791
  0
LWPOLYLINE
  5
A5D7
330
1F
100
AcDbEntity
  8
마감선
100
AcDbPolyline
 90
9
 70
0
 10
22747.22591548547
 20
18635.72749759037
 10
22753.22591545858
 20
18635.72749759037
 10
22753.22591544484
 20
21135.72749760001
 10
23986.34871508379
 20
21135.72749759089
 10
26717.22591540078
 20
18404.85029728831
 10
26717.22591540741
 20
16571.72749759037
 10
22753.22591546638
 20
16571.72749759037
 10
22753.22591546335
 20
17771.72749759037
 10
22747.22591548454
 20
17771.72749759037
  0
LWPOLYLINE
  5
A5D8
330
1F
100
AcDbEntity
  8
마감선
100
AcDbPolyline
 90
3
 70
0
 10
26717.22591542214
 20
13953.7274975885
 10
26717.22591542435
 20
13571.72749759036
 10
22747.22591548477
 20
13571.7274975908
  0
LWPOLYLINE
  5
A5D9
330
1F
100
AcDbEntity
  8
마감선
100
AcDbPolyline
 90
5
 70
0
 10
17073.22591561934
 20
13071.72749767744
 10
17153.22591561708
 20
13071.72749767744
 10
17153.225915616
 20
12471.72749759036
 10
17853.22591540863
 20
12471.72749759036
 10
17853.22591540863
 20
12391.7274975899
  0
LWPOLYLINE
  5
A5DA
330
1F
100
AcDbEntity
  8
마감선
100
AcDbPolyline
 90
3
 70
0
 10
12153.22591536847
 20
16271.72749759083
 10
12153.22591537481
 20
17535.72749767791
 10
12635.22591543401
 20
17535.72749767791
  0
LWPOLYLINE
  5
A5DB
330
1F
100
AcDbEntity
  8
마감선
100
AcDbPolyline
 90
5
 70
0
 10
17073.22591562307
 20
18735.72749767806
 10
17153.2259156247
 20
18735.72749767786
 10
17153.22591562493
 20
18885.72749758985
 10
17853.225915441
 20
18885.72749758798
 10
17853.22591544111
 20
18965.72749758711
  0
LWPOLYLINE
  5
A5DC
330
1F
100
AcDbEntity
  8
마감선
100
AcDbPolyline
 90
5
 70
0
 10
18617.22591544088
 20
18965.72749758664
 10
18617.22591544041
 20
18885.72749758207
 10
18853.22591544065
 20
18885.72749758097
 10
18853.22591545252
 20
21135.72749763074
 10
19285.2259154453
 20
21135.72749762731
  0
LINE
  5
A5DD
330
1F
100
AcDbEntity
  8
마감선
100
AcDbLine
 10
14735.2259154481
 20
21135.7274976615
 30
0.0
 11
14203.22591544097
 21
21135.72749766608
 31
0.0
  0
LINE
  5
A5DE
330
1F
100
AcDbEntity
  8
마감선
100
AcDbLine
 10
26735.2259154268
 20
13103.72749763274
 30
0.0
 11
26717.2259154268
 21
13103.72749763262
 31
0.0
  0
LINE
  5
A5DF
330
1F
100
AcDbEntity
  8
마감선
100
AcDbLine
 10
26735.22591544402
 20
10303.72749756382
 30
0.0
 11
26717.22591544391
 21
10303.7274975637
 31
0.0
  0
LWPOLYLINE
  5
A5E0
330
1F
100
AcDbEntity
  8
마감선
100
AcDbPolyline
 90
6
 70
0
 10
17865.22591544123
 20
19115.72749758711
 10
17865.22591544129
 20
19133.72749758795
 10
17165.22591562522
 20
19133.72749758982
 10
17165.22591562796
 20
21123.72749764416
 10
18605.22591545275
 20
21123.72749763344
 10
18605.2259154417
 20
19115.72749758665
  0
LWPOLYLINE
  5
A5E1
330
1F
100
AcDbEntity
  8
마감선
100
AcDbPolyline
 90
4
 70
0
 10
22597.22591548547
 20
18635.72749759037
 10
22517.22591545834
 20
18635.72749759037
 10
22517.22591544437
 20
21135.72749760169
 10
19285.2259154453
 20
21135.72749762731
  0
LINE
  5
A5E2
330
1F
100
AcDbEntity
  8
마감선
100
AcDbLine
 10
19285.22591544548
 20
21153.7274976273
 30
0.0
 11
19285.2259154453
 21
21135.72749762731
 31
0.0
  0
LINE
  5
A5E3
330
1F
100
AcDbEntity
  8
마감선
100
AcDbLine
 10
22085.22591544408
 20
21153.7274976051
 30
0.0
 11
22085.22591544408
 21
21135.7274976051
 31
0.0
  0
LINE
  5
A5E4
330
1F
100
AcDbEntity
  8
마감선
100
AcDbLine
 10
17735.2259154339
 20
21153.72749763766
 30
0.0
 11
17735.22591543366
 21
21123.72749763769
 31
0.0
  0
LINE
  5
A5E5
330
1F
100
AcDbEntity
  8
마감선
100
AcDbLine
 10
14735.22591544822
 20
21153.7274976615
 30
0.0
 11
14735.2259154481
 21
21135.7274976615
 31
0.0
  0
LINE
  5
A5E6
330
1F
100
AcDbEntity
  8
마감선
100
AcDbLine
 10
16735.22591544827
 20
21153.72749764721
 30
0.0
 11
16735.2259154481
 21
21135.72749764721
 31
0.0
  0
LINE
  5
A5E7
330
1F
100
AcDbEntity
  8
마감선
100
AcDbLine
 10
12735.22591540217
 20
12153.72749759013
 30
0.0
 11
12753.22591534775
 21
12153.72749759007
 31
0.0
  0
LWPOLYLINE
  5
A5E8
330
1F
100
AcDbEntity
  8
마감선
100
AcDbPolyline
 90
6
 70
0
 10
17865.22591540863
 20
12241.7274975899
 10
17865.22591540863
 20
12223.72749758891
 10
17165.22591561562
 20
12223.7274975903
 10
17165.22591561242
 20
10083.72749759036
 10
18605.22591539554
 20
10083.72749759036
 10
18605.22591540858
 20
12241.72749759036
  0
LWPOLYLINE
  5
A5E9
330
1F
100
AcDbEntity
  8
마감선
100
AcDbPolyline
 90
7
 70
0
 10
18617.22591540852
 20
12391.72749759036
 10
18617.2259154084
 20
12471.72749759036
 10
18853.22591540968
 20
12471.72749759036
 10
18853.22591539548
 20
10071.72749759036
 10
22517.22591550514
 20
10071.72749759036
 10
22517.22591549164
 20
12471.72749759083
 10
22597.2259154857
 20
12471.72749759083
  0
LWPOLYLINE
  5
A5EA
330
1F
100
AcDbEntity
  8
마감선
100
AcDbPolyline
 90
4
 70
0
 10
17073.22591561841
 20
13935.72749768678
 10
17153.22591561853
 20
13935.72749768678
 10
17153.22591561818
 20
14271.72749767744
 10
17110.22591562191
 20
14271.72749767744
  0
LWPOLYLINE
  5
A5EB
330
1F
100
AcDbEntity
  8
마감선
100
AcDbPolyline
 90
7
 70
0
 10
16960.22591562191
 20
14271.72749767744
 10
15553.2259154169
 20
14271.72749767744
 10
15553.22591542714
 20
16271.72749759083
 10
15317.22591542738
 20
16271.72749759083
 10
15317.22591540968
 20
12871.72749759036
 10
12753.22591535101
 20
12871.72749759036
 10
12753.22591536777
 20
16271.72749759083
  0
LWPOLYLINE
  5
A5EC
330
1F
100
AcDbEntity
  8
마감선
100
AcDbPolyline
 90
4
 70
0
 10
17110.22591562191
 20
17535.72749767791
 10
17153.22591562383
 20
17535.72749767791
 10
17153.22591562301
 20
17871.72749768676
 10
17073.22591562307
 20
17871.72749768676
  0
LWPOLYLINE
  5
A5ED
330
1F
100
AcDbEntity
  8
마감선
100
AcDbPolyline
 90
4
 70
0
 10
16960.22591562191
 20
16571.72749767832
 10
16917.22591562097
 20
16571.72749767841
 10
16917.22591562191
 20
15235.72749767744
 10
16960.22591562191
 20
15235.72749767744
  0
LINE
  5
A5EE
330
1F
100
AcDbEntity
  8
마감선
100
AcDbLine
 10
22085.22591544542
 20
10053.72749759036
 30
0.0
 11
22085.22591544542
 21
10071.72749759036
 31
0.0
  0
LINE
  5
A5EF
330
1F
100
AcDbEntity
  8
마감선
100
AcDbLine
 10
19285.22591526905
 20
10053.72749759036
 30
0.0
 11
19285.22591526905
 21
10071.72749759036
 31
0.0
  0
LWPOLYLINE
  5
A5F0
330
1F
100
AcDbEntity
  8
마감선
100
AcDbPolyline
 90
5
 70
0
 10
22747.2259154857
 20
12471.72749759083
 10
22753.22591549001
 20
12471.72749759083
 10
22753.22591550514
 20
10071.7274975899
 10
26717.22591544531
 20
10071.7274975899
 10
26717.2259154268
 20
13103.72749763262
  0
LWPOLYLINE
  5
A5F1
330
1F
100
AcDbEntity
  8
마감선
100
AcDbPolyline
 90
3
 70
0
 10
22747.22591548477
 20
13335.72749759129
 10
26717.22591542552
 20
13335.72749759129
 10
26717.2259154268
 20
13103.72749763262
  0
LWPOLYLINE
  5
A5F2
330
1F
100
AcDbEntity
  8
마감선
100
AcDbPolyline
 90
4
 70
0
 10
22597.22591548477
 20
13571.72749759083
 10
22517.22591548559
 20
13571.72749759083
 10
22517.22591548698
 20
13335.72749759129
 10
22597.22591548477
 20
13335.72749759129
  0
LWPOLYLINE
  5
A5F3
330
1F
100
AcDbEntity
  8
마감선
100
AcDbPolyline
 90
5
 70
0
 10
26717.2259154105
 20
15953.7274975885
 10
26717.22591540829
 20
16335.72749759036
 10
22753.22591546743
 20
16335.72749759036
 10
22753.2259154793
 20
14435.7274975899
 10
22747.2259154857
 20
14435.7274975899
  0
LWPOLYLINE
  5
A5F4
330
1F
100
AcDbEntity
  8
마감선
100
AcDbPolyline
 90
10
 70
0
 10
22597.2259154857
 20
14435.7274975899
 10
22517.22591548093
 20
14435.7274975899
 10
22517.22591547418
 20
15685.72749759083
 10
18853.22591542487
 20
15685.72749759036
 10
18853.22591541649
 20
14035.72749767744
 10
18617.22591541649
 20
14035.72749767744
 10
18617.22591542481
 20
15685.72749759083
 10
17153.22591562057
 20
15685.72749759036
 10
17153.2259156215
 20
15235.72749767744
 10
17110.22591562191
 20
15235.72749767744
  0
LINE
  5
A5F5
330
1F
100
AcDbEntity
  8
마감선
100
AcDbLine
 10
17735.22591539536
 20
10053.72749759036
 30
0.0
 11
17735.22591539536
 21
10083.72749759036
 31
0.0
  0
LINE
  5
A5F6
330
1F
100
AcDbEntity
  8
마감선
100
AcDbLine
 10
26735.22591542214
 20
13953.72749758861
 30
0.0
 11
26717.22591542214
 21
13953.7274975885
 31
0.0
  0
LINE
  5
A5F7
330
1F
100
AcDbEntity
  8
마감선
100
AcDbLine
 10
26717.22591542214
 20
13953.7274975885
 30
0.0
 11
26717.2259154105
 21
15953.7274975885
 31
0.0
  0
LINE
  5
A5F8
330
1F
100
AcDbEntity
  8
마감선
100
AcDbLine
 10
26735.2259154105
 20
15953.72749762654
 30
0.0
 11
26717.2259154105
 21
15953.72749762642
 31
0.0
  0
LWPOLYLINE
  5
A5F9
330
1F
100
AcDbEntity
  8
마감선
100
AcDbPolyline
 90
10
 70
0
 10
22597.22591548454
 20
17771.72749759037
 10
22517.225915463
 20
17771.72749759037
 10
22517.22591547324
 20
15921.72749759036
 10
18853.22591542528
 20
15921.72749759036
 10
18853.22591543506
 20
17771.72749766805
 10
18617.22591543506
 20
17771.72749766915
 10
18617.22591542575
 20
15921.72749759036
 10
17153.22591562121
 20
15921.72749759036
 10
17153.22591562121
 20
16571.72749767785
 10
17110.22591562191
 20
16571.72749767797
  0
LINE
  5
A5FA
330
1F
100
AcDbEntity
  8
마감선
100
AcDbLine
 10
24303.85506555135
 20
20843.6769912496
 30
0.0
 11
24291.12714348902
 21
20830.94906918724
 31
0.0
  0
LINE
  5
A5FB
330
1F
100
AcDbEntity
  8
마감선
100
AcDbLine
 10
26425.17540911486
 20
18722.35664769554
 30
0.0
 11
26412.4474870534
 21
18709.62872563403
 31
0.0
  0
LWPOLYLINE
  5
A5FC
330
1F
100
AcDbEntity
  8
WID-S
100
AcDbPolyline
 90
16
 70
1
 10
17792.22591539513
 20
9940.727497590366
 10
17792.22591539513
 20
9950.727497590364
 10
17792.22591539513
 20
9950.727497590364
 10
17792.22591539513
 20
9950.727497590364
 10
17792.22591539513
 20
9950.727497590364
 10
17792.22591539513
 20
9950.727497590364
 10
17748.22591539513
 20
9950.727497590364
 10
17748.22591539513
 20
9950.727497590364
 10
17748.22591539513
 20
9950.727497590364
 10
17748.22591539513
 20
9950.727497590364
 10
17748.22591539513
 20
9950.727497590364
 10
17748.22591539513
 20
9856.727497590364
 10
17792.22591539513
 20
9856.727497590364
 10
17792.22591539513
 20
9866.727497590364
 10
17777.22591539513
 20
9866.727497590364
 10
17777.22591539513
 20
9940.727497590366
  0
LWPOLYLINE
  5
A5FD
330
1F
100
AcDbEntity
  8
WID-S
100
AcDbPolyline
 90
16
 70
1
 10
17795.22591539513
 20
9937.727497590366
 10
17795.22591539513
 20
9953.727497590364
 10
17795.22591539513
 20
9953.727497590364
 10
17795.22591539513
 20
9953.727497590364
 10
17795.22591539513
 20
9953.727497590364
 10
17795.22591539513
 20
9953.727497590364
 10
17745.22591539513
 20
9953.727497590364
 10
17745.22591539513
 20
9953.727497590364
 10
17745.22591539513
 20
9953.727497590364
 10
17745.22591539513
 20
9953.727497590364
 10
17745.22591539513
 20
9953.727497590364
 10
17745.22591539513
 20
9853.727497590364
 10
17795.22591539513
 20
9853.727497590364
 10
17795.22591539513
 20
9869.727497590364
 10
17780.22591539513
 20
9869.727497590364
 10
17780.22591539513
 20
9937.727497590366
  0
LINE
  5
A5FE
330
1F
100
AcDbEntity
  8
WID-S
100
AcDbLine
 10
17780.22591539513
 20
9903.727497590366
 30
0.0
 11
17795.22591539513
 21
9903.727497590366
 31
0.0
  0
LWPOLYLINE
  5
A5FF
330
1F
100
AcDbEntity
  8
WID-S
100
AcDbPolyline
 90
4
 70
1
 10
17865.22591539466
 20
9905.727497589898
 10
17865.22591539513
 20
9935.727497589898
 10
17785.22591539559
 20
9935.727497589432
 10
17785.22591539466
 20
9905.727497589898
1001
INERCAD20
1000
UnNamed
1070
2001
1071
2
  0
LWPOLYLINE
  5
A600
330
1F
100
AcDbEntity
  8
WID-S
100
AcDbPolyline
 90
4
 70
1
 10
17862.22591539466
 20
9908.727497589898
 10
17862.22591539513
 20
9932.727497589898
 10
17788.22591539559
 20
9932.727497589432
 10
17788.2259153949
 20
9908.727497589898
1001
INERCAD20
1000
UnNamed
1070
2001
1071
2
  0
LINE
  5
A601
330
1F
100
AcDbEntity
  8
ELE-2
100
AcDbLine
 10
17795.22591539513
 20
9869.72749759083
 30
0.0
 11
18575.22591539513
 21
9869.727497590364
 31
0.0
1001
INERCAD20
1000
UnNamed
1070
2001
1071
4
  0
LINE
  5
A602
330
1F
100
AcDbEntity
  8
ELE-2
100
AcDbLine
 10
17795.22591539466
 20
9937.727497590366
 30
0.0
 11
18575.22591539513
 21
9937.727497589898
 31
0.0
1001
INERCAD20
1000
UnNamed
1070
2001
1071
4
  0
LINE
  5
A603
330
1F
100
AcDbEntity
  8
ELE-2
100
AcDbLine
 10
18575.22591539513
 20
9903.727497589898
 30
0.0
 11
17795.22591539466
 21
9903.727497589898
 31
0.0
1001
INERCAD20
1000
UnNamed
1070
2001
1071
4
  0
LINE
  5
A604
330
1F
100
AcDbEntity
  8
ELE-2
100
AcDbLine
 10
17795.22591539513
 20
9853.727497590364
 30
0.0
 11
18575.22591539513
 21
9853.727497589898
 31
0.0
1001
INERCAD20
1000
UnNamed
1070
2001
1071
4
  0
LINE
  5
A605
330
1F
100
AcDbEntity
  8
WID
100
AcDbLine
 10
18145.22591539536
 20
9923.227497589432
 30
0.0
 11
17865.22591539559
 21
9923.227497589898
 31
0.0
1001
INERCAD20
1000
UnNamed
1070
2001
1071
1
  0
LWPOLYLINE
  5
A606
330
1F
100
AcDbEntity
  8
WID-S
100
AcDbPolyline
 90
16
 70
1
 10
18575.22591539536
 20
9937.727497590366
 10
18575.22591539536
 20
9953.727497590364
 10
18575.22591539536
 20
9953.727497590364
 10
18575.22591539536
 20
9953.727497590364
 10
18575.22591539536
 20
9953.727497590364
 10
18575.22591539536
 20
9953.727497590364
 10
18625.22591539536
 20
9953.727497590364
 10
18625.22591539536
 20
9953.727497590364
 10
18625.22591539536
 20
9953.727497590364
 10
18625.22591539536
 20
9953.727497590364
 10
18625.22591539536
 20
9953.727497590364
 10
18625.22591539536
 20
9853.727497590364
 10
18575.22591539536
 20
9853.727497590364
 10
18575.22591539536
 20
9869.727497590364
 10
18590.22591539536
 20
9869.727497590364
 10
18590.22591539536
 20
9937.727497590366
  0
LINE
  5
A607
330
1F
100
AcDbEntity
  8
ELE-2
100
AcDbLine
 10
17795.22591539513
 20
9953.727497590364
 30
0.0
 11
18575.22591539513
 21
9953.727497589898
 31
0.0
1001
INERCAD20
1000
UnNamed
1070
2001
1071
4
  0
LWPOLYLINE
  5
A608
330
1F
100
AcDbEntity
  8
WID-S
100
AcDbPolyline
 90
16
 70
1
 10
18578.22591539536
 20
9940.727497590366
 10
18578.22591539536
 20
9950.727497590364
 10
18578.22591539536
 20
9950.727497590364
 10
18578.22591539536
 20
9950.727497590364
 10
18578.22591539536
 20
9950.727497590364
 10
18578.22591539536
 20
9950.727497590364
 10
18622.22591539536
 20
9950.727497590364
 10
18622.22591539536
 20
9950.727497590364
 10
18622.22591539536
 20
9950.727497590364
 10
18622.22591539536
 20
9950.727497590364
 10
18622.22591539536
 20
9950.727497590364
 10
18622.22591539536
 20
9856.727497590364
 10
18578.22591539536
 20
9856.727497590364
 10
18578.22591539536
 20
9866.727497590364
 10
18593.22591539536
 20
9866.727497590364
 10
18593.22591539536
 20
9940.727497590366
  0
LINE
  5
A609
330
1F
100
AcDbEntity
  8
WID-S
100
AcDbLine
 10
18590.22591539536
 20
9903.727497590366
 30
0.0
 11
18575.22591539536
 21
9903.727497590366
 31
0.0
  0
LWPOLYLINE
  5
A60A
330
1F
100
AcDbEntity
  8
WID-S
100
AcDbPolyline
 90
4
 70
1
 10
18145.22591539583
 20
9905.727497589898
 10
18145.22591539536
 20
9935.727497589898
 10
18225.2259153949
 20
9935.727497589432
 10
18225.22591539583
 20
9905.727497589898
1001
INERCAD20
1000
UnNamed
1070
2001
1071
2
  0
LWPOLYLINE
  5
A60B
330
1F
100
AcDbEntity
  8
WID-S
100
AcDbPolyline
 90
4
 70
1
 10
18148.22591539583
 20
9908.727497589898
 10
18148.22591539559
 20
9932.727497589898
 10
18222.22591539513
 20
9932.727497589432
 10
18222.22591539583
 20
9908.727497589898
1001
INERCAD20
1000
UnNamed
1070
2001
1071
2
  0
LINE
  5
A60C
330
1F
100
AcDbEntity
  8
ELE-2
100
AcDbLine
 10
18185.22591539513
 20
9653.727497590366
 30
0.0
 11
18185.22591539536
 21
10253.72749759036
 31
0.0
  0
LWPOLYLINE
  5
A60D
330
1F
100
AcDbEntity
  8
WID-S
100
AcDbPolyline
 90
4
 70
1
 10
18145.22591539606
 20
9871.727497589432
 10
18145.22591539559
 20
9901.727497589432
 10
18225.22591539513
 20
9901.727497588969
 10
18225.22591539606
 20
9871.727497589432
1001
INERCAD20
1000
UnNamed
1070
2001
1071
2
  0
LWPOLYLINE
  5
A60E
330
1F
100
AcDbEntity
  8
WID-S
100
AcDbPolyline
 90
4
 70
1
 10
18148.22591539606
 20
9874.727497589432
 10
18148.22591539583
 20
9898.727497589432
 10
18222.22591539536
 20
9898.727497588969
 10
18222.22591539606
 20
9874.727497589432
1001
INERCAD20
1000
UnNamed
1070
2001
1071
2
  0
LWPOLYLINE
  5
A60F
330
1F
100
AcDbEntity
  8
WID-S
100
AcDbPolyline
 90
4
 70
1
 10
18505.2259153956
 20
9871.727497590364
 10
18505.22591539513
 20
9901.727497590364
 10
18585.22591539466
 20
9901.727497589898
 10
18585.2259153956
 20
9871.727497590364
1001
INERCAD20
1000
UnNamed
1070
2001
1071
2
  0
LWPOLYLINE
  5
A610
330
1F
100
AcDbEntity
  8
WID-S
100
AcDbPolyline
 90
4
 70
1
 10
18508.22591539559
 20
9874.727497590364
 10
18508.22591539513
 20
9898.727497590364
 10
18582.2259153949
 20
9898.727497589898
 10
18582.2259153956
 20
9874.727497590364
1001
INERCAD20
1000
UnNamed
1070
2001
1071
2
  0
LINE
  5
A611
330
1F
100
AcDbEntity
  8
WID
100
AcDbLine
 10
18225.2259153949
 20
9889.227497589432
 30
0.0
 11
18505.22591539466
 21
9889.227497590366
 31
0.0
1001
INERCAD20
1000
UnNamed
1070
2001
1071
1
  0
LWPOLYLINE
  5
A612
330
1F
100
AcDbEntity
  8
WID-S
100
AcDbPolyline
 90
16
 70
1
 10
17792.22591539513
 20
10040.72749759036
 10
17792.22591539513
 20
10050.72749759036
 10
17792.22591539513
 20
10050.72749759036
 10
17792.22591539513
 20
10050.72749759036
 10
17792.22591539513
 20
10050.72749759036
 10
17792.22591539513
 20
10050.72749759036
 10
17748.22591539513
 20
10050.72749759036
 10
17748.22591539513
 20
10050.72749759036
 10
17748.22591539513
 20
10050.72749759036
 10
17748.22591539513
 20
10050.72749759036
 10
17748.22591539513
 20
10050.72749759036
 10
17748.22591539513
 20
9956.727497590364
 10
17792.22591539513
 20
9956.727497590364
 10
17792.22591539513
 20
9966.727497590364
 10
17777.22591539513
 20
9966.727497590364
 10
17777.22591539513
 20
10040.72749759036
  0
LWPOLYLINE
  5
A613
330
1F
100
AcDbEntity
  8
WID-S
100
AcDbPolyline
 90
16
 70
1
 10
17795.22591539513
 20
10037.72749759036
 10
17795.22591539513
 20
10053.72749759036
 10
17795.22591539513
 20
10053.72749759036
 10
17795.22591539513
 20
10053.72749759036
 10
17795.22591539513
 20
10053.72749759036
 10
17795.22591539513
 20
10053.72749759036
 10
17745.22591539513
 20
10053.72749759036
 10
17745.22591539513
 20
10053.72749759036
 10
17745.22591539513
 20
10053.72749759036
 10
17745.22591539513
 20
10053.72749759036
 10
17745.22591539513
 20
10053.72749759036
 10
17745.22591539513
 20
9953.727497590364
 10
17795.22591539513
 20
9953.727497590364
 10
17795.22591539513
 20
9969.727497590364
 10
17780.22591539513
 20
9969.727497590364
 10
17780.22591539513
 20
10037.72749759036
  0
LINE
  5
A614
330
1F
100
AcDbEntity
  8
WID-S
100
AcDbLine
 10
17780.22591539513
 20
10003.72749759036
 30
0.0
 11
17795.22591539513
 21
10003.72749759036
 31
0.0
  0
LWPOLYLINE
  5
A615
330
1F
100
AcDbEntity
  8
WID-S
100
AcDbPolyline
 90
4
 70
1
 10
17865.22591539466
 20
10005.7274975899
 10
17865.22591539513
 20
10035.7274975899
 10
17785.22591539559
 20
10035.72749758943
 10
17785.22591539466
 20
10005.7274975899
1001
INERCAD20
1000
UnNamed
1070
2001
1071
2
  0
LWPOLYLINE
  5
A616
330
1F
100
AcDbEntity
  8
WID-S
100
AcDbPolyline
 90
4
 70
1
 10
17862.22591539466
 20
10008.72749758989
 10
17862.22591539513
 20
10032.7274975899
 10
17788.22591539559
 20
10032.72749758943
 10
17788.2259153949
 20
10008.72749758989
1001
INERCAD20
1000
UnNamed
1070
2001
1071
2
  0
LINE
  5
A617
330
1F
100
AcDbEntity
  8
ELE-2
100
AcDbLine
 10
17795.22591539513
 20
9969.727497590831
 30
0.0
 11
18575.22591539513
 21
9969.727497590364
 31
0.0
1001
INERCAD20
1000
UnNamed
1070
2001
1071
4
  0
LINE
  5
A618
330
1F
100
AcDbEntity
  8
ELE-2
100
AcDbLine
 10
17795.22591539466
 20
10037.72749759036
 30
0.0
 11
18575.22591539513
 21
10037.7274975899
 31
0.0
1001
INERCAD20
1000
UnNamed
1070
2001
1071
4
  0
LINE
  5
A619
330
1F
100
AcDbEntity
  8
ELE-2
100
AcDbLine
 10
18575.22591539513
 20
10003.7274975899
 30
0.0
 11
17795.22591539466
 21
10003.7274975899
 31
0.0
1001
INERCAD20
1000
UnNamed
1070
2001
1071
4
  0
LINE
  5
A61A
330
1F
100
AcDbEntity
  8
ELE-2
100
AcDbLine
 10
17795.22591539513
 20
9953.727497590364
 30
0.0
 11
18575.22591539513
 21
9953.727497589898
 31
0.0
1001
INERCAD20
1000
UnNamed
1070
2001
1071
4
  0
LINE
  5
A61B
330
1F
100
AcDbEntity
  8
WID
100
AcDbLine
 10
18145.22591539536
 20
10023.22749758943
 30
0.0
 11
17865.22591539559
 21
10023.2274975899
 31
0.0
1001
INERCAD20
1000
UnNamed
1070
2001
1071
1
  0
LWPOLYLINE
  5
A61C
330
1F
100
AcDbEntity
  8
WID-S
100
AcDbPolyline
 90
16
 70
1
 10
18575.22591539536
 20
10037.72749759036
 10
18575.22591539536
 20
10053.72749759036
 10
18575.22591539536
 20
10053.72749759036
 10
18575.22591539536
 20
10053.72749759036
 10
18575.22591539536
 20
10053.72749759036
 10
18575.22591539536
 20
10053.72749759036
 10
18625.22591539536
 20
10053.72749759036
 10
18625.22591539536
 20
10053.72749759036
 10
18625.22591539536
 20
10053.72749759036
 10
18625.22591539536
 20
10053.72749759036
 10
18625.22591539536
 20
10053.72749759036
 10
18625.22591539536
 20
9953.727497590364
 10
18575.22591539536
 20
9953.727497590364
 10
18575.22591539536
 20
9969.727497590364
 10
18590.22591539536
 20
9969.727497590364
 10
18590.22591539536
 20
10037.72749759036
  0
LINE
  5
A61D
330
1F
100
AcDbEntity
  8
ELE-2
100
AcDbLine
 10
17795.22591539513
 20
10053.72749759036
 30
0.0
 11
18575.22591539513
 21
10053.7274975899
 31
0.0
1001
INERCAD20
1000
UnNamed
1070
2001
1071
4
  0
LWPOLYLINE
  5
A61E
330
1F
100
AcDbEntity
  8
WID-S
100
AcDbPolyline
 90
16
 70
1
 10
18578.22591539536
 20
10040.72749759036
 10
18578.22591539536
 20
10050.72749759036
 10
18578.22591539536
 20
10050.72749759036
 10
18578.22591539536
 20
10050.72749759036
 10
18578.22591539536
 20
10050.72749759036
 10
18578.22591539536
 20
10050.72749759036
 10
18622.22591539536
 20
10050.72749759036
 10
18622.22591539536
 20
10050.72749759036
 10
18622.22591539536
 20
10050.72749759036
 10
18622.22591539536
 20
10050.72749759036
 10
18622.22591539536
 20
10050.72749759036
 10
18622.22591539536
 20
9956.727497590364
 10
18578.22591539536
 20
9956.727497590364
 10
18578.22591539536
 20
9966.727497590364
 10
18593.22591539536
 20
9966.727497590364
 10
18593.22591539536
 20
10040.72749759036
  0
LINE
  5
A61F
330
1F
100
AcDbEntity
  8
WID-S
100
AcDbLine
 10
18590.22591539536
 20
10003.72749759036
 30
0.0
 11
18575.22591539536
 21
10003.72749759036
 31
0.0
  0
LWPOLYLINE
  5
A620
330
1F
100
AcDbEntity
  8
WID-S
100
AcDbPolyline
 90
4
 70
1
 10
18145.22591539583
 20
10005.7274975899
 10
18145.22591539536
 20
10035.7274975899
 10
18225.2259153949
 20
10035.72749758943
 10
18225.22591539583
 20
10005.7274975899
1001
INERCAD20
1000
UnNamed
1070
2001
1071
2
  0
LWPOLYLINE
  5
A621
330
1F
100
AcDbEntity
  8
WID-S
100
AcDbPolyline
 90
4
 70
1
 10
18148.22591539583
 20
10008.72749758989
 10
18148.22591539559
 20
10032.7274975899
 10
18222.22591539513
 20
10032.72749758943
 10
18222.22591539583
 20
10008.72749758989
1001
INERCAD20
1000
UnNamed
1070
2001
1071
2
  0
LWPOLYLINE
  5
A622
330
1F
100
AcDbEntity
  8
WID-S
100
AcDbPolyline
 90
4
 70
1
 10
18145.22591539606
 20
9971.727497589434
 10
18145.22591539559
 20
10001.72749758943
 10
18225.22591539513
 20
10001.72749758897
 10
18225.22591539606
 20
9971.727497589434
1001
INERCAD20
1000
UnNamed
1070
2001
1071
2
  0
LWPOLYLINE
  5
A623
330
1F
100
AcDbEntity
  8
WID-S
100
AcDbPolyline
 90
4
 70
1
 10
18148.22591539606
 20
9974.727497589434
 10
18148.22591539583
 20
9998.727497589432
 10
18222.22591539536
 20
9998.727497588967
 10
18222.22591539606
 20
9974.727497589434
1001
INERCAD20
1000
UnNamed
1070
2001
1071
2
  0
LWPOLYLINE
  5
A624
330
1F
100
AcDbEntity
  8
WID-S
100
AcDbPolyline
 90
4
 70
1
 10
18505.2259153956
 20
9971.727497590364
 10
18505.22591539513
 20
10001.72749759036
 10
18585.22591539466
 20
10001.7274975899
 10
18585.2259153956
 20
9971.727497590364
1001
INERCAD20
1000
UnNamed
1070
2001
1071
2
  0
LWPOLYLINE
  5
A625
330
1F
100
AcDbEntity
  8
WID-S
100
AcDbPolyline
 90
4
 70
1
 10
18508.22591539559
 20
9974.727497590366
 10
18508.22591539513
 20
9998.727497590366
 10
18582.2259153949
 20
9998.727497589898
 10
18582.2259153956
 20
9974.727497590366
1001
INERCAD20
1000
UnNamed
1070
2001
1071
2
  0
LINE
  5
A626
330
1F
100
AcDbEntity
  8
WID
100
AcDbLine
 10
18225.2259153949
 20
9989.227497589432
 30
0.0
 11
18505.22591539466
 21
9989.227497590364
 31
0.0
1001
INERCAD20
1000
UnNamed
1070
2001
1071
1
  0
LINE
  5
A627
330
1F
100
AcDbEntity
  8
WID
100
AcDbLine
 10
18145.22591539536
 20
9918.227497589434
 30
0.0
 11
17865.22591539559
 21
9918.227497589898
 31
0.0
1001
INERCAD20
1000
UnNamed
1070
2001
1071
1
  0
LINE
  5
A628
330
1F
100
AcDbEntity
  8
WID
100
AcDbLine
 10
18225.2259153949
 20
9884.227497589432
 30
0.0
 11
18505.22591539466
 21
9884.227497590364
 31
0.0
1001
INERCAD20
1000
UnNamed
1070
2001
1071
1
  0
LINE
  5
A629
330
1F
100
AcDbEntity
  8
WID
100
AcDbLine
 10
18145.22591539536
 20
10018.22749758943
 30
0.0
 11
17865.22591539559
 21
10018.22749758989
 31
0.0
1001
INERCAD20
1000
UnNamed
1070
2001
1071
1
  0
LINE
  5
A62A
330
1F
100
AcDbEntity
  8
WID
100
AcDbLine
 10
18225.2259153949
 20
9984.227497589432
 30
0.0
 11
18505.22591539466
 21
9984.227497590364
 31
0.0
1001
INERCAD20
1000
UnNamed
1070
2001
1071
1
  0
ARC
  5
A62B
330
1F
100
AcDbEntity
  8
FIN
100
AcDbCircle
 10
17740.2259153935
 20
9851.06083092618
 30
0.0
 40
5.666666664074
100
AcDbArc
 50
28.0724869000747
 51
151.9275130999253
  0
ARC
  5
A62C
330
1F
100
AcDbEntity
  8
FIN
100
AcDbCircle
 10
18630.22591539443
 20
9850.914167765188
 30
0.0
 40
5.737144297840901
100
AcDbArc
 50
29.36497656021869
 51
150.6350234397813
  0
LWPOLYLINE
  5
A62D
330
1F
100
AcDbEntity
  8
COL
100
AcDbPolyline
 90
2
 70
0
 10
12535.22591540217
 20
12153.72749759059
 10
12735.22591540217
 20
12153.72749759013
  0
LWPOLYLINE
  5
A62E
330
1F
100
AcDbEntity
  8
COL
100
AcDbPolyline
 90
3
 70
0
 10
16735.22591544822
 20
21153.72749764264
 10
16735.22591544868
 20
21353.72749764264
 10
17735.22591545398
 20
21353.7274976333
  0
LWPOLYLINE
  5
A62F
330
1F
100
AcDbEntity
  8
COL
100
AcDbPolyline
 90
2
 70
0
 10
14735.22591544822
 20
21153.72749764311
 10
14735.22591544868
 20
21353.72749764311
  0
LWPOLYLINE
  5
A630
330
1F
100
AcDbEntity
  8
COL
100
AcDbPolyline
 90
2
 70
0
 10
26735.22591547849
 20
13953.72749759024
 10
26935.22591547849
 20
13953.72749758978
  0
LWPOLYLINE
  5
A631
330
1F
100
AcDbEntity
  8
COL
100
AcDbPolyline
 90
2
 70
0
 10
26735.22591547895
 20
15953.72749759025
 10
26935.22591547895
 20
15953.72749758978
  0
LWPOLYLINE
  5
A632
330
1F
100
AcDbEntity
  8
COL
100
AcDbPolyline
 90
2
 70
0
 10
17735.22591545398
 20
21153.72749767495
 10
17735.22591545398
 20
21353.72749767495
  0
LWPOLYLINE
  5
A633
330
1F
100
AcDbEntity
  8
WID-S
100
AcDbPolyline
 90
16
 70
1
 10
17792.22591545375
 20
21240.72749767495
 10
17792.22591545375
 20
21250.72749767495
 10
17792.22591545375
 20
21250.72749767495
 10
17792.22591545375
 20
21250.72749767495
 10
17792.22591545375
 20
21250.72749767495
 10
17792.22591545375
 20
21250.72749767495
 10
17748.22591545374
 20
21250.72749767495
 10
17748.22591545374
 20
21250.72749767495
 10
17748.22591545374
 20
21250.72749767495
 10
17748.22591545374
 20
21250.72749767495
 10
17748.22591545374
 20
21250.72749767495
 10
17748.22591545374
 20
21156.72749767495
 10
17792.22591545375
 20
21156.72749767495
 10
17792.22591545375
 20
21166.72749767495
 10
17777.22591545374
 20
21166.72749767495
 10
17777.22591545374
 20
21240.72749767495
  0
LWPOLYLINE
  5
A634
330
1F
100
AcDbEntity
  8
WID-S
100
AcDbPolyline
 90
16
 70
1
 10
17795.22591545374
 20
21237.72749767495
 10
17795.22591545374
 20
21253.72749767495
 10
17795.22591545374
 20
21253.72749767495
 10
17795.22591545374
 20
21253.72749767495
 10
17795.22591545374
 20
21253.72749767495
 10
17795.22591545374
 20
21253.72749767495
 10
17745.22591545374
 20
21253.72749767495
 10
17745.22591545374
 20
21253.72749767495
 10
17745.22591545374
 20
21253.72749767495
 10
17745.22591545374
 20
21253.72749767495
 10
17745.22591545374
 20
21253.72749767495
 10
17745.22591545374
 20
21153.72749767495
 10
17795.22591545374
 20
21153.72749767495
 10
17795.22591545374
 20
21169.72749767495
 10
17780.22591545374
 20
21169.72749767495
 10
17780.22591545374
 20
21237.72749767495
  0
LINE
  5
A635
330
1F
100
AcDbEntity
  8
WID-S
100
AcDbLine
 10
17780.22591545374
 20
21203.72749767495
 30
0.0
 11
17795.22591545374
 21
21203.72749767495
 31
0.0
  0
LWPOLYLINE
  5
A636
330
1F
100
AcDbEntity
  8
WID-S
100
AcDbPolyline
 90
4
 70
1
 10
17865.22591545328
 20
21205.72749767448
 10
17865.22591545374
 20
21235.72749767448
 10
17785.22591545421
 20
21235.72749767402
 10
17785.22591545328
 20
21205.72749767448
1001
INERCAD20
1000
UnNamed
1070
2001
1071
2
  0
LWPOLYLINE
  5
A637
330
1F
100
AcDbEntity
  8
WID-S
100
AcDbPolyline
 90
4
 70
1
 10
17862.22591545328
 20
21208.72749767448
 10
17862.22591545374
 20
21232.72749767448
 10
17788.22591545421
 20
21232.72749767401
 10
17788.22591545351
 20
21208.72749767448
1001
INERCAD20
1000
UnNamed
1070
2001
1071
2
  0
LINE
  5
A638
330
1F
100
AcDbEntity
  8
ELE-2
100
AcDbLine
 10
17795.22591545374
 20
21169.72749767541
 30
0.0
 11
18575.22591545374
 21
21169.72749767495
 31
0.0
1001
INERCAD20
1000
UnNamed
1070
2001
1071
4
  0
LINE
  5
A639
330
1F
100
AcDbEntity
  8
ELE-2
100
AcDbLine
 10
17795.22591545328
 20
21237.72749767495
 30
0.0
 11
18575.22591545374
 21
21237.72749767448
 31
0.0
1001
INERCAD20
1000
UnNamed
1070
2001
1071
4
  0
LINE
  5
A63A
330
1F
100
AcDbEntity
  8
ELE-2
100
AcDbLine
 10
18575.22591545374
 20
21203.72749767448
 30
0.0
 11
17795.22591545328
 21
21203.72749767448
 31
0.0
1001
INERCAD20
1000
UnNamed
1070
2001
1071
4
  0
LINE
  5
A63B
330
1F
100
AcDbEntity
  8
ELE-2
100
AcDbLine
 10
17795.22591545374
 20
21153.72749767495
 30
0.0
 11
18575.22591545374
 21
21153.72749767448
 31
0.0
1001
INERCAD20
1000
UnNamed
1070
2001
1071
4
  0
LINE
  5
A63C
330
1F
100
AcDbEntity
  8
WID
100
AcDbLine
 10
18145.22591545398
 20
21223.22749767401
 30
0.0
 11
17865.22591545421
 21
21223.22749767448
 31
0.0
1001
INERCAD20
1000
UnNamed
1070
2001
1071
1
  0
LWPOLYLINE
  5
A63D
330
1F
100
AcDbEntity
  8
WID-S
100
AcDbPolyline
 90
16
 70
1
 10
18575.22591545398
 20
21237.72749767495
 10
18575.22591545398
 20
21253.72749767495
 10
18575.22591545398
 20
21253.72749767495
 10
18575.22591545398
 20
21253.72749767495
 10
18575.22591545398
 20
21253.72749767495
 10
18575.22591545398
 20
21253.72749767495
 10
18625.22591545398
 20
21253.72749767495
 10
18625.22591545398
 20
21253.72749767495
 10
18625.22591545398
 20
21253.72749767495
 10
18625.22591545398
 20
21253.72749767495
 10
18625.22591545398
 20
21253.72749767495
 10
18625.22591545398
 20
21153.72749767495
 10
18575.22591545398
 20
21153.72749767495
 10
18575.22591545398
 20
21169.72749767495
 10
18590.22591545398
 20
21169.72749767495
 10
18590.22591545398
 20
21237.72749767495
  0
LINE
  5
A63E
330
1F
100
AcDbEntity
  8
ELE-2
100
AcDbLine
 10
17795.22591545374
 20
21253.72749767495
 30
0.0
 11
18575.22591545374
 21
21253.72749767448
 31
0.0
1001
INERCAD20
1000
UnNamed
1070
2001
1071
4
  0
LWPOLYLINE
  5
A63F
330
1F
100
AcDbEntity
  8
WID-S
100
AcDbPolyline
 90
16
 70
1
 10
18578.22591545398
 20
21240.72749767495
 10
18578.22591545398
 20
21250.72749767495
 10
18578.22591545398
 20
21250.72749767495
 10
18578.22591545398
 20
21250.72749767495
 10
18578.22591545398
 20
21250.72749767495
 10
18578.22591545398
 20
21250.72749767495
 10
18622.22591545398
 20
21250.72749767495
 10
18622.22591545398
 20
21250.72749767495
 10
18622.22591545398
 20
21250.72749767495
 10
18622.22591545398
 20
21250.72749767495
 10
18622.22591545398
 20
21250.72749767495
 10
18622.22591545398
 20
21156.72749767495
 10
18578.22591545398
 20
21156.72749767495
 10
18578.22591545398
 20
21166.72749767495
 10
18593.22591545398
 20
21166.72749767495
 10
18593.22591545398
 20
21240.72749767495
  0
LINE
  5
A640
330
1F
100
AcDbEntity
  8
WID-S
100
AcDbLine
 10
18590.22591545398
 20
21203.72749767495
 30
0.0
 11
18575.22591545398
 21
21203.72749767495
 31
0.0
  0
LWPOLYLINE
  5
A641
330
1F
100
AcDbEntity
  8
WID-S
100
AcDbPolyline
 90
4
 70
1
 10
18145.22591545444
 20
21205.72749767448
 10
18145.22591545398
 20
21235.72749767448
 10
18225.22591545351
 20
21235.72749767402
 10
18225.22591545444
 20
21205.72749767448
1001
INERCAD20
1000
UnNamed
1070
2001
1071
2
  0
LWPOLYLINE
  5
A642
330
1F
100
AcDbEntity
  8
WID-S
100
AcDbPolyline
 90
4
 70
1
 10
18148.22591545444
 20
21208.72749767448
 10
18148.22591545421
 20
21232.72749767448
 10
18222.22591545374
 20
21232.72749767401
 10
18222.22591545444
 20
21208.72749767448
1001
INERCAD20
1000
UnNamed
1070
2001
1071
2
  0
LINE
  5
A643
330
1F
100
AcDbEntity
  8
ELE-2
100
AcDbLine
 10
18185.22591545374
 20
20953.72749767495
 30
0.0
 11
18185.22591545398
 21
21553.72749767495
 31
0.0
  0
LWPOLYLINE
  5
A644
330
1F
100
AcDbEntity
  8
WID-S
100
AcDbPolyline
 90
4
 70
1
 10
18145.22591545468
 20
21171.72749767401
 10
18145.22591545421
 20
21201.72749767402
 10
18225.22591545374
 20
21201.72749767355
 10
18225.22591545468
 20
21171.72749767401
1001
INERCAD20
1000
UnNamed
1070
2001
1071
2
  0
LWPOLYLINE
  5
A645
330
1F
100
AcDbEntity
  8
WID-S
100
AcDbPolyline
 90
4
 70
1
 10
18148.22591545468
 20
21174.72749767402
 10
18148.22591545444
 20
21198.72749767401
 10
18222.22591545398
 20
21198.72749767355
 10
18222.22591545467
 20
21174.72749767402
1001
INERCAD20
1000
UnNamed
1070
2001
1071
2
  0
LWPOLYLINE
  5
A646
330
1F
100
AcDbEntity
  8
WID-S
100
AcDbPolyline
 90
4
 70
1
 10
18505.22591545421
 20
21171.72749767495
 10
18505.22591545374
 20
21201.72749767495
 10
18585.22591545328
 20
21201.72749767448
 10
18585.22591545421
 20
21171.72749767495
1001
INERCAD20
1000
UnNamed
1070
2001
1071
2
  0
LWPOLYLINE
  5
A647
330
1F
100
AcDbEntity
  8
WID-S
100
AcDbPolyline
 90
4
 70
1
 10
18508.22591545421
 20
21174.72749767495
 10
18508.22591545374
 20
21198.72749767495
 10
18582.22591545351
 20
21198.72749767448
 10
18582.22591545421
 20
21174.72749767495
1001
INERCAD20
1000
UnNamed
1070
2001
1071
2
  0
LINE
  5
A648
330
1F
100
AcDbEntity
  8
WID
100
AcDbLine
 10
18225.22591545351
 20
21189.22749767401
 30
0.0
 11
18505.22591545328
 21
21189.22749767495
 31
0.0
1001
INERCAD20
1000
UnNamed
1070
2001
1071
1
  0
LWPOLYLINE
  5
A649
330
1F
100
AcDbEntity
  8
WID-S
100
AcDbPolyline
 90
16
 70
1
 10
17792.22591545375
 20
21340.72749767495
 10
17792.22591545375
 20
21350.72749767495
 10
17792.22591545375
 20
21350.72749767495
 10
17792.22591545375
 20
21350.72749767495
 10
17792.22591545375
 20
21350.72749767495
 10
17792.22591545375
 20
21350.72749767495
 10
17748.22591545374
 20
21350.72749767495
 10
17748.22591545374
 20
21350.72749767495
 10
17748.22591545374
 20
21350.72749767495
 10
17748.22591545374
 20
21350.72749767495
 10
17748.22591545374
 20
21350.72749767495
 10
17748.22591545374
 20
21256.72749767495
 10
17792.22591545375
 20
21256.72749767495
 10
17792.22591545375
 20
21266.72749767495
 10
17777.22591545374
 20
21266.72749767495
 10
17777.22591545374
 20
21340.72749767495
  0
LWPOLYLINE
  5
A64A
330
1F
100
AcDbEntity
  8
WID-S
100
AcDbPolyline
 90
16
 70
1
 10
17795.22591545374
 20
21337.72749767495
 10
17795.22591545374
 20
21353.72749767495
 10
17795.22591545374
 20
21353.72749767495
 10
17795.22591545374
 20
21353.72749767495
 10
17795.22591545374
 20
21353.72749767495
 10
17795.22591545374
 20
21353.72749767495
 10
17745.22591545374
 20
21353.72749767495
 10
17745.22591545374
 20
21353.72749767495
 10
17745.22591545374
 20
21353.72749767495
 10
17745.22591545374
 20
21353.72749767495
 10
17745.22591545374
 20
21353.72749767495
 10
17745.22591545374
 20
21253.72749767495
 10
17795.22591545374
 20
21253.72749767495
 10
17795.22591545374
 20
21269.72749767495
 10
17780.22591545374
 20
21269.72749767495
 10
17780.22591545374
 20
21337.72749767495
  0
LINE
  5
A64B
330
1F
100
AcDbEntity
  8
WID-S
100
AcDbLine
 10
17780.22591545374
 20
21303.72749767495
 30
0.0
 11
17795.22591545374
 21
21303.72749767495
 31
0.0
  0
LWPOLYLINE
  5
A64C
330
1F
100
AcDbEntity
  8
WID-S
100
AcDbPolyline
 90
4
 70
1
 10
17865.22591545328
 20
21305.72749767448
 10
17865.22591545374
 20
21335.72749767448
 10
17785.22591545421
 20
21335.72749767401
 10
17785.22591545328
 20
21305.72749767448
1001
INERCAD20
1000
UnNamed
1070
2001
1071
2
  0
LWPOLYLINE
  5
A64D
330
1F
100
AcDbEntity
  8
WID-S
100
AcDbPolyline
 90
4
 70
1
 10
17862.22591545328
 20
21308.72749767448
 10
17862.22591545374
 20
21332.72749767448
 10
17788.22591545421
 20
21332.72749767402
 10
17788.22591545351
 20
21308.72749767448
1001
INERCAD20
1000
UnNamed
1070
2001
1071
2
  0
LINE
  5
A64E
330
1F
100
AcDbEntity
  8
ELE-2
100
AcDbLine
 10
17795.22591545374
 20
21269.72749767541
 30
0.0
 11
18575.22591545374
 21
21269.72749767495
 31
0.0
1001
INERCAD20
1000
UnNamed
1070
2001
1071
4
  0
LINE
  5
A64F
330
1F
100
AcDbEntity
  8
ELE-2
100
AcDbLine
 10
17795.22591545328
 20
21337.72749767495
 30
0.0
 11
18575.22591545374
 21
21337.72749767448
 31
0.0
1001
INERCAD20
1000
UnNamed
1070
2001
1071
4
  0
LINE
  5
A650
330
1F
100
AcDbEntity
  8
ELE-2
100
AcDbLine
 10
18575.22591545374
 20
21303.72749767448
 30
0.0
 11
17795.22591545328
 21
21303.72749767448
 31
0.0
1001
INERCAD20
1000
UnNamed
1070
2001
1071
4
  0
LINE
  5
A651
330
1F
100
AcDbEntity
  8
ELE-2
100
AcDbLine
 10
17795.22591545374
 20
21253.72749767495
 30
0.0
 11
18575.22591545374
 21
21253.72749767448
 31
0.0
1001
INERCAD20
1000
UnNamed
1070
2001
1071
4
  0
LINE
  5
A652
330
1F
100
AcDbEntity
  8
WID
100
AcDbLine
 10
18145.22591545398
 20
21323.22749767402
 30
0.0
 11
17865.22591545421
 21
21323.22749767448
 31
0.0
1001
INERCAD20
1000
UnNamed
1070
2001
1071
1
  0
LWPOLYLINE
  5
A653
330
1F
100
AcDbEntity
  8
WID-S
100
AcDbPolyline
 90
16
 70
1
 10
18575.22591545398
 20
21337.72749767495
 10
18575.22591545398
 20
21353.72749767495
 10
18575.22591545398
 20
21353.72749767495
 10
18575.22591545398
 20
21353.72749767495
 10
18575.22591545398
 20
21353.72749767495
 10
18575.22591545398
 20
21353.72749767495
 10
18625.22591545398
 20
21353.72749767495
 10
18625.22591545398
 20
21353.72749767495
 10
18625.22591545398
 20
21353.72749767495
 10
18625.22591545398
 20
21353.72749767495
 10
18625.22591545398
 20
21353.72749767495
 10
18625.22591545398
 20
21253.72749767495
 10
18575.22591545398
 20
21253.72749767495
 10
18575.22591545398
 20
21269.72749767495
 10
18590.22591545398
 20
21269.72749767495
 10
18590.22591545398
 20
21337.72749767495
  0
LINE
  5
A654
330
1F
100
AcDbEntity
  8
ELE-2
100
AcDbLine
 10
17795.22591545374
 20
21353.72749767495
 30
0.0
 11
18575.22591545374
 21
21353.72749767448
 31
0.0
1001
INERCAD20
1000
UnNamed
1070
2001
1071
4
  0
LWPOLYLINE
  5
A655
330
1F
100
AcDbEntity
  8
WID-S
100
AcDbPolyline
 90
16
 70
1
 10
18578.22591545398
 20
21340.72749767495
 10
18578.22591545398
 20
21350.72749767495
 10
18578.22591545398
 20
21350.72749767495
 10
18578.22591545398
 20
21350.72749767495
 10
18578.22591545398
 20
21350.72749767495
 10
18578.22591545398
 20
21350.72749767495
 10
18622.22591545398
 20
21350.72749767495
 10
18622.22591545398
 20
21350.72749767495
 10
18622.22591545398
 20
21350.72749767495
 10
18622.22591545398
 20
21350.72749767495
 10
18622.22591545398
 20
21350.72749767495
 10
18622.22591545398
 20
21256.72749767495
 10
18578.22591545398
 20
21256.72749767495
 10
18578.22591545398
 20
21266.72749767495
 10
18593.22591545398
 20
21266.72749767495
 10
18593.22591545398
 20
21340.72749767495
  0
LINE
  5
A656
330
1F
100
AcDbEntity
  8
WID-S
100
AcDbLine
 10
18590.22591545398
 20
21303.72749767495
 30
0.0
 11
18575.22591545398
 21
21303.72749767495
 31
0.0
  0
LWPOLYLINE
  5
A657
330
1F
100
AcDbEntity
  8
WID-S
100
AcDbPolyline
 90
4
 70
1
 10
18145.22591545444
 20
21305.72749767448
 10
18145.22591545398
 20
21335.72749767448
 10
18225.22591545351
 20
21335.72749767401
 10
18225.22591545444
 20
21305.72749767448
1001
INERCAD20
1000
UnNamed
1070
2001
1071
2
  0
LWPOLYLINE
  5
A658
330
1F
100
AcDbEntity
  8
WID-S
100
AcDbPolyline
 90
4
 70
1
 10
18148.22591545444
 20
21308.72749767448
 10
18148.22591545421
 20
21332.72749767448
 10
18222.22591545374
 20
21332.72749767402
 10
18222.22591545444
 20
21308.72749767448
1001
INERCAD20
1000
UnNamed
1070
2001
1071
2
  0
LWPOLYLINE
  5
A659
330
1F
100
AcDbEntity
  8
WID-S
100
AcDbPolyline
 90
4
 70
1
 10
18145.22591545468
 20
21271.72749767402
 10
18145.22591545421
 20
21301.72749767401
 10
18225.22591545374
 20
21301.72749767355
 10
18225.22591545468
 20
21271.72749767402
1001
INERCAD20
1000
UnNamed
1070
2001
1071
2
  0
LWPOLYLINE
  5
A65A
330
1F
100
AcDbEntity
  8
WID-S
100
AcDbPolyline
 90
4
 70
1
 10
18148.22591545468
 20
21274.72749767401
 10
18148.22591545444
 20
21298.72749767402
 10
18222.22591545398
 20
21298.72749767355
 10
18222.22591545467
 20
21274.72749767401
1001
INERCAD20
1000
UnNamed
1070
2001
1071
2
  0
LWPOLYLINE
  5
A65B
330
1F
100
AcDbEntity
  8
WID-S
100
AcDbPolyline
 90
4
 70
1
 10
18505.22591545421
 20
21271.72749767495
 10
18505.22591545374
 20
21301.72749767495
 10
18585.22591545328
 20
21301.72749767448
 10
18585.22591545421
 20
21271.72749767495
1001
INERCAD20
1000
UnNamed
1070
2001
1071
2
  0
LWPOLYLINE
  5
A65C
330
1F
100
AcDbEntity
  8
WID-S
100
AcDbPolyline
 90
4
 70
1
 10
18508.22591545421
 20
21274.72749767495
 10
18508.22591545374
 20
21298.72749767495
 10
18582.22591545351
 20
21298.72749767448
 10
18582.22591545421
 20
21274.72749767495
1001
INERCAD20
1000
UnNamed
1070
2001
1071
2
  0
LINE
  5
A65D
330
1F
100
AcDbEntity
  8
WID
100
AcDbLine
 10
18225.22591545351
 20
21289.22749767402
 30
0.0
 11
18505.22591545328
 21
21289.22749767495
 31
0.0
1001
INERCAD20
1000
UnNamed
1070
2001
1071
1
  0
LINE
  5
A65E
330
1F
100
AcDbEntity
  8
WID
100
AcDbLine
 10
18145.22591545398
 20
21218.22749767402
 30
0.0
 11
17865.22591545421
 21
21218.22749767448
 31
0.0
1001
INERCAD20
1000
UnNamed
1070
2001
1071
1
  0
LINE
  5
A65F
330
1F
100
AcDbEntity
  8
WID
100
AcDbLine
 10
18225.22591545351
 20
21184.22749767402
 30
0.0
 11
18505.22591545328
 21
21184.22749767495
 31
0.0
1001
INERCAD20
1000
UnNamed
1070
2001
1071
1
  0
LINE
  5
A660
330
1F
100
AcDbEntity
  8
WID
100
AcDbLine
 10
18145.22591545398
 20
21318.22749767402
 30
0.0
 11
17865.22591545421
 21
21318.22749767448
 31
0.0
1001
INERCAD20
1000
UnNamed
1070
2001
1071
1
  0
LINE
  5
A661
330
1F
100
AcDbEntity
  8
WID
100
AcDbLine
 10
18225.22591545351
 20
21284.22749767401
 30
0.0
 11
18505.22591545328
 21
21284.22749767495
 31
0.0
1001
INERCAD20
1000
UnNamed
1070
2001
1071
1
  0
ARC
  5
A662
330
1F
100
AcDbEntity
  8
FIN
100
AcDbCircle
 10
17740.22591545211
 20
21151.06083101077
 30
0.0
 40
5.666666664074
100
AcDbArc
 50
28.07248689894668
 51
151.9275131010533
  0
ARC
  5
A663
330
1F
100
AcDbEntity
  8
FIN
100
AcDbCircle
 10
18630.22591545305
 20
21150.91416784977
 30
0.0
 40
5.737144297840901
100
AcDbArc
 50
29.36497656021869
 51
150.6350234397813
  0
LWPOLYLINE
  5
A664
330
1F
100
AcDbEntity
  8
COL
100
AcDbPolyline
 90
2
 70
0
 10
26735.22591512342
 20
13103.72749756289
 10
26935.22591512342
 20
13103.72749758803
  0
LWPOLYLINE
  5
A665
330
1F
100
AcDbEntity
  8
COL
100
AcDbPolyline
 90
2
 70
0
 10
26735.2259155034
 20
10303.72749756382
 10
26935.22591550433
 20
10303.72749758897
  0
LWPOLYLINE
  5
A666
330
1F
100
AcDbEntity
  8
COL
100
AcDbPolyline
 90
4
 70
0
 10
22085.22591542074
 20
10053.72749759036
 10
22085.22591544542
 20
9853.727497590364
 10
26935.22591544682
 20
9853.727497590364
 10
26935.22591544426
 20
10303.72749756522
  0
LWPOLYLINE
  5
A667
330
1F
100
AcDbEntity
  8
COL
100
AcDbPolyline
 90
2
 70
0
 10
19285.22591542167
 20
10053.72749721038
 10
19285.22591544682
 20
9853.727497209455
  0
LWPOLYLINE
  5
A668
330
1F
100
AcDbEntity
  8
COL
100
AcDbPolyline
 90
2
 70
0
 10
22085.22591542097
 20
21153.72749723414
 10
22085.22591544566
 20
21353.72749723414
  0
LWPOLYLINE
  5
A669
330
1F
100
AcDbEntity
  8
COL
100
AcDbPolyline
 90
2
 70
0
 10
19285.2259154219
 20
21153.72749761412
 10
19285.22591544705
 20
21353.72749761505
  0
LWPOLYLINE
  5
A66A
330
1F
100
AcDbEntity
  8
COL
100
AcDbPolyline
 90
2
 70
0
 10
14735.22591544827
 20
21153.7274976615
 10
13760.22591544567
 20
21153.7274976699
  0
LWPOLYLINE
  5
A66B
330
1F
100
AcDbEntity
  8
COL
100
AcDbPolyline
 90
4
 70
0
 10
26735.22591540095
 20
18412.30614141155
 10
26425.17540911486
 20
18722.35664769554
 10
26566.59676535142
 20
18863.7780039335
 10
26935.22591540002
 20
18495.14885388747
  0
LWPOLYLINE
  5
A66C
330
1F
100
AcDbEntity
  8
COL
100
AcDbPolyline
 90
6
 70
0
 10
26735.22591542214
 20
13953.72749758861
 10
26735.22591542447
 20
13553.72749759036
 10
22535.2259154857
 20
13553.72749759083
 10
22535.22591548687
 20
13353.72749759129
 10
26735.2259154254
 20
13353.72749759129
 10
26735.2259154268
 20
13103.72749763274
  0
LWPOLYLINE
  5
A66D
330
1F
100
AcDbEntity
  8
COL
100
AcDbPolyline
 90
4
 70
0
 10
26735.2259154105
 20
15953.72749758862
 10
26735.22591540817
 20
16353.72749759036
 10
22735.22591546731
 20
16353.72749759036
 10
22735.22591547918
 20
14453.72749759083
  0
LWPOLYLINE
  5
A66E
330
1F
100
AcDbEntity
  8
COL
100
AcDbPolyline
 90
2
 70
0
 10
22735.22591548547
 20
17753.72749759037
 10
22535.22591548547
 20
17753.72749759037
  0
LWPOLYLINE
  5
A66F
330
1F
100
AcDbEntity
  8
COL
100
AcDbPolyline
 90
2
 70
0
 10
22735.22591548547
 20
18653.72749759037
 10
22535.22591548547
 20
18653.72749759037
  0
LWPOLYLINE
  5
A670
330
1F
100
AcDbEntity
  8
COL
100
AcDbPolyline
 90
2
 70
0
 10
22735.2259154857
 20
14453.7274975899
 10
22535.2259154857
 20
14453.7274975899
  0
LWPOLYLINE
  5
A671
330
1F
100
AcDbEntity
  8
COL
100
AcDbPolyline
 90
2
 70
0
 10
22735.2259154857
 20
12453.72749759083
 10
22535.2259154857
 20
12453.72749759083
  0
LWPOLYLINE
  5
A672
330
1F
100
AcDbEntity
  8
COL
100
AcDbPolyline
 90
7
 70
0
 10
13435.22591544146
 20
17553.72749767791
 10
17135.22591562377
 20
17553.72749767791
 10
17135.2259156226
 20
17853.72749767791
 10
16935.2259156226
 20
17853.72749767791
 10
16935.22591562307
 20
17753.72749767791
 10
14185.22591544006
 20
17753.72749767791
 10
14185.22591544193
 20
19653.72749766581
  0
LWPOLYLINE
  5
A673
330
1F
100
AcDbEntity
  8
COL
100
AcDbPolyline
 90
5
 70
0
 10
13985.22591544146
 20
19653.72749766534
 10
13985.22591544146
 20
19553.72749767884
 10
12135.22591543401
 20
19553.72749767884
 10
12135.22591544286
 20
21153.72749767652
 10
12360.2259154445
 20
21153.72749767495
  0
LWPOLYLINE
  5
A674
330
1F
100
AcDbEntity
  8
COL
100
AcDbPolyline
 90
9
 70
0
 10
12135.22591537487
 20
17553.72749767791
 10
12635.22591543378
 20
17553.72749767791
 10
12635.22591543471
 20
17753.72749767791
 10
12135.22591537604
 20
17753.72749767791
 10
12135.22591538442
 20
19353.72749767885
 10
13985.225915441
 20
19353.72749767931
 10
13985.22591544006
 20
17753.72749767791
 10
13435.22591544146
 20
17753.72749767791
 10
13435.22591544146
 20
17553.72749767931
  0
LWPOLYLINE
  5
A675
330
1F
100
AcDbEntity
  8
COL
100
AcDbPolyline
 90
4
 70
0
 10
17135.22591561608
 20
12453.72749759036
 10
17835.22591540863
 20
12453.72749759036
 10
17835.22591540863
 20
12253.72749758896
 10
17135.22591561585
 20
12253.72749759036
  0
LWPOLYLINE
  5
A676
330
1F
100
AcDbEntity
  8
COL
100
AcDbPolyline
 90
3
 70
0
 10
22085.22591544542
 20
10053.72749759036
 10
22535.22591550526
 20
10053.72749759036
 10
22535.22591549176
 20
12453.72749759083
  0
LINE
  5
A677
330
1F
100
AcDbEntity
  8
WAL
100
AcDbLine
 10
18835.22591543494
 20
17753.72749766813
 30
0.0
 11
18635.22591543494
 21
17753.72749766907
 31
0.0
  0
LINE
  5
A678
330
1F
100
AcDbEntity
  8
WAL
100
AcDbLine
 10
18635.22591541655
 20
14053.72749767744
 30
0.0
 11
18835.22591541655
 21
14053.72749767744
 31
0.0
  0
LWPOLYLINE
  5
A679
330
1F
100
AcDbEntity
  8
COL
100
AcDbPolyline
 90
3
 70
0
 10
22085.22591544408
 20
21153.7274976051
 10
22535.22591544426
 20
21153.72749760155
 10
22535.22591545823
 20
18653.72749759037
  0
LINE
  5
A67A
330
1F
100
AcDbEntity
  8
COL
100
AcDbLine
 10
19285.22591544705
 20
21353.72749762431
 30
0.0
 11
18635.22591545396
 21
21353.72749762899
 31
0.0
  0
LINE
  5
A67B
330
1F
100
AcDbEntity
  8
COL
100
AcDbLine
 10
18635.22591545396
 20
21353.72749762899
 30
0.0
 11
18635.22591544053
 21
18903.72749758199
 31
0.0
  0
LINE
  5
A67C
330
1F
100
AcDbEntity
  8
COL
100
AcDbLine
 10
18635.22591544053
 20
18903.72749758199
 30
0.0
 11
18835.22591544076
 21
18903.72749758105
 31
0.0
  0
LINE
  5
A67D
330
1F
100
AcDbEntity
  8
COL
100
AcDbLine
 10
18835.22591544076
 20
18903.72749758105
 30
0.0
 11
18835.22591545264
 21
21153.72749763088
 31
0.0
  0
LWPOLYLINE
  5
A67E
330
1F
100
AcDbEntity
  8
COL
100
AcDbPolyline
 90
2
 70
0
 10
18835.22591545264
 20
21153.72749763087
 10
19285.22591544548
 20
21153.7274976273
  0
LWPOLYLINE
  5
A67F
330
1F
100
AcDbEntity
  8
COL
100
AcDbPolyline
 90
10
 70
0
 10
16735.22591544827
 20
21153.72749764721
 10
16935.22591562796
 20
21153.72749764579
 10
16935.22591562447
 20
18753.72749767838
 10
17135.22591562476
 20
18753.72749767791
 10
17135.22591562493
 20
18903.7274975899
 10
17835.225915441
 20
18903.72749758804
 10
17835.22591544123
 20
19103.72749758804
 10
17135.22591562522
 20
19103.7274975899
 10
17135.22591562796
 20
21153.72749764439
 10
17735.22591545398
 20
21153.72749763769
  0
LWPOLYLINE
  5
A680
330
1F
100
AcDbEntity
  8
COL
100
AcDbPolyline
 90
7
 70
0
 10
19285.22591544682
 20
10053.72749759036
 10
18835.22591539536
 20
10053.72749759036
 10
18835.22591540956
 20
12453.72749759036
 10
18635.22591540986
 20
12453.72749759036
 10
18635.22591539536
 20
10053.72749759036
 10
18635.22591539536
 20
9853.727497590364
 10
19285.22591544682
 20
9853.727497590364
  0
LWPOLYLINE
  5
A681
330
1F
100
AcDbEntity
  8
COL
100
AcDbPolyline
 90
2
 70
0
 10
16935.22591561236
 20
10053.72749759036
 10
14135.22591543471
 20
10053.72749759036
  0
LWPOLYLINE
  5
A682
330
1F
100
AcDbEntity
  8
COL
100
AcDbPolyline
 90
2
 70
0
 10
14735.22591544868
 20
21353.72749765699
 10
13760.22591544567
 20
21353.72749766542
  0
LWPOLYLINE
  5
A683
330
1F
100
AcDbEntity
  8
COL
100
AcDbPolyline
 90
2
 70
0
 10
26935.22591541399
 20
15953.72749758978
 10
26935.22591540026
 20
18494.63141730021
  0
LWPOLYLINE
  5
A684
330
1F
100
AcDbEntity
  8
COL
100
AcDbPolyline
 90
2
 70
0
 10
26935.22591542936
 20
13103.72749763413
 10
26935.22591542476
 20
13953.72749758978
  0
LWPOLYLINE
  5
A685
330
1F
100
AcDbEntity
  8
COL
100
AcDbPolyline
 90
4
 70
0
 10
26735.22591544402
 20
10303.72749756382
 10
26735.22591544542
 20
10053.7274975899
 10
22735.22591550526
 20
10053.7274975899
 10
22735.22591549013
 20
12453.72749759176
  0
LWPOLYLINE
  5
A686
330
1F
100
AcDbEntity
  8
COL
100
AcDbPolyline
 90
4
 70
0
 10
26735.22591540072
 20
18412.8235780002
 10
26735.22591540747
 20
16553.72749759037
 10
22735.22591546638
 20
16553.72749759037
 10
22735.22591546335
 20
17753.7274975913
  0
LWPOLYLINE
  5
A687
330
1F
100
AcDbEntity
  8
COL
100
AcDbPolyline
 90
7
 70
0
 10
22735.22591545846
 20
18653.7274975913
 10
22735.22591544472
 20
21153.72749760015
 10
23993.80455920653
 20
21153.72749759084
 10
24303.85506555036
 20
20843.67699124864
 10
24445.27642178762
 20
20985.09834748706
 10
24076.64727168199
 20
21353.72749758991
 10
22085.22591544566
 20
21353.7274976042
  0
LWPOLYLINE
  5
A688
330
1F
100
AcDbEntity
  8
COL
100
AcDbPolyline
 90
2
 70
0
 10
13935.22591543657
 20
12653.72749759036
 10
12735.22591534996
 20
12653.72749759036
  0
LWPOLYLINE
  5
A689
330
1F
100
AcDbEntity
  8
COL
100
AcDbPolyline
 90
2
 70
0
 10
12735.22591534996
 20
12653.7274975899
 10
12735.2259153485
 20
12153.72749758998
  0
LWPOLYLINE
  5
A68A
330
1F
100
AcDbEntity
  8
COL
100
AcDbPolyline
 90
6
 70
0
 10
17135.22591561795
 20
13953.72749767791
 10
16935.22591561818
 20
13953.72749767744
 10
16935.22591561818
 20
14053.72749767744
 10
15535.22591541585
 20
14053.72749767744
 10
15535.22591540863
 20
12653.7274975899
 10
14135.22591543657
 20
12653.72749759036
  0
LINE
  5
A68B
330
1F
100
AcDbEntity
  8
마감선
100
AcDbLine
 10
13967.22591544146
 20
19671.72749766528
 30
0.0
 11
13967.22591544152
 21
19571.72749767885
 31
0.0
  0
LINE
  5
A68C
330
1F
100
AcDbEntity
  8
마감선
100
AcDbLine
 10
17885.22591544123
 20
19072.72749758711
 30
0.0
 11
18585.22591544123
 21
19072.72749758455
 31
0.0
  0
LINE
  5
A68D
330
1F
100
AcDbEntity
  8
마감선
100
AcDbLine
 10
17885.22591540863
 20
12284.72749759289
 30
0.0
 11
18585.22591540863
 21
12284.72749759036
 31
0.0
  0
LINE
  5
A68E
330
1F
100
AcDbEntity
  8
마감선
100
AcDbLine
 10
12153.22591543413
 20
19571.72749767885
 30
0.0
 11
12153.2259154428
 21
21135.7274976764
 31
0.0
  0
LINE
  5
A68F
330
1F
100
AcDbEntity
  8
마감선
100
AcDbLine
 10
13967.22591544152
 20
19571.72749767885
 30
0.0
 11
12153.22591543413
 21
19571.72749767885
 31
0.0
  0
LINE
  5
A690
330
1F
100
AcDbEntity
  8
마감선
100
AcDbLine
 10
12753.2259153499
 20
12635.72749759036
 30
0.0
 11
12753.22591534047
 21
10071.72749759036
 31
0.0
  0
LINE
  5
A691
330
1F
100
AcDbEntity
  8
마감선
100
AcDbLine
 10
13917.22591542713
 20
12635.72749759036
 30
0.0
 11
12753.2259153499
 21
12635.72749759036
 31
0.0
  0
LWPOLYLINE
  5
A692
330
1F
100
AcDbEntity
  8
COL
100
AcDbPolyline
 90
2
 70
0
 10
17135.22591561236
 20
10053.72701193824
 10
17135.22591561563
 20
12253.72749759036
  0
LWPOLYLINE
  5
A693
330
1F
100
AcDbEntity
  8
COL
100
AcDbPolyline
 90
4
 70
0
 10
17135.22591561594
 20
12453.72749759036
 10
17135.22591561684
 20
13053.72749767744
 10
16935.22591561655
 20
13053.72749767744
 10
16935.22591561236
 20
10053.72701193824
  0
LINE
  5
A694
330
1F
100
AcDbEntity
  8
마감선
100
AcDbLine
 10
14153.22591543657
 20
12635.72749759036
 30
0.0
 11
15553.22591540852
 21
12635.7274975899
 31
0.0
  0
LINE
  5
A695
330
1F
100
AcDbEntity
  8
마감선
100
AcDbLine
 10
15553.22591540852
 20
12635.7274975899
 30
0.0
 11
15553.22591541574
 21
14035.72749767744
 31
0.0
  0
LINE
  5
A696
330
1F
100
AcDbEntity
  8
마감선
100
AcDbLine
 10
15553.22591541574
 20
14035.72749767744
 30
0.0
 11
16935.22591561818
 21
14035.72749767744
 31
0.0
  0
LINE
  5
A697
330
1F
100
AcDbEntity
  8
마감선
100
AcDbLine
 10
16917.22591562301
 20
17771.72749767791
 30
0.0
 11
14203.22591544007
 21
17771.72749767791
 31
0.0
  0
LINE
  5
A698
330
1F
100
AcDbEntity
  8
마감선
100
AcDbLine
 10
14203.22591544007
 20
17771.72749767791
 30
0.0
 11
14203.22591544193
 21
19671.72749766581
 31
0.0
  0
LWPOLYLINE
  5
A699
330
1F
100
AcDbEntity
  8
마감선
100
AcDbPolyline
 90
3
 70
0
 10
16923.22591562307
 20
17871.72749768676
 10
16917.22591562255
 20
17871.72749768676
 10
16917.22591562301
 20
17771.72749767791
  0
CIRCLE
  5
A69A
330
1F
100
AcDbEntity
  8
ETC
100
AcDbCircle
 10
37976.4355507227
 20
24571.20253962859
 30
0.0
 40
162.5941459326418
  0
TEXT
  5
A69B
330
1F
100
AcDbEntity
  8
글씨
100
AcDbText
 10
37850.73995967553
 20
24504.21511214493
 30
0.0
 40
180.0
  1
소
  7
굴림체
 11
37850.73995967553
 21
24594.21511214493
 31
0.0
100
AcDbText
 73
2
  0
INSERT
  5
A69C
330
1F
100
AcDbEntity
  8
감지기
100
AcDbBlockReference
  2
rekjrltert
 10
37808.91861657001
 20
24098.70253962859
 30
0.0
  0
TEXT
  5
A69D
330
1F
100
AcDbEntity
  8
글씨
100
AcDbText
 10
37572.63114260085
 20
24481.20253962859
 30
0.0
 40
180.0
  1
1.    :수동식 소화기
  7
굴림체
 11
37572.63114260085
 21
24571.20253962859
 31
0.0
100
AcDbText
 73
2
  0
TEXT
  5
A69E
330
1F
100
AcDbEntity
  8
글씨
100
AcDbText
 10
37572.63114260085
 20
23881.20253962859
 30
0.0
 40
180.0
  1
2.    :단독경보형감지기
  7
굴림체
 11
37572.63114260085
 21
23971.20253962859
 31
0.0
100
AcDbText
 73
2
  0
TEXT
  5
A69F
330
1F
100
AcDbEntity
  8
글씨
100
AcDbText
 10
38171.14294436661
 20
24231.20253962848
 30
0.0
 40
180.0
  1
(3.3 KG X 2EA)
  7
굴림체
 11
38171.14294436661
 21
24321.20253962847
 31
0.0
100
AcDbText
 73
2
  0
TEXT
  5
A6A0
330
1F
100
AcDbEntity
  8
글씨
100
AcDbText
 10
38238.64331253216
 20
23631.20253962847
 30
0.0
 40
180.0
  1
(9EA)
  7
굴림체
 11
38238.64331253216
 21
23721.20253962847
 31
0.0
100
AcDbText
 73
2
  0
CIRCLE
  5
A6A1
330
1F
100
AcDbEntity
  8
ETC
100
AcDbCircle
 10
18427.14204380812
 20
16559.62765680811
 30
0.0
 40
162.5941459326418
  0
TEXT
  5
A6A2
330
1F
100
AcDbEntity
  8
글씨
100
AcDbText
 10
18307.63170503097
 20
16469.62765680811
 30
0.0
 40
180.0
  1
소
  7
굴림체
 11
18307.63170503097
 21
16559.62765680811
 31
0.0
100
AcDbText
 73
2
  0
CIRCLE
  5
A6A3
330
1F
100
AcDbEntity
  8
ETC
100
AcDbCircle
 10
18427.14204380812
 20
15078.9643549161
 30
0.0
 40
162.5941459326418
  0
TEXT
  5
A6A4
330
1F
100
AcDbEntity
  8
글씨
100
AcDbText
 10
18307.63170503097
 20
14988.9643549161
 30
0.0
 40
180.0
  1
소
  7
굴림체
 11
18307.63170503097
 21
15078.9643549161
 31
0.0
100
AcDbText
 73
2
  0
INSERT
  5
A6A5
330
1F
100
AcDbEntity
  8
감지기
100
AcDbBlockReference
  2
rekjrltert
 10
20462.56557243917
 20
20312.73210372332
 30
0.0
  0
INSERT
  5
A6A6
330
1F
100
AcDbEntity
  8
감지기
100
AcDbBlockReference
  2
rekjrltert
 10
24244.96978390584
 20
19102.80239925648
 30
0.0
  0
INSERT
  5
A6A7
330
1F
100
AcDbEntity
  8
감지기
100
AcDbBlockReference
  2
rekjrltert
 10
15365.12437747203
 20
19590.68262393084
 30
0.0
  0
INSERT
  5
A6A8
330
1F
100
AcDbEntity
  8
감지기
100
AcDbBlockReference
  2
rekjrltert
 10
15533.13731445296
 20
11392.23605425723
 30
0.0
  0
INSERT
  5
A6A9
330
1F
100
AcDbEntity
  8
감지기
100
AcDbBlockReference
  2
rekjrltert
 10
20481.13487504225
 20
11392.23605425723
 30
0.0
  0
INSERT
  5
A6AA
330
1F
100
AcDbEntity
  8
감지기
100
AcDbBlockReference
  2
rekjrltert
 10
24685.30131278298
 20
15126.36635373821
 30
0.0
  0
INSERT
  5
A6AB
330
1F
100
AcDbEntity
  8
감지기
100
AcDbBlockReference
  2
rekjrltert
 10
24685.30131278298
 20
11789.46700588728
 30
0.0
  0
LINE
  5
A6AC
330
1F
100
AcDbEntity
  8
0
100
AcDbLine
 10
32237.99687306542
 20
26751.29724639993
 30
0.0
 11
37499.99954189424
 21
26751.29724639993
 31
0.0
  0
LWPOLYLINE
  5
A6AD
330
1F
100
AcDbEntity
  8
0
  6
HID
 62
10
100
AcDbPolyline
 90
2
 70
0
 43
20.0
 10
32476.03071196988
 20
27146.33054884839
 10
33918.68134835415
 20
27146.33054884839
  0
TEXT
  5
A6AE
330
1F
100
AcDbEntity
  8
글씨
100
AcDbText
 10
34300.99483648123
 20
27031.42419569533
 30
0.0
 40
200.0
  1
차면시설(불투명쉬트지)
  7
굴림체
100
AcDbText
  0
LWPOLYLINE
  5
A6AF
330
1F
100
AcDbEntity
  8
0
100
AcDbPolyline
 90
4
 70
1
 10
34124.28485470783
 20
26751.29724639993
 10
37499.99954189378
 20
26751.29724639993
 10
37499.99954189424
 20
27575.64853057441
 10
34124.28485470783
 20
27575.64853057441
  0
LWPOLYLINE
  5
A6B0
330
1F
100
AcDbEntity
  8
0
100
AcDbPolyline
 90
4
 70
1
 10
32237.99687306542
 20
26751.29724639993
 10
34124.28485470783
 20
26751.29724639993
 10
34124.28485470783
 20
27575.64853057441
 10
32237.99687306542
 20
27575.64853057441
  0
LWPOLYLINE
  5
A6B1
330
1F
100
AcDbEntity
  8
0
100
AcDbPolyline
 90
4
 70
1
 10
32237.99687306542
 20
27575.64853057441
 10
37499.99954189424
 20
27575.64853057441
 10
37499.99954189424
 20
28399.99981474878
 10
32237.99687306542
 20
28399.99981474878
  0
TEXT
  5
A6B2
330
1F
100
AcDbEntity
  8
글씨
100
AcDbText
 10
34253.68818059058
 20
27870.11391011313
 30
0.0
 40
200.0
  1
범    례
  7
굴림체
100
AcDbText
  0
INSERT
  5
A6B3
330
1F
100
AcDbEntity
  8
SYMBOL
100
AcDbBlockReference
  2
RD
 10
12245.22591535015
 20
12303.72781422124
 30
0.0
 41
100.0
 42
100.0
 43
100.0
 50
90.0
  0
INSERT
  5
A6B4
330
1F
100
AcDbEntity
  8
SYMBOL
100
AcDbBlockReference
  2
RD
 10
12245.22591534057
 20
10153.72749759072
 30
0.0
 41
100.0
 42
100.0
 43
100.0
 50
90.0
  0
LWPOLYLINE
  5
A6B5
330
1F
100
AcDbEntity
  8
COL
100
AcDbPolyline
 90
7
 70
0
 10
12535.22591534099
 20
10253.72749759042
 10
12535.22591533925
 20
9853.727497590831
 10
13935.22591543494
 20
9853.727497591295
 10
13935.22591543494
 20
9853.727497590364
 10
17735.22591539536
 20
9853.727497590364
 10
17735.22591539536
 20
10053.72749759036
 10
17135.22591561236
 20
10053.72749759036
  0
LINE
  5
A6B6
330
1F
100
AcDbEntity
  8
마감선
100
AcDbLine
 10
16923.22591561934
 20
13071.72749767744
 30
0.0
 11
16917.22591561684
 21
13071.72749767744
 31
0.0
  0
LINE
  5
A6B7
330
1F
100
AcDbEntity
  8
마감선
100
AcDbLine
 10
16917.22591561684
 20
13071.72749767744
 30
0.0
 11
16917.22591561242
 21
10071.72749759036
 31
0.0
  0
LINE
  5
A6B8
330
1F
100
AcDbEntity
  8
마감선
100
AcDbLine
 10
16917.22591561242
 20
10071.72749759036
 30
0.0
 11
14153.22591543471
 21
10071.72749759036
 31
0.0
  0
LINE
  5
A6B9
330
1F
100
AcDbEntity
  8
마감선
100
AcDbLine
 10
13917.22591542589
 20
10071.72749759036
 30
0.0
 11
12753.22591534047
 21
10071.72749759036
 31
0.0
  0
LWPOLYLINE
  5
A6BA
330
1F
100
AcDbEntity
  8
COL
100
AcDbPolyline
 90
4
 70
0
 10
13935.22591543529
 20
10053.72749759036
 10
12735.22591534041
 20
10053.72749759036
 10
12735.22591534117
 20
10253.72749758961
 10
12535.22591534169
 20
10253.72749759036
  0
LINE
  5
A6BB
330
1F
100
AcDbEntity
  8
HID
100
AcDbLine
 10
25435.22591548605
 20
13335.72749759129
 30
0.0
 11
25435.22591550107
 21
10053.72701193824
 31
0.0
  0
LINE
  5
A6BC
330
1F
100
AcDbEntity
  8
HID
100
AcDbLine
 10
25235.22591548652
 20
13335.72749759129
 30
0.0
 11
25235.2259155013
 21
10053.72701193824
 31
0.0
  0
TEXT
  5
A6BD
330
1F
100
AcDbEntity
  8
TEXT
100
AcDbText
 10
25931.12638217717
 20
15736.5084517187
 30
0.0
 40
200.0
  1
확장형발코니
 50
270.0
  7
굴림체
 72
1
 11
26031.12638217717
 21
14919.48717512296
 31
0.0
100
AcDbText
 73
2
  0
LINE
  5
A6BE
330
1F
100
AcDbEntity
  8
WAL
100
AcDbLine
 10
18835.22591541655
 20
14053.72749767744
 30
0.0
 11
18835.22591542476
 21
15703.72749759051
 31
0.0
  0
LINE
  5
A6BF
330
1F
100
AcDbEntity
  8
WAL
100
AcDbLine
 10
18635.22591541655
 20
14053.72749767744
 30
0.0
 11
18635.22591542476
 21
15703.72749759048
 31
0.0
  0
LWPOLYLINE
  5
A6C0
330
1F
100
AcDbEntity
  8
COL
100
AcDbPolyline
 90
10
 70
0
 10
22535.22591548081
 20
14453.7274975899
 10
22535.22591547406
 20
15703.72749759083
 10
17135.22591562051
 20
15703.72749759036
 10
17135.22591562144
 20
15253.72749767744
 10
16935.22591562191
 20
15253.72749767744
 10
16935.22591562097
 20
16553.72749767838
 10
17135.22591562121
 20
16553.72749767791
 10
17135.22591562121
 20
15903.72749759036
 10
22535.22591547336
 20
15903.72749759036
 10
22535.22591546312
 20
17753.72749759037
  0
LINE
  5
A6C1
330
1F
100
AcDbEntity
  8
HID
100
AcDbLine
 10
18895.22591542377
 20
14975.72749759048
 30
0.0
 11
18895.22591542377
 21
16631.72749759037
 31
0.0
  0
LINE
  5
A6C2
330
1F
100
AcDbEntity
  8
WAL
100
AcDbLine
 10
18835.22591542575
 20
15903.72749759036
 30
0.0
 11
18835.22591543494
 21
17753.72749766813
 31
0.0
  0
LINE
  5
A6C3
330
1F
100
AcDbEntity
  8
WAL
100
AcDbLine
 10
18635.22591542574
 20
15903.72749759036
 30
0.0
 11
18635.22591543494
 21
17753.72749766907
 31
0.0
  0
MLINE
  5
A6C4
330
1F
100
AcDbEntity
  8
HID
100
AcDbMline
  2
STANDARD
340
18
 40
200.0
 70
1
 71
1
 72
2
 73
2
 10
14185.22591544177
 20
19753.72749759037
 30
0.0
210
0.0
220
0.0
230
1.0
 11
14185.22591544177
 21
19753.72749759037
 31
0.0
 12
1.0
 22
0.0
 32
0.0
 13
2.220446049250313e-16
 23
1.0
 33
0.0
 74
2
 41
100.0
 41
0.0
 75
0
 74
2
 41
-100.0
 41
0.0
 75
0
 11
16935.22591562592
 21
19753.72749759037
 31
0.0
 12
1.0
 22
0.0
 32
0.0
 13
2.220446049250313e-16
 23
1.0
 33
0.0
 74
2
 41
100.0
 41
0.0
 75
0
 74
2
 41
-100.0
 41
0.0
 75
0
  0
MLINE
  5
A6C5
330
1F
100
AcDbEntity
  8
HID
100
AcDbMline
  2
STANDARD
340
18
 40
200.0
 70
1
 71
1
 72
2
 73
2
 10
18835.22591544526
 20
19753.72749759037
 30
0.0
210
0.0
220
0.0
230
1.0
 11
18835.22591544526
 21
19753.72749759037
 31
0.0
 12
1.0
 22
0.0
 32
0.0
 13
2.220446049250313e-16
 23
1.0
 33
0.0
 74
2
 41
100.0
 41
0.0
 75
0
 74
2
 41
-100.0
 41
0.0
 75
0
 11
22535.22591545209
 21
19753.72749759037
 31
0.0
 12
1.0
 22
0.0
 32
0.0
 13
2.220446049250313e-16
 23
1.0
 33
0.0
 74
2
 41
100.0
 41
0.0
 75
0
 74
2
 41
-100.0
 41
0.0
 75
0
  0
LINE
  5
A6C6
330
1F
100
AcDbEntity
  8
COR
100
AcDbLine
 10
13935.22591536742
 20
16153.72749759083
 30
0.0
 11
12753.22591536742
 21
16153.72749759074
 31
0.0
  0
LWPOLYLINE
  5
A6C7
330
1F
100
AcDbEntity
  8
ELE-2
100
AcDbPolyline
 90
4
 70
0
 10
13885.22591536742
 20
16153.72749759083
 10
13885.22591536742
 20
16203.72749759083
 10
12803.22591536742
 20
16203.72749759074
 10
12803.22591536742
 20
16153.72749759074
  0
TEXT
  5
A6C8
330
1F
100
AcDbEntity
  8
TEXT
100
AcDbText
 10
39090.99185872878
 20
2355.040980297992
 30
0.0
 40
200.0
  1
A    14
  7
굴림체
100
AcDbText
  0
LWPOLYLINE
  5
A6C9
330
1F
100
AcDbEntity
  8
0
  6
HID
 62
10
100
AcDbPolyline
 90
2
 70
0
 43
20.0
 10
12245.22591522858
 20
10253.7274975944
 10
12245.22591524516
 20
12153.7274975947
  0
INSERT
  5
A6CA
330
1F
100
AcDbEntity
  8
RXLEADER
 62
6
100
AcDbBlockReference
  2
*B67
 10
11645.22591537365
 20
16497.97850087561
 30
0.0
1001
XP_RFXLEADER
1000
차면시설(불투명쉬트지)
1000
RXANNOT
1000
굴림체
1010
11645.22591537365
1020
16497.97850087561
1030
0.0
1010
10300.86737609212
1020
16497.97850087561
1030
0.0
1010
10300.86737609212
1020
16497.97850087561
1030
0.0
1071
2
1071
0
1071
2
1071
3
1071
100
1040
1.0
1040
2.0
1040
13.44358539281529
1040
4.856103263865807
1040
1.5
1013
-1.0
1023
0.0
1033
0.0
1013
-1.0
1023
0.0
1033
0.0
  0
INSERT
  5
A6CB
330
1F
100
AcDbEntity
  8
RXLEADER
 62
6
100
AcDbBlockReference
  2
*B68
 10
12245.22591535517
 20
13921.15801766098
 30
0.0
1001
XP_RFXLEADER
1000
차면시설(불투명쉬트지)
1000
RXANNOT
1000
굴림체
1010
12245.22591535517
1020
13921.15801766098
1030
0.0
1010
10800.86737609183
1020
13921.15801766098
1030
0.0
1010
10800.86737609183
1020
13921.15801766098
1030
0.0
1071
2
1071
0
1071
2
1071
3
1071
100
1040
1.0
1040
2.0
1040
14.44358539263339
1040
4.856103263865807
1040
1.5
1013
-1.0
1023
0.0
1033
0.0
1013
-1.0
1023
0.0
1033
0.0
  0
INSERT
  5
A6CC
330
1F
100
AcDbEntity
  8
RXLEADER
 62
6
100
AcDbBlockReference
  2
*B69
 10
12245.22591535517
 20
11880.15470890485
 30
0.0
1001
XP_RFXLEADER
1000
차면시설(불투명쉬트지)
1000
RXANNOT
1000
굴림체
1010
12245.22591535517
1020
11880.15470890485
1030
0.0
1010
10800.86737609183
1020
11880.15470890485
1030
0.0
1010
10800.86737609183
1020
11880.15470890485
1030
0.0
1071
2
1071
0
1071
2
1071
3
1071
100
1040
1.0
1040
2.0
1040
14.44358539263339
1040
4.856103263865807
1040
1.5
1013
-1.0
1023
0.0
1033
0.0
1013
-1.0
1023
0.0
1033
0.0
  0
LINE
  5
A6CD
330
1F
100
AcDbEntity
  8
ELE-2
100
AcDbLine
 10
12345.22591534995
 20
12153.72749759411
 30
0.0
 11
12345.22591534069
 21
10253.72749759385
 31
0.0
  0
LWPOLYLINE
  5
A6CE
330
1F
100
AcDbEntity
  8
COL
100
AcDbPolyline
 90
3
 70
0
 10
12135.22591544311
 20
21153.72749767652
 10
12360.2259154445
 20
21153.72749767439
 10
12360.22591544567
 20
21353.727497673
  0
LWPOLYLINE
  5
A6CF
330
1F
100
AcDbEntity
  8
마감선
100
AcDbPolyline
 90
2
 70
0
 10
14203.22591544098
 20
21135.72749766684
 10
14135.22591543206
 20
21135.72749766712
  0
LWPOLYLINE
  5
A6D0
330
1F
100
AcDbEntity
  8
마감선
100
AcDbPolyline
 90
3
 70
0
 10
14035.22591543206
 20
21135.72749766753
 10
13760.22591544567
 20
21135.72749766863
 10
13760.22591544567
 20
21153.72749766863
  0
LINE
  5
A6D1
330
1F
100
AcDbEntity
  8
마감선
100
AcDbLine
 10
12360.22591544444
 20
21153.72749767436
 30
0.0
 11
12360.22591544433
 21
21135.7274976744
 31
0.0
  0
LWPOLYLINE
  5
A6D2
330
1F
100
AcDbEntity
  8
COL
100
AcDbPolyline
 90
2
 70
0
 10
13760.22591544567
 20
21153.72749766863
 10
13760.22591544567
 20
21353.72749767626
  0
LINE
  5
A6D3
330
1F
100
AcDbEntity
  8
마감선
100
AcDbLine
 10
12153.22591544305
 20
21135.7274976764
 30
0.0
 11
13760.22591544567
 21
21135.72749766086
 31
0.0
  0
INSERT
  5
A6D4
330
1F
100
AcDbEntity
  8
창문
100
AcDbBlockReference
  2
etertertert
 10
-64250.00045810564
 20
0.0004642894054996
 30
0.0
  0
LWPOLYLINE
  5
A6D5
330
1F
100
AcDbEntity
  8
COL
100
AcDbPolyline
 90
7
 70
0
 10
12360.22591544567
 20
21353.72749767368
 10
11935.22591544333
 20
21353.72749767698
 10
11935.22591543331
 20
19553.72777542345
 10
11935.22591538558
 20
19553.72944189388
 10
11935.22591537429
 20
17403.72749763449
 10
12135.22591537463
 20
17403.72749763344
 10
12135.22591537532
 20
17553.72749767791
  0
LINE
  5
A6D6
330
1F
100
AcDbEntity
  8
마감선
100
AcDbLine
 10
12735.22591535681
 20
13953.72749763448
 30
0.0
 11
12753.22591535681
 21
13953.7274976344
 31
0.0
  0
LWPOLYLINE
  5
A6D7
330
1F
100
AcDbEntity
  8
COL
100
AcDbPolyline
 90
2
 70
0
 10
12735.2259154347
 20
13953.72749763448
 10
12535.2259154347
 20
13953.72749763402
  0
LWPOLYLINE
  5
A6D8
330
1F
100
AcDbEntity
  8
COL
100
AcDbPolyline
 90
2
 70
0
 10
12135.22591545146
 20
16403.72749763496
 10
11935.22591545099
 20
16403.72749763449
  0
LWPOLYLINE
  5
A6D9
330
1F
100
AcDbEntity
  8
COL
100
AcDbPolyline
 90
4
 70
0
 10
12735.22591535681
 20
13953.72749763448
 10
12735.22591536764
 20
16253.72749759083
 10
12135.22591536766
 20
16253.72749759083
 10
12135.22591536834
 20
16403.72749763344
  0
LWPOLYLINE
  5
A6DA
330
1F
100
AcDbEntity
  8
COL
100
AcDbPolyline
 90
4
 70
0
 10
11935.22591536851
 20
16403.72749763449
 10
11935.22591536718
 20
16053.72749759083
 10
12535.22591536671
 20
16053.72749759083
 10
12535.22591535786
 20
13953.72749763536
  0
LINE
  5
A6DB
330
1F
100
AcDbEntity
  8
ELE-2
100
AcDbLine
 10
12345.22591535249
 20
12953.72749737662
 30
0.0
 11
12345.22591535785
 21
13953.72749742162
 31
0.0
  0
LINE
  5
A6DC
330
1F
100
AcDbEntity
  8
ELE-2
100
AcDbLine
 10
11785.22591537481
 20
17403.72749742139
 30
0.0
 11
11785.22591536853
 21
16403.72749742138
 31
0.0
  0
LWPOLYLINE
  5
A6DD
330
1F
100
AcDbEntity
  8
0
  6
HID
 62
10
100
AcDbPolyline
 90
2
 70
0
 43
20.0
 10
12245.22591535274
 20
12953.72749759097
 10
12245.2259153581
 20
13953.727497636
  0
LWPOLYLINE
  5
A6DE
330
1F
100
AcDbEntity
  8
0
  6
HID
 62
10
100
AcDbPolyline
 90
2
 70
0
 43
20.0
 10
11645.22591536921
 20
16403.72749759145
 10
11645.22591537451
 20
17403.72749763647
  0
LWPOLYLINE
  5
A6DF
330
1F
100
AcDbEntity
  8
COL
100
AcDbPolyline
 90
10
 70
0
 10
12535.2259153499
 20
12153.7274975908
 10
12535.22591535302
 20
12953.72749759036
 10
12735.22591535105
 20
12953.72749759036
 10
12735.22591535067
 20
12853.72749759036
 10
15335.22591540956
 20
12853.72749759036
 10
15335.22591542726
 20
16253.72749759083
 10
15535.22591542703
 20
16253.72749759083
 10
15535.22591541678
 20
14253.72749767744
 10
17135.22591561818
 20
14253.72749767744
 10
17135.22591561818
 20
13953.72749767744
  0
LINE
  5
A6E0
330
1F
100
AcDbEntity
  8
마감선
100
AcDbLine
 10
12135.22591537177
 20
16403.72749741933
 30
0.0
 11
12153.22591528592
 21
16403.72749741924
 31
0.0
  0
LINE
  5
A6E1
330
1F
100
AcDbEntity
  8
마감선
100
AcDbLine
 10
12135.22591537463
 20
17403.72749763344
 30
0.0
 11
12153.2259152922
 21
17403.72749763336
 31
0.0
  0
LINE
  5
A6E2
330
1F
100
AcDbEntity
  8
마감선
100
AcDbLine
 10
12635.22591520943
 20
12953.72749737494
 30
0.0
 11
12635.22591529558
 21
12953.72749737473
 31
0.0
  0
LINE
  5
A6E3
330
1F
100
AcDbEntity
  8
마감선
100
AcDbLine
 10
12735.2259154372
 20
12953.72749759016
 30
0.0
 11
12753.22591535134
 21
12953.72749759007
 31
0.0
  0
INSERT
  5
A6E4
330
1F
100
AcDbEntity
  8
COL
100
AcDbBlockReference
  2
sdfsfxvc
 10
-64250.0004581059
 20
0.0004642894054996
 30
0.0
  0
INSERT
  5
A6E5
330
1F
100
AcDbEntity
  8
COL
100
AcDbBlockReference
  2
dsfsdfdfssxcv
 10
-64250.0004581059
 20
0.0004642894054996
 30
0.0
  0
LWPOLYLINE
  5
A6E6
330
1F
100
AcDbEntity
  8
HAT
 62
5
100
AcDbPolyline
 90
2
 70
0
 10
13935.22591542711
 20
12596.53526182285
 42
0.2425356295092397
 10
13935.22591542711
 20
12575.91973335681
 42
0.2425356295092397
  0
LWPOLYLINE
  5
A6E7
330
1F
100
AcDbEntity
  8
COL
100
AcDbPolyline
 90
2
 70
0
 10
14185.22591543247
 20
19653.72749766581
 10
13985.225915432
 20
19653.72749766534
  0
HATCH
  5
A6E8
330
1F
100
AcDbEntity
  8
HAT
100
AcDbHatch
 10
0.0
 20
0.0
 30
0.0
210
0.0
220
0.0
230
1.0
  2
NET
 70
0
 71
0
 91
1
 92
7
 72
0
 73
1
 93
16
 10
13935.22591542711
 20
12253.72749759013
 10
13917.2259154274
 20
12253.72749758912
 10
13917.22591542711
 20
12635.72749759037
 10
12753.2259153405
 20
12635.72749759036
 10
12753.22591533532
 20
11253.7274975902
 10
12903.12974639356
 20
11253.72749759014
 10
12903.12974639362
 20
11563.50472816203
 10
13759.0893633778
 20
11563.50472816203
 10
13759.0893633778
 20
11243.50472816203
 10
12903.12974639356
 20
11243.50472816202
 10
12903.1297463935
 20
11253.72749759014
 10
12753.22591533544
 20
11253.7274975902
 10
12753.22591533084
 20
10071.72749759037
 10
13917.22591542577
 20
10071.72749759037
 10
13917.22591542577
 20
10253.72749758903
 10
13935.22591542589
 20
10253.72749758903
 97
0
 75
0
 76
1
 52
0.0
 41
200.0
 77
0
 78
2
 53
0.0
 43
-338605.7970620034
 44
66452.46121840258
 45
0.0
 46
200.0
 79
0
 53
90.0
 43
-338605.7970620034
 44
66452.46121840258
 45
-200.0
 46
1.22e-14
 79
0
 47
6.692258840201028
 98
3
 10
13444.88955889459
 20
12025.70704396658
 10
13279.06458777704
 20
12102.60225121538
 10
13737.18289193036
 20
10546.14436355301
1001
ACAD
1010
103651.8526547773
1020
35173.53715615805
1030
0.0
  0
LWPOLYLINE
  5
A6E9
330
1F
100
AcDbEntity
  8
WID-S
100
AcDbPolyline
 90
16
 70
1
 10
14048.22591543206
 20
19710.72749766514
 10
14038.22591543206
 20
19710.72749766514
 10
14038.22591543206
 20
19710.72749766514
 10
14038.22591543206
 20
19710.72749766514
 10
14038.22591543206
 20
19710.72749766514
 10
14038.22591543206
 20
19710.72749766514
 10
14038.22591543206
 20
19666.72749766514
 10
14038.22591543206
 20
19666.72749766514
 10
14038.22591543206
 20
19666.72749766514
 10
14038.22591543206
 20
19666.72749766514
 10
14038.22591543206
 20
19666.72749766514
 10
14132.22591543206
 20
19666.72749766514
 10
14132.22591543206
 20
19710.72749766514
 10
14122.22591543206
 20
19710.72749766514
 10
14122.22591543206
 20
19695.72749766514
 10
14048.22591543206
 20
19695.72749766514
  0
LWPOLYLINE
  5
A6EA
330
1F
100
AcDbEntity
  8
WID-S
100
AcDbPolyline
 90
16
 70
1
 10
14051.22591543206
 20
19713.72749766514
 10
14035.22591543206
 20
19713.72749766514
 10
14035.22591543206
 20
19713.72749766514
 10
14035.22591543206
 20
19713.72749766514
 10
14035.22591543206
 20
19713.72749766514
 10
14035.22591543206
 20
19713.72749766514
 10
14035.22591543206
 20
19663.72749766514
 10
14035.22591543206
 20
19663.72749766514
 10
14035.22591543206
 20
19663.72749766514
 10
14035.22591543206
 20
19663.72749766514
 10
14035.22591543206
 20
19663.72749766514
 10
14135.22591543206
 20
19663.72749766514
 10
14135.22591543206
 20
19713.72749766514
 10
14119.22591543206
 20
19713.72749766514
 10
14119.22591543206
 20
19698.72749766514
 10
14051.22591543206
 20
19698.72749766514
  0
LINE
  5
A6EB
330
1F
100
AcDbEntity
  8
WID-S
100
AcDbLine
 10
14085.22591543206
 20
19698.72749766514
 30
0.0
 11
14085.22591543206
 21
19713.72749766514
 31
0.0
  0
LWPOLYLINE
  5
A6EC
330
1F
100
AcDbEntity
  8
WID-S
100
AcDbPolyline
 90
4
 70
1
 10
14083.22591543253
 20
19783.72749766467
 10
14053.22591543253
 20
19783.72749766514
 10
14053.22591543299
 20
19703.7274976656
 10
14083.22591543253
 20
19703.72749766467
1001
INERCAD20
1000
UnNamed
1070
2001
1071
2
  0
LWPOLYLINE
  5
A6ED
330
1F
100
AcDbEntity
  8
WID-S
100
AcDbPolyline
 90
4
 70
1
 10
14080.22591543253
 20
19780.72749766467
 10
14056.22591543253
 20
19780.72749766514
 10
14056.22591543299
 20
19706.7274976656
 10
14080.22591543253
 20
19706.7274976649
1001
INERCAD20
1000
UnNamed
1070
2001
1071
2
  0
LINE
  5
A6EE
330
1F
100
AcDbEntity
  8
ELE-2
100
AcDbLine
 10
14119.2259154316
 20
19713.72749766514
 30
0.0
 11
14119.22591543206
 21
21093.72749766514
 31
0.0
1001
INERCAD20
1000
UnNamed
1070
2001
1071
4
  0
LINE
  5
A6EF
330
1F
100
AcDbEntity
  8
ELE-2
100
AcDbLine
 10
14085.22591543253
 20
21093.72749766514
 30
0.0
 11
14085.22591543253
 21
19713.72749766467
 31
0.0
1001
INERCAD20
1000
UnNamed
1070
2001
1071
4
  0
LINE
  5
A6F0
330
1F
100
AcDbEntity
  8
ELE-2
100
AcDbLine
 10
14135.22591543206
 20
19713.72749766514
 30
0.0
 11
14135.22591543253
 21
21093.72749766514
 31
0.0
1001
INERCAD20
1000
UnNamed
1070
2001
1071
4
  0
LINE
  5
A6F1
330
1F
100
AcDbEntity
  8
WID
100
AcDbLine
 10
14065.72591543299
 20
20363.72749766537
 30
0.0
 11
14065.72591543253
 21
19783.7274976656
 31
0.0
1001
INERCAD20
1000
UnNamed
1070
2001
1071
1
  0
LWPOLYLINE
  5
A6F2
330
1F
100
AcDbEntity
  8
WID-S
100
AcDbPolyline
 90
16
 70
1
 10
14051.22591543206
 20
21093.72749766537
 10
14035.22591543206
 20
21093.72749766537
 10
14035.22591543206
 20
21093.72749766537
 10
14035.22591543206
 20
21093.72749766537
 10
14035.22591543206
 20
21093.72749766537
 10
14035.22591543206
 20
21093.72749766537
 10
14035.22591543206
 20
21143.72749766537
 10
14035.22591543206
 20
21143.72749766537
 10
14035.22591543206
 20
21143.72749766537
 10
14035.22591543206
 20
21143.72749766537
 10
14035.22591543206
 20
21143.72749766537
 10
14135.22591543206
 20
21143.72749766537
 10
14135.22591543206
 20
21093.72749766537
 10
14119.22591543206
 20
21093.72749766537
 10
14119.22591543206
 20
21108.72749766537
 10
14051.22591543206
 20
21108.72749766537
  0
LWPOLYLINE
  5
A6F3
330
1F
100
AcDbEntity
  8
WID-S
100
AcDbPolyline
 90
16
 70
1
 10
14048.22591543206
 20
21096.72749766537
 10
14038.22591543206
 20
21096.72749766537
 10
14038.22591543206
 20
21096.72749766537
 10
14038.22591543206
 20
21096.72749766537
 10
14038.22591543206
 20
21096.72749766537
 10
14038.22591543206
 20
21096.72749766537
 10
14038.22591543206
 20
21140.72749766537
 10
14038.22591543206
 20
21140.72749766537
 10
14038.22591543206
 20
21140.72749766537
 10
14038.22591543206
 20
21140.72749766537
 10
14038.22591543206
 20
21140.72749766537
 10
14132.22591543206
 20
21140.72749766537
 10
14132.22591543206
 20
21096.72749766537
 10
14122.22591543206
 20
21096.72749766537
 10
14122.22591543206
 20
21111.72749766537
 10
14048.22591543206
 20
21111.72749766537
  0
LINE
  5
A6F4
330
1F
100
AcDbEntity
  8
WID-S
100
AcDbLine
 10
14085.22591543206
 20
21108.72749766537
 30
0.0
 11
14085.22591543206
 21
21093.72749766537
 31
0.0
  0
LWPOLYLINE
  5
A6F5
330
1F
100
AcDbEntity
  8
WID-S
100
AcDbPolyline
 90
4
 70
1
 10
14083.22591543253
 20
20363.72749766584
 10
14053.22591543253
 20
20363.72749766537
 10
14053.22591543299
 20
20443.72749766491
 10
14083.22591543253
 20
20443.72749766584
1001
INERCAD20
1000
UnNamed
1070
2001
1071
2
  0
LWPOLYLINE
  5
A6F6
330
1F
100
AcDbEntity
  8
WID-S
100
AcDbPolyline
 90
4
 70
1
 10
14080.22591543253
 20
20366.72749766584
 10
14056.22591543253
 20
20366.72749766561
 10
14056.22591543299
 20
20440.72749766514
 10
14080.22591543253
 20
20440.72749766584
1001
INERCAD20
1000
UnNamed
1070
2001
1071
2
  0
LWPOLYLINE
  5
A6F7
330
1F
100
AcDbEntity
  8
WID-S
100
AcDbPolyline
 90
4
 70
1
 10
14117.22591543299
 20
20363.72749766607
 10
14087.22591543299
 20
20363.7274976656
 10
14087.22591543346
 20
20443.72749766514
 10
14117.22591543299
 20
20443.72749766607
1001
INERCAD20
1000
UnNamed
1070
2001
1071
2
  0
LWPOLYLINE
  5
A6F8
330
1F
100
AcDbEntity
  8
WID-S
100
AcDbPolyline
 90
4
 70
1
 10
14114.22591543299
 20
20366.72749766607
 10
14090.22591543299
 20
20366.72749766584
 10
14090.22591543346
 20
20440.72749766537
 10
14114.22591543299
 20
20440.72749766607
1001
INERCAD20
1000
UnNamed
1070
2001
1071
2
  0
LWPOLYLINE
  5
A6F9
330
1F
100
AcDbEntity
  8
WID-S
100
AcDbPolyline
 90
4
 70
1
 10
14117.22591543206
 20
21023.72749766561
 10
14087.22591543206
 20
21023.72749766514
 10
14087.22591543253
 20
21103.72749766467
 10
14117.22591543206
 20
21103.72749766561
1001
INERCAD20
1000
UnNamed
1070
2001
1071
2
  0
LWPOLYLINE
  5
A6FA
330
1F
100
AcDbEntity
  8
WID-S
100
AcDbPolyline
 90
4
 70
1
 10
14114.22591543206
 20
21026.7274976656
 10
14090.22591543206
 20
21026.72749766514
 10
14090.22591543253
 20
21100.72749766491
 10
14114.22591543206
 20
21100.72749766561
1001
INERCAD20
1000
UnNamed
1070
2001
1071
2
  0
LINE
  5
A6FB
330
1F
100
AcDbEntity
  8
WID
100
AcDbLine
 10
14099.72591543299
 20
20443.72749766491
 30
0.0
 11
14099.72591543206
 21
21023.72749766467
 31
0.0
1001
INERCAD20
1000
UnNamed
1070
2001
1071
1
  0
LINE
  5
A6FC
330
1F
100
AcDbEntity
  8
WID
100
AcDbLine
 10
14070.72591543299
 20
20363.72749766537
 30
0.0
 11
14070.72591543253
 21
19783.7274976656
 31
0.0
1001
INERCAD20
1000
UnNamed
1070
2001
1071
1
  0
LINE
  5
A6FD
330
1F
100
AcDbEntity
  8
WID
100
AcDbLine
 10
14104.72591543299
 20
20443.72749766491
 30
0.0
 11
14104.72591543206
 21
21023.72749766467
 31
0.0
1001
INERCAD20
1000
UnNamed
1070
2001
1071
1
  0
ARC
  5
A6FE
330
1F
100
AcDbEntity
  8
FIN
100
AcDbCircle
 10
14137.89258209624
 20
19658.72749766351
 30
0.0
 40
5.666666664074
100
AcDbArc
 50
118.0724868985788
 51
241.9275131014212
  0
ARC
  5
A6FF
330
1F
100
AcDbEntity
  8
FIN
100
AcDbCircle
 10
14138.03924525724
 20
21148.72749766444
 30
0.0
 40
5.737144297840901
100
AcDbArc
 50
119.3649765581521
 51
240.6350234418479
  0
LWPOLYLINE
  5
A700
330
1F
100
AcDbEntity
  8
WID-S
100
AcDbPolyline
 90
16
 70
1
 10
14072.22591544766
 20
12196.72749759011
 10
14082.22591544766
 20
12196.72749759011
 10
14082.22591544766
 20
12196.72749759011
 10
14082.22591544766
 20
12196.72749759011
 10
14082.22591544766
 20
12196.72749759011
 10
14082.22591544766
 20
12196.72749759011
 10
14082.22591544766
 20
12240.72749759011
 10
14082.22591544766
 20
12240.72749759011
 10
14082.22591544766
 20
12240.72749759011
 10
14082.22591544766
 20
12240.72749759011
 10
14082.22591544766
 20
12240.72749759011
 10
13988.22591544766
 20
12240.72749759011
 10
13988.22591544766
 20
12196.72749759011
 10
13998.22591544766
 20
12196.72749759011
 10
13998.22591544766
 20
12211.72749759011
 10
14072.22591544766
 20
12211.72749759011
  0
LWPOLYLINE
  5
A701
330
1F
100
AcDbEntity
  8
WID-S
100
AcDbPolyline
 90
16
 70
1
 10
14069.22591544766
 20
12193.72749759011
 10
14085.22591544766
 20
12193.72749759011
 10
14085.22591544766
 20
12193.72749759011
 10
14085.22591544766
 20
12193.72749759011
 10
14085.22591544766
 20
12193.72749759011
 10
14085.22591544766
 20
12193.72749759011
 10
14085.22591544766
 20
12243.72749759011
 10
14085.22591544766
 20
12243.72749759011
 10
14085.22591544766
 20
12243.72749759011
 10
14085.22591544766
 20
12243.72749759011
 10
14085.22591544766
 20
12243.72749759011
 10
13985.22591544766
 20
12243.72749759011
 10
13985.22591544766
 20
12193.72749759011
 10
14001.22591544766
 20
12193.72749759011
 10
14001.22591544766
 20
12208.72749759011
 10
14069.22591544766
 20
12208.72749759011
  0
LINE
  5
A702
330
1F
100
AcDbEntity
  8
WID-S
100
AcDbLine
 10
14035.22591544766
 20
12208.72749759011
 30
0.0
 11
14035.22591544766
 21
12193.72749759011
 31
0.0
  0
LWPOLYLINE
  5
A703
330
1F
100
AcDbEntity
  8
WID-S
100
AcDbPolyline
 90
4
 70
1
 10
14037.2259154472
 20
12123.72749759057
 10
14067.2259154472
 20
12123.72749759011
 10
14067.22591544673
 20
12203.72749758964
 10
14037.2259154472
 20
12203.72749759057
1001
INERCAD20
1000
UnNamed
1070
2001
1071
2
  0
LWPOLYLINE
  5
A704
330
1F
100
AcDbEntity
  8
WID-S
100
AcDbPolyline
 90
4
 70
1
 10
14040.2259154472
 20
12126.72749759057
 10
14064.2259154472
 20
12126.72749759011
 10
14064.22591544673
 20
12200.72749758964
 10
14040.2259154472
 20
12200.72749759034
1001
INERCAD20
1000
UnNamed
1070
2001
1071
2
  0
LINE
  5
A705
330
1F
100
AcDbEntity
  8
ELE-2
100
AcDbLine
 10
14001.22591544813
 20
12193.72749759011
 30
0.0
 11
14001.22591544766
 21
10313.72749759011
 31
0.0
1001
INERCAD20
1000
UnNamed
1070
2001
1071
4
  0
LINE
  5
A706
330
1F
100
AcDbEntity
  8
ELE-2
100
AcDbLine
 10
14069.22591544766
 20
12193.72749759057
 30
0.0
 11
14069.2259154472
 21
10313.72749759011
 31
0.0
1001
INERCAD20
1000
UnNamed
1070
2001
1071
4
  0
LINE
  5
A707
330
1F
100
AcDbEntity
  8
ELE-2
100
AcDbLine
 10
14035.2259154472
 20
10313.72749759011
 30
0.0
 11
14035.2259154472
 21
12193.72749759057
 31
0.0
1001
INERCAD20
1000
UnNamed
1070
2001
1071
4
  0
LINE
  5
A708
330
1F
100
AcDbEntity
  8
ELE-2
100
AcDbLine
 10
13985.22591544766
 20
12193.72749759011
 30
0.0
 11
13985.2259154472
 21
10313.72749759011
 31
0.0
1001
INERCAD20
1000
UnNamed
1070
2001
1071
4
  0
LINE
  5
A709
330
1F
100
AcDbEntity
  8
WID
100
AcDbLine
 10
14054.72591544673
 20
11293.72749758987
 30
0.0
 11
14054.7259154472
 21
12123.72749758964
 31
0.0
1001
INERCAD20
1000
UnNamed
1070
2001
1071
1
  0
LWPOLYLINE
  5
A70A
330
1F
100
AcDbEntity
  8
WID-S
100
AcDbPolyline
 90
16
 70
1
 10
14069.22591544766
 20
10313.72749758987
 10
14085.22591544766
 20
10313.72749758987
 10
14085.22591544766
 20
10313.72749758987
 10
14085.22591544766
 20
10313.72749758987
 10
14085.22591544766
 20
10313.72749758987
 10
14085.22591544766
 20
10313.72749758987
 10
14085.22591544766
 20
10263.72749758987
 10
14085.22591544766
 20
10263.72749758987
 10
14085.22591544766
 20
10263.72749758987
 10
14085.22591544766
 20
10263.72749758987
 10
14085.22591544766
 20
10263.72749758987
 10
13985.22591544766
 20
10263.72749758987
 10
13985.22591544766
 20
10313.72749758987
 10
14001.22591544766
 20
10313.72749758987
 10
14001.22591544766
 20
10298.72749758987
 10
14069.22591544766
 20
10298.72749758987
  0
LINE
  5
A70B
330
1F
100
AcDbEntity
  8
ELE-2
100
AcDbLine
 10
14085.22591544766
 20
12193.72749759011
 30
0.0
 11
14085.2259154472
 21
10313.72749759011
 31
0.0
1001
INERCAD20
1000
UnNamed
1070
2001
1071
4
  0
LWPOLYLINE
  5
A70C
330
1F
100
AcDbEntity
  8
WID-S
100
AcDbPolyline
 90
16
 70
1
 10
14072.22591544766
 20
10310.72749758987
 10
14082.22591544766
 20
10310.72749758987
 10
14082.22591544766
 20
10310.72749758987
 10
14082.22591544766
 20
10310.72749758987
 10
14082.22591544766
 20
10310.72749758987
 10
14082.22591544766
 20
10310.72749758987
 10
14082.22591544766
 20
10266.72749758987
 10
14082.22591544766
 20
10266.72749758987
 10
14082.22591544766
 20
10266.72749758987
 10
14082.22591544766
 20
10266.72749758987
 10
14082.22591544766
 20
10266.72749758987
 10
13988.22591544766
 20
10266.72749758987
 10
13988.22591544766
 20
10310.72749758987
 10
13998.22591544766
 20
10310.72749758987
 10
13998.22591544766
 20
10295.72749758987
 10
14072.22591544766
 20
10295.72749758987
  0
LINE
  5
A70D
330
1F
100
AcDbEntity
  8
WID-S
100
AcDbLine
 10
14035.22591544766
 20
10298.72749758987
 30
0.0
 11
14035.22591544766
 21
10313.72749758987
 31
0.0
  0
LWPOLYLINE
  5
A70E
330
1F
100
AcDbEntity
  8
WID-S
100
AcDbPolyline
 90
4
 70
1
 10
14037.2259154472
 20
11293.72749758941
 10
14067.2259154472
 20
11293.72749758987
 10
14067.22591544673
 20
11213.72749759034
 10
14037.2259154472
 20
11213.72749758941
1001
INERCAD20
1000
UnNamed
1070
2001
1071
2
  0
LWPOLYLINE
  5
A70F
330
1F
100
AcDbEntity
  8
WID-S
100
AcDbPolyline
 90
4
 70
1
 10
14040.2259154472
 20
11290.72749758941
 10
14064.2259154472
 20
11290.72749758964
 10
14064.22591544673
 20
11216.72749759011
 10
14040.2259154472
 20
11216.72749758941
1001
INERCAD20
1000
UnNamed
1070
2001
1071
2
  0
LWPOLYLINE
  5
A710
330
1F
100
AcDbEntity
  8
WID-S
100
AcDbPolyline
 90
4
 70
1
 10
14003.22591544673
 20
11293.72749758918
 10
14033.22591544673
 20
11293.72749758964
 10
14033.22591544626
 20
11213.72749759011
 10
14003.22591544673
 20
11213.72749758918
1001
INERCAD20
1000
UnNamed
1070
2001
1071
2
  0
LWPOLYLINE
  5
A711
330
1F
100
AcDbEntity
  8
WID-S
100
AcDbPolyline
 90
4
 70
1
 10
14006.22591544673
 20
11290.72749758918
 10
14030.22591544673
 20
11290.72749758941
 10
14030.22591544626
 20
11216.72749758988
 10
14006.22591544673
 20
11216.72749758918
1001
INERCAD20
1000
UnNamed
1070
2001
1071
2
  0
LWPOLYLINE
  5
A712
330
1F
100
AcDbEntity
  8
WID-S
100
AcDbPolyline
 90
4
 70
1
 10
14003.22591544766
 20
10383.72749758964
 10
14033.22591544766
 20
10383.72749759011
 10
14033.2259154472
 20
10303.72749759057
 10
14003.22591544766
 20
10303.72749758964
1001
INERCAD20
1000
UnNamed
1070
2001
1071
2
  0
LWPOLYLINE
  5
A713
330
1F
100
AcDbEntity
  8
WID-S
100
AcDbPolyline
 90
4
 70
1
 10
14006.22591544766
 20
10380.72749758964
 10
14030.22591544766
 20
10380.72749759011
 10
14030.2259154472
 20
10306.72749759034
 10
14006.22591544766
 20
10306.72749758964
1001
INERCAD20
1000
UnNamed
1070
2001
1071
2
  0
LINE
  5
A714
330
1F
100
AcDbEntity
  8
WID
100
AcDbLine
 10
14020.72591544673
 20
11213.72749759034
 30
0.0
 11
14020.72591544766
 21
10383.72749759057
 31
0.0
1001
INERCAD20
1000
UnNamed
1070
2001
1071
1
  0
LINE
  5
A715
330
1F
100
AcDbEntity
  8
ELE-2
100
AcDbLine
 10
14085.22591544766
 20
12193.72749759011
 30
0.0
 11
14085.2259154472
 21
10313.72749759011
 31
0.0
1001
INERCAD20
1000
UnNamed
1070
2001
1071
4
  0
LINE
  5
A716
330
1F
100
AcDbEntity
  8
WID
100
AcDbLine
 10
14049.72591544673
 20
11293.72749758987
 30
0.0
 11
14049.72591544719
 21
12123.72749758964
 31
0.0
1001
INERCAD20
1000
UnNamed
1070
2001
1071
1
  0
LINE
  5
A717
330
1F
100
AcDbEntity
  8
WID
100
AcDbLine
 10
14015.72591544673
 20
11213.72749759034
 30
0.0
 11
14015.72591544766
 21
10383.72749759057
 31
0.0
1001
INERCAD20
1000
UnNamed
1070
2001
1071
1
  0
ARC
  5
A718
330
1F
100
AcDbEntity
  8
FIN
100
AcDbCircle
 10
13982.55924878348
 20
12248.72749759174
 30
0.0
 40
5.666666664074
100
AcDbArc
 50
298.0724868985788
 51
61.92751310142117
  0
ARC
  5
A719
330
1F
100
AcDbEntity
  8
FIN
100
AcDbCircle
 10
13982.41258562248
 20
10258.7274975908
 30
0.0
 40
5.737144297840901
100
AcDbArc
 50
299.3649765620808
 51
60.63502343791918
  0
LWPOLYLINE
  5
A71A
330
1F
100
AcDbEntity
  8
COL
100
AcDbPolyline
 90
2
 70
0
 10
13935.22591542711
 20
12253.7274975906
 10
14135.22591542711
 20
12253.72749759014
  0
LWPOLYLINE
  5
A71B
330
1F
100
AcDbEntity
  8
COL
100
AcDbPolyline
 90
2
 70
0
 10
14135.22591542525
 20
10053.72749759037
 10
14135.22591542537
 20
10253.72749758891
  0
LINE
  5
A71C
330
1F
100
AcDbEntity
  8
마감선
100
AcDbLine
 10
14153.22591542682
 20
12253.72749758912
 30
0.0
 11
14153.22591542711
 21
12635.72749759037
 31
0.0
  0
LINE
  5
A71D
330
1F
100
AcDbEntity
  8
마감선
100
AcDbLine
 10
14135.2259154309
 20
19671.72749766584
 30
0.0
 11
14203.22591543241
 21
19671.72749766584
 31
0.0
  0
LINE
  5
A71E
330
1F
100
AcDbEntity
  8
마감선
100
AcDbLine
 10
14135.22591542711
 20
12253.72749759014
 30
0.0
 11
14153.22591542682
 21
12253.72749758912
 31
0.0
  0
LWPOLYLINE
  5
A71F
330
1F
100
AcDbEntity
  8
COL
100
AcDbPolyline
 90
2
 70
0
 10
13935.22591542589
 20
10253.72749758932
 10
14135.22591542537
 20
10253.72749758859
  0
LWPOLYLINE
  5
A720
330
1F
100
AcDbEntity
  8
COL
100
AcDbPolyline
 90
2
 70
0
 10
13935.22591542548
 20
9853.727497591302
 10
13935.22591542548
 20
9853.727497590371
  0
LWPOLYLINE
  5
A721
330
1F
100
AcDbEntity
  8
COL
100
AcDbPolyline
 90
2
 70
0
 10
14135.22591542682
 20
12253.72749759028
 10
14135.22591542711
 20
12653.72749759037
  0
LWPOLYLINE
  5
A722
330
1F
100
AcDbEntity
  8
COL
100
AcDbPolyline
 90
2
 70
0
 10
13935.22591542694
 20
12253.7274975904
 10
13935.22591542711
 20
12653.72749759037
  0
LINE
  5
A723
330
1F
100
AcDbEntity
  8
마감선
100
AcDbLine
 10
14153.22591542537
 20
10253.72749758888
 30
0.0
 11
14135.22591542537
 21
10253.72749758859
 31
0.0
  0
LINE
  5
A724
330
1F
100
AcDbEntity
  8
마감선
100
AcDbLine
 10
14153.22591542525
 20
10071.72749759037
 30
0.0
 11
14153.22591542537
 21
10253.72749758888
 31
0.0
  0
LWPOLYLINE
  5
A725
330
1F
100
AcDbEntity
  8
COL
100
AcDbPolyline
 90
2
 70
0
 10
13935.22591542589
 20
10253.72749758903
 10
13935.22591542583
 20
10053.72749759037
  0
LINE
  5
A726
330
1F
100
AcDbEntity
  8
ELE-2
100
AcDbLine
 10
14035.22591543107
 20
19713.72749766537
 30
0.0
 11
14035.22591543154
 21
21093.72749766537
 31
0.0
1001
INERCAD20
1000
UnNamed
1070
2001
1071
4
  0
LINE
  5
A727
330
1F
100
AcDbEntity
  8
ELE-2
100
AcDbLine
 10
14051.22591543159
 20
19713.72749766537
 30
0.0
 11
14051.22591543206
 21
21093.72749766537
 31
0.0
1001
INERCAD20
1000
UnNamed
1070
2001
1071
4
  0
LINE
  5
A728
330
1F
100
AcDbEntity
  8
마감선
100
AcDbLine
 10
14035.22591543358
 20
19671.72749766584
 30
0.0
 11
13967.22591543206
 21
19671.72749766584
 31
0.0
  0
LINE
  5
A729
330
1F
100
AcDbEntity
  8
마감선
100
AcDbLine
 10
13917.22591542589
 20
10071.72749759036
 30
0.0
 11
13917.22591542577
 21
10253.72749758903
 31
0.0
  0
LINE
  5
A72A
330
1F
100
AcDbEntity
  8
마감선
100
AcDbLine
 10
13935.22591542589
 20
10253.72749758903
 30
0.0
 11
13917.22591542577
 21
10253.72749758903
 31
0.0
  0
LINE
  5
A72B
330
1F
100
AcDbEntity
  8
마감선
100
AcDbLine
 10
13935.22591542589
 20
10253.72749758903
 30
0.0
 11
13935.22591542711
 21
12253.7274975906
 31
0.0
  0
LINE
  5
A72C
330
1F
100
AcDbEntity
  8
마감선
100
AcDbLine
 10
13917.2259154274
 20
12253.72749758912
 30
0.0
 11
13917.22591542713
 21
12635.72749759036
 31
0.0
  0
LINE
  5
A72D
330
1F
100
AcDbEntity
  8
마감선
100
AcDbLine
 10
13935.22591542711
 20
12253.72749759014
 30
0.0
 11
13917.2259154274
 21
12253.72749758912
 31
0.0
  0
HATCH
  5
A72E
330
1F
100
AcDbEntity
  8
HAT
100
AcDbHatch
 10
0.0
 20
0.0
 30
0.0
210
0.0
220
0.0
230
1.0
  2
NET
 70
0
 71
0
 91
5
 92
7
 72
0
 73
1
 93
16
 10
13967.2259154404
 20
21135.7274976678
 10
13760.2259154454
 20
21135.72749766863
 10
13760.2259154454
 20
21153.72749766863
 10
13760.22591544546
 20
21253.72749759037
 10
13750.22591544465
 20
21253.72749759037
 10
13750.22591544471
 20
21153.72749759116
 10
13700.22591544471
 20
21153.72749759116
 10
12420.22591544447
 20
21153.72749759116
 10
12370.22591544442
 20
21153.72749759116
 10
12370.22591544442
 20
21253.72749759037
 10
12360.22591544482
 20
21253.72749759037
 10
12360.22591544424
 20
21153.72749767439
 10
12360.22591544401
 20
21135.7274976744
 10
12153.22591544284
 20
21135.7274976764
 10
12153.22591543411
 20
19571.72749767885
 10
13967.22591544151
 20
19571.72749767885
 97
0
 92
22
 72
0
 73
1
 93
4
 10
13606.10283719735
 20
20450.35357005829
 10
13606.10283719723
 20
20130.35357005829
 10
12460.48205525921
 20
20130.35357005829
 10
12460.48205525921
 20
20450.35357005829
 97
0
 92
6
 72
0
 73
1
 93
4
 10
13606.10283719729
 20
20450.35357005829
 10
13606.10283719729
 20
20130.35357005829
 10
12460.48205525921
 20
20130.35357005829
 10
12460.48205525921
 20
20450.35357005829
 97
0
 92
24
 93
4
 72
1
 10
12464.89694887625
 20
20121.20463388805
 11
13665.42886376985
 21
20121.20463388805
 72
1
 10
13665.42886376985
 20
20121.20463388805
 11
13665.42886376985
 21
20454.71527218593
 72
1
 10
13665.42886376985
 20
20454.71527218593
 11
12464.89694887625
 21
20454.71527218593
 72
1
 10
12464.89694887625
 20
20454.71527218593
 11
12464.89694887625
 21
20121.20463388805
 97
0
 92
24
 93
4
 72
1
 10
12464.89694887625
 20
20121.20463388808
 11
13665.42886376985
 21
20121.20463388808
 72
1
 10
13665.42886376985
 20
20121.20463388808
 11
13665.42886376985
 21
20454.71527218595
 72
1
 10
13665.42886376985
 20
20454.71527218595
 11
12464.89694887625
 21
20454.71527218595
 72
1
 10
12464.89694887625
 20
20454.71527218595
 11
12464.89694887625
 21
20121.20463388808
 97
0
 75
0
 76
1
 52
0.0
 41
200.0
 77
0
 78
2
 53
0.0
 43
-338605.797061994
 44
66452.46121840258
 45
0.0
 46
200.0
 79
0
 53
90.0
 43
-338605.797061994
 44
66452.46121840258
 45
-200.0
 46
1.22e-14
 79
0
 47
6.597436420056923
 98
4
 10
13073.39485846499
 20
20704.45460630961
 10
13073.39485846499
 20
20704.45460630961
 10
12864.62943916021
 20
20885.87472750856
 10
12864.62943916021
 20
20885.87472750856
1001
ACAD
1010
103651.8526547773
1020
35173.53715615805
1030
0.0
  0
LINE
  5
A72F
330
1F
100
AcDbEntity
  8
마감선
100
AcDbLine
 10
13967.22591544052
 20
21135.7274976678
 30
0.0
 11
13967.22591544145
 21
19671.72749766528
 31
0.0
  0
LINE
  5
A730
330
1F
100
AcDbEntity
  8
ELE-2
100
AcDbLine
 10
14385.22591544308
 20
20403.72749766511
 30
0.0
 11
13785.22591544308
 21
20403.72749766534
 31
0.0
  0
LINE
  5
A731
330
1F
100
AcDbEntity
  8
마감선
100
AcDbLine
 10
14203.22591544098
 20
21135.72749766833
 30
0.0
 11
14203.22591544191
 21
19671.72749766543
 31
0.0
  0
LINE
  5
A732
330
1F
100
AcDbEntity
  8
마감선
100
AcDbLine
 10
14153.22591542537
 20
10253.72749758903
 30
0.0
 11
14153.22591542682
 21
12253.72749758926
 31
0.0
  0
LINE
  5
A733
330
1F
100
AcDbEntity
  8
ELE-2
100
AcDbLine
 10
17735.22591539536
 20
9663.727520687038
 30
0.0
 11
18635.22591539536
 21
9663.727520306187
 31
0.0
  0
LINE
  5
A734
330
1F
100
AcDbEntity
  8
ELE-2
100
AcDbLine
 10
19285.22591544773
 20
9663.72752030648
 30
0.0
 11
22085.22591544541
 21
9663.727520306187
 31
0.0
  0
LINE
  5
A735
330
1F
100
AcDbEntity
  8
ELE-2
100
AcDbLine
 10
27125.22591574985
 20
10303.72752030479
 30
0.0
 11
27125.2259154293
 21
13103.72752030386
 31
0.0
  0
LINE
  5
A736
330
1F
100
AcDbEntity
  8
ELE-2
100
AcDbLine
 10
27125.22591542476
 20
13953.7275203056
 30
0.0
 11
27125.22591542476
 21
15953.7275203056
 31
0.0
  0
LINE
  5
A737
330
1F
100
AcDbEntity
  8
ELE-2
100
AcDbLine
 10
26700.94705377636
 20
18998.12831507496
 30
0.0
 11
24579.62671021257
 21
21119.44865862852
 31
0.0
  0
LINE
  5
A738
330
1F
100
AcDbEntity
  8
ELE-2
100
AcDbLine
 10
22085.225915445
 20
21543.72749723397
 30
0.0
 11
19285.2259154464
 21
21543.72749723397
 31
0.0
  0
LINE
  5
A739
330
1F
100
AcDbEntity
  8
ELE-2
100
AcDbLine
 10
18635.22591545332
 20
21543.7274976289
 30
0.0
 11
17735.22591545332
 21
21543.7274976289
 31
0.0
  0
LINE
  5
A73A
330
1F
100
AcDbEntity
  8
ELE-2
100
AcDbLine
 10
16735.22591544803
 20
21543.72749764247
 30
0.0
 11
14735.22591544802
 21
21543.72749764247
 31
0.0
  0
LINE
  5
A73B
330
1F
100
AcDbEntity
  8
ELE-2
100
AcDbLine
 10
13760.22591544477
 20
21543.7274976639
 30
0.0
 11
12360.22591544477
 21
21543.7274976639
 31
0.0
  0
LINE
  5
A73C
330
1F
100
AcDbEntity
  8
WAL
100
AcDbLine
 10
11745.22591536867
 20
16403.72752013734
 30
0.0
 11
11745.22591536611
 21
15863.72752030665
 31
0.0
  0
LINE
  5
A73D
330
1F
100
AcDbEntity
  8
WAL
100
AcDbLine
 10
11845.22591536664
 20
15963.72752030665
 30
0.0
 11
12445.2259153661
 21
15963.72752030705
 31
0.0
  0
LINE
  5
A73E
330
1F
100
AcDbEntity
  8
WAL
100
AcDbLine
 10
11745.22591536611
 20
15863.72752030665
 30
0.0
 11
12345.22591536582
 21
15863.72752030665
 31
0.0
  0
LINE
  5
A73F
330
1F
100
AcDbEntity
  8
WAL
100
AcDbLine
 10
12445.2259153661
 20
15963.72752030705
 30
0.0
 11
12445.2259153583
 21
14053.72752013511
 31
0.0
  0
LINE
  5
A740
330
1F
100
AcDbEntity
  8
WAL
100
AcDbLine
 10
12345.22591536563
 20
15863.72752030572
 30
0.0
 11
12345.22591535785
 21
13953.72752013652
 31
0.0
  0
LWPOLYLINE
  5
A741
330
1F
100
AcDbEntity
  8
WAL
100
AcDbPolyline
 90
5
 70
0
 10
12260.22591544542
 20
21353.72752039207
 10
12260.22591544542
 20
21443.72752038976
 10
11845.22591544418
 20
21443.72752039326
 10
11845.22591537655
 20
17503.72752013666
 10
11935.2259153751
 20
17503.72752013639
  0
LINE
  5
A742
330
1F
100
AcDbEntity
  8
WAL
100
AcDbLine
 10
13795.22591543494
 20
9763.727520307119
 30
0.0
 11
13795.22591543494
 21
9763.727520306187
 31
0.0
  0
LINE
  5
A743
330
1F
100
AcDbEntity
  8
WAL
100
AcDbLine
 10
12445.22591533902
 20
9763.727520306187
 30
0.0
 11
17635.22591539536
 21
9763.727520306187
 31
0.0
  0
LINE
  5
A744
330
1F
100
AcDbEntity
  8
WAL
100
AcDbLine
 10
27025.22591544694
 20
9763.727520306187
 30
0.0
 11
27025.22591544484
 21
10203.72752030478
 31
0.0
  0
LINE
  5
A745
330
1F
100
AcDbEntity
  8
단열재
100
AcDbLine
 10
26985.22591544676
 20
9803.727520306189
 30
0.0
 11
26985.22591544484
 21
10203.72752030459
 31
0.0
  0
LINE
  5
A746
330
1F
100
AcDbEntity
  8
WAL
100
AcDbLine
 10
24113.92649229609
 20
21443.7275203057
 30
0.0
 11
22185.22591544565
 21
21443.72752031952
 31
0.0
  0
LINE
  5
A747
330
1F
100
AcDbEntity
  8
WAL
100
AcDbLine
 10
13695.22591543494
 20
9663.727520307119
 30
0.0
 11
13695.22591543494
 21
9663.727520306187
 31
0.0
  0
LINE
  5
A748
330
1F
100
AcDbEntity
  8
WAL
100
AcDbLine
 10
27125.2259154474
 20
9663.727520306187
 30
0.0
 11
27125.2259154442
 21
10303.72752030479
 31
0.0
  0
LINE
  5
A749
330
1F
100
AcDbEntity
  8
WAL
100
AcDbLine
 10
24155.3478485336
 20
21543.72752030523
 30
0.0
 11
22085.22591544564
 21
21543.72752032005
 31
0.0
  0
LINE
  5
A74A
330
1F
100
AcDbEntity
  8
WAL
100
AcDbLine
 10
24113.92649229609
 20
21443.7275203057
 30
0.0
 11
24438.20535397536
 21
21119.4486586282
 31
0.0
  0
LINE
  5
A74B
330
1F
100
AcDbEntity
  8
WAL
100
AcDbLine
 10
24155.3478485336
 20
21543.72752030523
 30
0.0
 11
24579.62671021257
 21
21119.44865862852
 31
0.0
  0
LINE
  5
A74C
330
1F
100
AcDbEntity
  8
WAL
100
AcDbLine
 10
22085.22591544542
 20
9853.727520306187
 30
0.0
 11
22085.22591544541
 21
9663.727520306187
 31
0.0
  0
LINE
  5
A74D
330
1F
100
AcDbEntity
  8
WAL
100
AcDbLine
 10
22185.22591544542
 20
9853.727520306187
 30
0.0
 11
22185.22591544542
 21
9763.727520306187
 31
0.0
  0
LINE
  5
A74E
330
1F
100
AcDbEntity
  8
WAL
100
AcDbLine
 10
17635.22591539536
 20
9853.727520687333
 30
0.0
 11
17635.22591539536
 21
9763.727520306187
 31
0.0
  0
LINE
  5
A74F
330
1F
100
AcDbEntity
  8
WAL
100
AcDbLine
 10
17735.22591539536
 20
9853.727520687333
 30
0.0
 11
17735.22591539536
 21
9663.727520687038
 31
0.0
  0
LINE
  5
A750
330
1F
100
AcDbEntity
  8
WAL
100
AcDbLine
 10
18635.22591539536
 20
9853.727520687333
 30
0.0
 11
18635.22591539536
 21
9663.727520687038
 31
0.0
  0
LINE
  5
A751
330
1F
100
AcDbEntity
  8
WAL
100
AcDbLine
 10
18735.22591539536
 20
9853.727520687333
 30
0.0
 11
18735.22591539536
 21
9763.727520306187
 31
0.0
  0
LINE
  5
A752
330
1F
100
AcDbEntity
  8
WAL
100
AcDbLine
 10
19185.22591544775
 20
9853.727520306422
 30
0.0
 11
19185.22591544775
 21
9763.727520306158
 31
0.0
  0
LINE
  5
A753
330
1F
100
AcDbEntity
  8
WAL
100
AcDbLine
 10
19285.22591544775
 20
9853.727520306422
 30
0.0
 11
19285.22591544775
 21
9663.72752030613
 31
0.0
  0
LINE
  5
A754
330
1F
100
AcDbEntity
  8
WAL
100
AcDbLine
 10
26935.22591547895
 20
15953.7275203056
 30
0.0
 11
27125.22591541405
 21
15953.72752030512
 31
0.0
  0
LINE
  5
A755
330
1F
100
AcDbEntity
  8
WAL
100
AcDbLine
 10
26935.22591542476
 20
13853.7275203056
 30
0.0
 11
27025.22591542534
 21
13853.7275203056
 31
0.0
  0
LINE
  5
A756
330
1F
100
AcDbEntity
  8
WAL
100
AcDbLine
 10
26935.22591542476
 20
13953.7275203056
 30
0.0
 11
27125.22591542476
 21
13953.72752030512
 31
0.0
  0
LINE
  5
A757
330
1F
100
AcDbEntity
  8
WAL
100
AcDbLine
 10
26935.22591512342
 20
13103.72752030386
 30
0.0
 11
27125.2259154293
 21
13103.72752030338
 31
0.0
  0
LINE
  5
A758
330
1F
100
AcDbEntity
  8
WAL
100
AcDbLine
 10
26935.22591512342
 20
13203.72752030386
 30
0.0
 11
27025.22591542884
 21
13203.72752030386
 31
0.0
  0
LINE
  5
A759
330
1F
100
AcDbEntity
  8
WAL
100
AcDbLine
 10
26935.22591550433
 20
10203.72752030479
 30
0.0
 11
27025.22591544484
 21
10203.72752030478
 31
0.0
  0
LINE
  5
A75A
330
1F
100
AcDbEntity
  8
WAL
100
AcDbLine
 10
26935.22591550433
 20
10303.72752030479
 30
0.0
 11
27125.2259154442
 21
10303.72752030479
 31
0.0
  0
LINE
  5
A75B
330
1F
100
AcDbEntity
  8
WAL
100
AcDbLine
 10
24374.56574366876
 20
21055.80904832133
 30
0.0
 11
24438.20535397536
 21
21119.4486586282
 31
0.0
  0
LINE
  5
A75C
330
1F
100
AcDbEntity
  8
WAL
100
AcDbLine
 10
24445.27642178762
 20
20985.09837020288
 30
0.0
 11
24579.62671021257
 21
21119.44865862852
 31
0.0
  0
LINE
  5
A75D
330
1F
100
AcDbEntity
  8
WAL
100
AcDbLine
 10
22085.22591544564
 20
21543.72752032005
 30
0.0
 11
22085.22591544566
 21
21353.7275199492
 31
0.0
  0
LINE
  5
A75E
330
1F
100
AcDbEntity
  8
WAL
100
AcDbLine
 10
22185.22591544565
 20
21443.72752031952
 30
0.0
 11
22185.22591544565
 21
21353.7275199492
 31
0.0
  0
LINE
  5
A75F
330
1F
100
AcDbEntity
  8
WAL
100
AcDbLine
 10
18635.22591545399
 20
21543.72752034472
 30
0.0
 11
18635.22591545398
 21
21353.72752039001
 31
0.0
  0
LINE
  5
A760
330
1F
100
AcDbEntity
  8
WAL
100
AcDbLine
 10
18735.22591545399
 20
21443.7275203442
 30
0.0
 11
18735.22591545398
 21
21353.72752039001
 31
0.0
  0
LINE
  5
A761
330
1F
100
AcDbEntity
  8
WAL
100
AcDbLine
 10
16735.22591544868
 20
21543.72752035828
 30
0.0
 11
16735.22591544868
 21
21353.7275203577
 31
0.0
  0
LINE
  5
A762
330
1F
100
AcDbEntity
  8
WAL
100
AcDbLine
 10
16835.22591544869
 20
21443.72752035779
 30
0.0
 11
16835.22591544868
 21
21353.7275203577
 31
0.0
  0
LINE
  5
A763
330
1F
100
AcDbEntity
  8
WAL
100
AcDbLine
 10
13760.2259154454
 20
21543.72752037972
 30
0.0
 11
13760.22591544542
 21
21353.72752037921
 31
0.0
  0
LINE
  5
A764
330
1F
100
AcDbEntity
  8
WAL
100
AcDbLine
 10
12360.22591544542
 20
21543.7275203883
 30
0.0
 11
12360.22591544542
 21
21353.72752039207
 31
0.0
  0
LINE
  5
A765
330
1F
100
AcDbEntity
  8
WAL
100
AcDbLine
 10
14735.22591544867
 20
21543.7275203726
 30
0.0
 11
14735.22591544868
 21
21353.72752037281
 31
0.0
  0
LINE
  5
A766
330
1F
100
AcDbEntity
  8
WAL
100
AcDbLine
 10
19285.22591544705
 20
21543.72752034007
 30
0.0
 11
19285.22591544705
 21
21353.72752034012
 31
0.0
  0
LINE
  5
A767
330
1F
100
AcDbEntity
  8
WAL
100
AcDbLine
 10
17635.22591545398
 20
21443.72752034993
 30
0.0
 11
17635.22591545398
 21
21353.72752034911
 31
0.0
  0
LINE
  5
A768
330
1F
100
AcDbEntity
  8
WAL
100
AcDbLine
 10
17735.22591545398
 20
21543.727520349
 30
0.0
 11
17735.22591545398
 21
21353.72752034911
 31
0.0
  0
LINE
  5
A769
330
1F
100
AcDbEntity
  8
WAL
100
AcDbLine
 10
18735.22591539536
 20
9763.727520306187
 30
0.0
 11
19185.22591544775
 21
9763.727520306158
 31
0.0
  0
LINE
  5
A76A
330
1F
100
AcDbEntity
  8
WAL
100
AcDbLine
 10
18635.22591539536
 20
9663.727520306187
 30
0.0
 11
19285.22591544775
 21
9663.727520306187
 31
0.0
  0
LINE
  5
A76B
330
1F
100
AcDbEntity
  8
WAL
100
AcDbLine
 10
22185.22591544542
 20
9763.727520306187
 30
0.0
 11
27025.22591544694
 21
9763.727520306187
 31
0.0
  0
LINE
  5
A76C
330
1F
100
AcDbEntity
  8
WAL
100
AcDbLine
 10
22085.22591544541
 20
9663.727520306187
 30
0.0
 11
27125.2259154474
 21
9663.727520306187
 31
0.0
  0
LINE
  5
A76D
330
1F
100
AcDbEntity
  8
WAL
100
AcDbLine
 10
27125.2259154293
 20
13103.72752030386
 30
0.0
 11
27125.22591542476
 21
13953.7275203056
 31
0.0
  0
LINE
  5
A76E
330
1F
100
AcDbEntity
  8
WAL
100
AcDbLine
 10
27025.22591542884
 20
13203.72752030386
 30
0.0
 11
27025.22591542534
 21
13853.7275203056
 31
0.0
  0
LINE
  5
A76F
330
1F
100
AcDbEntity
  8
WAL
100
AcDbLine
 10
27125.22591541399
 20
15953.7275203056
 30
0.0
 11
27125.22591539987
 21
18573.8494534544
 31
0.0
  0
LINE
  5
A770
330
1F
100
AcDbEntity
  8
WAL
100
AcDbLine
 10
26700.94705377671
 20
18998.1283150753
 30
0.0
 11
27125.22591539987
 21
18573.8494534544
 31
0.0
  0
LINE
  5
A771
330
1F
100
AcDbEntity
  8
WAL
100
AcDbLine
 10
19285.22591544705
 20
21543.72752034007
 30
0.0
 11
18635.22591545399
 21
21543.72752034472
 31
0.0
  0
LINE
  5
A772
330
1F
100
AcDbEntity
  8
WAL
100
AcDbLine
 10
19185.2259154464
 20
21443.72752034097
 30
0.0
 11
18735.22591545399
 21
21443.7275203442
 31
0.0
  0
LINE
  5
A773
330
1F
100
AcDbEntity
  8
WAL
100
AcDbLine
 10
17735.22591545398
 20
21543.727520349
 30
0.0
 11
16735.22591544868
 21
21543.72752035828
 31
0.0
  0
LINE
  5
A774
330
1F
100
AcDbEntity
  8
WAL
100
AcDbLine
 10
17635.22591545398
 20
21443.72752034993
 30
0.0
 11
16835.22591544869
 21
21443.72752035779
 31
0.0
  0
LINE
  5
A775
330
1F
100
AcDbEntity
  8
WAL
100
AcDbLine
 10
14735.22591544867
 20
21543.7275203726
 30
0.0
 11
13760.2259154454
 21
21543.72752037972
 31
0.0
  0
LINE
  5
A776
330
1F
100
AcDbEntity
  8
WAL
100
AcDbLine
 10
11845.22591536815
 20
16303.7275201368
 30
0.0
 11
11845.22591536664
 21
15963.72752030665
 31
0.0
  0
LINE
  5
A777
330
1F
100
AcDbEntity
  8
WAL
100
AcDbLine
 10
12345.22591533861
 20
9663.727520306187
 30
0.0
 11
17735.22591539536
 21
9663.727520306187
 31
0.0
  0
LINE
  5
A778
330
1F
100
AcDbEntity
  8
WAL
100
AcDbLine
 10
12445.22591533902
 20
9763.727520306187
 30
0.0
 11
12445.22591534059
 21
10153.72752030814
 31
0.0
  0
LINE
  5
A779
330
1F
100
AcDbEntity
  8
WAL
100
AcDbLine
 10
12345.22591533861
 20
9663.727520306187
 30
0.0
 11
12345.22591534094
 21
10253.7275203085
 31
0.0
  0
LINE
  5
A77A
330
1F
100
AcDbEntity
  8
WAL
100
AcDbLine
 10
12345.22591534996
 20
12153.72752030981
 30
0.0
 11
12345.22591535229
 21
12953.72752009415
 31
0.0
  0
LINE
  5
A77B
330
1F
100
AcDbEntity
  8
WAL
100
AcDbLine
 10
12445.22591535037
 20
12253.72752030839
 30
0.0
 11
12445.22591535194
 21
12853.72752009273
 31
0.0
  0
LINE
  5
A77C
330
1F
100
AcDbEntity
  8
WAL
100
AcDbLine
 10
12535.22591546579
 20
13953.72752013442
 30
0.0
 11
12345.22591535785
 21
13953.72752013652
 31
0.0
  0
LINE
  5
A77D
330
1F
100
AcDbEntity
  8
WAL
100
AcDbLine
 10
12535.22591546719
 20
14053.72752013442
 30
0.0
 11
12445.2259153583
 21
14053.72752013511
 31
0.0
  0
LINE
  5
A77E
330
1F
100
AcDbEntity
  8
WAL
100
AcDbLine
 10
12535.22591535229
 20
12953.72752009076
 30
0.0
 11
12345.22591535229
 21
12953.72752009415
 31
0.0
  0
LINE
  5
A77F
330
1F
100
AcDbEntity
  8
WAL
100
AcDbLine
 10
12535.22591535089
 20
12853.72752009076
 30
0.0
 11
12445.22591535194
 21
12853.72752009273
 31
0.0
  0
LINE
  5
A780
330
1F
100
AcDbEntity
  8
WAL
100
AcDbLine
 10
12535.2259153492
 20
12153.72752030642
 30
0.0
 11
12345.22591534996
 21
12153.72752030981
 31
0.0
  0
LINE
  5
A781
330
1F
100
AcDbEntity
  8
WAL
100
AcDbLine
 10
12535.22591535066
 20
12253.72752030642
 30
0.0
 11
12445.22591535037
 21
12253.72752030839
 31
0.0
  0
LINE
  5
A782
330
1F
100
AcDbEntity
  8
WAL
100
AcDbLine
 10
12535.22591534169
 20
10253.72752030619
 30
0.0
 11
12345.225915341
 21
10253.72752030952
 31
0.0
  0
LINE
  5
A783
330
1F
100
AcDbEntity
  8
WAL
100
AcDbLine
 10
12535.2259153403
 20
10153.72752030619
 30
0.0
 11
12445.22591534059
 21
10153.72752030814
 31
0.0
  0
LINE
  5
A784
330
1F
100
AcDbEntity
  8
WAL
100
AcDbLine
 10
11935.22591536829
 20
16403.72752013639
 30
0.0
 11
11745.22591536867
 21
16403.72752013734
 31
0.0
  0
LINE
  5
A785
330
1F
100
AcDbEntity
  8
WAL
100
AcDbLine
 10
11935.22591536777
 20
16303.72752013639
 30
0.0
 11
11845.22591536815
 21
16303.7275201368
 31
0.0
  0
LINE
  5
A786
330
1F
100
AcDbEntity
  8
WAL
100
AcDbLine
 10
14635.22591544868
 20
21353.72752037281
 30
0.0
 11
14635.22591544868
 21
21443.72752037353
 31
0.0
  0
LINE
  5
A787
330
1F
100
AcDbEntity
  8
WAL
100
AcDbLine
 10
14635.22591544868
 20
21443.72752037353
 30
0.0
 11
13860.22591544542
 21
21443.72752037923
 31
0.0
  0
LINE
  5
A788
330
1F
100
AcDbEntity
  8
WAL
100
AcDbLine
 10
13860.22591544542
 20
21443.72752037923
 30
0.0
 11
13860.22591544542
 21
21353.72752037921
 31
0.0
  0
LWPOLYLINE
  5
A789
330
1F
100
AcDbEntity
  8
WAL
100
AcDbPolyline
 90
4
 70
0
 10
12360.22591544542
 20
21543.7275203883
 10
11745.22591544592
 20
21543.7275203942
 10
11745.22591537483
 20
17403.7275201372
 10
11935.22591537458
 20
17403.72752013639
  0
LINE
  5
A78A
330
1F
100
AcDbEntity
  8
WAL
100
AcDbLine
 10
26935.22591547895
 20
16053.7275203056
 30
0.0
 11
27025.22591541347
 21
16053.7275203056
 31
0.0
  0
LINE
  5
A78B
330
1F
100
AcDbEntity
  8
WAL
100
AcDbLine
 10
27025.22591541347
 20
16053.7275203056
 30
0.0
 11
27025.22591540002
 21
18532.42809721653
 31
0.0
  0
LINE
  5
A78C
330
1F
100
AcDbEntity
  8
WAL
100
AcDbLine
 10
27025.22591540002
 20
18532.42809721653
 30
0.0
 11
26700.94705377694
 21
18856.70695883786
 31
0.0
  0
LINE
  5
A78D
330
1F
100
AcDbEntity
  8
WAL
100
AcDbLine
 10
19185.2259154464
 20
21443.72752034097
 30
0.0
 11
19185.22591544603
 21
21353.72752034084
 31
0.0
  0
LINE
  5
A78E
330
1F
100
AcDbEntity
  8
WAL
100
AcDbLine
 10
26566.59676535142
 20
18863.7780039335
 30
0.0
 11
26700.94706513459
 21
18998.1283037174
 31
0.0
  0
LINE
  5
A78F
330
1F
100
AcDbEntity
  8
WAL
100
AcDbLine
 10
26637.30743211243
 20
18793.06733717301
 30
0.0
 11
26700.94705377694
 21
18856.70695883786
 31
0.0
  0
INSERT
  5
A790
330
1F
100
AcDbEntity
  8
단열재
100
AcDbBlockReference
  2
wertert
 10
-106300.0004328934
 20
0.0004870052216575
 30
0.0
  0
INSERT
  5
A791
330
1F
100
AcDbEntity
  8
SYMBOL
100
AcDbBlockReference
  2
RD
 10
26155.22591540762
 20
9563.727520306187
 30
0.0
 41
100.0
 42
100.0
 43
100.0
 50
90.0
  0
INSERT
  5
A792
330
1F
100
AcDbEntity
  8
SYMBOL
100
AcDbBlockReference
  2
RD
 10
12235.22591545433
 20
21593.72749767369
 30
0.0
 41
100.0
 42
100.0
 43
100.0
 50
90.0
  0
INSERT
  5
A793
330
1F
100
AcDbEntity
  8
SYMBOL
100
AcDbBlockReference
  2
RD
 10
24035.22591544205
 20
21593.7274975842
 30
0.0
 41
100.0
 42
100.0
 43
100.0
 50
90.0
  0
INSERT
  5
A794
330
1F
100
AcDbEntity
  8
감지기
100
AcDbBlockReference
  2
rekjrltert
 10
13165.48541689041
 20
11177.4378169202
 30
0.0
  0
INSERT
  5
A795
330
1F
100
AcDbEntity
  8
감지기
100
AcDbBlockReference
  2
rekjrltert
 10
12960.3532068269
 20
20734.50161816
 30
0.0
  0
INSERT
  5
A796
330
1F
100
AcDbEntity
  8
2SEC
100
AcDbBlockReference
  2
eksdua
 10
14835.22591543595
 20
17953.72749769328
 30
0.0
  0
LWPOLYLINE
  5
A797
330
1F
100
AcDbEntity
  8
COCN
100
AcDbPolyline
 90
4
 70
0
 10
22135.22591544596
 20
9663.727520306507
 10
22135.22591544561
 20
9613.727520322163
 10
19235.22591544682
 20
9613.72752030639
 10
19235.22591544647
 20
9663.727520306507
  0
LWPOLYLINE
  5
A798
330
1F
100
AcDbEntity
  8
COCN
100
AcDbPolyline
 90
4
 70
0
 10
22165.22591544596
 20
9663.727520306187
 10
22165.22591544542
 20
9583.72752032231
 10
19205.22591544701
 20
9583.727520306245
 10
19205.22591544647
 20
9663.727520306187
  0
LWPOLYLINE
  5
A799
330
1F
100
AcDbEntity
  8
COCN
100
AcDbPolyline
 90
4
 70
0
 10
22135.22591546732
 20
21543.72749760302
 10
22135.22591546698
 20
21593.72749758736
 10
19235.22591546818
 20
21593.72749760313
 10
19235.22591546783
 20
21543.72749760302
  0
LWPOLYLINE
  5
A79A
330
1F
100
AcDbEntity
  8
COCN
100
AcDbPolyline
 90
4
 70
0
 10
22165.22591546732
 20
21543.72749760334
 10
22165.22591546679
 20
21623.72749758721
 10
19205.22591546837
 20
21623.72749760328
 10
19205.22591546783
 20
21543.72749760334
  0
INSERT
  5
A79B
330
1F
100
AcDbEntity
  8
RXLEADER
 62
6
100
AcDbBlockReference
  2
*B70
 10
20685.22591546757
 20
21623.72749759525
 30
0.0
1001
XP_RFXLEADER
1000
난간설치
1000
RXANNOT
1000
굴림체
1010
20685.22591546757
1020
21623.72749759525
1030
0.0
1010
20685.22591546757
1020
22041.23010668939
1030
0.0
1010
20871.63742425479
1020
22041.23010668939
1030
0.0
1071
3
1071
0
1071
2
1071
3
1071
100
1040
1.0
1040
2.0
1040
4.175026090941392
1040
1.864115087872196
1040
1.5
1013
0.0
1023
1.0
1033
0.0
1013
1.0
1023
0.0
1033
0.0
  0
INSERT
  5
A79C
330
1F
100
AcDbEntity
  8
RXLEADER
 62
6
100
AcDbBlockReference
  2
*B71
 10
20685.22591545929
 20
9583.727520314278
 30
0.0
1001
XP_RFXLEADER
1000
난간설치
1000
RXANNOT
1000
굴림체
1010
20685.22591545929
1020
9583.727520314278
1030
0.0
1010
20685.22591545929
1020
9166.224911220139
1030
0.0
1010
20871.63742424651
1020
9166.224911220139
1030
0.0
1071
3
1071
0
1071
2
1071
3
1071
100
1040
1.0
1040
2.0
1040
4.175026090941392
1040
1.864115087872196
1040
1.5
1013
0.0
1023
-1.0
1033
0.0
1013
1.0
1023
0.0
1033
0.0
  0
ENDSEC
  0
SECTION
  2
OBJECTS
  0
DICTIONARY
  5
C
330
0
100
AcDbDictionary
281
1
  3
ACAD_CIP_PREVIOUS_PRODUCT_INFO
350
B15B
  3
ACAD_COLOR
350
6B
  3
ACAD_DETAILVIEWSTYLE
350
B150
  3
ACAD_GROUP
350
D
  3
ACAD_LAYOUT
350
1A
  3
ACAD_MATERIAL
350
6A
  3
ACAD_MLEADERSTYLE
350
B14C
  3
ACAD_MLINESTYLE
350
17
  3
ACAD_PLOTSETTINGS
350
19
  3
ACAD_PLOTSTYLENAME
350
E
  3
ACAD_SCALELIST
350
B13A
  3
ACAD_SECTIONVIEWSTYLE
350
B14E
  3
ACAD_TABLESTYLE
350
7E
  3
ACAD_VISUALSTYLE
350
EF
  3
ACDB_RECOMPOSE_DATA
350
B167
  3
AcDbVariableDictionary
350
5E
  3
AEC_CLASSIFICATION_SYSTEM_DEFS
350
10BC
  3
AEC_PROPERTY_SET_DEFS
350
20AD
  3
INERCAD_DICT
350
116
  3
EZDXF_META
350
B1F6
  0
DICTIONARY
  5
82D0
330
8
100
AcDbDictionary
280
1
281
1
  0
DICTIONARY
  5
C99
330
2
100
AcDbDictionary
280
1
281
1
  3
ACAD_LAYERSTATES
360
C9A
  0
DICTIONARY
  5
C65
330
C64
100
AcDbDictionary
280
1
281
1
  3
ADSK_XREC_LAYER_RECONCILED
360
C66
  0
DICTIONARY
  5
C68
330
C67
100
AcDbDictionary
280
1
281
1
  3
ADSK_XREC_LAYER_RECONCILED
360
C69
  0
DICTIONARY
  5
8F7D
330
8F7C
100
AcDbDictionary
280
1
281
1
  3
ADSK_XREC_LAYER_RECONCILED
360
8F7E
  0
DICTIONARY
  5
8F80
330
8F7F
100
AcDbDictionary
280
1
281
1
  3
ADSK_XREC_LAYER_RECONCILED
360
8F81
  0
DICTIONARY
  5
8F83
330
8F82
100
AcDbDictionary
280
1
281
1
  3
ADSK_XREC_LAYER_RECONCILED
360
8F84
  0
DICTIONARY
  5
8F86
330
8F85
100
AcDbDictionary
280
1
281
1
  3
ADSK_XREC_LAYER_RECONCILED
360
8F87
  0
DICTIONARY
  5
8F89
330
8F88
100
AcDbDictionary
280
1
281
1
  3
ADSK_XREC_LAYER_RECONCILED
360
8F8A
  0
DICTIONARY
  5
8F8C
330
8F8B
100
AcDbDictionary
280
1
281
1
  3
ADSK_XREC_LAYER_RECONCILED
360
8F8D
  0
DICTIONARY
  5
8F8F
330
8F8E
100
AcDbDictionary
280
1
281
1
  3
ADSK_XREC_LAYER_RECONCILED
360
8F90
  0
DICTIONARY
  5
8F92
330
8F91
100
AcDbDictionary
280
1
281
1
  3
ADSK_XREC_LAYER_RECONCILED
360
8F93
  0
DICTIONARY
  5
8F95
330
8F94
100
AcDbDictionary
280
1
281
1
  3
ADSK_XREC_LAYER_RECONCILED
360
8F96
  0
DICTIONARY
  5
8F98
330
8F97
100
AcDbDictionary
280
1
281
1
  3
ADSK_XREC_LAYER_RECONCILED
360
8F99
  0
DICTIONARY
  5
8F9B
330
8F9A
100
AcDbDictionary
280
1
281
1
  3
ADSK_XREC_LAYER_RECONCILED
360
8F9C
  0
DICTIONARY
  5
8F9E
330
8F9D
100
AcDbDictionary
280
1
281
1
  3
ADSK_XREC_LAYER_RECONCILED
360
8F9F
  0
DICTIONARY
  5
8FA1
330
8FA0
100
AcDbDictionary
280
1
281
1
  3
ADSK_XREC_LAYER_RECONCILED
360
8FA2
  0
DICTIONARY
  5
8FA9
330
8FA8
100
AcDbDictionary
280
1
281
1
  3
ADSK_XREC_LAYER_RECONCILED
360
8FAA
  0
DICTIONARY
  5
8FAE
330
8FAD
100
AcDbDictionary
280
1
281
1
  3
ADSK_XREC_LAYER_RECONCILED
360
8FAF
  0
DICTIONARY
  5
8FB5
330
8FB4
100
AcDbDictionary
280
1
281
1
  3
ADSK_XREC_LAYER_RECONCILED
360
8FB6
  0
DICTIONARY
  5
3604
330
1F
100
AcDbDictionary
280
1
281
1
  3
ACAD_LAYOUTSELFREF
360
B0C6
  3
ACAD_SORTENTS
360
3605
  0
DICTIONARY
  5
828A
330
D2
100
AcDbDictionary
280
1
281
1
  3
ACAD_LAYOUTSELFREF
360
B0CF
  0
DICTIONARY
  5
828C
330
D6
100
AcDbDictionary
280
1
281
1
  3
ACAD_LAYOUTSELFREF
360
B0D2
  0
DICTIONARY
  5
841B
330
841A
100
AcDbDictionary
280
1
281
1
  3
ACAD_ENHANCEDBLOCK
360
841C
  3
ACAD_SORTENTS
360
841D
  3
AcDbDynamicBlockRoundTripPurgePreventer
360
841E
  0
DICTIONARY
  5
8A87
330
8A86
100
AcDbDictionary
280
1
281
1
  3
ACAD_SORTENTS
360
8A88
  0
DICTIONARY
  5
8AC9
330
8AC8
100
AcDbDictionary
280
1
281
1
  3
ACAD_SORTENTS
360
8ACA
  0
DICTIONARY
  5
8AD2
330
8AD1
100
AcDbDictionary
280
1
281
1
  3
ACAD_SORTENTS
360
8AD3
  0
DICTIONARY
  5
8AED
330
8AEC
100
AcDbDictionary
280
1
281
1
  0
DICTIONARY
  5
8B17
330
8B16
100
AcDbDictionary
280
1
281
1
  3
ACAD_SORTENTS
360
8B18
  0
DICTIONARY
  5
8B27
330
8B26
100
AcDbDictionary
280
1
281
1
  3
ACAD_SORTENTS
360
8B28
  0
DICTIONARY
  5
8B32
330
8B31
100
AcDbDictionary
280
1
281
1
  3
ACAD_SORTENTS
360
8B33
  0
DICTIONARY
  5
8B84
330
8B83
100
AcDbDictionary
280
1
281
1
  3
ACAD_SORTENTS
360
8B85
  0
DICTIONARY
  5
8B8F
330
8B8E
100
AcDbDictionary
280
1
281
1
  0
DICTIONARY
  5
8BBF
330
8BBE
100
AcDbDictionary
280
1
281
1
  3
ACAD_SORTENTS
360
8BC0
  0
DICTIONARY
  5
8BC7
330
8BC6
100
AcDbDictionary
280
1
281
1
  3
ACAD_SORTENTS
360
8BC8
  0
DICTIONARY
  5
8CE4
330
8CE3
100
AcDbDictionary
280
1
281
1
  3
ACAD_SORTENTS
360
8CE5
  0
DICTIONARY
  5
A006
330
A005
100
AcDbDictionary
280
1
281
1
  0
DICTIONARY
  5
A45C
330
A45B
100
AcDbDictionary
280
1
281
1
  0
XRECORD
  5
B15B
102
{ACAD_REACTORS
330
C
102
}
330
C
100
AcDbXrecord
280
1
300
ACD
300
2024
300

  0
DICTIONARY
  5
6B
102
{ACAD_REACTORS
330
C
102
}
330
C
100
AcDbDictionary
281
1
  0
DICTIONARY
  5
B150
102
{ACAD_REACTORS
330
C
102
}
330
C
100
AcDbDictionary
281
1
  3
Metric50
350
B151
  0
DICTIONARY
  5
D
102
{ACAD_REACTORS
330
C
102
}
330
C
100
AcDbDictionary
281
1
  0
DICTIONARY
  5
1A
102
{ACAD_REACTORS
330
C
102
}
330
C
100
AcDbDictionary
281
1
  3
Model
350
22
  3
배치1
350
D3
  3
배치2
350
D7
  0
DICTIONARY
  5
6A
102
{ACAD_REACTORS
330
C
102
}
330
C
100
AcDbDictionary
281
1
  3
ByBlock
350
ED
  3
ByLayer
350
EC
  3
Global
350
EE
  0
DICTIONARY
  5
B14C
102
{ACAD_REACTORS
330
C
102
}
330
C
100
AcDbDictionary
281
1
  3
Standard
350
B14D
  0
DICTIONARY
  5
17
102
{ACAD_REACTORS
330
C
102
}
330
C
100
AcDbDictionary
281
1
  3
Standard
350
18
  0
DICTIONARY
  5
19
102
{ACAD_REACTORS
330
C
102
}
330
C
100
AcDbDictionary
281
1
  0
ACDBDICTIONARYWDFLT
  5
E
102
{ACAD_REACTORS
330
C
102
}
330
C
100
AcDbDictionary
281
1
  3
Normal
350
F
100
AcDbDictionaryWithDefault
340
F
  0
DICTIONARY
  5
B13A
102
{ACAD_REACTORS
330
C
102
}
330
C
100
AcDbDictionary
281
1
  3
A0
350
B13B
  3
A1
350
B13C
  3
A2
350
B13D
  3
A3
350
B13E
  3
A4
350
B13F
  3
A5
350
B140
  3
A6
350
B141
  3
A7
350
B142
  3
A8
350
B143
  3
A9
350
B144
  3
B0
350
B145
  3
B1
350
B146
  3
B2
350
B147
  3
B3
350
B148
  3
B4
350
B149
  3
B5
350
B14A
  3
B6
350
B14B
  0
DICTIONARY
  5
B14E
102
{ACAD_REACTORS
330
C
102
}
330
C
100
AcDbDictionary
281
1
  3
Metric50
350
B14F
  0
DICTIONARY
  5
7E
102
{ACAD_REACTORS
330
C
102
}
330
C
100
AcDbDictionary
281
1
  3
Standard
350
7F
  0
DICTIONARY
  5
EF
102
{ACAD_REACTORS
330
C
102
}
330
C
100
AcDbDictionary
281
1
  3
2dWireframe
350
F5
  3
3D Hidden
350
F7
  3
3dWireframe
350
F6
  3
Basic
350
F4
  3
Brighten
350
FB
  3
ColorChange
350
FF
  3
Conceptual
350
F8
  3
Dim
350
FA
  3
EdgeColorOff
350
B139
  3
Facepattern
350
FE
  3
Flat
350
F0
  3
FlatWithEdges
350
F1
  3
Gouraud
350
F2
  3
GouraudWithEdges
350
F3
  3
Hidden
350
B131
  3
JitterOff
350
B137
  3
Linepattern
350
FD
  3
OverhangOff
350
B138
  3
Realistic
350
F9
  3
Shaded
350
B136
  3
Shaded with edges
350
B135
  3
Shades of Gray
350
B132
  3
Sketchy
350
B133
  3
Thicken
350
FC
  3
Wireframe
350
B130
  3
X-Ray
350
B134
  0
XRECORD
  5
B167
102
{ACAD_REACTORS
330
C
102
}
330
C
100
AcDbXrecord
280
1
 90
1
330
7F
  0
DICTIONARY
  5
5E
102
{ACAD_REACTORS
330
C
102
}
330
C
100
AcDbDictionary
281
1
  3
CANNOSCALE
350
B160
  3
CMLEADERSTYLE
350
B15C
  3
CTABLESTYLE
350
84
  3
CVIEWDETAILSTYLE
350
B15D
  3
CVIEWSECTIONSTYLE
350
B15E
  3
DIMASSOC
350
5F
  3
HIDETEXT
350
63
  3
INDEXCTL
350
8342
  3
LAYEREVAL
350
B162
  3
LAYERNOTIFY
350
B163
  3
LIGHTINGUNITS
350
B161
  3
MSLTSCALE
350
B15F
  3
SORTENTS
350
8341
  0
DICTIONARY
  5
10BC
102
{ACAD_REACTORS
330
C
102
}
330
C
100
AcDbDictionary
281
1
  0
DICTIONARY
  5
20AD
102
{ACAD_REACTORS
330
C
102
}
330
C
100
AcDbDictionary
281
1
  0
DICTIONARY
  5
116
102
{ACAD_REACTORS
330
C
102
}
330
C
100
AcDbDictionary
281
1
  3
RFXINFO_OBJ
350
117
  0
DICTIONARY
  5
C9A
102
{ACAD_REACTORS
330
C99
102
}
330
C99
100
AcDbDictionary
281
1
  0
XRECORD
  5
C66
102
{ACAD_REACTORS
330
C65
102
}
330
C65
100
AcDbXrecord
280
1
290
1
  0
XRECORD
  5
C69
102
{ACAD_REACTORS
330
C68
102
}
330
C68
100
AcDbXrecord
280
1
290
1
  0
XRECORD
  5
8F7E
102
{ACAD_REACTORS
330
8F7D
102
}
330
8F7D
100
AcDbXrecord
280
1
290
1
  0
XRECORD
  5
8F81
102
{ACAD_REACTORS
330
8F80
102
}
330
8F80
100
AcDbXrecord
280
1
290
1
  0
XRECORD
  5
8F84
102
{ACAD_REACTORS
330
8F83
102
}
330
8F83
100
AcDbXrecord
280
1
290
1
  0
XRECORD
  5
8F87
102
{ACAD_REACTORS
330
8F86
102
}
330
8F86
100
AcDbXrecord
280
1
290
1
  0
XRECORD
  5
8F8A
102
{ACAD_REACTORS
330
8F89
102
}
330
8F89
100
AcDbXrecord
280
1
290
1
  0
XRECORD
  5
8F8D
102
{ACAD_REACTORS
330
8F8C
102
}
330
8F8C
100
AcDbXrecord
280
1
290
1
  0
XRECORD
  5
8F90
102
{ACAD_REACTORS
330
8F8F
102
}
330
8F8F
100
AcDbXrecord
280
1
290
1
  0
XRECORD
  5
8F93
102
{ACAD_REACTORS
330
8F92
102
}
330
8F92
100
AcDbXrecord
280
1
290
1
  0
XRECORD
  5
8F96
102
{ACAD_REACTORS
330
8F95
102
}
330
8F95
100
AcDbXrecord
280
1
290
1
  0
XRECORD
  5
8F99
102
{ACAD_REACTORS
330
8F98
102
}
330
8F98
100
AcDbXrecord
280
1
290
1
  0
XRECORD
  5
8F9C
102
{ACAD_REACTORS
330
8F9B
102
}
330
8F9B
100
AcDbXrecord
280
1
290
1
  0
XRECORD
  5
8F9F
102
{ACAD_REACTORS
330
8F9E
102
}
330
8F9E
100
AcDbXrecord
280
1
290
1
  0
XRECORD
  5
8FA2
102
{ACAD_REACTORS
330
8FA1
102
}
330
8FA1
100
AcDbXrecord
280
1
290
1
  0
XRECORD
  5
8FAA
102
{ACAD_REACTORS
330
8FA9
102
}
330
8FA9
100
AcDbXrecord
280
1
290
1
  0
XRECORD
  5
8FAF
102
{ACAD_REACTORS
330
8FAE
102
}
330
8FAE
100
AcDbXrecord
280
1
290
1
  0
XRECORD
  5
8FB6
102
{ACAD_REACTORS
330
8FB5
102
}
330
8FB5
100
AcDbXrecord
280
1
290
1
  0
XRECORD
  5
B0C6
102
{ACAD_REACTORS
330
3604
102
}
330
3604
100
AcDbXrecord
280
1
340
1F
  0
SORTENTSTABLE
  5
3605
102
{ACAD_REACTORS
330
3604
102
}
330
3604
100
AcDbSortentsTable
330
1F
331
13C
  5
2136
  0
XRECORD
  5
B0CF
102
{ACAD_REACTORS
330
828A
102
}
330
828A
100
AcDbXrecord
280
1
340
D2
  0
XRECORD
  5
B0D2
102
{ACAD_REACTORS
330
828C
102
}
330
828C
100
AcDbXrecord
280
1
340
D6
  0
ACAD_EVALUATION_GRAPH
  5
841C
102
{ACAD_REACTORS
330
841B
102
}
330
841B
100
AcDbEvalGraph
 96
0
 97
0
  0
SORTENTSTABLE
  5
841D
102
{ACAD_REACTORS
330
841B
102
}
330
841B
100
AcDbSortentsTable
330
841A
  0
ACDB_DYNAMICBLOCKPURGEPREVENTER_VERSION
  5
841E
102
{ACAD_REACTORS
330
841B
102
}
330
841B
100
AcDbDynamicBlockPurgePreventer
 70
1
  0
SORTENTSTABLE
  5
8A88
102
{ACAD_REACTORS
330
8A87
102
}
330
8A87
100
AcDbSortentsTable
330
8A86
  0
SORTENTSTABLE
  5
8ACA
102
{ACAD_REACTORS
330
8AC9
102
}
330
8AC9
100
AcDbSortentsTable
330
8AC8
  0
SORTENTSTABLE
  5
8AD3
102
{ACAD_REACTORS
330
8AD2
102
}
330
8AD2
100
AcDbSortentsTable
330
8AD1
  0
SORTENTSTABLE
  5
8B18
102
{ACAD_REACTORS
330
8B17
102
}
330
8B17
100
AcDbSortentsTable
330
8B16
  0
SORTENTSTABLE
  5
8B28
102
{ACAD_REACTORS
330
8B27
102
}
330
8B27
100
AcDbSortentsTable
330
8B26
  0
SORTENTSTABLE
  5
8B33
102
{ACAD_REACTORS
330
8B32
102
}
330
8B32
100
AcDbSortentsTable
330
8B31
  0
SORTENTSTABLE
  5
8B85
102
{ACAD_REACTORS
330
8B84
102
}
330
8B84
100
AcDbSortentsTable
330
8B83
  0
SORTENTSTABLE
  5
8BC0
102
{ACAD_REACTORS
330
8BBF
102
}
330
8BBF
100
AcDbSortentsTable
330
8BBE
  0
SORTENTSTABLE
  5
8BC8
102
{ACAD_REACTORS
330
8BC7
102
}
330
8BC7
100
AcDbSortentsTable
330
8BC6
  0
SORTENTSTABLE
  5
8CE5
102
{ACAD_REACTORS
330
8CE4
102
}
330
8CE4
100
AcDbSortentsTable
330
8CE3
  0
ACDBDETAILVIEWSTYLE
  5
B151
102
{ACAD_XDICTIONARY
360
B16A
102
}
102
{ACAD_REACTORS
330
B150
102
}
330
B150
100
AcDbModelDocViewStyle
 70
0
  3
Metric50
290
0
100
AcDbDetailViewStyle
 70
0
 71
0
 90
3
 71
1
340
11
 62
256
 40
5.0
340
0
 62
256
 40
5.0
300

 40
0.0
280
1
 71
2
340
16
 90
25
 62
256
 71
3
340
11
 62
256
 40
5.0
 90
0
 40
15.0
 90
1
300
%<\AcVar ViewDetailId>% (%<\AcVar ViewScale \f "%sn">%)
 71
4
340
16
 90
25
 62
256
340
16
 90
25
 62
256
280
0
  0
LAYOUT
  5
22
102
{ACAD_REACTORS
330
1A
102
}
330
1A
100
AcDbPlotSettings
  1

  2
none_device
  4
ISO_A4_(210.00_x_297.00_MM)
  6

 40
7.5
 41
20.0
 42
7.5
 43
20.0
 44
210.0
 45
297.0
 46
11.54999923706054
 47
-13.65000009536743
 48
0.0
 49
0.0
140
0.0
141
0.0
142
1.0
143
8.704084754739808
 70
11952
 72
1
 73
0
 74
0
  7

 75
0
 76
0
 77
2
 78
300
147
0.1148885871608098
148
0.0
149
0.0
100
AcDbLayout
  1
Model
 70
1
 71
0
 10
0.0
 20
0.0
 11
12.0
 21
9.0
 12
0.0
 22
0.0
 32
0.0
 14
0.0
 24
0.0
 34
0.0
 15
0.0
 25
0.0
 35
0.0
146
0.0
 13
0.0
 23
0.0
 33
0.0
 16
1.0
 26
0.0
 36
0.0
 17
0.0
 27
1.0
 37
0.0
 76
0
330
1F
331
EA
1001
ACAD_PSEXT
1000
None
1000
None
1000
Not applicable
1000
The layout will not be plotted unless a new plotter configuration name is selected.
1070
0
  0
LAYOUT
  5
D3
102
{ACAD_REACTORS
330
1A
102
}
330
1A
100
AcDbPlotSettings
  1

  2
C:\Documents and Settings\user\Application Data\Autodesk\AutoCAD 2005\R16.1\enu\plotters\Default Windows System Printer.pc3
  4

  6

 40
0.0
 41
0.0
 42
0.0
 43
0.0
 44
0.0
 45
0.0
 46
0.0
 47
0.0
 48
0.0
 49
0.0
140
0.0
141
0.0
142
1.0
143
1.0
 70
688
 72
0
 73
0
 74
5
  7

 75
16
 76
0
 77
2
 78
300
147
1.0
148
0.0
149
0.0
100
AcDbLayout
  1
배치1
 70
1
 71
1
 10
0.0
 20
0.0
 11
12.0
 21
9.0
 12
0.0
 22
0.0
 32
0.0
 14
0.0
 24
0.0
 34
0.0
 15
0.0
 25
0.0
 35
0.0
146
0.0
 13
0.0
 23
0.0
 33
0.0
 16
1.0
 26
0.0
 36
0.0
 17
0.0
 27
1.0
 37
0.0
 76
0
330
D2
  0
LAYOUT
  5
D7
102
{ACAD_REACTORS
330
1A
102
}
330
1A
100
AcDbPlotSettings
  1

  2
C:\Documents and Settings\user\Application Data\Autodesk\AutoCAD 2005\R16.1\enu\plotters\Default Windows System Printer.pc3
  4

  6

 40
0.0
 41
0.0
 42
0.0
 43
0.0
 44
0.0
 45
0.0
 46
0.0
 47
0.0
 48
0.0
 49
0.0
140
0.0
141
0.0
142
1.0
143
1.0
 70
688
 72
0
 73
0
 74
5
  7

 75
16
 76
0
 77
2
 78
300
147
1.0
148
0.0
149
0.0
100
AcDbLayout
  1
배치2
 70
1
 71
2
 10
0.0
 20
0.0
 11
12.0
 21
9.0
 12
0.0
 22
0.0
 32
0.0
 14
0.0
 24
0.0
 34
0.0
 15
0.0
 25
0.0
 35
0.0
146
0.0
 13
0.0
 23
0.0
 33
0.0
 16
1.0
 26
0.0
 36
0.0
 17
0.0
 27
1.0
 37
0.0
 76
0
330
D6
  0
MATERIAL
  5
ED
102
{ACAD_REACTORS
330
6A
102
}
330
6A
100
AcDbMaterial
  1
BYBLOCK
  2

 70
0
 40
1.0
 71
0
 41
1.0
 91
-1023410177
 42
1.0
 72
1
  3

 73
1
 74
1
 75
1
 44
0.5
 73
0
 45
1.0
 46
1.0
 77
1
  4

 78
1
 79
1
170
1
 48
1.0
171
1
  6

172
1
173
1
174
1
140
1.0
141
1.0
175
1
  7

176
1
177
1
178
1
143
1.0
179
1
  8

270
1
271
1
272
1
145
1.0
146
1.0
273
1
  9

274
1
275
1
276
1
 42
1.0
 72
1
  3

 73
1
 74
1
 75
1
 94
63
  0
MATERIAL
  5
EC
102
{ACAD_REACTORS
330
6A
102
}
330
6A
100
AcDbMaterial
  1
BYLAYER
  2

 70
0
 40
1.0
 71
0
 41
1.0
 91
-1023410177
 42
1.0
 72
1
  3

 73
1
 74
1
 75
1
 44
0.5
 73
0
 45
1.0
 46
1.0
 77
1
  4

 78
1
 79
1
170
1
 48
1.0
171
1
  6

172
1
173
1
174
1
140
1.0
141
1.0
175
1
  7

176
1
177
1
178
1
143
1.0
179
1
  8

270
1
271
1
272
1
145
1.0
146
1.0
273
1
  9

274
1
275
1
276
1
 42
1.0
 72
1
  3

 73
1
 74
1
 75
1
 94
63
  0
MATERIAL
  5
EE
102
{ACAD_REACTORS
330
6A
102
}
330
6A
100
AcDbMaterial
  1
GLOBAL
  2

 70
0
 40
1.0
 71
0
 41
1.0
 91
-1023410177
 42
1.0
 72
1
  3

 73
1
 74
1
 75
1
 44
0.5
 73
0
 45
1.0
 46
1.0
 77
1
  4

 78
1
 79
1
170
1
 48
1.0
171
1
  6

172
1
173
1
174
1
140
1.0
141
1.0
175
1
  7

176
1
177
1
178
1
143
1.0
179
1
  8

270
1
271
1
272
1
145
1.0
146
1.0
273
1
  9

274
1
275
1
276
1
 42
1.0
 72
1
  3

 73
1
 74
1
 75
1
 94
63
  0
MLEADERSTYLE
  5
B14D
102
{ACAD_REACTORS
330
B14C
102
}
330
B14C
100
AcDbMLeaderStyle
179
2
170
2
171
1
172
0
 90
2
 40
0.0
 41
0.0
173
1
 91
-1056964608
340
14
 92
-2
290
1
 42
2.0
291
1
 43
0.36
  3
Standard
 44
4.0
300

342
11
174
1
175
1
176
0
178
6
 93
-1056964608
 45
4.0
292
0
297
0
 46
4.0
293
1
 94
-1056964608
 47
1.0
 49
1.0
140
1.0
294
1
141
0.0
177
0
142
1.0
295
0
296
0
143
0.125
271
0
272
9
273
9
298
1
  0
MLINESTYLE
  5
18
102
{ACAD_REACTORS
330
17
102
}
330
17
100
AcDbMlineStyle
  2
STANDARD
 70
0
  3

 62
256
 51
90.0
 52
90.0
 71
2
 49
0.5
 62
256
  6
BYLAYER
 49
-0.5
 62
256
  6
BYLAYER
  0
ACDBPLACEHOLDER
  5
F
102
{ACAD_REACTORS
330
E
102
}
330
E
  0
SCALE
  5
B13B
102
{ACAD_REACTORS
330
B13A
102
}
330
B13A
100
AcDbScale
 70
0
300
1:1
140
1.0
141
1.0
290
1
  0
SCALE
  5
B13C
102
{ACAD_REACTORS
330
B13A
102
}
330
B13A
100
AcDbScale
 70
0
300
1:2
140
1.0
141
2.0
290
0
  0
SCALE
  5
B13D
102
{ACAD_REACTORS
330
B13A
102
}
330
B13A
100
AcDbScale
 70
0
300
1:4
140
1.0
141
4.0
290
0
  0
SCALE
  5
B13E
102
{ACAD_REACTORS
330
B13A
102
}
330
B13A
100
AcDbScale
 70
0
300
1:5
140
1.0
141
5.0
290
0
  0
SCALE
  5
B13F
102
{ACAD_REACTORS
330
B13A
102
}
330
B13A
100
AcDbScale
 70
0
300
1:8
140
1.0
141
8.0
290
0
  0
SCALE
  5
B140
102
{ACAD_REACTORS
330
B13A
102
}
330
B13A
100
AcDbScale
 70
0
300
1:10
140
1.0
141
10.0
290
0
  0
SCALE
  5
B141
102
{ACAD_REACTORS
330
B13A
102
}
330
B13A
100
AcDbScale
 70
0
300
1:16
140
1.0
141
16.0
290
0
  0
SCALE
  5
B142
102
{ACAD_REACTORS
330
B13A
102
}
330
B13A
100
AcDbScale
 70
0
300
1:20
140
1.0
141
20.0
290
0
  0
SCALE
  5
B143
102
{ACAD_REACTORS
330
B13A
102
}
330
B13A
100
AcDbScale
 70
0
300
1:30
140
1.0
141
30.0
290
0
  0
SCALE
  5
B144
102
{ACAD_REACTORS
330
B13A
102
}
330
B13A
100
AcDbScale
 70
0
300
1:40
140
1.0
141
40.0
290
0
  0
SCALE
  5
B145
102
{ACAD_REACTORS
330
B13A
102
}
330
B13A
100
AcDbScale
 70
0
300
1:50
140
1.0
141
50.0
290
0
  0
SCALE
  5
B146
102
{ACAD_REACTORS
330
B13A
102
}
330
B13A
100
AcDbScale
 70
0
300
1:100
140
1.0
141
100.0
290
0
  0
SCALE
  5
B147
102
{ACAD_REACTORS
330
B13A
102
}
330
B13A
100
AcDbScale
 70
0
300
2:1
140
2.0
141
1.0
290
0
  0
SCALE
  5
B148
102
{ACAD_REACTORS
330
B13A
102
}
330
B13A
100
AcDbScale
 70
0
300
4:1
140
4.0
141
1.0
290
0
  0
SCALE
  5
B149
102
{ACAD_REACTORS
330
B13A
102
}
330
B13A
100
AcDbScale
 70
0
300
8:1
140
8.0
141
1.0
290
0
  0
SCALE
  5
B14A
102
{ACAD_REACTORS
330
B13A
102
}
330
B13A
100
AcDbScale
 70
0
300
10:1
140
10.0
141
1.0
290
0
  0
SCALE
  5
B14B
102
{ACAD_REACTORS
330
B13A
102
}
330
B13A
100
AcDbScale
 70
0
300
100:1
140
100.0
141
1.0
290
0
  0
ACDBSECTIONVIEWSTYLE
  5
B14F
102
{ACAD_XDICTIONARY
360
B168
102
}
102
{ACAD_REACTORS
330
B14E
102
}
330
B14E
100
AcDbModelDocViewStyle
 70
0
  3
Metric50
290
0
100
AcDbSectionViewStyle
 70
0
 71
0
 90
102
 71
1
340
11
 62
256
 40
5.0
340
0
340
0
 62
256
 40
5.0
300
I, O, Q, S, X, Z
 40
10.0
 90
0
 40
2.5
 90
0
 71
2
340
16
 90
25
 62
256
340
16
 90
50
 62
256
 40
5.0
 40
2.5
 40
5.0
 71
3
340
11
 62
256
 40
5.0
 90
0
 40
15.0
 90
1
300
%<\AcVar ViewSectionStartId>%-%<\AcVar ViewSectionEndId>% (%<\AcVar ViewScale \f "%sn">%)
 71
4
 62
256
 62
257
300
ANSI31
 40
1.0
 90
0
290
0
290
0
 90
6
 40
0.0
 40
1.570796326794896
 40
0.2617993877991494
 40
1.308996938995747
 40
-0.2617993877991494
 40
1.832595714594046
  0
TABLESTYLE
  5
7F
102
{ACAD_XDICTIONARY
360
B165
102
}
102
{ACAD_REACTORS
330
7E
102
}
330
7E
100
AcDbTableStyle
280
0
  3
Standard
 70
0
 71
0
 40
1.5
 41
1.5
280
0
281
0
  7
Standard
140
4.5
170
2
 62
0
 63
7
283
0
 90
512
 91
0
  1

274
-2
284
1
 64
0
275
-2
285
1
 65
0
276
-2
286
1
 66
0
277
-2
287
1
 67
0
278
-2
288
1
 68
0
279
-2
289
1
 69
0
  7
Standard
140
6.0
170
5
 62
0
 63
7
283
0
 90
512
 91
0
  1

274
-2
284
1
 64
0
275
-2
285
1
 65
0
276
-2
286
1
 66
0
277
-2
287
1
 67
0
278
-2
288
1
 68
0
279
-2
289
1
 69
0
  7
Standard
140
4.5
170
5
 62
0
 63
7
283
0
 90
512
 91
0
  1

274
-2
284
1
 64
0
275
-2
285
1
 65
0
276
-2
286
1
 66
0
277
-2
287
1
 67
0
278
-2
288
1
 68
0
279
-2
289
1
 69
0
  0
VISUALSTYLE
  5
F5
102
{ACAD_REACTORS
330
EF
102
}
330
EF
100
AcDbVisualStyle
  2
2dWireframe
 70
4
177
3
291
0
 70
58
 90
0
176
1
 90
2
176
1
 90
1
176
1
 90
0
176
1
 40
0.6
176
1
 40
30.0
176
1
 62
7
176
1
 90
1
176
1
 90
4
176
1
 62
7
176
1
 62
257
176
1
 90
1
176
1
 90
1
176
1
 40
1.0
176
1
 90
0
176
1
 62
257
176
1
 40
1.0
176
1
 90
1
176
1
 90
6
176
1
 90
2
176
1
 62
7
176
1
 90
5
176
1
 90
0
176
1
 90
0
176
1
290
0
176
1
 90
1
176
1
 40
0.0
176
1
 90
0
176
1
290
1
176
1
290
1
176
1
290
0
176
1
290
0
176
1
290
0
176
1
290
0
176
1
290
0
176
1
290
0
176
1
290
0
176
1
 90
50
176
1
 40
0.0
176
1
 40
1.0
176
1
 90
0
176
1
 62
18
420
0
176
1
 90
50
176
1
 90
3
176
1
 62
5
420
255
176
1
290
0
176
1
 90
50
176
1
 90
50
176
1
 90
50
176
1
290
0
176
1
 90
50
176
1
 62
256
176
0
 40
1.0
176
0
 90
2
176
1
  1
strokes_ogs.tif
176
1
290
0
176
1
 40
1.0
176
1
 40
1.0
176
1
1001
ACAD
1000
AcDbSavedByObjectVersion
1070
0
  0
VISUALSTYLE
  5
F7
102
{ACAD_REACTORS
330
EF
102
}
330
EF
100
AcDbVisualStyle
  2
3D Hidden
 70
6
177
3
291
0
 70
58
 90
1
176
1
 90
2
176
1
 90
2
176
1
 90
0
176
1
 40
0.6
176
1
 40
30.0
176
1
 62
7
176
1
 90
2
176
1
 90
2
176
1
 62
7
176
1
 62
257
176
1
 90
2
176
1
 90
1
176
1
 40
40.0
176
1
 90
0
176
1
 62
257
176
1
 40
1.0
176
1
 90
1
176
1
 90
6
176
1
 90
2
176
1
 62
7
176
1
 90
3
176
1
 90
0
176
1
 90
0
176
1
290
0
176
1
 90
1
176
1
 40
0.0
176
1
 90
0
176
1
290
0
176
1
290
1
176
1
290
1
176
1
290
0
176
1
290
0
176
1
290
0
176
1
290
0
176
1
290
0
176
1
290
0
176
1
 90
50
176
1
 40
0.0
176
1
 40
1.0
176
1
 90
0
176
1
 62
18
420
0
176
1
 90
50
176
1
 90
3
176
1
 62
5
420
255
176
1
290
0
176
1
 90
50
176
1
 90
50
176
1
 90
50
176
1
290
0
176
1
 90
50
176
1
 62
256
176
0
 40
1.0
176
0
 90
2
176
1
  1
strokes_ogs.tif
176
1
290
0
176
1
 40
1.0
176
1
 40
1.0
176
1
1001
ACAD
1000
AcDbSavedByObjectVersion
1070
0
  0
VISUALSTYLE
  5
F6
102
{ACAD_REACTORS
330
EF
102
}
330
EF
100
AcDbVisualStyle
  2
3dWireframe
 70
5
177
3
291
0
 70
58
 90
0
176
1
 90
2
176
1
 90
1
176
1
 90
0
176
1
 40
0.6
176
1
 40
30.0
176
1
 62
7
176
1
 90
1
176
1
 90
4
176
1
 62
7
176
1
 62
257
176
1
 90
1
176
1
 90
1
176
1
 40
1.0
176
1
 90
0
176
1
 62
257
176
1
 40
1.0
176
1
 90
1
176
1
 90
6
176
1
 90
2
176
1
 62
7
176
1
 90
5
176
1
 90
0
176
1
 90
0
176
1
290
0
176
1
 90
1
176
1
 40
0.0
176
1
 90
0
176
1
290
0
176
1
290
1
176
1
290
1
176
1
290
0
176
1
290
0
176
1
290
0
176
1
290
0
176
1
290
0
176
1
290
0
176
1
 90
50
176
1
 40
0.0
176
1
 40
1.0
176
1
 90
0
176
1
 62
18
420
0
176
1
 90
50
176
1
 90
3
176
1
 62
5
420
255
176
1
290
0
176
1
 90
50
176
1
 90
50
176
1
 90
50
176
1
290
0
176
1
 90
50
176
1
 62
256
176
0
 40
1.0
176
0
 90
2
176
1
  1
strokes_ogs.tif
176
1
290
0
176
1
 40
1.0
176
1
 40
1.0
176
1
1001
ACAD
1000
AcDbSavedByObjectVersion
1070
0
  0
VISUALSTYLE
  5
F4
102
{ACAD_REACTORS
330
EF
102
}
330
EF
100
AcDbVisualStyle
  2
Basic
 70
7
177
3
291
1
 70
58
 90
1
176
1
 90
0
176
1
 90
1
176
1
 90
0
176
1
 40
0.6
176
1
 40
30.0
176
1
 62
7
176
1
 90
0
176
1
 90
4
176
1
 62
7
176
1
 62
257
176
1
 90
1
176
1
 90
1
176
1
 40
1.0
176
1
 90
8
176
1
 62
7
176
1
 40
1.0
176
1
 90
1
176
1
 90
6
176
1
 90
2
176
1
 62
7
176
1
 90
5
176
1
 90
0
176
1
 90
0
176
1
290
0
176
1
 90
1
176
1
 40
0.0
176
1
 90
0
176
1
290
0
176
1
290
1
176
1
290
1
176
1
290
0
176
1
290
0
176
1
290
0
176
1
290
0
176
1
290
0
176
1
290
0
176
1
 90
50
176
1
 40
0.0
176
1
 40
1.0
176
1
 90
0
176
1
 62
18
420
0
176
1
 90
50
176
1
 90
3
176
1
 62
5
420
255
176
1
290
0
176
1
 90
50
176
1
 90
50
176
1
 90
50
176
1
290
0
176
1
 90
50
176
1
 62
256
176
0
 40
1.0
176
0
 90
2
176
1
  1
strokes_ogs.tif
176
1
290
0
176
1
 40
1.0
176
1
 40
1.0
176
1
1001
ACAD
1000
AcDbSavedByObjectVersion
1070
0
  0
VISUALSTYLE
  5
FB
102
{ACAD_REACTORS
330
EF
102
}
330
EF
100
AcDbVisualStyle
  2
Brighten
 70
12
177
3
291
1
 70
58
 90
2
176
1
 90
2
176
1
 90
1
176
1
 90
0
176
1
 40
0.6
176
1
 40
30.0
176
1
 62
7
176
1
 90
1
176
1
 90
4
176
1
 62
7
176
1
 62
257
176
1
 90
1
176
1
 90
1
176
1
 40
1.0
176
1
 90
8
176
1
 62
7
176
1
 40
1.0
176
1
 90
1
176
1
 90
6
176
1
 90
2
176
1
 62
7
176
1
 90
5
176
1
 90
0
176
1
 90
0
176
1
290
0
176
1
 90
1
176
1
 40
50.0
176
1
 90
0
176
1
290
0
176
1
290
1
176
1
290
1
176
1
290
0
176
1
290
0
176
1
290
0
176
1
290
0
176
1
290
0
176
1
290
0
176
1
 90
50
176
1
 40
0.0
176
1
 40
1.0
176
1
 90
0
176
1
 62
18
420
0
176
1
 90
50
176
1
 90
3
176
1
 62
5
420
255
176
1
290
0
176
1
 90
50
176
1
 90
50
176
1
 90
50
176
1
290
0
176
1
 90
50
176
1
 62
256
176
0
 40
1.0
176
0
 90
2
176
1
  1
strokes_ogs.tif
176
1
290
0
176
1
 40
1.0
176
1
 40
1.0
176
1
1001
ACAD
1000
AcDbSavedByObjectVersion
1070
0
  0
VISUALSTYLE
  5
FF
102
{ACAD_REACTORS
330
EF
102
}
330
EF
100
AcDbVisualStyle
  2
ColorChange
 70
16
177
3
291
1
 70
58
 90
2
176
1
 90
2
176
1
 90
3
176
1
 90
0
176
1
 40
0.6
176
1
 40
30.0
176
1
 62
8
176
1
 90
1
176
1
 90
4
176
1
 62
7
176
1
 62
257
176
1
 90
1
176
1
 90
1
176
1
 40
1.0
176
1
 90
8
176
1
 62
8
176
1
 40
1.0
176
1
 90
1
176
1
 90
6
176
1
 90
2
176
1
 62
7
176
1
 90
5
176
1
 90
0
176
1
 90
0
176
1
290
0
176
1
 90
1
176
1
 40
0.0
176
1
 90
0
176
1
290
0
176
1
290
1
176
1
290
1
176
1
290
0
176
1
290
0
176
1
290
0
176
1
290
0
176
1
290
0
176
1
290
0
176
1
 90
50
176
1
 40
0.0
176
1
 40
1.0
176
1
 90
0
176
1
 62
18
420
0
176
1
 90
50
176
1
 90
3
176
1
 62
5
420
255
176
1
290
0
176
1
 90
50
176
1
 90
50
176
1
 90
50
176
1
290
0
176
1
 90
50
176
1
 62
256
176
0
 40
1.0
176
0
 90
2
176
1
  1
strokes_ogs.tif
176
1
290
0
176
1
 40
1.0
176
1
 40
1.0
176
1
1001
ACAD
1000
AcDbSavedByObjectVersion
1070
0
  0
VISUALSTYLE
  5
F8
102
{ACAD_REACTORS
330
EF
102
}
330
EF
100
AcDbVisualStyle
  2
Conceptual
 70
9
177
3
291
0
 70
58
 90
3
176
1
 90
2
176
1
 90
1
176
1
 90
0
176
1
 40
0.6
176
1
 40
30.0
176
1
 62
7
176
1
 90
2
176
1
 90
2
176
1
 62
7
176
1
 62
257
176
1
 90
1
176
1
 90
1
176
1
 40
40.0
176
1
 90
8
176
1
 62
7
176
1
 40
1.0
176
1
 90
1
176
1
 90
6
176
1
 90
2
176
1
 62
7
176
1
 90
3
176
1
 90
0
176
1
 90
0
176
1
290
0
176
1
 90
1
176
1
 40
0.0
176
1
 90
0
176
1
290
0
176
1
290
1
176
1
290
1
176
1
290
0
176
1
290
0
176
1
290
0
176
1
290
0
176
1
290
0
176
1
290
0
176
1
 90
50
176
1
 40
0.0
176
1
 40
1.0
176
1
 90
0
176
1
 62
18
420
0
176
1
 90
50
176
1
 90
3
176
1
 62
5
420
255
176
1
290
0
176
1
 90
50
176
1
 90
50
176
1
 90
50
176
1
290
0
176
1
 90
50
176
1
 62
256
176
0
 40
1.0
176
0
 90
2
176
1
  1
strokes_ogs.tif
176
1
290
0
176
1
 40
1.0
176
1
 40
1.0
176
1
1001
ACAD
1000
AcDbSavedByObjectVersion
1070
0
  0
VISUALSTYLE
  5
FA
102
{ACAD_REACTORS
330
EF
102
}
330
EF
100
AcDbVisualStyle
  2
Dim
 70
11
177
3
291
1
 70
58
 90
2
176
1
 90
2
176
1
 90
1
176
1
 90
0
176
1
 40
0.6
176
1
 40
30.0
176
1
 62
7
176
1
 90
1
176
1
 90
4
176
1
 62
7
176
1
 62
257
176
1
 90
1
176
1
 90
1
176
1
 40
1.0
176
1
 90
8
176
1
 62
7
176
1
 40
1.0
176
1
 90
1
176
1
 90
6
176
1
 90
2
176
1
 62
7
176
1
 90
5
176
1
 90
0
176
1
 90
0
176
1
290
0
176
1
 90
1
176
1
 40
-50.0
176
1
 90
0
176
1
290
0
176
1
290
1
176
1
290
1
176
1
290
0
176
1
290
0
176
1
290
0
176
1
290
0
176
1
290
0
176
1
290
0
176
1
 90
50
176
1
 40
0.0
176
1
 40
1.0
176
1
 90
0
176
1
 62
18
420
0
176
1
 90
50
176
1
 90
3
176
1
 62
5
420
255
176
1
290
0
176
1
 90
50
176
1
 90
50
176
1
 90
50
176
1
290
0
176
1
 90
50
176
1
 62
256
176
0
 40
1.0
176
0
 90
2
176
1
  1
strokes_ogs.tif
176
1
290
0
176
1
 40
1.0
176
1
 40
1.0
176
1
1001
ACAD
1000
AcDbSavedByObjectVersion
1070
0
  0
VISUALSTYLE
  5
B139
102
{ACAD_REACTORS
330
EF
102
}
330
EF
100
AcDbVisualStyle
  2
EdgeColorOff
 70
22
177
3
291
1
 70
58
 90
2
176
0
 90
2
176
0
 90
0
176
0
 90
0
176
0
 40
0.6
176
0
 40
30.0
176
0
 62
7
420
16777215
176
0
 90
1
176
0
 90
4
176
0
 62
7
176
0
 62
257
176
0
 90
1
176
0
 90
1
176
0
 40
1.0
176
0
 90
8
176
2
 62
7
176
0
 40
1.0
176
0
 90
1
176
0
 90
6
176
0
 90
2
176
0
 62
7
176
0
 90
5
176
0
 90
0
176
0
 90
0
176
0
290
0
176
0
 90
1
176
0
 40
0.0
176
0
 90
0
176
0
290
0
176
0
290
1
176
0
290
1
176
0
290
0
176
0
290
0
176
0
290
0
176
0
290
0
176
0
290
0
176
0
290
0
176
0
 90
50
176
0
 40
0.0
176
0
 40
1.0
176
0
 90
0
176
0
 62
18
420
0
176
0
 90
50
176
0
 90
3
176
0
 62
5
420
255
176
0
290
0
176
0
 90
50
176
0
 90
50
176
0
 90
50
176
0
290
0
176
0
 90
50
176
0
 62
256
176
0
 40
1.0
176
0
 90
2
176
0
  1
strokes_ogs.tif
176
0
290
0
176
0
 40
1.0
176
0
 40
1.0
176
0
1001
ACAD
1000
AcDbSavedByObjectVersion
1070
0
  0
VISUALSTYLE
  5
FE
102
{ACAD_REACTORS
330
EF
102
}
330
EF
100
AcDbVisualStyle
  2
Facepattern
 70
15
177
3
291
1
 70
58
 90
2
176
1
 90
2
176
1
 90
1
176
1
 90
0
176
1
 40
0.6
176
1
 40
30.0
176
1
 62
7
176
1
 90
1
176
1
 90
4
176
1
 62
7
176
1
 62
257
176
1
 90
1
176
1
 90
1
176
1
 40
1.0
176
1
 90
8
176
1
 62
7
176
1
 40
1.0
176
1
 90
1
176
1
 90
6
176
1
 90
2
176
1
 62
7
176
1
 90
5
176
1
 90
0
176
1
 90
0
176
1
290
0
176
1
 90
1
176
1
 40
0.0
176
1
 90
0
176
1
290
0
176
1
290
1
176
1
290
1
176
1
290
0
176
1
290
0
176
1
290
0
176
1
290
0
176
1
290
0
176
1
290
0
176
1
 90
50
176
1
 40
0.0
176
1
 40
1.0
176
1
 90
0
176
1
 62
18
420
0
176
1
 90
50
176
1
 90
3
176
1
 62
5
420
255
176
1
290
0
176
1
 90
50
176
1
 90
50
176
1
 90
50
176
1
290
0
176
1
 90
50
176
1
 62
256
176
0
 40
1.0
176
0
 90
2
176
1
  1
strokes_ogs.tif
176
1
290
0
176
1
 40
1.0
176
1
 40
1.0
176
1
1001
ACAD
1000
AcDbSavedByObjectVersion
1070
0
  0
VISUALSTYLE
  5
F0
102
{ACAD_REACTORS
330
EF
102
}
330
EF
100
AcDbVisualStyle
  2
Flat
 70
0
177
3
291
1
 70
58
 90
2
176
1
 90
1
176
1
 90
1
176
1
 90
2
176
1
 40
0.6
176
1
 40
30.0
176
1
 62
7
176
1
 90
0
176
1
 90
4
176
1
 62
7
176
1
 62
257
176
1
 90
1
176
1
 90
1
176
1
 40
1.0
176
1
 90
8
176
1
 62
7
176
1
 40
1.0
176
1
 90
1
176
1
 90
6
176
1
 90
2
176
1
 62
7
176
1
 90
5
176
1
 90
0
176
1
 90
0
176
1
290
0
176
1
 90
1
176
1
 40
0.0
176
1
 90
0
176
1
290
0
176
1
290
1
176
1
290
1
176
1
290
0
176
1
290
0
176
1
290
0
176
1
290
0
176
1
290
0
176
1
290
0
176
1
 90
50
176
1
 40
0.0
176
1
 40
1.0
176
1
 90
0
176
1
 62
18
420
0
176
1
 90
50
176
1
 90
3
176
1
 62
5
420
255
176
1
290
0
176
1
 90
50
176
1
 90
50
176
1
 90
50
176
1
290
0
176
1
 90
50
176
1
 62
256
176
0
 40
1.0
176
0
 90
2
176
1
  1
strokes_ogs.tif
176
1
290
0
176
1
 40
1.0
176
1
 40
1.0
176
1
1001
ACAD
1000
AcDbSavedByObjectVersion
1070
0
  0
VISUALSTYLE
  5
F1
102
{ACAD_REACTORS
330
EF
102
}
330
EF
100
AcDbVisualStyle
  2
FlatWithEdges
 70
1
177
3
291
1
 70
58
 90
2
176
1
 90
1
176
1
 90
1
176
1
 90
2
176
1
 40
0.6
176
1
 40
30.0
176
1
 62
7
176
1
 90
1
176
1
 90
4
176
1
 62
7
176
1
 62
257
176
1
 90
1
176
1
 90
1
176
1
 40
1.0
176
1
 90
0
176
1
 62
257
176
1
 40
1.0
176
1
 90
1
176
1
 90
6
176
1
 90
2
176
1
 62
7
176
1
 90
5
176
1
 90
0
176
1
 90
0
176
1
290
0
176
1
 90
1
176
1
 40
0.0
176
1
 90
0
176
1
290
0
176
1
290
1
176
1
290
1
176
1
290
0
176
1
290
0
176
1
290
0
176
1
290
0
176
1
290
0
176
1
290
0
176
1
 90
50
176
1
 40
0.0
176
1
 40
1.0
176
1
 90
0
176
1
 62
18
420
0
176
1
 90
50
176
1
 90
3
176
1
 62
5
420
255
176
1
290
0
176
1
 90
50
176
1
 90
50
176
1
 90
50
176
1
290
0
176
1
 90
50
176
1
 62
256
176
0
 40
1.0
176
0
 90
2
176
1
  1
strokes_ogs.tif
176
1
290
0
176
1
 40
1.0
176
1
 40
1.0
176
1
1001
ACAD
1000
AcDbSavedByObjectVersion
1070
0
  0
VISUALSTYLE
  5
F2
102
{ACAD_REACTORS
330
EF
102
}
330
EF
100
AcDbVisualStyle
  2
Gouraud
 70
2
177
3
291
1
 70
58
 90
2
176
1
 90
2
176
1
 90
1
176
1
 90
2
176
1
 40
0.6
176
1
 40
30.0
176
1
 62
7
176
1
 90
0
176
1
 90
4
176
1
 62
7
176
1
 62
257
176
1
 90
1
176
1
 90
1
176
1
 40
1.0
176
1
 90
0
176
1
 62
7
176
1
 40
1.0
176
1
 90
1
176
1
 90
6
176
1
 90
2
176
1
 62
7
176
1
 90
5
176
1
 90
0
176
1
 90
0
176
1
290
0
176
1
 90
1
176
1
 40
0.0
176
1
 90
0
176
1
290
0
176
1
290
1
176
1
290
1
176
1
290
0
176
1
290
0
176
1
290
0
176
1
290
0
176
1
290
0
176
1
290
0
176
1
 90
50
176
1
 40
0.0
176
1
 40
1.0
176
1
 90
0
176
1
 62
18
420
0
176
1
 90
50
176
1
 90
3
176
1
 62
5
420
255
176
1
290
0
176
1
 90
50
176
1
 90
50
176
1
 90
50
176
1
290
0
176
1
 90
50
176
1
 62
256
176
0
 40
1.0
176
0
 90
2
176
1
  1
strokes_ogs.tif
176
1
290
0
176
1
 40
1.0
176
1
 40
1.0
176
1
1001
ACAD
1000
AcDbSavedByObjectVersion
1070
0
  0
VISUALSTYLE
  5
F3
102
{ACAD_REACTORS
330
EF
102
}
330
EF
100
AcDbVisualStyle
  2
GouraudWithEdges
 70
3
177
3
291
1
 70
58
 90
2
176
1
 90
2
176
1
 90
1
176
1
 90
2
176
1
 40
0.6
176
1
 40
30.0
176
1
 62
7
176
1
 90
1
176
1
 90
4
176
1
 62
7
176
1
 62
257
176
1
 90
1
176
1
 90
1
176
1
 40
1.0
176
1
 90
0
176
1
 62
257
176
1
 40
1.0
176
1
 90
1
176
1
 90
6
176
1
 90
2
176
1
 62
7
176
1
 90
5
176
1
 90
0
176
1
 90
0
176
1
290
0
176
1
 90
1
176
1
 40
0.0
176
1
 90
0
176
1
290
0
176
1
290
1
176
1
290
1
176
1
290
0
176
1
290
0
176
1
290
0
176
1
290
0
176
1
290
0
176
1
290
0
176
1
 90
50
176
1
 40
0.0
176
1
 40
1.0
176
1
 90
0
176
1
 62
18
420
0
176
1
 90
50
176
1
 90
3
176
1
 62
5
420
255
176
1
290
0
176
1
 90
50
176
1
 90
50
176
1
 90
50
176
1
290
0
176
1
 90
50
176
1
 62
256
176
0
 40
1.0
176
0
 90
2
176
1
  1
strokes_ogs.tif
176
1
290
0
176
1
 40
1.0
176
1
 40
1.0
176
1
1001
ACAD
1000
AcDbSavedByObjectVersion
1070
0
  0
VISUALSTYLE
  5
B131
102
{ACAD_REACTORS
330
EF
102
}
330
EF
100
AcDbVisualStyle
  2
Hidden
 70
6
177
3
291
0
 70
58
 90
1
176
1
 90
2
176
1
 90
2
176
1
 90
0
176
1
 40
0.6
176
1
 40
30.0
176
1
 62
7
420
16777215
176
1
 90
2
176
1
 90
2
176
1
 62
7
176
1
 62
257
176
1
 90
2
176
1
 90
1
176
1
 40
40.0
176
1
 90
0
176
1
 62
257
176
1
 40
1.0
176
1
 90
1
176
1
 90
6
176
1
 90
2
176
1
 62
7
176
1
 90
3
176
1
 90
0
176
1
 90
0
176
1
290
0
176
1
 90
1
176
1
 40
0.0
176
1
 90
0
176
1
290
0
176
1
290
1
176
1
290
1
176
1
290
0
176
1
290
0
176
1
290
0
176
1
290
0
176
1
290
0
176
1
290
0
176
1
 90
50
176
1
 40
0.0
176
1
 40
1.0
176
1
 90
0
176
1
 62
18
420
0
176
1
 90
50
176
1
 90
3
176
1
 62
5
420
255
176
1
290
0
176
1
 90
50
176
1
 90
50
176
1
 90
50
176
1
290
0
176
1
 90
50
176
1
 62
256
176
0
 40
1.0
176
0
 90
2
176
1
  1
strokes_ogs.tif
176
1
290
0
176
1
 40
1.0
176
1
 40
1.0
176
1
1001
ACAD
1000
AcDbSavedByObjectVersion
1070
0
  0
VISUALSTYLE
  5
B137
102
{ACAD_REACTORS
330
EF
102
}
330
EF
100
AcDbVisualStyle
  2
JitterOff
 70
20
177
3
291
1
 70
58
 90
2
176
0
 90
2
176
0
 90
0
176
0
 90
0
176
0
 40
0.6
176
0
 40
30.0
176
0
 62
7
420
16777215
176
0
 90
1
176
0
 90
4
176
0
 62
7
176
0
 62
257
176
0
 90
1
176
0
 90
1
176
0
 40
1.0
176
0
 90
10
176
2
 62
7
176
0
 40
1.0
176
0
 90
1
176
0
 90
6
176
0
 90
2
176
0
 62
7
176
0
 90
5
176
0
 90
0
176
0
 90
0
176
0
290
0
176
0
 90
1
176
0
 40
0.0
176
0
 90
0
176
0
290
0
176
0
290
1
176
0
290
1
176
0
290
0
176
0
290
0
176
0
290
0
176
0
290
0
176
0
290
0
176
0
290
0
176
0
 90
50
176
0
 40
0.0
176
0
 40
1.0
176
0
 90
0
176
0
 62
18
420
0
176
0
 90
50
176
0
 90
3
176
0
 62
5
420
255
176
0
290
0
176
0
 90
50
176
0
 90
50
176
0
 90
50
176
0
290
0
176
0
 90
50
176
0
 62
256
176
0
 40
1.0
176
0
 90
2
176
0
  1
strokes_ogs.tif
176
0
290
0
176
0
 40
1.0
176
0
 40
1.0
176
0
1001
ACAD
1000
AcDbSavedByObjectVersion
1070
0
  0
VISUALSTYLE
  5
FD
102
{ACAD_REACTORS
330
EF
102
}
330
EF
100
AcDbVisualStyle
  2
Linepattern
 70
14
177
3
291
1
 70
58
 90
2
176
1
 90
2
176
1
 90
1
176
1
 90
0
176
1
 40
0.6
176
1
 40
30.0
176
1
 62
7
176
1
 90
1
176
1
 90
4
176
1
 62
7
176
1
 62
257
176
1
 90
7
176
1
 90
7
176
1
 40
1.0
176
1
 90
8
176
1
 62
7
176
1
 40
1.0
176
1
 90
1
176
1
 90
6
176
1
 90
2
176
1
 62
7
176
1
 90
5
176
1
 90
0
176
1
 90
0
176
1
290
0
176
1
 90
1
176
1
 40
0.0
176
1
 90
0
176
1
290
0
176
1
290
1
176
1
290
1
176
1
290
0
176
1
290
0
176
1
290
0
176
1
290
0
176
1
290
0
176
1
290
0
176
1
 90
50
176
1
 40
0.0
176
1
 40
1.0
176
1
 90
0
176
1
 62
18
420
0
176
1
 90
50
176
1
 90
3
176
1
 62
5
420
255
176
1
290
0
176
1
 90
50
176
1
 90
50
176
1
 90
50
176
1
290
0
176
1
 90
50
176
1
 62
256
176
0
 40
1.0
176
0
 90
2
176
1
  1
strokes_ogs.tif
176
1
290
0
176
1
 40
1.0
176
1
 40
1.0
176
1
1001
ACAD
1000
AcDbSavedByObjectVersion
1070
0
  0
VISUALSTYLE
  5
B138
102
{ACAD_REACTORS
330
EF
102
}
330
EF
100
AcDbVisualStyle
  2
OverhangOff
 70
21
177
3
291
1
 70
58
 90
2
176
0
 90
2
176
0
 90
0
176
0
 90
0
176
0
 40
0.6
176
0
 40
30.0
176
0
 62
7
420
16777215
176
0
 90
1
176
0
 90
4
176
0
 62
7
176
0
 62
257
176
0
 90
1
176
0
 90
1
176
0
 40
1.0
176
0
 90
9
176
2
 62
7
176
0
 40
1.0
176
0
 90
1
176
0
 90
6
176
0
 90
2
176
0
 62
7
176
0
 90
5
176
0
 90
0
176
0
 90
0
176
0
290
0
176
0
 90
1
176
0
 40
0.0
176
0
 90
0
176
0
290
0
176
0
290
1
176
0
290
1
176
0
290
0
176
0
290
0
176
0
290
0
176
0
290
0
176
0
290
0
176
0
290
0
176
0
 90
50
176
0
 40
0.0
176
0
 40
1.0
176
0
 90
0
176
0
 62
18
420
0
176
0
 90
50
176
0
 90
3
176
0
 62
5
420
255
176
0
290
0
176
0
 90
50
176
0
 90
50
176
0
 90
50
176
0
290
0
176
0
 90
50
176
0
 62
256
176
0
 40
1.0
176
0
 90
2
176
0
  1
strokes_ogs.tif
176
0
290
0
176
0
 40
1.0
176
0
 40
1.0
176
0
1001
ACAD
1000
AcDbSavedByObjectVersion
1070
0
  0
VISUALSTYLE
  5
F9
102
{ACAD_REACTORS
330
EF
102
}
330
EF
100
AcDbVisualStyle
  2
Realistic
 70
8
177
3
291
0
 70
58
 90
2
176
1
 90
2
176
1
 90
1
176
1
 90
0
176
1
 40
0.6
176
1
 40
30.0
176
1
 62
7
176
1
 90
1
176
1
 90
0
176
1
 62
7
176
1
 62
257
176
1
 90
1
176
1
 90
1
176
1
 40
1.0
176
1
 90
8
176
1
 62
8
176
1
 40
1.0
176
1
 90
1
176
1
 90
6
176
1
 90
2
176
1
 62
7
176
1
 90
5
176
1
 90
0
176
1
 90
0
176
1
290
0
176
1
 90
13
176
1
 40
0.0
176
1
 90
0
176
1
290
0
176
1
290
1
176
1
290
1
176
1
290
0
176
1
290
0
176
1
290
0
176
1
290
0
176
1
290
0
176
1
290
0
176
1
 90
50
176
1
 40
0.0
176
1
 40
1.0
176
1
 90
0
176
1
 62
18
420
0
176
1
 90
50
176
1
 90
3
176
1
 62
5
420
255
176
1
290
0
176
1
 90
50
176
1
 90
50
176
1
 90
50
176
1
290
0
176
1
 90
50
176
1
 62
256
176
0
 40
1.0
176
0
 90
2
176
1
  1
strokes_ogs.tif
176
1
290
0
176
1
 40
1.0
176
1
 40
1.0
176
1
1001
ACAD
1000
AcDbSavedByObjectVersion
1070
0
  0
VISUALSTYLE
  5
B136
102
{ACAD_REACTORS
330
EF
102
}
330
EF
100
AcDbVisualStyle
  2
Shaded
 70
27
177
3
291
0
 70
58
 90
2
176
1
 90
2
176
1
 90
1
176
1
 90
2
176
1
 40
0.6
176
1
 40
30.0
176
1
 62
7
420
16777215
176
1
 90
0
176
1
 90
4
176
1
 62
7
176
1
 62
257
176
1
 90
1
176
1
 90
1
176
1
 40
1.0
176
1
 90
8
176
1
 62
257
176
1
 40
1.0
176
1
 90
1
176
1
 90
6
176
1
 90
2
176
1
 62
8
420
7895160
176
1
 90
3
176
1
 90
0
176
1
 90
0
176
1
290
0
176
1
 90
5
176
1
 40
0.0
176
1
 90
0
176
1
290
0
176
1
290
1
176
1
290
1
176
1
290
0
176
1
290
0
176
1
290
0
176
1
290
0
176
1
290
0
176
1
290
0
176
1
 90
50
176
1
 40
0.0
176
1
 40
1.0
176
1
 90
0
176
1
 62
18
420
0
176
1
 90
50
176
1
 90
3
176
1
 62
5
420
255
176
1
290
0
176
1
 90
50
176
1
 90
50
176
1
 90
50
176
1
290
0
176
1
 90
50
176
1
 62
256
176
0
 40
1.0
176
0
 90
2
176
1
  1
strokes_ogs.tif
176
1
290
0
176
1
 40
1.0
176
1
 40
1.0
176
1
1001
ACAD
1000
AcDbSavedByObjectVersion
1070
0
  0
VISUALSTYLE
  5
B135
102
{ACAD_REACTORS
330
EF
102
}
330
EF
100
AcDbVisualStyle
  2
Shaded with edges
 70
26
177
3
291
0
 70
58
 90
2
176
1
 90
2
176
1
 90
1
176
1
 90
2
176
1
 40
0.6
176
1
 40
30.0
176
1
 62
7
420
16777215
176
1
 90
1
176
1
 90
2
176
1
 62
7
176
1
 62
257
176
1
 90
2
176
1
 90
1
176
1
 40
1.0
176
1
 90
8
176
1
 62
257
176
1
 40
1.0
176
1
 90
1
176
1
 90
6
176
1
 90
2
176
1
 62
7
176
1
 90
3
176
1
 90
0
176
1
 90
0
176
1
290
0
176
1
 90
5
176
1
 40
0.0
176
1
 90
0
176
1
290
0
176
1
290
1
176
1
290
1
176
1
290
0
176
1
290
0
176
1
290
0
176
1
290
0
176
1
290
0
176
1
290
0
176
1
 90
50
176
1
 40
0.0
176
1
 40
1.0
176
1
 90
0
176
1
 62
18
420
0
176
1
 90
50
176
1
 90
3
176
1
 62
5
420
255
176
1
290
0
176
1
 90
50
176
1
 90
50
176
1
 90
50
176
1
290
0
176
1
 90
50
176
1
 62
256
176
0
 40
1.0
176
0
 90
2
176
1
  1
strokes_ogs.tif
176
1
290
0
176
1
 40
1.0
176
1
 40
1.0
176
1
1001
ACAD
1000
AcDbSavedByObjectVersion
1070
0
  0
VISUALSTYLE
  5
B132
102
{ACAD_REACTORS
330
EF
102
}
330
EF
100
AcDbVisualStyle
  2
Shades of Gray
 70
23
177
3
291
0
 70
58
 90
2
176
1
 90
2
176
1
 90
3
176
1
 90
0
176
1
 40
0.6
176
1
 40
30.0
176
1
 62
7
420
16777215
176
1
 90
2
176
1
 90
2
176
1
 62
7
176
1
 62
7
176
1
 90
1
176
1
 90
1
176
1
 40
40.0
176
1
 90
8
176
1
 62
7
176
1
 40
1.0
176
1
 90
1
176
1
 90
6
176
1
 90
2
176
1
 62
7
176
1
 90
3
176
1
 90
0
176
1
 90
0
176
1
290
0
176
1
 90
1
176
1
 40
0.0
176
1
 90
0
176
1
290
0
176
1
290
1
176
1
290
1
176
1
290
0
176
1
290
0
176
1
290
0
176
1
290
0
176
1
290
0
176
1
290
0
176
1
 90
50
176
1
 40
0.0
176
1
 40
1.0
176
1
 90
0
176
1
 62
18
420
0
176
1
 90
50
176
1
 90
3
176
1
 62
5
420
255
176
1
290
0
176
1
 90
50
176
1
 90
50
176
1
 90
50
176
1
290
0
176
1
 90
50
176
1
 62
256
176
0
 40
1.0
176
0
 90
2
176
1
  1
strokes_ogs.tif
176
1
290
0
176
1
 40
1.0
176
1
 40
1.0
176
1
1001
ACAD
1000
AcDbSavedByObjectVersion
1070
0
  0
VISUALSTYLE
  5
B133
102
{ACAD_REACTORS
330
EF
102
}
330
EF
100
AcDbVisualStyle
  2
Sketchy
 70
24
177
3
291
0
 70
58
 90
1
176
1
 90
2
176
1
 90
2
176
1
 90
0
176
1
 40
0.6
176
1
 40
30.0
176
1
 62
7
420
16777215
176
1
 90
2
176
1
 90
2
176
1
 62
7
176
1
 62
7
176
1
 90
1
176
1
 90
1
176
1
 40
40.0
176
1
 90
11
176
1
 62
7
176
1
 40
1.0
176
1
 90
1
176
1
 90
6
176
1
 90
2
176
1
 62
7
176
1
 90
6
176
1
 90
0
176
1
 90
0
176
1
290
0
176
1
 90
1
176
1
 40
0.0
176
1
 90
0
176
1
290
0
176
1
290
1
176
1
290
1
176
1
290
0
176
1
290
0
176
1
290
0
176
1
290
0
176
1
290
0
176
1
290
0
176
1
 90
50
176
1
 40
0.0
176
1
 40
1.0
176
1
 90
0
176
1
 62
18
420
0
176
1
 90
50
176
1
 90
3
176
1
 62
5
420
255
176
1
290
0
176
1
 90
50
176
1
 90
50
176
1
 90
50
176
1
290
0
176
1
 90
50
176
1
 62
256
176
0
 40
1.0
176
0
 90
2
176
1
  1
strokes_ogs.tif
176
1
290
0
176
1
 40
1.0
176
1
 40
1.0
176
1
1001
ACAD
1000
AcDbSavedByObjectVersion
1070
0
  0
VISUALSTYLE
  5
FC
102
{ACAD_REACTORS
330
EF
102
}
330
EF
100
AcDbVisualStyle
  2
Thicken
 70
13
177
3
291
1
 70
58
 90
2
176
1
 90
2
176
1
 90
1
176
1
 90
0
176
1
 40
0.6
176
1
 40
30.0
176
1
 62
7
176
1
 90
1
176
1
 90
4
176
1
 62
7
176
1
 62
257
176
1
 90
1
176
1
 90
1
176
1
 40
1.0
176
1
 90
12
176
1
 62
7
176
1
 40
1.0
176
1
 90
1
176
1
 90
6
176
1
 90
2
176
1
 62
7
176
1
 90
5
176
1
 90
0
176
1
 90
0
176
1
290
0
176
1
 90
1
176
1
 40
0.0
176
1
 90
0
176
1
290
0
176
1
290
1
176
1
290
1
176
1
290
0
176
1
290
0
176
1
290
0
176
1
290
0
176
1
290
0
176
1
290
0
176
1
 90
50
176
1
 40
0.0
176
1
 40
1.0
176
1
 90
0
176
1
 62
18
420
0
176
1
 90
50
176
1
 90
3
176
1
 62
5
420
255
176
1
290
0
176
1
 90
50
176
1
 90
50
176
1
 90
50
176
1
290
0
176
1
 90
50
176
1
 62
256
176
0
 40
1.0
176
0
 90
2
176
1
  1
strokes_ogs.tif
176
1
290
0
176
1
 40
1.0
176
1
 40
1.0
176
1
1001
ACAD
1000
AcDbSavedByObjectVersion
1070
0
  0
VISUALSTYLE
  5
B130
102
{ACAD_REACTORS
330
EF
102
}
330
EF
100
AcDbVisualStyle
  2
Wireframe
 70
5
177
3
291
0
 70
58
 90
0
176
1
 90
2
176
1
 90
0
176
1
 90
0
176
1
 40
0.6
176
1
 40
30.0
176
1
 62
7
420
16777215
176
1
 90
1
176
1
 90
4
176
1
 62
7
176
1
 62
257
176
1
 90
1
176
1
 90
1
176
1
 40
1.0
176
1
 90
0
176
1
 62
257
176
1
 40
1.0
176
1
 90
1
176
1
 90
6
176
1
 90
2
176
1
 62
7
176
1
 90
3
176
1
 90
0
176
1
 90
0
176
1
290
0
176
1
 90
1
176
1
 40
0.0
176
1
 90
0
176
1
290
0
176
1
290
1
176
1
290
1
176
1
290
0
176
1
290
0
176
1
290
0
176
1
290
0
176
1
290
0
176
1
290
0
176
1
 90
50
176
1
 40
0.0
176
1
 40
1.0
176
1
 90
0
176
1
 62
18
420
0
176
1
 90
50
176
1
 90
3
176
1
 62
5
420
255
176
1
290
0
176
1
 90
50
176
1
 90
50
176
1
 90
50
176
1
290
0
176
1
 90
50
176
1
 62
256
176
0
 40
1.0
176
0
 90
2
176
1
  1
strokes_ogs.tif
176
1
290
0
176
1
 40
1.0
176
1
 40
1.0
176
1
1001
ACAD
1000
AcDbSavedByObjectVersion
1070
0
  0
VISUALSTYLE
  5
B134
102
{ACAD_REACTORS
330
EF
102
}
330
EF
100
AcDbVisualStyle
  2
X-Ray
 70
25
177
3
291
0
 70
58
 90
2
176
1
 90
2
176
1
 90
1
176
1
 90
1
176
1
 40
0.5
176
1
 40
30.0
176
1
 62
7
420
16777215
176
1
 90
1
176
1
 90
0
176
1
 62
7
176
1
 62
257
176
1
 90
1
176
1
 90
1
176
1
 40
1.0
176
1
 90
8
176
1
 62
7
176
1
 40
1.0
176
1
 90
1
176
1
 90
6
176
1
 90
2
176
1
 62
7
176
1
 90
3
176
1
 90
0
176
1
 90
0
176
1
290
0
176
1
 90
13
176
1
 40
0.0
176
1
 90
0
176
1
290
0
176
1
290
1
176
1
290
1
176
1
290
0
176
1
290
0
176
1
290
0
176
1
290
0
176
1
290
0
176
1
290
0
176
1
 90
50
176
1
 40
0.0
176
1
 40
1.0
176
1
 90
0
176
1
 62
18
420
0
176
1
 90
50
176
1
 90
3
176
1
 62
5
420
255
176
1
290
0
176
1
 90
50
176
1
 90
50
176
1
 90
50
176
1
290
0
176
1
 90
50
176
1
 62
256
176
0
 40
1.0
176
0
 90
2
176
1
  1
strokes_ogs.tif
176
1
290
0
176
1
 40
1.0
176
1
 40
1.0
176
1
1001
ACAD
1000
AcDbSavedByObjectVersion
1070
0
  0
DICTIONARYVAR
  5
B160
102
{ACAD_REACTORS
330
5E
102
}
330
5E
100
DictionaryVariables
280
0
  1
1:1
  0
DICTIONARYVAR
  5
B15C
102
{ACAD_REACTORS
330
5E
102
}
330
5E
100
DictionaryVariables
280
0
  1
STANDARD
  0
DICTIONARYVAR
  5
84
102
{ACAD_REACTORS
330
5E
102
}
330
5E
100
DictionaryVariables
280
0
  1
STANDARD
  0
DICTIONARYVAR
  5
B15D
102
{ACAD_REACTORS
330
5E
102
}
330
5E
100
DictionaryVariables
280
0
  1
Metric50
  0
DICTIONARYVAR
  5
B15E
102
{ACAD_REACTORS
330
5E
102
}
330
5E
100
DictionaryVariables
280
0
  1
Metric50
  0
DICTIONARYVAR
  5
5F
102
{ACAD_REACTORS
330
5E
102
}
330
5E
100
DictionaryVariables
280
0
  1
1
  0
DICTIONARYVAR
  5
63
102
{ACAD_REACTORS
330
5E
102
}
330
5E
100
DictionaryVariables
280
0
  1
1
  0
DICTIONARYVAR
  5
8342
102
{ACAD_REACTORS
330
5E
102
}
330
5E
100
DictionaryVariables
280
0
  1
0
  0
DICTIONARYVAR
  5
B162
102
{ACAD_REACTORS
330
5E
102
}
330
5E
100
DictionaryVariables
280
0
  1
1
  0
DICTIONARYVAR
  5
B163
102
{ACAD_REACTORS
330
5E
102
}
330
5E
100
DictionaryVariables
280
0
  1
15
  0
DICTIONARYVAR
  5
B161
102
{ACAD_REACTORS
330
5E
102
}
330
5E
100
DictionaryVariables
280
0
  1
0
  0
DICTIONARYVAR
  5
B15F
102
{ACAD_REACTORS
330
5E
102
}
330
5E
100
DictionaryVariables
280
0
  1
0
  0
DICTIONARYVAR
  5
8341
102
{ACAD_REACTORS
330
5E
102
}
330
5E
100
DictionaryVariables
280
0
  1
127
  0
ACAD_PROXY_OBJECT
  5
117
102
{ACAD_REACTORS
330
116
102
}
330
116
100
AcDbProxyObject
 90
499
 91
507
 95
655381
 70
0
161
90
310
412A4090402AA408C402590C
 94
0
1001
AcadCodePageInfo
1000
CodePage
1070
40
  0
DICTIONARY
  5
B16A
330
B151
100
AcDbDictionary
280
1
281
1
  3
ACAD_XREC_ROUNDTRIP
360
B16B
  0
DICTIONARY
  5
B168
330
B14F
100
AcDbDictionary
280
1
281
1
  3
ACAD_XREC_ROUNDTRIP
360
B169
  0
DICTIONARY
  5
B165
330
7F
100
AcDbDictionary
280
1
281
1
  3
ACAD_ROUNDTRIP_2008_TABLESTYLE_CELLSTYLEMAP
360
B166
  0
XRECORD
  5
B16B
102
{ACAD_REACTORS
330
B16A
102
}
330
B16A
100
AcDbXrecord
280
1
102
DISPLAYNAME
  1
Metric50
102
FLAGS
 90
0
  0
XRECORD
  5
B169
102
{ACAD_REACTORS
330
B168
102
}
330
B168
100
AcDbXrecord
280
1
102
DISPLAYNAME
  1
Metric50
102
FLAGS
 90
0
  0
CELLSTYLEMAP
  5
B166
102
{ACAD_REACTORS
330
B165
102
}
330
B165
100
AcDbCellStyleMap
 90
3
300
CELLSTYLE
  1
TABLEFORMAT_BEGIN
 90
5
170
1
 91
0
 92
32768
 62
257
 93
1
300
CONTENTFORMAT
  1
CONTENTFORMAT_BEGIN
 90
0
 91
0
 92
512
 93
0
300

 40
0.0
140
1.0
 94
5
 62
0
340
11
144
6.0
309
CONTENTFORMAT_END
171
1
301
MARGIN
  1
CELLMARGIN_BEGIN
 40
1.5
 40
1.5
 40
1.5
 40
1.5
 40
0.18
 40
0.18
309
CELLMARGIN_END
 94
6
 95
1
302
GRIDFORMAT
  1
GRIDFORMAT_BEGIN
 90
0
 91
1
 62
0
 92
-2
340
0
 93
0
 40
0.045
309
GRIDFORMAT_END
 95
2
302
GRIDFORMAT
  1
GRIDFORMAT_BEGIN
 90
0
 91
1
 62
0
 92
-2
340
0
 93
0
 40
0.045
309
GRIDFORMAT_END
 95
4
302
GRIDFORMAT
  1
GRIDFORMAT_BEGIN
 90
0
 91
1
 62
0
 92
-2
340
0
 93
0
 40
0.045
309
GRIDFORMAT_END
 95
8
302
GRIDFORMAT
  1
GRIDFORMAT_BEGIN
 90
0
 91
1
 62
0
 92
-2
340
0
 93
0
 40
0.045
309
GRIDFORMAT_END
 95
16
302
GRIDFORMAT
  1
GRIDFORMAT_BEGIN
 90
0
 91
1
 62
0
 92
-2
340
0
 93
0
 40
0.045
309
GRIDFORMAT_END
 95
32
302
GRIDFORMAT
  1
GRIDFORMAT_BEGIN
 90
0
 91
1
 62
0
 92
-2
340
0
 93
0
 40
0.045
309
GRIDFORMAT_END
309
TABLEFORMAT_END
  1
CELLSTYLE_BEGIN
 90
1
 91
1
300
_TITLE
309
CELLSTYLE_END
300
CELLSTYLE
  1
TABLEFORMAT_BEGIN
 90
5
170
1
 91
0
 92
0
 62
257
 93
1
300
CONTENTFORMAT
  1
CONTENTFORMAT_BEGIN
 90
0
 91
0
 92
512
 93
0
300

 40
0.0
140
1.0
 94
5
 62
0
340
11
144
4.5
309
CONTENTFORMAT_END
171
1
301
MARGIN
  1
CELLMARGIN_BEGIN
 40
1.5
 40
1.5
 40
1.5
 40
1.5
 40
0.18
 40
0.18
309
CELLMARGIN_END
 94
6
 95
1
302
GRIDFORMAT
  1
GRIDFORMAT_BEGIN
 90
0
 91
1
 62
0
 92
-2
340
0
 93
0
 40
0.045
309
GRIDFORMAT_END
 95
2
302
GRIDFORMAT
  1
GRIDFORMAT_BEGIN
 90
0
 91
1
 62
0
 92
-2
340
0
 93
0
 40
0.045
309
GRIDFORMAT_END
 95
4
302
GRIDFORMAT
  1
GRIDFORMAT_BEGIN
 90
0
 91
1
 62
0
 92
-2
340
0
 93
0
 40
0.045
309
GRIDFORMAT_END
 95
8
302
GRIDFORMAT
  1
GRIDFORMAT_BEGIN
 90
0
 91
1
 62
0
 92
-2
340
0
 93
0
 40
0.045
309
GRIDFORMAT_END
 95
16
302
GRIDFORMAT
  1
GRIDFORMAT_BEGIN
 90
0
 91
1
 62
0
 92
-2
340
0
 93
0
 40
0.045
309
GRIDFORMAT_END
 95
32
302
GRIDFORMAT
  1
GRIDFORMAT_BEGIN
 90
0
 91
1
 62
0
 92
-2
340
0
 93
0
 40
0.045
309
GRIDFORMAT_END
309
TABLEFORMAT_END
  1
CELLSTYLE_BEGIN
 90
2
 91
1
300
_HEADER
309
CELLSTYLE_END
300
CELLSTYLE
  1
TABLEFORMAT_BEGIN
 90
5
170
1
 91
0
 92
0
 62
257
 93
1
300
CONTENTFORMAT
  1
CONTENTFORMAT_BEGIN
 90
0
 91
0
 92
512
 93
0
300

 40
0.0
140
1.0
 94
2
 62
0
340
11
144
4.5
309
CONTENTFORMAT_END
171
1
301
MARGIN
  1
CELLMARGIN_BEGIN
 40
1.5
 40
1.5
 40
1.5
 40
1.5
 40
0.18
 40
0.18
309
CELLMARGIN_END
 94
6
 95
1
302
GRIDFORMAT
  1
GRIDFORMAT_BEGIN
 90
0
 91
1
 62
0
 92
-2
340
0
 93
0
 40
0.045
309
GRIDFORMAT_END
 95
2
302
GRIDFORMAT
  1
GRIDFORMAT_BEGIN
 90
0
 91
1
 62
0
 92
-2
340
0
 93
0
 40
0.045
309
GRIDFORMAT_END
 95
4
302
GRIDFORMAT
  1
GRIDFORMAT_BEGIN
 90
0
 91
1
 62
0
 92
-2
340
0
 93
0
 40
0.045
309
GRIDFORMAT_END
 95
8
302
GRIDFORMAT
  1
GRIDFORMAT_BEGIN
 90
0
 91
1
 62
0
 92
-2
340
0
 93
0
 40
0.045
309
GRIDFORMAT_END
 95
16
302
GRIDFORMAT
  1
GRIDFORMAT_BEGIN
 90
0
 91
1
 62
0
 92
-2
340
0
 93
0
 40
0.045
309
GRIDFORMAT_END
 95
32
302
GRIDFORMAT
  1
GRIDFORMAT_BEGIN
 90
0
 91
1
 62
0
 92
-2
340
0
 93
0
 40
0.045
309
GRIDFORMAT_END
309
TABLEFORMAT_END
  1
CELLSTYLE_BEGIN
 90
3
 91
2
300
_DATA
309
CELLSTYLE_END
  0
DICTIONARY
  5
B1F6
330
C
100
AcDbDictionary
280
1
281
1
  3
WRITTEN_BY_EZDXF
350
B1F7
  0
DICTIONARYVAR
  5
B1F7
330
B1F6
100
DictionaryVariables
280
0
  1
1.4.3 @ 2026-09-29T15:32:24.956670+00:00
  0
ENDSEC
  0
EOF
